140
 energy: -270.480151703169 gnorm: 0.117948028673 xtb: 6.7.1pre (5071a88)
C            1.69399800000000       -8.37279000000000       13.12831900000000
O            1.34236900000000       -7.03647900000000       12.79810200000000
C            2.32026700000000       -6.07979900000000       12.78649000000000
C            3.66490900000000       -6.35860500000000       13.07284000000000
C            4.62459500000000       -5.34728500000000       13.05176800000000
C            4.25001100000000       -4.04504400000000       12.74480300000000
C            2.91060600000000       -3.75050500000000       12.45645700000000
C            2.55465800000000       -2.35661700000000       12.13747900000000
O            3.42383600000000       -1.48882000000000       12.10144200000000
C            1.15354500000000       -1.99182400000000       11.86085400000000
C            0.80198100000000       -0.65633000000000       11.57979600000000
O            1.74648600000000        0.34285500000000       11.60340200000000
C           -0.52897300000000       -0.28707800000000       11.29676500000000
C           -1.52954900000000       -1.27549200000000       11.39540000000000
C           -1.16252900000000       -2.61095000000000       11.64765800000000
O           -2.18066400000000       -3.53471000000000       11.65589800000000
C            0.17420000000000       -2.97674600000000       11.87867900000000
C            0.53385200000000       -4.38738800000000       12.15249700000000
O           -0.36949800000000       -5.21690500000000       12.09965000000000
C            1.93988900000000       -4.75589200000000       12.47182100000000
C           -2.99959400000000       -0.94280800000000       11.24386000000000
C           -3.33950400000000        0.55467300000000       11.25691000000000
O           -4.62268600000000        0.73595700000000       10.62488800000000
C           -3.41637100000000        1.10706400000000       12.70075900000000
O           -2.70079300000000        0.67300600000000       13.60729800000000
C           -4.34281700000000        2.30122600000000       12.93733800000000
O           -5.70818600000000        2.03235100000000       12.67738600000000
C           -2.31249400000000        1.32970200000000       10.44774200000000
C           -0.88390900000000        1.15748400000000       10.97437800000000
O           -0.03392800000000        1.63178200000000        9.92048700000000
C            0.54742600000000        2.90289200000000       10.21695400000000
C            1.65121200000000        3.14824200000000        9.18075500000000
C            1.96365200000000        4.63006800000000        9.01651100000000
N            2.66690300000000        5.14679200000000       10.20917700000000
C            0.66590000000000        5.42978500000000        8.70551600000000
O            0.67098100000000        6.63415100000000        9.49010900000000
C           -0.60349300000000        4.59646300000000        8.98682700000000
C           -1.86469100000000        5.44851500000000        9.06286200000000
O           -0.46150500000000        3.91748300000000       10.23691000000000
H            2.09267600000000       -8.43606300000000       14.14604400000000
H            0.78270900000000       -8.97735000000000       13.09029100000000
H            2.39811800000000       -8.78674200000000       12.39927300000000
H            4.00118200000000       -7.36162000000000       13.31880000000000
H            5.66410000000000       -5.57673600000000       13.27642900000000
H            5.00582600000000       -3.26103300000000       12.73242300000000
H            2.62593800000000       -0.05600500000000       11.79109500000000
H           -1.79340000000000       -4.42259900000000       11.83939900000000
H           -3.33884700000000       -1.38812700000000       10.29855200000000
H           -3.57321600000000       -1.43658100000000       12.03978400000000
H           -4.59099400000000        0.29412900000000        9.75513600000000
H           -4.01329400000000        3.13899500000000       12.31554500000000
H           -4.25516800000000        2.60678900000000       13.98453100000000
H           -5.73926100000000        1.64586700000000       11.77659800000000
H           -2.36362000000000        1.01494800000000        9.39456900000000
H           -2.57329100000000        2.39492900000000       10.41724000000000
H           -0.75520700000000        1.74087100000000       11.89595200000000
H            1.00080000000000        2.87919800000000       11.21496900000000
H            2.54503300000000        2.56983600000000        9.44790400000000
H            1.34106800000000        2.74362200000000        8.20697000000000
H            2.64853300000000        4.74936600000000        8.16787700000000
H            2.90558400000000        6.12700300000000       10.03102600000000
H            3.55926500000000        4.66207000000000       10.31341500000000
H            0.66319000000000        5.74702200000000        7.65665300000000
H            0.85819600000000        6.32077600000000       10.39995300000000
H           -0.74758800000000        3.84980800000000        8.19506800000000
H           -1.83962300000000        6.12973200000000        9.92016200000000
H           -2.74241800000000        4.80850500000000        9.20611000000000
H           -2.00638300000000        6.03096800000000        8.14766500000000
B            3.45918000000000       -1.45456900000000        1.62803700000000
N            3.45640000000000        1.12990400000000        0.94004000000000
B            2.53992000000000        2.36249900000000       -1.26104700000000
N            2.29306700000000       -0.64163700000000       -2.73060300000000
B            0.69053400000000       -3.56106900000000        2.70270900000000
N           -2.93972400000000       -2.65477300000000        1.70947600000000
B           -1.03820200000000        4.08509600000000        1.83123800000000
N           -0.61934700000000        0.01765100000000       -3.94190400000000
B           -0.47371000000000        1.44532400000000       -4.09173000000000
N            1.20955900000000       -3.78679600000000       -1.73940500000000
B           -3.84450000000000        2.20944000000000       -0.49372200000000
N           -2.77286400000000        2.76356200000000       -1.21183300000000
B            1.40572500000000        0.81809100000000       -4.88931100000000
N           -0.23578900000000        3.36421500000000        2.83354400000000
B            0.89832000000000       -2.87979800000000       -2.81384900000000
N           -0.49183300000000        3.76657800000000       -1.01011900000000
B           -0.80599600000000        2.18226900000000        3.28187400000000
N            1.65611000000000       -1.27443300000000        3.50362200000000
B           -0.24848400000000        3.46993700000000       -2.37986300000000
N            1.30870300000000        0.06889800000000        3.81698100000000
B           -1.59744100000000       -0.55993400000000       -3.08468900000000
N           -3.83249600000000        1.77684200000000        0.83162400000000
B            0.33760200000000        4.49599400000000        1.18389400000000
N            0.04325600000000       -0.01395500000000        4.45665300000000
B           -2.70883700000000        2.22675100000000        1.60124200000000
N            3.77272800000000       -0.13262400000000       -0.76554100000000
B           -2.25338100000000       -3.63941200000000        1.00848200000000
N            1.05581800000000        3.73339800000000        2.23573400000000
B           -1.82562000000000       -0.77746000000000        3.21984000000000
N           -2.43676800000000       -3.60188000000000       -0.45077300000000
B            3.01865800000000       -1.07367000000000       -1.50276800000000
N           -3.15796000000000       -1.25259200000000       -0.38432100000000
B            2.03465600000000        2.92232600000000        1.56172200000000
N           -0.50744700000000       -2.90014800000000       -2.43279500000000
B           -1.67354800000000       -2.11288200000000       -2.49162100000000
N            0.59013500000000        3.96458300000000       -0.11022500000000
B            1.09031400000000        2.95964900000000       -3.18248900000000
N            0.07735000000000       -4.35923000000000        1.72128900000000
B           -1.78403400000000        3.45238400000000       -0.40822000000000
N           -2.01352000000000        3.41851500000000        1.03155300000000
B            1.46587800000000       -4.21214800000000        1.49913800000000
N           -0.79798700000000        1.06415300000000        4.19458100000000
B           -2.66624200000000       -2.40209600000000       -1.17525600000000
N           -1.07438800000000       -4.48433500000000        0.99123500000000
B           -2.50371000000000        0.49137000000000       -2.10914300000000
N            2.35272800000000       -3.88733500000000        0.45310300000000
B            3.91232700000000       -0.20235700000000        0.72592600000000
N            1.92854800000000        1.95700900000000       -2.46507700000000
B            1.00118400000000        2.25435100000000       -4.62250700000000
N           -4.18601600000000        0.82900500000000       -0.34753800000000
B           -1.33888100000000        2.45365800000000       -3.11487000000000
N           -2.35964900000000        1.93260500000000       -2.30584100000000
B            3.07306300000000       -2.64548300000000        0.60111100000000
N            2.33521300000000       -3.67367000000000       -0.97087600000000
B            2.21786300000000        0.54580300000000        2.80840700000000
N           -2.02642300000000        0.61191200000000        3.60149200000000
B           -1.10174900000000       -4.18378700000000       -0.44100700000000
N           -3.21814400000000        0.04165400000000       -0.95856600000000
B            3.44775200000000        1.25859300000000       -0.51406500000000
N            2.58208500000000        1.63297700000000        1.93645400000000
B            1.47205400000000       -1.55500100000000       -3.51561000000000
N           -2.10260100000000        1.75419400000000        2.76079900000000
B            2.04076500000000        0.71192100000000       -3.21148300000000
N           -2.72091500000000       -1.34169900000000        2.32056700000000
B            0.65864800000000       -0.53887500000000       -4.48693700000000
N           -0.16866400000000       -3.75942100000000       -1.35647200000000
B            0.48556000000000       -2.10563400000000        3.43376400000000
N           -0.58725300000000       -1.20503300000000        3.82448800000000
B           -3.22437300000000       -1.45141100000000        1.00032000000000
N            2.67132400000000       -0.85552900000000        2.62113500000000
B            1.87855700000000        3.33934800000000       -0.10642700000000
N            2.87691100000000       -2.33178300000000       -0.79356300000000
140
 energy: -270.495000342527 gnorm: 0.052058106441 xtb: 6.7.1pre (5071a88)
C            1.69589184575715       -8.35640792561032       13.12524828469859
O            1.34476487920625       -7.02585090424094       12.79688957620045
C            2.30784557127214       -6.07074013679021       12.78305097248565
C            3.64881255053766       -6.34419892492086       13.06809006778075
C            4.60016077067629       -5.33570642288510       13.04572188412909
C            4.23146118294310       -4.03838525317312       12.74035431707292
C            2.89845124449581       -3.73804310472473       12.45147404708117
C            2.56178169417849       -2.33717768535565       12.13559096864231
O            3.45098882449155       -1.48112281536509       12.10700450204586
C            1.16228233816732       -1.98574153529256       11.86271913701700
C            0.80409991134048       -0.65016984245355       11.58158051423973
O            1.72440543313802        0.34150633090797       11.59406176410646
C           -0.53221481865818       -0.29548246969724       11.30696257625657
C           -1.52083204707444       -1.27054946432740       11.40622660520725
C           -1.16433314510198       -2.61223484488232       11.65450162707327
O           -2.17586164276386       -3.51272377203410       11.65914233362891
C            0.17390520178052       -2.98444487691574       11.88059902187718
C            0.51754522967957       -4.39875003160502       12.15071053042016
O           -0.36787594767829       -5.25415362304159       12.11034277053857
C            1.92153760129061       -4.74426397382044       12.46651320616737
C           -2.98658134299500       -0.95466405766599       11.24693312857992
C           -3.34778429315422        0.53771540134198       11.25146543836456
O           -4.62742081339519        0.72713233502306       10.63277464014124
C           -3.40867676078396        1.10964548082464       12.68056321993057
O           -2.70378021033268        0.67209251901074       13.55877626177079
C           -4.33823469419956        2.29386344377112       12.93093356635377
O           -5.69883081473072        2.02981587104902       12.68242800827163
C           -2.30663778869833        1.31995883490116       10.45576605154833
C           -0.87584779774789        1.14523315279966       10.96891338479345
O           -0.00472017993579        1.63646046811368        9.94858248941519
C            0.56388601508901        2.90419371538354       10.21834775040997
C            1.65015748344046        3.14395382102341        9.16816327747075
C            1.97456804073987        4.62499953305615        8.99637418921792
N            2.64762063869340        5.14480588424596       10.19912633532825
C            0.67236347511919        5.43592287636656        8.72067320768114
O            0.65660942732756        6.63119912993548        9.48857992908293
C           -0.59290918936594        4.59061386186796        8.99485541997551
C           -1.85691233406300        5.44107314241042        9.07220716241020
O           -0.43411075063388        3.91045432573345       10.23757572797951
H            2.10166827776076       -8.42512154994661       14.13905858555880
H            0.77366027244051       -8.93890650815480       13.08098579662626
H            2.40489595968195       -8.77355712509303       12.40377991412735
H            3.97729322887496       -7.34509063569928       13.31203627392834
H            5.63378375142277       -5.56848400553231       13.26940491780150
H            4.97682603120557       -3.25437339207556       12.72581791205552
H            2.60527429936786       -0.06457428495013       11.78388621075499
H           -1.78150907122901       -4.40371140128331       11.83759004901110
H           -3.32688911519396       -1.39417207717489       10.30167472913738
H           -3.54640960955949       -1.45843246560164       12.04107684147339
H           -4.59897230879780        0.30482049564026        9.76208574146381
H           -3.99631856368397        3.13029417947669       12.30450566930959
H           -4.25567493327581        2.58876974315814       13.98102776990896
H           -5.74579393550128        1.64131659182927       11.79171161218992
H           -2.33965822621721        0.98258548630756        9.41226917060227
H           -2.55341494853584        2.38746183329137       10.44211723504032
H           -0.74460678117013        1.73778875652403       11.88352453390360
H            0.99741875453408        2.89546383742602       11.22538189380618
H            2.53784862316780        2.57911824460262        9.46229073406047
H            1.31765664198588        2.73515124710989        8.20894588326992
H            2.64243177363933        4.73265148523180        8.12724097339966
H            2.89532418269469        6.12013024551304       10.03356790822084
H            3.52538760130013        4.64665295415413       10.32579060964296
H            0.65667468669671        5.75619677813400        7.67419887245217
H            0.82269088788239        6.33753189900489       10.40031302879383
H           -0.72050969244045        3.85067523004506        8.19174706724495
H           -1.81236369877817        6.12665038793037        9.91708536811242
H           -2.72933696109725        4.80032370939499        9.20442800877676
H           -1.98330407016062        6.01896012839946        8.15854537544702
B            3.45931257525064       -1.45468235017759        1.62828315150179
N            3.45610167423419        1.12969699156103        0.94036108229043
B            2.53963711434164        2.36253454410586       -1.26076432428761
N            2.29300965032307       -0.64145660632044       -2.73027727375450
B            0.69037657681567       -3.56110569532678        2.70287150610669
N           -2.93935560589745       -2.65440055258816        1.70961026660273
B           -1.03805868576266        4.08527992226866        1.83095526389561
N           -0.61914611947365        0.01767796964650       -3.94091895652173
B           -0.47388638817222        1.44508336987959       -4.09186027206360
N            1.20947795234799       -3.78645414986917       -1.73919241066181
B           -3.84451811558688        2.20946944546382       -0.49364456295679
N           -2.77267714521099        2.76338729585208       -1.21158697257396
B            1.40595465018964        0.81804055992152       -4.88895121619799
N           -0.23569173832361        3.36429301760103        2.83402693335738
B            0.89823117291071       -2.87981746435195       -2.81392216642754
N           -0.49189201032919        3.76635025191510       -1.00992560045043
B           -0.80708938415675        2.18367707389995        3.28329492345307
N            1.65544315261475       -1.27380575547214        3.50309257658053
B           -0.24854942652072        3.47011014657051       -2.37978519761051
N            1.30857761066504        0.06828447491672        3.81726185138244
B           -1.59767974537735       -0.56013565259925       -3.08430899250055
N           -3.83178035262592        1.77655197583749        0.83178466613644
B            0.33768769676982        4.49621641473373        1.18385063536285
N            0.04299633129168       -0.01360287161735        4.45333591732017
B           -2.70910668814089        2.22720665580702        1.60152433947274
N            3.77231047676225       -0.13242964546557       -0.76505236788311
B           -2.25359812192405       -3.63975569724868        1.00874747039505
N            1.05546358789313        3.73260028312641        2.23597090724789
B           -1.82600997621634       -0.77774731972743        3.22022367272400
N           -2.43636037555411       -3.60147251399250       -0.45036973829004
B            3.01887969277565       -1.07375637131253       -1.50289218559954
N           -3.15757280014902       -1.25229512959785       -0.38391164025138
B            2.03454938079605        2.92193490243474        1.56214843764686
N           -0.50741982970210       -2.90020442185985       -2.43260988541310
B           -1.67368770772848       -2.11330259418375       -2.49160353378546
N            0.58982017308431        3.96445341473583       -0.10989990496406
B            1.09024358301928        2.95954857659448       -3.18233048522399
N            0.07721351321399       -4.35866357058493        1.72122398819707
B           -1.78433773505614        3.45297857176429       -0.40844125063939
N           -2.01288497347521        3.41814535961493        1.03167933859715
B            1.46572576924659       -4.21200464754343        1.49917093806700
N           -0.79819139797706        1.06385742521877        4.19462523107692
B           -2.66633087864325       -2.40207564714120       -1.17500179276221
N           -1.07408098926736       -4.48377152991297        0.99137054747682
B           -2.50405807553372        0.49148001990060       -2.10913694168182
N            2.35235247816866       -3.88683063911901        0.45313209003566
B            3.91261228744397       -0.20238017580764        0.72592398815674
N            1.92828000788018        1.95700487664189       -2.46469624415339
B            1.00133182776154        2.25435612074451       -4.62249362893635
N           -4.18562659035262        0.82908967869885       -0.34711474124463
B           -1.33889806839112        2.45370935081071       -3.11486212898694
N           -2.35938131920233        1.93264150012754       -2.30555412157210
B            3.07324422180684       -2.64547310008020        0.60108870597481
N            2.33474883352200       -3.67326562257130       -0.97053422877700
B            2.22008859604986        0.54600290079890        2.81007752036311
N           -2.02643149087736        0.61212349546907        3.60196548399074
B           -1.10169893028817       -4.18412793166450       -0.44101098857074
N           -3.21788017068396        0.04186352691594       -0.95818486884149
B            3.44764752569940        1.25875564430013       -0.51389997286464
N            2.58211995406676        1.63235171132199        1.93686798067941
B            1.47236320691538       -1.55496032656807       -3.51551738382449
N           -2.10275175534012        1.75488318828940        2.76170242575948
B            2.04133581431667        0.71211507038213       -3.21143159720304
N           -2.72049984282867       -1.34195505600176        2.32098023122965
B            0.65840580856811       -0.53880735083075       -4.48657001079726
N           -0.16863671755780       -3.75951788769988       -1.35645814071441
B            0.48559742132766       -2.10600449157232        3.43466003593806
N           -0.58718923847037       -1.20494642485795        3.82503631875373
B           -3.22447236310202       -1.45140795894083        1.00040530530887
N            2.67148140823560       -0.85512231774744        2.62144346132442
B            1.87843313820003        3.33970228278888       -0.10618867118632
N            2.87672704432484       -2.33166479093104       -0.79347737374619
140
 energy: -270.499655239934 gnorm: 0.015855236375 xtb: 6.7.1pre (5071a88)
C            1.68996648070434       -8.33229177534381       13.11929728929649
O            1.34018521113832       -7.00644439280585       12.79256190249817
C            2.29085036584118       -6.05449978254535       12.77665179640331
C            3.63029201053324       -6.32477723617000       13.06156994530130
C            4.57741507260122       -5.31879711012741       13.03859949611706
C            4.21117419446656       -4.02462654752293       12.73394559654363
C            2.88249883245866       -3.72177175801891       12.44529558199764
C            2.55936080643816       -2.31675753775101       12.13247084571679
O            3.46166137086578       -1.46904774548396       12.11044655905369
C            1.16690900763478       -1.97872704910120       11.86315205075978
C            0.81053281397995       -0.64368052587064       11.58120577368720
O            1.71462474955602        0.33626190766008       11.58756212818690
C           -0.53265793775136       -0.29913204923289       11.31198242601335
C           -1.51265796562558       -1.26230892041519       11.40958561531787
C           -1.16531096925825       -2.61169270239361       11.66212973215796
O           -2.16708569511756       -3.49722635308889       11.66619478365860
C            0.17195019679731       -2.98488383016138       11.88324272865041
C            0.50006495140482       -4.39655699388133       12.15085075506798
O           -0.37475018888822       -5.26702555049378       12.11974813686531
C            1.90081519230558       -4.72619006028557       12.45938286281526
C           -2.97604202700076       -0.96552375707932       11.24571596361722
C           -3.34850199537412        0.52375687729113       11.24501263877575
O           -4.62197527147341        0.70995601521369       10.63294576155309
C           -3.40044826648171        1.09114493731700       12.67295112828194
O           -2.67813490570193        0.66338438080597       13.52953355711401
C           -4.32598064145556        2.27991828230880       12.91976613183872
O           -5.68522719937349        2.02692213952404       12.68871824828615
C           -2.29415465925224        1.30942875014502       10.45514721575467
C           -0.86460878585616        1.14100501150444       10.97591557693532
O            0.01897637065512        1.63550713206325        9.97580721922075
C            0.57094318547674        2.90343955867285       10.22784919852176
C            1.64708443462736        3.13473747198702        9.16673973747256
C            1.96943595871084        4.61900635864303        8.98607951592414
N            2.63171663764147        5.13390891391342       10.18638097913897
C            0.67044053373577        5.44484083015524        8.72265850390345
O            0.65156321354438        6.62419687793274        9.48564473823470
C           -0.58309436900579        4.57949813984744        9.00112726088315
C           -1.84620797681965        5.43013050630038        9.08065056259904
O           -0.41702891947216        3.90439475482523       10.24189280335276
H            2.10173547446355       -8.40625537774536       14.13071380262747
H            0.76019348212180       -8.89771108640250       13.07045709419365
H            2.40301695298434       -8.75297033041351       12.40332914376154
H            3.94868329218538       -7.32594207262089       13.30437704702734
H            5.60711844155487       -5.55472794727201       13.26227393977094
H            4.94465335957052       -3.23505063008823       12.71610529537198
H            2.59593239390389       -0.07630964754385       11.77899186383808
H           -1.76815178706817       -4.39001637745865       11.84147729794015
H           -3.31360008826220       -1.40624856106393       10.30124475319375
H           -3.52162629884578       -1.47955189018505       12.04099765484263
H           -4.59517450710083        0.31309708491788        9.75511557241922
H           -3.97253144862879        3.11423594274365       12.28907286010354
H           -4.23939272341842        2.57117741772687       13.96960356243662
H           -5.75523562163577        1.62861031398818       11.80894425655476
H           -2.31134311866223        0.95621068883474        9.41877451352515
H           -2.53638296471505        2.37485365760119       10.45138003467869
H           -0.72965570193771        1.73765963825542       11.88963870586128
H            1.00025304270458        2.91671797369450       11.23965366149270
H            2.53647239796829        2.58353583008396        9.46857150351685
H            1.29608530579481        2.72059307251026        8.22103144598908
H            2.62403466123139        4.71479407846392        8.10134934707148
H            2.89076432160393        6.10495368063513       10.03202039340477
H            3.49139197619450        4.61601011851283       10.34420024670586
H            0.64464676242542        5.77030136003108        7.67766898340768
H            0.77645836908052        6.34338616105213       10.40388487182207
H           -0.69742347606506        3.84444681414985        8.19059749604091
H           -1.78328367361994        6.11816148822790        9.91766718136539
H           -2.71481111611987        4.79087199518261        9.21017813649799
H           -1.95862909082657        6.00295525983524        8.16509168855139
B            3.45985822926083       -1.45471284082883        1.62892322457048
N            3.45590058897909        1.12961645526704        0.94096133440519
B            2.53983202183275        2.36278429051633       -1.26043526230912
N            2.29310109450615       -0.64129765028226       -2.72990965742804
B            0.69028267736959       -3.56111613438657        2.70352444121755
N           -2.93889188037801       -2.65391955487819        1.70989896046597
B           -1.03790312388134        4.08548519975931        1.83105719789329
N           -0.61900847992593        0.01780113175847       -3.94012769796382
B           -0.47373769746171        1.44502208107302       -4.09130756812589
N            1.20937152085832       -3.78604222521549       -1.73871288818753
B           -3.84452041115892        2.20954517931174       -0.49327071867604
N           -2.77243451628086        2.76310651809447       -1.21105368251766
B            1.40617281911861        0.81818661258720       -4.88839806712532
N           -0.23549185864067        3.36423811323595        2.83481467998910
B            0.89805760030025       -2.87979571981547       -2.81370084015601
N           -0.49194374987231        3.76626808647610       -1.00959502647442
B           -0.80803029121720        2.18483080890334        3.28485020492728
N            1.65458592411061       -1.27308304096496        3.50221498703364
B           -0.24860174860060        3.47013839441808       -2.37952686212239
N            1.30841572044346        0.06776147352349        3.81774032188439
B           -1.59796716389677       -0.56017850671898       -3.08409247333180
N           -3.83082890150167        1.77621795085510        0.83221980950481
B            0.33781567591642        4.49642912442931        1.18394826510724
N            0.04289793493087       -0.01345787392128        4.45133524679683
B           -2.70924721332897        2.22772086021457        1.60212817801380
N            3.77180061949918       -0.13223736345661       -0.76431500639459
B           -2.25374444131961       -3.63993048092600        1.00917800138703
N            1.05504635440654        3.73178709281178        2.23639162802911
B           -1.82644254620425       -0.77770322622523        3.22061210977444
N           -2.43603939719887       -3.60109013771327       -0.44979683277663
B            3.01895610560449       -1.07372117586159       -1.50278687047892
N           -3.15738861856723       -1.25207259105225       -0.38336388711568
B            2.03458761580651        2.92180260228707        1.56290377353168
N           -0.50756179854053       -2.90023578853501       -2.43229908427825
B           -1.67384963106061       -2.11343019018421       -2.49135747961697
N            0.58949912052716        3.96422587383477       -0.10943219447744
B            1.09029746796458        2.95958839424278       -3.18192041136263
N            0.07709428650945       -4.35802112485225        1.72156281344639
B           -1.78443216384721        3.45326137828864       -0.40836947432660
N           -2.01227978531439        3.41792616437992        1.03216328315854
B            1.46565771025228       -4.21179049897562        1.49970824810199
N           -0.79851351275194        1.06360240722835        4.19562891934955
B           -2.66651895892263       -2.40215933771496       -1.17465488815457
N           -1.07377400510175       -4.48313707781858        0.99178939663375
B           -2.50428164901509        0.49152849359822       -2.10888660467779
N            2.35193534391254       -3.88608183505676        0.45356870314253
B            3.91291466907143       -0.20234638386861        0.72618490833012
N            1.92835853839512        1.95722550374675       -2.46423730763765
B            1.00159553578531        2.25459456002697       -4.62219780573104
N           -4.18525070469186        0.82919448040074       -0.34634014802031
B           -1.33911932950080        2.45385558291355       -3.11469467411979
N           -2.35931218497335        1.93265351201540       -2.30516618116876
B            3.07333671170127       -2.64516426662028        0.60141973278584
N            2.33426852531781       -3.67272382430525       -0.96982516883565
B            2.22155605608402        0.54601017370840        2.81097072803663
N           -2.02647421663389        0.61247164970423        3.60271281780164
B           -1.10161344268191       -4.18434479555371       -0.44079652389166
N           -3.21772366895700        0.04199378031142       -0.95764318338561
B            3.44766960645890        1.25897240965467       -0.51351284986180
N            2.58234840879535        1.63199941171565        1.93755853773700
B            1.47243966861682       -1.55488182190784       -3.51508432856126
N           -2.10315627475138        1.75590929397086        2.76318352501550
B            2.04167082814872        0.71233226689354       -3.21115734457984
N           -2.72017276880444       -1.34209806186105        2.32152961602975
B            0.65832201359442       -0.53866700079395       -4.48601527321831
N           -0.16866294402896       -3.75941224444148       -1.35619381693621
B            0.48558670591031       -2.10618433940570        3.43547614072121
N           -0.58695943768201       -1.20425131424864        3.82553969823054
B           -3.22485361508732       -1.45145175565359        1.00063302398325
N            2.67197705602963       -0.85475943067575        2.62209820732226
B            1.87818369284314        3.33954623694711       -0.10573582602280
N            2.87654424882864       -2.33139775837377       -0.79311385583506
140
 energy: -270.500763338851 gnorm: 0.009221053493 xtb: 6.7.1pre (5071a88)
C            1.67577267394831       -8.31224184550559       13.11271341034821
O            1.33055478595236       -6.98680796691797       12.78739914981004
C            2.28038429720440       -6.03876993728393       12.77213079403385
C            3.62016945085356       -6.30879533612310       13.05694023262236
C            4.56829861453467       -5.30412268584677       13.03393202710583
C            4.20200581082667       -4.01047364426417       12.72881825670088
C            2.87430774156850       -3.70882540139864       12.44109191908144
C            2.55423556002225       -2.30390182676008       12.13017498269751
O            3.45840873649657       -1.45664248636850       12.11078187365000
C            1.16663347363720       -1.97249913137893       11.86353354412012
C            0.81472945829145       -0.63775176578801       11.58401017770422
O            1.71741011207273        0.33686660175781       11.58671028018449
C           -0.53218528738491       -0.29717543038759       11.31640476969011
C           -1.50964349971911       -1.25864981813404       11.40795919965954
C           -1.16540090184375       -2.61074064586578       11.66513931900080
O           -2.16388079219748       -3.49401346276522       11.67288986726446
C            0.16994362363387       -2.97946103338633       11.88548221058877
C            0.49202174325678       -4.38661984644612       12.15229113243418
O           -0.38296785063535       -5.25847905142626       12.12671140089706
C            1.89133188029873       -4.71100871971796       12.45534029483299
C           -2.97239456853984       -0.97415998138138       11.23793702476524
C           -3.34566491239878        0.51410297464427       11.23564689829955
O           -4.61632323260200        0.70268243813037       10.62754928353506
C           -3.38116695807330        1.08268998643622       12.66308767411638
O           -2.64510403404325        0.65580477052979       13.51212570304997
C           -4.31186217162676        2.26605581038876       12.91817396539683
O           -5.67179316177187        2.01754112370625       12.69743423108241
C           -2.28569344403451        1.30265786791291       10.45039568161343
C           -0.85973856092179        1.14217042259538       10.98454639512362
O            0.03217294309747        1.63294068248465        9.99237076344895
C            0.57603675385609        2.90317099859258       10.23755167714538
C            1.64683715374697        3.12690184095260        9.16833046292114
C            1.96856185374659        4.61155575544651        8.97970388467979
N            2.62382221694754        5.12246435443183       10.17962333046661
C            0.66884032795640        5.44051706411291        8.72223341136157
O            0.64769209794874        6.61583669518331        9.48318204065934
C           -0.58085962673203        4.56937511211123        9.00231994777230
C           -1.84324198056174        5.41927803188709        9.08356092307451
O           -0.41100508799732        3.90198761395640       10.24514839321727
H            2.08873746934864       -8.38808154008730       14.12399672553533
H            0.74347629843065       -8.87164322863661       13.06230317104189
H            2.38941137414035       -8.73407612587528       12.39732329532445
H            3.93244755325094       -7.31140804815832       13.29948441666795
H            5.59721158882317       -5.54121408493467       13.25801328722950
H            4.92881910419379       -3.21474256951398       12.70850380681117
H            2.59968328334988       -0.07933294807462       11.77697938715953
H           -1.76281743262140       -4.38722914088154       11.85002570773523
H           -3.30445575274370       -1.42050621246818       10.29423917688897
H           -3.51274908162082       -1.49156378204909       12.03453652701026
H           -4.59028744399911        0.32580433793746        9.74032057648728
H           -3.95559307545480        3.09682161597558       12.28351866094086
H           -4.21670246955120        2.55913154101381       13.96680619273880
H           -5.75711409598833        1.61437819040579       11.82161727952176
H           -2.28955264093529        0.94068337183527        9.41770438102671
H           -2.53235850728049        2.36550678300886       10.44235868535423
H           -0.73015646744325        1.73707564785715       11.90109101407449
H            1.01062337931076        2.92899214425556       11.24896555169259
H            2.53962116688366        2.58136735242288        9.46740577083173
H            1.28683980539025        2.70463932766743        8.23035319864304
H            2.61852338419058        4.70123626271822        8.08951097332458
H            2.89395022542269        6.09051262922291       10.03069228217434
H            3.46937478303043        4.58984213683764       10.36197849192541
H            0.63816754755266        5.76771656224429        7.67804495577834
H            0.73541140400117        6.34106849706074       10.40892641953614
H           -0.68929578984876        3.83311958890898        8.19301976915297
H           -1.77050838623111        6.10854915291207        9.91863537830167
H           -2.71227068546297        4.78331232812757        9.21899318365973
H           -1.95265376394839        5.98960008020684        8.16623838704076
B            3.46024721904269       -1.45447845179797        1.62965235192707
N            3.45603600491494        1.12979176746134        0.94169083375866
B            2.54018026888172        2.36307023459093       -1.25980254711214
N            2.29322119728641       -0.64111811281319       -2.72937750199300
B            0.69023628383037       -3.56097070752386        2.70443911732514
N           -2.93859078508753       -2.65350796576927        1.71040303139784
B           -1.03777227283788        4.08565380708929        1.83170770281267
N           -0.61900125804378        0.01794749120016       -3.93948025481509
B           -0.47371463188563        1.44513840221310       -4.09063858945897
N            1.20931631466861       -3.78569965071486       -1.73804718487467
B           -3.84445819686820        2.20968736771023       -0.49254543997107
N           -2.77224523764982        2.76302131107509       -1.21028143186123
B            1.40617177518104        0.81840455439666       -4.88767306624558
N           -0.23533179036464        3.36434226991737        2.83580920057739
B            0.89799373577966       -2.87962102333120       -2.81314471875052
N           -0.49187991144997        3.76634745173506       -1.00896555711352
B           -0.80841798560846        2.18541671774876        3.28615748009681
N            1.65406372435725       -1.27262385110667        3.50185425255255
B           -0.24857078382034        3.47022813618426       -2.37893865228118
N            1.30835400127582        0.06780101954332        3.81824832088974
B           -1.59802098582963       -0.56008001211109       -3.08354988727424
N           -3.83014652445310        1.77607458521964        0.83293555354087
B            0.33794170910739        4.49661444849294        1.18446900569502
N            0.04285253158243       -0.01339316234782        4.45152080563980
B           -2.70902663252692        2.22793230717756        1.60293021774018
N            3.77155502157996       -0.13205999129083       -0.76353102197546
B           -2.25371758702455       -3.63974031290999        1.00973835904722
N            1.05484921046235        3.73145761639294        2.23697593948167
B           -1.82668679874470       -0.77726180303847        3.22114163525757
N           -2.43596391784998       -3.60084803178824       -0.44918498787443
B            3.01885913739837       -1.07350237924169       -1.50223146910332
N           -3.15741934045844       -1.25191167583996       -0.38277436539934
B            2.03456939906123        2.92184272300282        1.56363399219442
N           -0.50771007539916       -2.90023977944551       -2.43191111543139
B           -1.67399098674279       -2.11342138309568       -2.49099355591226
N            0.58946842567345        3.96425812545601       -0.10878538086145
B            1.09041151194643        2.95968882895631       -3.18120992916408
N            0.07704473691214       -4.35761625358830        1.72228694475258
B           -1.78427707672821        3.45325738632313       -0.40777992421407
N           -2.01199189752332        3.41798450740244        1.03294495321595
B            1.46567306647684       -4.21156883201795        1.50062364836184
N           -0.79887784016343        1.06380906175533        4.19717641124287
B           -2.66657818255435       -2.40213554679198       -1.17417790071203
N           -1.07365883526268       -4.48273966675943        0.99243196091323
B           -2.50441587497726        0.49162437105063       -2.10839506900328
N            2.35169378552557       -3.88548904606240        0.45436713034888
B            3.91323017145795       -0.20215005934955        0.72679575691214
N            1.92869795817237        1.95749228537626       -2.46361717369068
B            1.00170348245650        2.25483794549775       -4.62150098201394
N           -4.18510050047042        0.82933232673203       -0.34541455480614
B           -1.33915794853640        2.45400769612625       -3.11412289765256
N           -2.35933723291958        1.93275671037396       -2.30459507392973
B            3.07327931163149       -2.64472216968908        0.60209810057511
N            2.33405885044256       -3.67231543927086       -0.96896162619048
B            2.22209582983519        0.54618815855789        2.81155067374784
N           -2.02672041999032        0.61285826148684        3.60373099620343
B           -1.10154865249722       -4.18426216586534       -0.44027907776120
N           -3.21778214518861        0.04208976791435       -0.95707230442925
B            3.44794637432104        1.25923585838524       -0.51287434379588
N            2.58268935777209        1.63210841611328        1.93834934526354
B            1.47243749627737       -1.55470239393754       -3.51447999612948
N           -2.10355376587163        1.75671634008763        2.76471516733426
B            2.04189128670669        0.71255671227330       -3.21063467504004
N           -2.72014448365757       -1.34189201142603        2.32214778515712
B            0.65833278107707       -0.53850748993902       -4.48536749185122
N           -0.16871601392033       -3.75916480935214       -1.35567135835238
B            0.48550536468697       -2.10598025404278        3.43607208192910
N           -0.58695734463495       -1.20354083266866        3.82622165732104
B           -3.22518601148541       -1.45135539570834        1.00111654507840
N            2.67233167390980       -0.85448792207985        2.62289599478630
B            1.87824286746548        3.33960876082153       -0.10508791515746
N            2.87645904886511       -2.33109314717697       -0.79246911863290
140
 energy: -270.501314697529 gnorm: 0.007980789061 xtb: 6.7.1pre (5071a88)
C            1.65673301921806       -8.29277425255209       13.10529341218698
O            1.32018089833074       -6.96555971370525       12.78179560604915
C            2.27431817773513       -6.02289000584122       12.76847479053773
C            3.61452705382028       -6.29400825255541       13.05304585950301
C            4.56486164297380       -5.29062476729031       13.02999438085375
C            4.19881471902593       -3.99669994682858       12.72426235811749
C            2.87109788715019       -3.69599064182060       12.43802643554680
C            2.55015098832307       -2.29221546618911       12.12934471087260
O            3.45326343683317       -1.44265164638635       12.11079076508568
C            1.16531185872157       -1.96468111804124       11.86450831396206
C            0.81624331875463       -0.63015748807235       11.58836946141792
O            1.72033484048818        0.34187302820267       11.59114453524105
C           -0.53299912737626       -0.29241150027328       11.32128923253432
C           -1.50876529010769       -1.25540973987839       11.40442436391717
C           -1.16533538670256       -2.60780569278675       11.66642322001746
O           -2.16221769290531       -3.49214473440361       11.67832068270339
C            0.16851398281596       -2.97100123043620       11.88794499262506
C            0.48874386863860       -4.37353792821811       12.15595778573381
O           -0.38951532785477       -5.24359803569658       12.13637706145946
C            1.88769374230178       -4.69613413175161       12.45303606377009
C           -2.97070781289683       -0.97935152239491       11.22532888737154
C           -3.34268502417763        0.50755250552232       11.22375975114431
O           -4.61212974313677        0.70090956891766       10.62037956445437
C           -3.36624594643116        1.06909500065907       12.65286064827775
O           -2.60900875050385        0.65031327958380       13.49106957385851
C           -4.29321034086832        2.25162541719033       12.91899139345165
O           -5.65448571510323        2.00537144760969       12.71174162153267
C           -2.28012858544301        1.29752020638372       10.44061656295936
C           -0.85944768080293        1.14533288813598       10.99090792367783
O            0.04094885420718        1.63014381683005       10.00472598835469
C            0.58201693522026        2.90140300594891       10.24568176004212
C            1.64799788625825        3.11803756089076        9.16933715729969
C            1.96742549620742        4.60255436443019        8.97619091858008
N            2.61696899291805        5.11076238071373       10.17636931669528
C            0.66638204913854        5.43040444451242        8.71873052880651
O            0.64602597585584        6.60375605863762        9.48145480825658
C           -0.58069285569657        4.55716628320303        9.00342948907792
C           -1.84309071562648        5.40573186135483        9.08517724285641
O           -0.40711511808805        3.89838864731362       10.25000321993354
H            2.06836885016822       -8.37088532947377       14.11716425095057
H            0.72162753314995       -8.84702230791526       13.05342591012458
H            2.36878345494958       -8.71630860229124       12.38900762877201
H            3.92224302195320       -7.29812353199142       13.29562522461340
H            5.59364577382136       -5.52845429288779       13.25428401242655
H            4.92102537676579       -3.19592251434930       12.70160841323392
H            2.60391624603678       -0.07903316675752       11.77960086142491
H           -1.75715278052093       -4.38513021304502       11.86039897480279
H           -3.29569322778349       -1.43020248403493       10.28128061750273
H           -3.51152991773530       -1.49815625794364       12.02087833087704
H           -4.58430445449235        0.34662343297816        9.72243077334142
H           -3.93856724985745        3.07862001705265       12.27860827153622
H           -4.18488837316916        2.54717926972236       13.96583637787552
H           -5.75449585130715        1.59756994238497       11.83907063740153
H           -2.26876507149350        0.92683955770499        9.41112180243135
H           -2.53487323022706        2.35785588753058       10.42184069313212
H           -0.73899764538972        1.73932642676978       11.90940379760131
H            1.02282878663800        2.93448461705575       11.25491885508291
H            2.54372701565504        2.57447162522910        9.46370664801549
H            1.28196075208655        2.68807632213765        8.23715803953964
H            2.61560307803497        4.69072447636802        8.08445394516460
H            2.89808078864627        6.07567696809067       10.03143796528361
H            3.44851025640208        4.56567230884703       10.38005683067746
H            0.63271555964944        5.75949356715397        7.67529295422447
H            0.70173442058670        6.32934911852688       10.40999963600205
H           -0.68734839976106        3.81703445581204        8.19861442357792
H           -1.76597662047741        6.09739636600853        9.91845308138525
H           -2.71244601981993        4.77184434135333        9.22917204956645
H           -1.95626054709187        5.97275348428123        8.16608105846104
B            3.46052240747663       -1.45401360558686        1.63067403257488
N            3.45638522572364        1.13018280392139        0.94276986482182
B            2.54066183921401        2.36351179180842       -1.25876946538611
N            2.29328198625731       -0.64081022154495       -2.72843416779116
B            0.69013764638043       -3.56068281469753        2.70573424874057
N           -2.93825750709894       -2.65299080444116        1.71130090674254
B           -1.03759274646768        4.08584345743128        1.83285943620101
N           -0.61905686545491        0.01818213407184       -3.93858547237611
B           -0.47366163879120        1.44538506023595       -4.08959732976674
N            1.20925565295832       -3.78526225982935       -1.73700337699834
B           -3.84431915347933        2.20991330956896       -0.49138884777773
N           -2.77201456474825        2.76308064503453       -1.20911364386846
B            1.40612889869411        0.81871969824101       -4.88657310037264
N           -0.23518142605450        3.36457011197378        2.83725329407799
B            0.89796588004545       -2.87932250454094       -2.81219516738810
N           -0.49172887540276        3.76653474237279       -1.00792874761079
B           -0.80872938088224        2.18600721124939        3.28790107038811
N            1.65350931541691       -1.27207549415031        3.50179849921460
B           -0.24845002735696        3.47037496985228       -2.37792377171940
N            1.30820155338951        0.06820681923495        3.81886308407627
B           -1.59814914493870       -0.55987284361840       -3.08276172810900
N           -3.82945173767671        1.77600379322146        0.83403904861156
B            0.33810541611862        4.49682019965651        1.18546090368644
N            0.04272615311639       -0.01322889184183        4.45259045702154
B           -2.70859955984819        2.22805534699722        1.60411870477965
N            3.77139285025898       -0.13177208894044       -0.76243038477186
B           -2.25361033354041       -3.63934896922285        1.01067432153614
N            1.05473096966639        3.73129665717616        2.23793470646834
B           -1.82688982091555       -0.77654084077233        3.22209041081262
N           -2.43598111444692       -3.60058919404314       -0.44822627682149
B            3.01875142933291       -1.07313426000509       -1.50123936773079
N           -3.15747583017846       -1.25168289512632       -0.38185914257491
B            2.03466257083904        2.92207162036348        1.56473722166958
N           -0.50783666146363       -2.90011584580005       -2.43114987147158
B           -1.67407922913389       -2.11320461654239       -2.49015460978723
N            0.58958215624093        3.96446460121251       -0.10777860091440
B            1.09063151407850        2.95992902859156       -3.18011677315483
N            0.07700876378530       -4.35723669534555        1.72343254161089
B           -1.78401028297619        3.45329687956944       -0.40672605742819
N           -2.01169603082730        3.41812057693016        1.03412050830421
B            1.46569820405856       -4.21128202924167        1.50198924253752
N           -0.79937620623649        1.06430352298025        4.19935156451391
B           -2.66663068838929       -2.40201720868795       -1.17332762543068
N           -1.07360523108180       -4.48236558259998        0.99343901078621
B           -2.50445174085029        0.49180994299172       -2.10749057877954
N            2.35145891688342       -3.88481951267995        0.45560816977227
B            3.91361134110723       -0.20177128563268        0.72783070264939
N            1.92914298338931        1.95788736461273       -2.46259805421537
B            1.00180913023542        2.25517048343296       -4.62039552957620
N           -4.18498662023270        0.82955122842211       -0.34412251266207
B           -1.33909985914043        2.45424994451266       -3.11312328753741
N           -2.35931721983316        1.93296919867191       -2.30363230311810
B            3.07314120032738       -2.64412598386168        0.60318169795321
N            2.33391602073380       -3.67186159871239       -0.96772879826315
B            2.22255357745117        0.54666864782285        2.81253384466043
N           -2.02716632450802        0.61337793336143        3.60529883570606
B           -1.10151283166704       -4.18404663021249       -0.43935783952892
N           -3.21786864696852        0.04224835613384       -0.95619680969353
B            3.44839841145959        1.25966284474581       -0.51183945107126
N            2.58322080114325        1.63250216393524        1.93952004332213
B            1.47242286326376       -1.55440196653921       -3.51350920124033
N           -2.10401753198912        1.75759436916319        2.76673317165817
B            2.04202824783150        0.71290587007029       -3.20967163158091
N           -2.72020388502091       -1.34141495884910        2.32311671010326
B            0.65835854734592       -0.53825497700845       -4.48438567680887
N           -0.16881070613067       -3.75886751805162       -1.35480280772531
B            0.48535450006858       -2.10554659805615        3.43692566515876
N           -0.58713906220199       -1.20276124801977        3.82742532656952
B           -3.22544736802162       -1.45109116348623        1.00200740675507
N            2.67257066175987       -0.85408410307873        2.62400093026124
B            1.87841179977227        3.33978153118267       -0.10401200919212
N            2.87641938149638       -2.33070308521789       -0.79145001728146
140
 energy: -270.501572848593 gnorm: 0.005784119359 xtb: 6.7.1pre (5071a88)
C            1.64134019932855       -8.27969152126294       13.09959740558497
O            1.31381860038048       -6.94991948894508       12.77802673123347
C            2.27333699765332       -6.01204284349608       12.76691509842962
C            3.61344685188435       -6.28510599594900       13.05072032922023
C            4.56536035474940       -5.28251710158336       13.02723775186619
C            4.20039425867175       -3.98785679411322       12.72158662712455
C            2.87222525589772       -3.68637079416935       12.43726281931865
C            2.54877756456430       -2.28365104728973       12.13050430003782
O            3.45007487621016       -1.43128881539840       12.11187981435408
C            1.16393813378550       -1.95717256166903       11.86685705425695
C            0.81434143842647       -0.62281265932360       11.59305956495875
O            1.71905246922390        0.34920930662133       11.59935889993668
C           -0.53528344967973       -0.28765611199902       11.32350496460693
C           -1.50995577800923       -1.25295189845472       11.39971916717833
C           -1.16574090669736       -2.60372720359952       11.66637663097942
O           -2.16136250168604       -3.49012566286988       11.67999243001699
C            0.16797335991249       -2.96301657019811       11.89043439706036
C            0.48939626790917       -4.36290221225928       12.16087096026261
O           -0.39172330677844       -5.23119055658237       12.14696207246323
C            1.88874370938585       -4.68561812204882       12.45332165578970
C           -2.97126650737563       -0.98044717208471       11.21162283207588
C           -3.34048994875311        0.50599254677920       11.21272577185693
O           -4.61082021991188        0.70553462358533       10.61441370782312
C           -3.34875362343954        1.06535255661918       12.64205543090169
O           -2.58260545565345        0.64656235901107       13.47244506831364
C           -4.27821519401441        2.24111094117785       12.92236874077288
O           -5.64040373688481        1.99269054220046       12.72596990204420
C           -2.27803479377013        1.29374652746094       10.42803833463511
C           -0.86197887594777        1.14842970331193       10.99028806762066
O            0.04429109851714        1.62778196647912       10.00767307193509
C            0.58731072192382        2.89777502154480       10.24856021103228
C            1.64993133747614        3.11102344970026        9.16847847249159
C            1.96723760964342        4.59499462945665        8.97466279604316
N            2.61212638632447        5.10212600258554       10.17659831639363
C            0.66416339807291        5.41950432749177        8.71524119684064
O            0.64358810731634        6.59335104012836        9.47946568985361
C           -0.58147601965886        4.54651837469487        9.00449295328418
C           -1.84548407501857        5.39235031810892        9.08595671182778
O           -0.40328931809227        3.89456114759183       10.25430906200967
H            2.05050316302960       -8.36102376300853       14.11209868149602
H            0.70285414247385       -8.82862864725801       13.04607701052019
H            2.35072186278491       -8.70571774649357       12.38229650508275
H            3.91914992377178       -7.29012648181825       13.29325309473936
H            5.59426382994339       -5.52084833212228       13.25116895986244
H            4.92150583904206       -3.18567215350330       12.69745197115644
H            2.60342973720257       -0.07592622254326       11.78719243648613
H           -1.75114719394592       -4.38203730799229       11.86818255663940
H           -3.28984330522375       -1.43183349004576       10.26562662252434
H           -3.51648087063072       -1.50029744447362       12.00375460079943
H           -4.58162305851519        0.36809563970713        9.70972792249662
H           -3.92980204535062        3.06945957396005       12.28085727661431
H           -4.15972922042179        2.53447117488054       13.96875263512831
H           -5.74835430785190        1.58564011951295       11.85409118007964
H           -2.25738657809730        0.91483883094778        9.40171279760825
H           -2.53888629157905        2.35264305955180       10.39776142466019
H           -0.74953450332418        1.74465775407668       11.90803949549423
H            1.03174302293222        2.93164715987779       11.25569841394675
H            2.54667781395093        2.56649173562993        9.45955508253672
H            1.28134265839108        2.67786183570834        8.23877945117680
H            2.61660590584381        4.68542468143184        8.08438610420951
H            2.90164836060178        6.06434327523763       10.03356487842986
H            3.43350262740358        4.54913241531823       10.39360624934593
H            0.62908456120604        5.74863617908807        7.67206332168004
H            0.68364008570078        6.31691071520743       10.40638497967063
H           -0.68913301830681        3.80152257080568        8.20469725349119
H           -1.76882705270354        6.08766588452883        9.91668589846783
H           -2.71354798560516        4.75751658305020        9.23720180805869
H           -1.96527242327493        5.95514564001796        8.16488227625255
B            3.46066268205540       -1.45348810134225        1.63185142769963
N            3.45681334753902        1.13067133044891        0.94401705575353
B            2.54110720964373        2.36401732312808       -1.25751547523720
N            2.29327751918495       -0.64041577581923       -2.72721778340615
B            0.68997320518824       -3.56031596351641        2.70711119232239
N           -2.93794918378681       -2.65242936418398        1.71245831726359
B           -1.03740887051307        4.08603225823783        1.83424820778219
N           -0.61905813508483        0.01847199820632       -3.93740900263167
B           -0.47358060378256        1.44569055548518       -4.08837604371477
N            1.20920945693263       -3.78480982600503       -1.73574831368871
B           -3.84414961446602        2.21021415098406       -0.49003763057837
N           -2.77180352290676        2.76330441336799       -1.20777804683979
B            1.40610963748196        0.81905034218719       -4.88529764713763
N           -0.23508439798132        3.36483695742719        2.83884555872541
B            0.89797336814889       -2.87896452101309       -2.81100139535855
N           -0.49154600169562        3.76680897994050       -1.00667606092957
B           -0.80896600188645        2.18654813921738        3.28978923887396
N            1.65297600180135       -1.27148767929209        3.50209865922014
B           -0.24830429855280        3.47062302731459       -2.37667847339638
N            1.30790615362303        0.06882211975206        3.81946422615761
B           -1.59814527936610       -0.55958363413598       -3.08158992494356
N           -3.82894183332180        1.77606826855038        0.83532530667504
B            0.33824855190096        4.49703274865196        1.18673275921974
N            0.04255941468540       -0.01292821615382        4.45406794759539
B           -2.70820537355214        2.22818465150655        1.60549308217651
N            3.77133408945235       -0.13140460350810       -0.76118172082371
B           -2.25349335273111       -3.63888278451783        1.01186674663783
N            1.05469199309006        3.73130749736465        2.23911262603939
B           -1.82704061472037       -0.77578766086892        3.22336591284297
N           -2.43600694799451       -3.60026836725303       -0.44703360566134
B            3.01869819122466       -1.07271287983181       -1.50000366722068
N           -3.15745714563614       -1.25134950131406       -0.38072318235785
B            2.03484184054913        2.92243031078923        1.56601107146561
N           -0.50790937426674       -2.89992484789433       -2.43013380737410
B           -1.67412416269117       -2.11294624495959       -2.48907065124972
N            0.58977214863362        3.96482112843072       -0.10657901009099
B            1.09085154435270        2.96023634364358       -3.17881438007052
N            0.07696855266669       -4.35690990552635        1.72474251762952
B           -1.78374195661632        3.45345809676690       -0.40543957596133
N           -2.01139489884910        3.41825747303438        1.03545381970614
B            1.46569002114435       -4.21096111269265        1.50346862415000
N           -0.79984210500016        1.06486969716976        4.20158051403296
B           -2.66659651740276       -2.40174070027001       -1.17219091213381
N           -1.07359974938012       -4.48202990679094        0.99464298285157
B           -2.50451093458862        0.49210537027032       -2.10638462021003
N            2.35126881033870       -3.88419844371994        0.45701678775262
B            3.91394468700450       -0.20131878252352        0.72908535755759
N            1.92954430266361        1.95832670335191       -2.46133298704339
B            1.00192267697038        2.25550455271983       -4.61908118840263
N           -4.18491321922789        0.82985958594017       -0.34271348128647
B           -1.33898066393500        2.45455140639404       -3.11188711753281
N           -2.35926289810406        1.93328728193285       -2.30244317032196
B            3.07301719275480       -2.64355282817963        0.60445040923879
N            2.33385200921347       -3.67144561783571       -0.96636087337037
B            2.22287527909754        0.54729815464014        2.81376355033512
N           -2.02763935118462        0.61392457117955        3.60709287773949
B           -1.10150559694515       -4.18375029232046       -0.43817723868719
N           -3.21793342836322        0.04251941624704       -0.95512150080020
B            3.44886492443689        1.26016572184098       -0.51059639957424
N            2.58374657663008        1.63302777137656        1.94082150681308
B            1.47242613896949       -1.55403803552786       -3.51230341800485
N           -2.10439934226401        1.75835882071589        2.76877764622161
B            2.04213118177947        0.71332843866203       -3.20843459279234
N           -2.72026395361654       -1.34079171129443        2.32431376944510
B            0.65838501963010       -0.53795902096749       -4.48320959796476
N           -0.16889814485985       -3.75858312703214       -1.35371164521741
B            0.48514764213707       -2.10503416041417        3.43797373901550
N           -0.58741638583363       -1.20209780804254        3.82894811181200
B           -3.22550479985780       -1.45066230520638        1.00316810033816
N            2.67264828331969       -0.85360627058278        2.62518650742025
B            1.87863176391456        3.34013502137436       -0.10273586909036
N            2.87641527747004       -2.33031211823914       -0.79023404847092
140
 energy: -270.501761549391 gnorm: 0.004147989006 xtb: 6.7.1pre (5071a88)
C            1.62843992014285       -8.26945663943845       13.09460217747655
O            1.30989992451898       -6.93688416427884       12.77551625760823
C            2.27435424991388       -6.00323083839004       12.76665724743711
C            3.61397979170532       -6.27882309905986       13.04875052966984
C            4.56674810184619       -5.27658816081667       13.02434121968329
C            4.20347174437584       -3.98092212799794       12.71977737409689
C            2.87468495140989       -3.67713728838699       12.43840393499306
C            2.54835787179508       -2.27499621728409       12.13465818380906
O            3.44768845858802       -1.41980347234273       12.11584361380718
C            1.16225403761567       -1.94877834182187       11.87160727932651
C            0.81010728752128       -0.61463765856529       11.59889337465048
O            1.71397763696153        0.35905599953648       11.61119947049095
C           -0.53861717781736       -0.28287995933480       11.32321010507992
C           -1.51233563939035       -1.25046896276775       11.39357482233663
C           -1.16681096607594       -2.59865282778901       11.66540037133822
O           -2.16068000966743       -3.48749489893490       11.67889083031119
C            0.16758440010042       -2.95480777374666       11.89374433802190
C            0.49100857439218       -4.35314137682720       12.16783479343079
O           -0.39201330508018       -5.22038108069909       12.16013011708850
C            1.89114018680931       -4.67629726272735       12.45575065048124
C           -2.97283309539279       -0.97902977774132       11.19476893263737
C           -3.33909070102052        0.50746027099999       11.20105461158235
O           -4.61245673290347        0.71337141847835       10.61034947491243
C           -3.33569179075797        1.05968111364298       12.63255219102832
O           -2.55871846246326        0.64194713118683       13.45313653325591
C           -4.26296146344128        2.23243382286587       12.92698681574318
O           -5.62625987113372        1.97978995108446       12.74385106657835
C           -2.27810089824303        1.29069484210860       10.41166100058996
C           -0.86589294430726        1.15121298591324       10.98253001529087
O            0.04545573865122        1.62502317574251       10.00277831513192
C            0.59348153949339        2.89174155747053       10.24708774239629
C            1.65316604331541        3.10455932929200        9.16500338293572
C            1.96792907787324        4.58805648332004        8.97343722947561
N            2.60643904372915        5.09524217949481       10.17918075554008
C            0.66244241500266        5.40792614597964        8.71065044974701
O            0.64055809954976        6.58430789677611        9.47398646877397
C           -0.58154501233472        4.53540249598062        9.00535835426309
C           -1.84895527853777        5.37630706296089        9.08613618587439
O           -0.39676644636894        3.89005887033187       10.25815511633282
H            2.03496199621276       -8.35530137367817       14.10750931423448
H            0.68587905060572       -8.81189059757190       13.03901347207360
H            2.33466581043598       -8.69858882203632       12.37643842190870
H            3.91910259978712       -7.28442796291091       13.29066317254201
H            5.59594700785614       -5.51549945372653       13.24685938856822
H            4.92595239024448       -3.17996449113960       12.69467546745381
H            2.59868096124237       -0.06952930013881       11.79970644982281
H           -1.74450381586225       -4.37750706804677       11.87448939570639
H           -3.28385015160174       -1.42604295837998       10.24422226139334
H           -3.52546059214078       -1.50178698965119       11.98018720407353
H           -4.58206195836246        0.39319534790032        9.69978828896208
H           -3.92417960314629        3.06459595991912       12.28498998154295
H           -4.13342199313258        2.52167823961193       13.97317458864548
H           -5.74050915658515        1.57428695103677       11.87226493346317
H           -2.25120617027950        0.90283475293474        9.38893235251443
H           -2.54273468095204        2.34876817260052       10.36952265815300
H           -0.76025272799352        1.75270009002430       11.89712043333452
H            1.03971329712048        2.92198632174593       11.25262489502380
H            2.54997869442979        2.55812344134692        9.45387537187642
H            1.28329926602550        2.67149980193349        8.23579566889179
H            2.62065598750569        4.68315134179757        8.08644304475924
H            2.90503930332924        6.05434685690554       10.03662189387638
H            3.41861347057791        4.53508402909350       10.40797765978970
H            0.62704384104529        5.73450573839500        7.66699535944984
H            0.66888510322452        6.30579661723334       10.39942816373554
H           -0.69113597436201        3.78454979647496        8.21108495018628
H           -1.77493404335747        6.07714614357841        9.91272102943962
H           -2.71362203956449        4.73771764504567        9.24461799547743
H           -1.97703038002827        5.93286257517808        8.16220525006270
B            3.46077728544417       -1.45283470699838        1.63351180289053
N            3.45735052976449        1.13133639237124        0.94575104333847
B            2.54156451254691        2.36468044817424       -1.25575333402465
N            2.29326255027613       -0.63985542257477       -2.72544859144668
B            0.68972186405022       -3.55979901180272        2.70892403814953
N           -2.93759946054369       -2.65170070115059        1.71415772053556
B           -1.03719742455567        4.08630078366531        1.83615118189220
N           -0.61905310211744        0.01888816922874       -3.93573912231291
B           -0.47344140603975        1.44611572341622       -4.08665747089223
N            1.20915450023719       -3.78420744766245       -1.73396227937201
B           -3.84390572416889        2.21066816906295       -0.48821204263544
N           -2.77154630892379        2.76372001093498       -1.20598002844888
B            1.40612322924266        0.81953329441403       -4.88351800887679
N           -0.23501379381583        3.36519253298267        2.84093521545264
B            0.89798155226733       -2.87845554125717       -2.80926260607175
N           -0.49130112208162        3.76724979231131       -1.00492316146285
B           -0.80924156182065        2.18722984317748        3.29227309793140
N            1.65230569456514       -1.27068680045310        3.50277078205734
B           -0.24808699555225        3.47104562810611       -2.37491964109689
N            1.30740461952399        0.06968060888054        3.82021652806725
B           -1.59818910863608       -0.55916056442079       -3.07997986911650
N           -3.82849072153097        1.77629850550914        0.83708019480997
B            0.33839584302026        4.49733603790812        1.18855058954284
N            0.04235775217546       -0.01238448085222        4.45599816260949
B           -2.70784551143920        2.22844338691595        1.60737619521450
N            3.77133668784883       -0.13087327960823       -0.75944599998164
B           -2.25337918479087       -3.63828262851628        1.01361784212381
N            1.05468302853671        3.73145651716815        2.24079937434667
B           -1.82722651212931       -0.77490895454167        3.22529132001705
N           -2.43603138501589       -3.59979005727333       -0.44529207151264
B            3.01870891829015       -1.07215819063433       -1.49824076636963
N           -3.15735641649001       -1.25083730277343       -0.37905994688122
B            2.03510905887130        2.92296727550743        1.56778034486358
N           -0.50796149467687       -2.89956795487649       -2.42855206237264
B           -1.67413815762338       -2.11251310069803       -2.48740298417409
N            0.59004031300748        3.96538814792014       -0.10488912834208
B            1.09113447382063        2.96071760252370       -3.17700110388529
N            0.07691154344579       -4.35651940943597        1.72653583473305
B           -1.78343185523461        3.45379931232647       -0.40365593474497
N           -2.01101830736305        3.41844186879992        1.03725040915809
B            1.46564550072631       -4.21051161250280        1.50541411924293
N           -0.80033940197335        1.06555605361265        4.20427464634121
B           -2.66655100936538       -2.40127217341588       -1.17048880478316
N           -1.07361794714749       -4.48161603038000        0.99634696405184
B           -2.50448302980440        0.49256778570990       -2.10474432163347
N            2.35107428596673       -3.88345988232479        0.45892536598635
B            3.91429291259011       -0.20071403121694        0.73084764095382
N            1.92996361171849        1.95890870499329       -2.45954604660770
B            1.00207474205094        2.25598553250807       -4.61726079198949
N           -4.18480766410782        0.83033911963530       -0.34086957506687
B           -1.33877322374242        2.45499594385320       -3.11013312961100
N           -2.35912258303975        1.93376878745141       -2.30074578543823
B            3.07291582486241       -2.64288255866995        0.60620771232303
N            2.33381242832135       -3.67093586086094       -0.96450830324263
B            2.22322570855124        0.54814804312839        2.81552658159407
N           -2.02817373996012        0.61462696827281        3.60947041416525
B           -1.10152701294898       -4.18331446865930       -0.43645447116909
N           -3.21790923007231        0.04297299521354       -0.95352770020285
B            3.44937963280947        1.26084046657320       -0.50885152772589
N            2.58435108687684        1.63375037730219        1.94257602203455
B            1.47245074709851       -1.55352508032304       -3.51053642708085
N           -2.10477147987014        1.75921523995046        2.77128869996749
B            2.04228556937221        0.71392036319565       -3.20666308732126
N           -2.72031384477380       -1.33995956509296        2.32605305074806
B            0.65842592529373       -0.53750790313317       -4.48150140011163
N           -0.16899373333393       -3.75822226469069       -1.35210979271690
B            0.48483990551107       -2.10436957872182        3.43950918571532
N           -0.58779211234493       -1.20136834328022        3.83110833788579
B           -3.22539913277481       -1.45000794770011        1.00487509270245
N            2.67265808544154       -0.85295119378322        2.62675654107999
B            1.87891269039824        3.34073411902426       -0.10096788702532
N            2.87644229263339       -2.32981611112164       -0.78851924693027
140
 energy: -270.501893550661 gnorm: 0.004023011310 xtb: 6.7.1pre (5071a88)
C            1.62141819444965       -8.26347410174020       13.09121384998490
O            1.30860676352817       -6.92892225993745       12.77485521079393
C            2.27537282430642       -5.99744291796639       12.76752516460977
C            3.61461087074619       -6.27511056122848       13.04703534105489
C            4.56732065122335       -5.27268271794538       13.02150934099322
C            4.20522604098731       -3.97609082030325       12.71927969997500
C            2.87584376127912       -3.66966788185886       12.44153013630412
C            2.54739209160857       -2.26737781399320       12.14156850666264
O            3.44503612445578       -1.41010255329772       12.12376259072861
C            1.15997796524952       -1.94159067071273       11.87802384168748
C            0.80501016152204       -0.60793930677843       11.60411373821819
O            1.70683042291585        0.36833119997219       11.62291447635612
C           -0.54195771387495       -0.27986331802547       11.31932902666093
C           -1.51517858279051       -1.24887571777997       11.38625061725641
C           -1.16866584024651       -2.59450771677049       11.66382158897532
O           -2.16047261865500       -3.48559021462992       11.67584008877712
C            0.16658515704760       -2.94844409529642       11.89748001323214
C            0.49140083117505       -4.34611474718135       12.17528571625896
O           -0.39208034070623       -5.21321143871346       12.17295436147969
C            1.89230465429934       -4.66936019295705       12.45977019549024
C           -2.97479426448431       -0.97702721712497       11.17723003519420
C           -3.33804719155243        0.51033868619656       11.19099307710383
O           -4.61561169635983        0.72222700670994       10.60933735608205
C           -3.32290585334127        1.05830944165859       12.62423229684057
O           -2.54150434372340        0.63686802834673       13.43716180036234
C           -4.25115619560209        2.22623708546181       12.93283747448430
O           -5.61524814754055        1.96752720391743       12.76158153481546
C           -2.27946628650483        1.28835345378162       10.39518222704223
C           -0.86911659530763        1.15247815506940       10.96969176954316
O            0.04524784273700        1.62177215963200        9.99121002542477
C            0.59975300721024        2.88423017253869       10.24137484091725
C            1.65780567789394        3.09982446089169        9.15907318357809
C            1.96887156764429        4.58376279719504        8.97226793513186
N            2.59958717758692        5.09125865358838       10.18320557674519
C            0.66123117807164        5.39878936071663        8.70446823311369
O            0.63673126903019        6.57856349233010        9.46416906147892
C           -0.58012905706263        4.52535089897783        9.00524954051178
C           -1.85173745883525        5.36026777672163        9.08535671670819
O           -0.38784957269481        3.88555741402915       10.26014157280792
H            2.02649316460583       -8.35370518460291       14.10407083591816
H            0.67577138980105       -8.80050754111825       13.03385476429714
H            2.32531343711754       -8.69479395165727       12.37242976178148
H            3.92033294532369       -7.28096246435309       13.28758958593794
H            5.59699331689659       -5.51211049611804       13.24161896205054
H            4.93050638938509       -3.17783588712585       12.69381184626676
H            2.59131074491543       -0.06101711257332       11.81370674788283
H           -1.74001844694002       -4.37342158581653       11.87822185899541
H           -3.27824791071967       -1.41570367110376       10.22031650311673
H           -3.53522055783018       -1.50466162484949       11.95401836490369
H           -4.58627431358885        0.41722203284912        9.69418777957514
H           -3.92337518350966        3.06390244346591       12.29190505786698
H           -4.11268091072626        2.51015588129528       13.97925981070585
H           -5.73328038784622        1.56518828553255       11.88929668587790
H           -2.25185118317233        0.89265604171681        9.37576628849105
H           -2.54438381554989        2.34623860069301       10.34474171038979
H           -0.76700159946556        1.76019666808715       11.88015140088750
H            1.04633604838340        2.90769737124915       11.24630230283131
H            2.55470789805093        2.55234909298726        9.44640731980377
H            1.28781935027829        2.66961952191090        8.22860765001449
H            2.62644067016546        4.68476523594583        8.08967304964104
H            2.90630171459248        6.04751976030845       10.04030729563067
H            3.40509713037309        4.52587297296541       10.42122209719131
H            0.62581038475669        5.72054076228261        7.65946396096580
H            0.65995451259239        6.30003868638422       10.38918487224860
H           -0.69103064196703        3.76939781764517        8.21552851641960
H           -1.78067324726796        6.06733533844631        9.90687627133667
H           -2.71166314587535        4.71656053478179        9.25047135041399
H           -1.98745526234551        5.90952679245547        8.15808845508015
B            3.46089984172948       -1.45214992895312        1.63552343484314
N            3.45789497307927        1.13208869304455        0.94782807216867
B            2.54196636575768        2.36541918061915       -1.25365613799225
N            2.29328944763112       -0.63920250710196       -2.72331608097398
B            0.68943488510699       -3.55919730992032        2.71102347442464
N           -2.93728089782441       -2.65088902559725        1.71622667635445
B           -1.03699198344927        4.08666987351100        1.83835498706963
N           -0.61897665657142        0.01940478456536       -3.93366454197990
B           -0.47323346931774        1.44662517057602       -4.08458086389998
N            1.20910359997507       -3.78350611926150       -1.73181188887815
B           -3.84364200743482        2.21126309196688       -0.48609378835926
N           -2.77129153848159        2.76429311947600       -1.20389140521246
B            1.40620108146273        0.82009761658083       -4.88140717272049
N           -0.23495958683539        3.36560270250018        2.84327495011712
B            0.89798217163029       -2.87782930440412       -2.80713413589121
N           -0.49104628634239        3.76783810808367       -1.00284004351357
B           -0.80950012564348        2.18797240483011        3.29501791965326
N            1.65158246926654       -1.26976707664588        3.50377068343259
B           -0.24784524631098        3.47160585809297       -2.37281987899379
N            1.30677887596051        0.07060897386124        3.82111396597625
B           -1.59814196528279       -0.55861458005797       -3.07792858238078
N           -3.82818758645047        1.77673197308465        0.83914584242853
B            0.33853812221930        4.49774584242072        1.19071392232353
N            0.04219812933320       -0.01164139430147        4.45809614061928
B           -2.70762135973470        2.22888333877610        1.60957576037611
N            3.77140351670635       -0.13024222464489       -0.75736111793491
B           -2.25330757895543       -3.63762107454314        1.01575006725187
N            1.05470254225906        3.73175653115051        2.24284535632352
B           -1.82744300464773       -0.77405321831858        3.22766534142790
N           -2.43603151974795       -3.59916446219987       -0.44317337642363
B            3.01879436878732       -1.07153308686753       -1.49612587183682
N           -3.15720879683614       -1.25018187173254       -0.37701667393432
B            2.03541432232303        2.92362042452133        1.56988716387962
N           -0.50800455614208       -2.89909063523001       -2.42656520303567
B           -1.67414584083148       -2.11198683369622       -2.48537099843890
N            0.59032509769285        3.96609194315700       -0.10285739383857
B            1.09141554768796        2.96130991451989       -3.17485738806347
N            0.07683778386373       -4.35607054099569        1.72864687193775
B           -1.78313794094104        3.45430129678741       -0.40155162414541
N           -2.01064897101587        3.41872410947271        1.03934528993045
B            1.46556765113433       -4.20995157647898        1.50763205241409
N           -0.80075928851512        1.06625067557474        4.20706954677323
B           -2.66649451492547       -2.40063771161078       -1.16839219196734
N           -1.07365244415299       -4.48113141623218        0.99839785645350
B           -2.50444176660954        0.49316784165606       -2.10275418425050
N            2.35091113123105       -3.88267795410147        0.46114731257628
B            3.91461236066977       -0.20003588904047        0.73294627650869
N            1.93032660896254        1.95957117039470       -2.45741009099185
B            1.00228116338278        2.25655057608346       -4.61511714722495
N           -4.18469359565472        0.83097210655070       -0.33876130021429
B           -1.33853023051518        2.45554936385314       -3.10804228461631
N           -2.35894328256016        1.93437651282884       -2.29870929563003
B            3.07287698886346       -2.64219035780341        0.60829096283442
N            2.33379146648057       -3.67036189806295       -0.96233684750144
B            2.22354817669680        0.54905612790919        2.81759721480817
N           -2.02863176987770        0.61540478909943        3.61210879651397
B           -1.10156446544345       -4.18275881418910       -0.43435745127318
N           -3.21782485538760        0.04358780934929       -0.95154684565061
B            3.44983330850660        1.26158830466519       -0.50676683345193
N            2.58492503532322        1.63456871731614        1.94462608667688
B            1.47250833432442       -1.55291041522471       -3.50837893261251
N           -2.10505389262298        1.76006848161454        2.77393533193896
B            2.04247225472580        0.71460254614504       -3.20452542454624
N           -2.72034021279365       -1.33906421768883        2.32817225172440
B            0.65848690991391       -0.53695900848425       -4.47942462586996
N           -0.16906829381131       -3.75777014951282       -1.35012209410734
B            0.48447611615053       -2.10365833687184        3.44141838697063
N           -0.58816678199138       -1.20063109489744        3.83363684734730
B           -3.22517843016000       -1.44921464234436        1.00695524690186
N            2.67264300014926       -0.85220855918454        2.62858680334016
B            1.87918607626475        3.34147034477807       -0.09888121794967
N            2.87650505244383       -2.32925058837726       -0.78645682787202
140
 energy: -270.502001277457 gnorm: 0.004245785912 xtb: 6.7.1pre (5071a88)
C            1.61967781557274       -8.26046449603746       13.08906331407726
O            1.30854325495527       -6.92497027806241       12.77562965712847
C            2.27506161649651       -5.99362296122281       12.76904788954361
C            3.61435688098782       -6.27241646929995       13.04538880419578
C            4.56643487679323       -5.26945621129700       13.01899413331702
C            4.20435495485842       -3.97215702349769       12.72018688502927
C            2.87446110361609       -3.66386769474174       12.44631332364804
C            2.54478464935344       -2.26083560973358       12.15072302727105
O            3.44106646732780       -1.40224908486448       12.13618758053426
C            1.15673134951195       -1.93613528760561       11.88490656683507
C            0.79986523594076       -0.60331452175850       11.60766903923055
O            1.69910988682859        0.37570770520399       11.63219137694204
C           -0.54494384643420       -0.27857387775464       11.31228759162897
C           -1.51806255654845       -1.24805836317947       11.37780216282392
C           -1.17132181720774       -2.59172273311280       11.66154752283652
O           -2.16128077301187       -3.48445715711823       11.67206031324226
C            0.16436775281419       -2.94408607541380       11.90114268134841
C            0.48956975573212       -4.34143400314219       12.18257261476586
O           -0.39339143327626       -5.20896203130174       12.18445787655682
C            1.89111838751709       -4.66430594923930       12.46466109829336
C           -2.97653361741253       -0.97499870492912       11.15965396061240
C           -3.33754885945372        0.51340625172642       11.18259952786682
O           -4.61953072651627        0.72996697799694       10.61069761014774
C           -3.31411121991874        1.05527036814834       12.61853100532175
O           -2.52766177691281        0.63079607273950       13.42450556644235
C           -4.24158676386066        2.22093261430930       12.93841877866650
O           -5.60645513625988        1.95611528060864       12.77917900547210
C           -2.28158511761897        1.28738948023380       10.38035743418944
C           -0.87107134252024        1.15232654588082       10.95424512395097
O            0.04480103064153        1.61809505919550        9.97563416576076
C            0.60639965622609        2.87607090472165       10.23259497986765
C            1.66393167537445        3.09663001533698        9.15093599423684
C            1.97036543967849        4.58199984508926        8.97022364180488
N            2.59100738482372        5.08984673674910       10.18745893776504
C            0.66048801749248        5.39174824935913        8.69663261295827
O            0.63208662365662        6.57590775360034        9.44938837365985
C           -0.57747370654412        4.51599043284415        9.00352163523550
C           -1.85335650123257        5.34462096755018        9.08337635514624
O           -0.37695549018860        3.88112412863451       10.25970789617323
H            2.02486984568096       -8.35408960983279       14.10146117339155
H            0.67270106681281       -8.79460720437757       13.03059956250125
H            2.32252329037329       -8.69210933503533       12.36959476669091
H            3.92121401368009       -7.27838535242706       13.28382243679520
H            5.59671731698253       -5.50923491928250       13.23596849269986
H            4.93228746451977       -3.17644495184977       12.69495191739724
H            2.58298664819981       -0.05157525269643       11.82687358310269
H           -1.73918666613159       -4.37032493635896       11.88011429610378
H           -3.27246930449315       -1.40250853221092       10.19524611962299
H           -3.54416087695360       -1.50936000936873       11.92647448036758
H           -4.59299862373378        0.43965423942420        9.69103870561430
H           -3.92458326802791        3.06309954349334       12.29755892544459
H           -4.09461769845197        2.50106271806757       13.98464580035932
H           -5.72839678812588        1.55610814785990       11.90621981729631
H           -2.25668513471593        0.88632963802313        9.36321095182196
H           -2.54444914273947        2.34548451841412       10.32598762389799
H           -0.76928720821144        1.76539912263266       11.86090378531177
H            1.05296788456542        2.89103355750250       11.23755962937925
H            2.56170036069047        2.54994323677094        9.43682851795451
H            1.29480623609766        2.67022051756247        8.21833259119589
H            2.63380681796557        4.68935675781798        8.09275010457922
H            2.90443849413114        6.04383785868355       10.04448572101295
H            3.39199147693851        4.52126349910787       10.43345068477256
H            0.62483302355156        5.70638360691191        7.64948187695849
H            0.65650775729766        6.30093926838451       10.37542225677464
H           -0.68836132494155        3.75596469066969        8.21739282219303
H           -1.78401242459843        6.05807850900783        9.89932007945121
H           -2.70824050669788        4.69607283891396        9.25544285077797
H           -1.99570875752725        5.88608982434761        8.15259442348486
B            3.46105758805369       -1.45141514424054        1.63792765430679
N            3.45843947364181        1.13292981368292        0.95029791338467
B            2.54231242590298        2.36621732142505       -1.25117079362294
N            2.29338959044018       -0.63846275563432       -2.72079877552350
B            0.68914565595560       -3.55851472207804        2.71349734829769
N           -2.93702102089597       -2.64999820997490        1.71868056160723
B           -1.03679379117461        4.08718893062253        1.84088418407577
N           -0.61884967553773        0.02005156251938       -3.93120457963206
B           -0.47299281041021        1.44725656950046       -4.08212115129040
N            1.20906150222510       -3.78268811773795       -1.72926270983740
B           -3.84337046560469        2.21201269115201       -0.48365087502418
N           -2.77103342970847        2.76501718937011       -1.20146413885327
B            1.40633219830130        0.82075838378810       -4.87892823302398
N           -0.23489307958509        3.36610536331146        2.84588753489524
B            0.89797742336089       -2.87707040173640       -2.80458824654389
N           -0.49078257455212        3.76857787778560       -1.00038638365673
B           -0.80971119219869        2.18878391494318        3.29798922889090
N            1.65083974314692       -1.26874933606785        3.50513664167986
B           -0.24757658393563        3.47230663744885       -2.37034426749804
N            1.30609987156111        0.07157510106098        3.82229043097548
B           -1.59808401311522       -0.55793308045026       -3.07552100931701
N           -3.82800761363173        1.77738822931802        0.84155971442696
B            0.33869233016601        4.49830921380765        1.19324135794017
N            0.04210415158438       -0.01072245544469        4.46041888746341
B           -2.70750961882382        2.22953089863670        1.61210605368499
N            3.77153384019177       -0.12952337075030       -0.75487067788307
B           -2.25328298748866       -3.63688249181624        1.01827119356623
N            1.05475754830536        3.73222908881772        2.24528528453282
B           -1.82768910857299       -0.77320328675523        3.23045931329920
N           -2.43601796725667       -3.59839113621922       -0.44066519199849
B            3.01893611614277       -1.07082586246693       -1.49361899196177
N           -3.15706600392674       -1.24939255718894       -0.37456970302193
B            2.03572160647839        2.92437681746538        1.57235784206561
N           -0.50803903743334       -2.89845432575917       -2.42413086048601
B           -1.67414072570711       -2.11130783666470       -2.48292507999965
N            0.59061519176197        3.96692135812518       -0.10043661334553
B            1.09169956483723        2.96200835778367       -3.17234736378756
N            0.07674843348012       -4.35552683403188        1.73113321052251
B           -1.78285909346970        3.45496898697930       -0.39908936805251
N           -2.01032575226475        3.41918573651887        1.04178752759620
B            1.46546707401510       -4.20925670865158        1.51018976258206
N           -0.80109770719279        1.06698818303911        4.21001622869189
B           -2.66646298817313       -2.39986006365916       -1.16590105902692
N           -1.07370320971324       -4.48054671964952        1.00083587912234
B           -2.50433097882883        0.49389827439096       -2.10034725212140
N            2.35078472225572       -3.88183284010171        0.46373662978124
B            3.91493468975519       -0.19927799632230        0.73542279586407
N            1.93064683844541        1.96031226312869       -2.45489369791531
B            1.00252341564885        2.25720962292593       -4.61260814371536
N           -4.18456701927306        0.83176393459456       -0.33634720121165
B           -1.33826057302139        2.45623019965756       -3.10557067169522
N           -2.35871807361439        1.93510940946021       -2.29628563487337
B            3.07290032850355       -2.64144919243735        0.61075275394916
N            2.33378111986754       -3.66969374341173       -0.95978957086258
B            2.22384613277154        0.54999934741663        2.81998355404455
N           -2.02898612914758        0.61626890444317        3.61498536849759
B           -1.10161111891634       -4.18206731778306       -0.43186650101523
N           -3.21769046764449        0.04435488481104       -0.94914222634358
B            3.45023257385412        1.26239558213522       -0.50430066620181
N            2.58545897242048        1.63547884447959        1.94702832832596
B            1.47260575964584       -1.55218666386967       -3.50581190598829
N           -2.10523842322786        1.76094728044856        2.77673766284283
B            2.04270713815050        0.71536519055800       -3.20200131214471
N           -2.72035953045115       -1.33813315545690        2.33068945991531
B            0.65858269867083       -0.53630200288405       -4.47694297802650
N           -0.16911746921706       -3.75718204742793       -1.34770577373244
B            0.48408487846431       -2.10290223046721        3.44374759155119
N           -0.58851251335801       -1.19984249099178        3.83652022958591
B           -3.22492862414340       -1.44831396798779        1.00942154283551
N            2.67264282586606       -0.85138813104956        2.63076214724001
B            1.87945678147240        3.34232887421037       -0.09643579523947
N            2.87660306244887       -2.32859048934252       -0.78399847498006
140
 energy: -270.502107372547 gnorm: 0.003743197023 xtb: 6.7.1pre (5071a88)
C            1.62177964958398       -8.25889550691526       13.08738805248112
O            1.30847410494905       -6.92317996141985       12.77780588492186
C            2.27293452524508       -5.99037406589739       12.77129158591771
C            3.61300868688812       -6.26934860224834       13.04328834192360
C            4.56414072944601       -5.26566202789472       13.01649634438431
C            4.20055258233370       -3.96771518553065       12.72280976340971
C            2.87004900300374       -3.65878114542474       12.45348508953710
C            2.53954502003996       -2.25455866708175       12.16323632928818
O            3.43450332373790       -1.39505144937684       12.15522333907647
C            1.15178624032987       -1.93189141647956       11.89219321656594
C            0.79435059834723       -0.60041205643095       11.60919736352970
O            1.69070876051790        0.38141065123583       11.63892140446833
C           -0.54789906316674       -0.27872765682012       11.30134975842188
C           -1.52126951247039       -1.24800790422541       11.36646070701599
C           -1.17520275667776       -2.59003685076217       11.65823434391401
O           -2.16380416768240       -3.48379258787741       11.66777038682636
C            0.16021476501171       -2.94096147528906       11.90510185487889
C            0.48504871755328       -4.33784081427560       12.19087281982145
O           -0.39693277893275       -5.20601058484169       12.19647930220985
C            1.88722831315996       -4.66000894129411       12.47100331352410
C           -2.97817315420029       -0.97352336478713       11.13885627848502
C           -3.33676715092693        0.51601975616785       11.17379094425863
O           -4.62299511548107        0.73776160075143       10.61281461724335
C           -3.30436899131651        1.05139087823854       12.61262632145319
O           -2.51500174285432        0.62171021985156       13.41242454484459
C           -4.23223325312722        2.21394301125764       12.94435100194632
O           -5.59773568579830        1.94244119068539       12.79834846673060
C           -2.28372932575792        1.28790073123733       10.36588029526126
C           -0.87159932509893        1.15103832206754       10.93622694335533
O            0.04476069147226        1.61362180394853        9.95616271975746
C            0.61421857411063        2.86693778653781       10.22056985422305
C            1.67209200291418        3.09410447586987        9.13999417943062
C            1.97198277993191        4.58204381225126        8.96678869812022
N            2.57932615216347        5.09028323658239       10.19145992081043
C            0.65974632469846        5.38523116816745        8.68486230642048
O            0.62669617037354        6.57541309571378        9.42662234561979
C           -0.57367728445835        4.50566645497326        8.99954306045997
C           -1.85382731178306        5.32759974448332        9.07976766707753
O           -0.36370642804183        3.87603674199896       10.25668731136266
H            2.02889894136706       -8.35507465687085       14.09884160616546
H            0.67525516287737       -8.79310207810679       13.02870472507423
H            2.32447424114224       -8.68845156233479       12.36642467847784
H            3.92131048411075       -7.27556219532091       13.27829227904549
H            5.59525511659352       -5.50562653247181       13.22922058830053
H            4.92999511352641       -3.17340429117387       12.69836641380018
H            2.57362021146238       -0.04117130939532       11.84025112741256
H           -1.74273824250048       -4.36791566501941       11.88174334901436
H           -3.26573338310770       -1.38721999924268       10.16576208156646
H           -3.55303037956316       -1.51643452403400       11.89381398879109
H           -4.60174264817378        0.46317351130266        9.68845655685173
H           -3.92659944215302        3.05967135577864       12.30271311019309
H           -4.07617054069493        2.49138593313559       13.98994042553489
H           -5.72492267357162        1.54495272574315       11.92474311056976
H           -2.26419203914644        0.88436575340213        9.34978915551345
H           -2.54348455093458        2.34646571921194       10.31168112585482
H           -0.76765143701719        1.76799419486279       11.83991148736905
H            1.06128152196152        2.87186715685643       11.22562511884303
H            2.57203019439121        2.55038210899488        9.42403128633215
H            1.30507079893276        2.67162328650995        8.20470777434754
H            2.64280876493062        4.69658378796123        8.09576318074700
H            2.89887057784578        6.04242700911313       10.04928650624784
H            3.37661025764226        4.51977858969212       10.44650158867906
H            0.62367207791676        5.68953478453834        7.63451488998813
H            0.65756210053435        6.30830394275989       10.35539208465972
H           -0.68357182980014        3.74194150291388        8.21684001114285
H           -1.78451011684457        6.04821007442019        9.88915585028342
H           -2.70339068131273        4.67482175286120        9.26088081027220
H           -2.00324937621308        5.86003153613065        8.14500131936994
B            3.46127280908455       -1.45048538056397        1.64115689409143
N            3.45907180683378        1.13400142641146        0.95360890030067
B            2.54265999119685        2.36718755158426       -1.24786359128786
N            2.29358502330558       -0.63752365926908       -2.71745785486742
B            0.68883336480281       -3.55763625877557        2.71682587684364
N           -2.93680684971886       -2.64887877706262        1.72193327346421
B           -1.03656075961941        4.08797819721893        1.84418628138064
N           -0.61865883738736        0.02094176928051       -3.92792308987805
B           -0.47267432650387        1.44813201300912       -4.07881715160617
N            1.20903205052135       -3.78162139566601       -1.72587175479055
B           -3.84307598150124        2.21305944700424       -0.48044066865017
N           -2.77074359118095        2.76601810978886       -1.19825170471455
B            1.40653631919439        0.82164521729578       -4.87563983231482
N           -0.23477336042663        3.36682492659010        2.84923211288348
B            0.89798115015949       -2.87605834232238       -2.80119030651148
N           -0.49047876111815        3.76958841351241       -0.99712061002581
B           -0.80986601156802        2.18979278727828        3.30164015875585
N            1.65001450857378       -1.26750073662719        3.50717739695593
B           -0.24725623689681        3.47325857549468       -2.36705584645237
N            1.30533962013009        0.07273555046466        3.82410506106674
B           -1.59795635010445       -0.55699166244862       -3.07227398290420
N           -3.82789688252365        1.77839337929257        0.84476151193629
B            0.33890855113955        4.49914456973894        1.19657234203446
N            0.04206399107317       -0.00952059527738        4.46349217978739
B           -2.70744210755595        2.23049679022834        1.61539738917198
N            3.77174690792781       -0.12861296662156       -0.75152419220994
B           -2.25329571058978       -3.63591517962174        1.02159518706416
N            1.05488358016573        3.73297975336256        2.24855936903767
B           -1.82797456672605       -0.77217356928028        3.23408557605951
N           -2.43599721171914       -3.59734291925535       -0.43735378299515
B            3.01914704553416       -1.06991900567061       -1.49028124124400
N           -3.15694395027173       -1.24833698347828       -0.37130674799867
B            2.03607527476569        2.92536333015854        1.57563047378470
N           -0.50806636275729       -2.89756432862805       -2.42084544396382
B           -1.67411907733392       -2.11037212520267       -2.47966520542812
N            0.59094620227957        3.96798152738304       -0.09718629699511
B            1.09202125908018        2.96293599940129       -3.16902616518127
N            0.07662760289970       -4.35476394470772        1.73445087312903
B           -1.78255326142846        3.45591540542827       -0.39582629093648
N           -2.01002598225019        3.41997501944860        1.04502712252314
B            1.46533328607595       -4.20829473805017        1.51356695435724
N           -0.80141856759338        1.06794908656705        4.21368491143410
B           -2.66644082135359       -2.39881813637534       -1.16260669113708
N           -1.07378540633741       -4.47973868050985        1.00409475753673
B           -2.50416556811919        0.49489393235543       -2.09712592669842
N            2.35067546350419       -3.88077543713087        0.46716632574153
B            3.91532358463282       -0.19831449704741        0.73872797752388
N            1.93097780493077        1.96125811024203       -2.45157015268397
B            1.00284137010200        2.25810407298878       -4.60928032620880
N           -4.18442864491661        0.83285305704794       -0.33318271429318
B           -1.33794147405289        2.45716965273333       -3.10229860534159
N           -2.35844260071721        1.93610169753067       -2.29305823055511
B            3.07297227138268       -2.64051167816566        0.61404805719463
N            2.33378065470084       -3.66880583687598       -0.95640190495456
B            2.22414709460474        0.55112948696163        2.82310198832884
N           -2.02929180857937        0.61737085666464        3.61857103718904
B           -1.10166577760782       -4.18111672305659       -0.42855640560050
N           -3.21753252043633        0.04540162530371       -0.94591537148399
B            3.45062636146393        1.26337692507937       -0.50100911139467
N            2.58604385362587        1.63663732925863        1.95024199438160
B            1.47274493833593       -1.55122889391020       -3.50240110473491
N           -2.10534794343165        1.76201701953053        2.78018807199393
B            2.04299180966560        0.71632092340847       -3.19866156718153
N           -2.72039201596135       -1.33701337148321        2.33402626106751
B            0.65874043066836       -0.53540671141535       -4.47362988909525
N           -0.16914473784614       -3.75633260725432       -1.34443372236571
B            0.48364203488109       -2.10196291874293        3.44691936275628
N           -0.58887126122293       -1.19883979290040        3.84023388775659
B           -3.22468744158447       -1.44717386979690        1.01268907410152
N            2.67266977855838       -0.85036674661756        2.63372924292301
B            1.87975620561988        3.34337598701812       -0.09318749449932
N            2.87675487527768       -2.32771538158888       -0.78070181470632
140
 energy: -270.502201715826 gnorm: 0.002953410094 xtb: 6.7.1pre (5071a88)
C            1.62618226294368       -8.25811805246256       13.08593734750506
O            1.30748795223329       -6.92261389717570       12.78120191024115
C            2.26920977430507       -5.98745552090317       12.77411458220376
C            3.61076032880820       -6.26569055880350       13.04086548744820
C            4.56094329036972       -5.26131411204018       13.01451113549486
C            4.19451863410676       -3.96274601632739       12.72724616973754
C            2.86326688014586       -3.65473594650544       12.46248491393279
C            2.53211021798284       -2.24930501084531       12.17747053809794
O            3.42574173450040       -1.38900632647486       12.17902891324649
C            1.14564827878457       -1.92927150607918       11.89829040726093
C            0.78926486129771       -0.59943405605512       11.60816658683561
O            1.68321685427955        0.38451624410376       11.64155031266242
C           -0.55047319677757       -0.27992972363091       11.28821396213597
C           -1.52425698202274       -1.24863885304394       11.35295627676159
C           -1.17978337769722       -2.58942523907543       11.65389307031854
O           -2.16815396088431       -3.48317986349707       11.66354942050873
C            0.15446920970189       -2.93908954021047       11.90875579113523
C            0.47848366186131       -4.33516741545464       12.19968891081942
O           -0.40272682724980       -5.20371557428664       12.20866632202068
C            1.88125391224039       -4.65659895332334       12.47834315611909
C           -2.97925778720743       -0.97281163395815       11.11609292040991
C           -3.33568024137204        0.51737798590198       11.16422281456399
O           -4.62501213785914        0.74463092196319       10.61362632760170
C           -3.29558335298807        1.04363881624858       12.60660905163637
O           -2.50300396789514        0.60872314560176       13.40067622850540
C           -4.22270222412391        2.20419819969550       12.94905958564507
O           -5.58873529659007        1.92696189179761       12.81716373557542
C           -2.28502241528596        1.29049051448442       10.35372017151822
C           -0.87065452876942        1.14928202211907       10.91902753463630
O            0.04585031671159        1.60918968499166        9.93698195081405
C            0.62230326476857        2.85871475465764       10.20749961473268
C            1.68094313056601        3.09215619086843        9.12788860392108
C            1.97360374484527        4.58300983699694        8.96140169439846
N            2.56581025004488        5.09205706363166       10.19336815398370
C            0.65896298978911        5.37866491564181        8.66961829574469
O            0.62104110478507        6.57646365256805        9.39718246383698
C           -0.56989373424355        4.49535221427175        8.99326772899702
C           -1.85333204611388        5.31157276031681        9.07479510228562
O           -0.35057690918192        3.87098694728728       10.25118006337607
H            2.03690620115560       -8.35586300582054       14.09597996791725
H            0.68162689186824       -8.79547562692231       13.02820360898703
H            2.32903217577287       -8.68315763193009       12.36216462805411
H            3.92050832473933       -7.27241313780601       13.27125475127520
H            5.59299054846908       -5.50126675896530       13.22241869024072
H            4.92323474369859       -3.16768904165835       12.70403575120032
H            2.56493414545759       -0.03225734960598       11.85223852940044
H           -1.75044550164671       -4.36607658877527       11.88400849695100
H           -3.25843580341852       -1.37278203949635       10.13479972575303
H           -3.56075201112069       -1.52440884363371       11.85904621272233
H           -4.61005631357406        0.48541105909735        9.68476314651570
H           -3.92747312188372        3.05155002536498       12.30512987556831
H           -4.05685442663183        2.48080503062492       13.99339541705206
H           -5.72330055670504        1.53177696265953       11.94334884237680
H           -2.27105752849332        0.88919149873846        9.33670482019151
H           -2.54225010314816        2.34962208420170       10.30420988451321
H           -0.76279937573944        1.76747840330406       11.82143531492317
H            1.07067802983055        2.85465576602377       11.21223246393094
H            2.58394923887270        2.55297168622634        9.41024461333840
H            1.31696134893210        2.67213636229285        8.19026998490655
H            2.65227242764567        4.70422136560369        8.09730102894571
H            2.89018818916451        6.04296843678121       10.05295877443697
H            3.35976787972631        4.52082764010977       10.45868299335831
H            0.62218388898417        5.67024796385276        7.61546985596465
H            0.66283259462269        6.32100102747266       10.32961474942297
H           -0.67860572960804        3.72830104986918        8.21391313566708
H           -1.78193868488938        6.03929470804404        9.87745477552333
H           -2.69837098622490        4.65626822276142        9.26666418342898
H           -2.01017901111977        5.83489852783477        8.13620009070021
B            3.46150607834588       -1.44939510464017        1.64503082017841
N            3.45974763843502        1.13523635498820        0.95757957882212
B            2.54295763489919        2.36824618970009       -1.24390090737199
N            2.29384753609645       -0.63644232435687       -2.71347799736514
B            0.68854400275272       -3.55660216791236        2.72083958893753
N           -2.93668145280784       -2.64759763074813        1.72579344622321
B           -1.03629934413100        4.08901726458211        1.84807628610057
N           -0.61843435806975        0.02203439461890       -3.92404326796956
B           -0.47233939292977        1.44921378994709       -4.07488577717190
N            1.20902213677340       -3.78038174348306       -1.72184605608076
B           -3.84279657923792        2.21434070754465       -0.47664032491046
N           -2.77044127949986        2.76723341631366       -1.19442211739963
B            1.40678865713296        0.82271776661823       -4.87171931994586
N           -0.23458920954755        3.36776482692494        2.85312430077801
B            0.89800563224852       -2.87485806701367       -2.79715371212510
N           -0.49014943343486        3.77078379016433       -0.99321643581360
B           -0.80992158657862        2.19094278604633        3.30571653944273
N            1.64924573029988       -1.26613710826217        3.50989467046046
B           -0.24689575451281        3.47440567810261       -2.36313636953822
N            1.30464530136358        0.07403035157437        3.82663686501793
B           -1.59778573996631       -0.55584331798802       -3.06840598412192
N           -3.82783086058734        1.77968949359640        0.84857413322792
B            0.33918911365933        4.50022096592957        1.20052452551368
N            0.04206405567890       -0.00815940395969        4.46725973087647
B           -2.70736829504474        2.23171471547268        1.61924830689088
N            3.77202125827045       -0.12757830179125       -0.74750874961408
B           -2.25333419805670       -3.63474583489587        1.02551274799921
N            1.05510068082701        3.73398989575650        2.25249303958857
B           -1.82823303617547       -0.77097383440076        3.23825966482690
N           -2.43598440886887       -3.59609322397634       -0.43344528537669
B            3.01938240023999       -1.06886084806385       -1.48629493691175
N           -3.15686837054571       -1.24708008861272       -0.36742425452356
B            2.03643879502178        2.92651450085628        1.57951545215641
N           -0.50807447838393       -2.89645783094612       -2.41690945324279
B           -1.67408052876364       -2.10921979970181       -2.47578618980245
N            0.59129151308483        3.96918651445529       -0.09327390512507
B            1.09236938950714        2.96404307547038       -3.16508873702584
N            0.07648606851448       -4.35378926106227        1.73841523730206
B           -1.78223605224456        3.45708200651542       -0.39194597648470
N           -2.00978107144262        3.42109009343012        1.04888750699458
B            1.46518077681965       -4.20711348528077        1.51758235094280
N           -0.80170719204314        1.06913600495222        4.21791278407412
B           -2.66642575642930       -2.39758668312098       -1.15871760914670
N           -1.07389765299689       -4.47872659185630        1.00799175081300
B           -2.50394336130882        0.49609362325646       -2.09326402418143
N            2.35058891257821       -3.87957214090876        0.47124111394513
B            3.91575632640988       -0.19720444683869        0.74269006418820
N            1.93128625254712        1.96234166565996       -2.44762533320954
B            1.00319742500573        2.25918380118747       -4.60532887646505
N           -4.18429193354524        0.83416611858639       -0.32943589046727
B           -1.33757721579442        2.45830703091498       -3.09839019107019
N           -2.35813705899627        1.93729156027854       -2.28920184491201
B            3.07306568662551       -2.63941996423798        0.61800296937334
N            2.33379348235059       -3.66774741063408       -0.95236841876630
B            2.22442077121078        0.55238549952953        2.82681079836528
N           -2.02953601491250        0.61865119094354        3.62264268021493
B           -1.10171826951367       -4.17995810711239       -0.42462617069091
N           -3.21738312679044        0.04665559569231       -0.94206533935756
B            3.45098459491744        1.26445696717457       -0.49706524859189
N            2.58662994641572        1.63796306357139        1.95411195150570
B            1.47291441927214       -1.55009661323013       -3.49837025883090
N           -2.10536431654416        1.76322592761920        2.78409417610348
B            2.04329054233027        0.71740318118747       -3.19470232015594
N           -2.72044907733359       -1.33576163278338        2.33797709515842
B            0.65895679109194       -0.53432206429618       -4.46969497552384
N           -0.16914973067811       -3.75524519009251       -1.34049462034297
B            0.48322954900555       -2.10087185351959        3.45076108405546
N           -0.58920976410455       -1.19766545356288        3.84454271465470
B           -3.22453320408385       -1.44587545876931        1.01656329529189
N            2.67271917986544       -0.84921604846479        2.63738034387161
B            1.88007457270894        3.34453656127720       -0.08929525714711
N            2.87693411004680       -2.32667309312085       -0.77674904693116
140
 energy: -270.502281481525 gnorm: 0.002823324803 xtb: 6.7.1pre (5071a88)
C            1.63119122865383       -8.25802290638332       13.08450983248071
O            1.30555969981606       -6.92278611146633       12.78542937032433
C            2.26488622989575       -5.98517192752671       12.77736694385050
C            3.60822656663599       -6.26212080331737       13.03859686325979
C            4.55760912946688       -5.25716136204749       13.01361819306380
C            4.18783480792288       -3.95800812138810       12.73321097466337
C            2.85570652182653       -3.65200677322626       12.47236180824095
C            2.52384655149298       -2.24571157494649       12.19172673546088
O            3.41610881218393       -1.38445773323601       12.20430375446950
C            1.13947518974795       -1.92838422711308       11.90217792970212
C            0.78539322665453       -0.60015949934929       11.60477746692933
O            1.67797365760010        0.38482801276551       11.64007742156758
C           -0.55223139543705       -0.28177480603427       11.27493975359980
C           -1.52642028843941       -1.24994832450041       11.33847879411741
C           -1.18415394715637       -2.58975592275215       11.64851704290637
O           -2.17350604116456       -3.48253337355675       11.65921376592534
C            0.14827159475429       -2.93843169081310       11.91146789624115
C            0.47130485737464       -4.33338350496558       12.20850563427656
O           -0.40981055248661       -5.20173178511115       12.22079213523727
C            1.87459091909224       -4.65435578232145       12.48612237773946
C           -2.97945622275559       -0.97304310675877       11.09304713453151
C           -3.33387371389547        0.51716980115455       11.15404409386864
O           -4.62466371609357        0.75036663413129       10.61162546144762
C           -3.28752738498676        1.03338408949812       12.59984637401836
O           -2.49399810177785        0.59228521833710       13.38966962950800
C           -4.21382376555937        2.19210551878822       12.95171484021710
O           -5.58001509141844        1.91037887024753       12.83282702935316
C           -2.28467247930766        1.29501707024587       10.34513884779838
C           -0.86840862091472        1.14770299838203       10.90536014561605
O            0.04821564611940        1.60564781252075        9.92161720254551
C            0.62917036487555        2.85305868852172       10.19563723687112
C            1.68861164769848        3.09065691181646        9.11663022852236
C            1.97459835954647        4.58389050549930        8.95424524653435
N            2.55243335333025        5.09488458782811       10.19178650106146
C            0.65806057994913        5.37193094975815        8.65172245229313
O            0.61654148563160        6.57838727247193        9.36356532999672
C           -0.56723651730240        4.48644154657791        8.98518043904250
C           -1.85226699510685        5.29919761529034        9.06891326827725
O           -0.34033776528683        3.86692109586738       10.24389778953092
H            2.04658498619286       -8.35677973269320       14.09274232838766
H            0.68930173762800       -8.80038459816253       13.02878906769830
H            2.33368113466023       -8.67708330322975       12.35661476666903
H            3.91938509741968       -7.26956377319089       13.26364661167202
H            5.59054278033221       -5.49694511702557       13.21688181217229
H            4.91373877747606       -3.16025833007004       12.71155617960596
H            2.55831000031802       -0.02696460557166       11.86199193364411
H           -1.76034801331019       -4.36468823291984       11.88686256343230
H           -3.25109735512458       -1.36166789063389       10.10527501173957
H           -3.56662253980918       -1.53186497031641       11.82555590425088
H           -4.61553786599704        0.50353816721751        9.67952003947014
H           -3.92711126579600        3.03969704091754       12.30493081579191
H           -4.03894376696894        2.46894421875181       13.99452254878825
H           -5.72291269106881        1.51825981354751       11.95895568973544
H           -2.27507139192326        0.90101406942710        9.32512324258512
H           -2.54080317149916        2.35471931603913       10.30443474056093
H           -0.75584286703687        1.76449421142022       11.80828838939329
H            1.07920771556665        2.84325971474250       11.19962994215890
H            2.59464555154913        2.55626316148234        9.39823322517702
H            1.32792093426649        2.67091559370504        8.17762832249260
H            2.66032336199659        4.70993948802307        8.09650822421922
H            2.88043420929244        6.04495937352784       10.05304444664014
H            3.34292273005643        4.52352482143806       10.46804633310918
H            0.62072954396070        5.64965903635683        7.59369032298138
H            0.67013220677060        6.33622841238868       10.29986517273411
H           -0.67592104477184        3.71633922386768        8.20917124366151
H           -1.77707691311980        6.03319840141806        9.86544903512987
H           -2.69418653350514        4.64337948687428        9.27200457007865
H           -2.01651572187503        5.81451512729362        8.12723043198471
B            3.46170534276930       -1.44822968552386        1.64926325993588
N            3.46038794188463        1.13652637272378        0.96190944440820
B            2.54315708294670        2.36929926974562       -1.23959224348579
N            2.29413622785676       -0.63530398841206       -2.70916398325760
B            0.68830974849923       -3.55547289080463        2.72521250580351
N           -2.93667134454737       -2.64625045670042        1.72996565629243
B           -1.03602401421868        4.09022641759742        1.85225467484592
N           -0.61820658063073        0.02324806236773       -3.91986623449940
B           -0.47200749482649        1.45042230574072       -4.07062453736762
N            1.20903066876077       -3.77908386707303       -1.71750871631959
B           -3.84256677909591        2.21574887265088       -0.47253939569446
N           -2.77015633249635        2.76857106786785       -1.19026803544603
B            1.40707523148614        0.82388896473983       -4.86746606602481
N           -0.23435310239348        3.36887286284668        2.85726703785994
B            0.89805768177123       -2.87358085587378       -2.79281042536339
N           -0.48982040860285        3.77204486461407       -0.98897506905913
B           -0.80988154260542        2.19217165073421        3.30991761006675
N            1.64865924875892       -1.26476734342155        3.51317812281602
B           -0.24652920368467        3.47564561819068       -2.35889066795700
N            1.30414391484174        0.07536775667978        3.82982787265010
B           -1.59759385638905       -0.55457457630766       -3.06421958529789
N           -3.82779501409480        1.78116492137668        0.85270339459703
B            0.33951503773860        4.50143927909937        1.20479696397563
N            0.04207161693396       -0.00676821699932        4.47139717837236
B           -2.70727159709867        2.23308597325148        1.62336908212884
N            3.77231987479277       -0.12650160714947       -0.74313890430431
B           -2.25338937861915       -3.63344507360468        1.02971518265249
N            1.05539992148939        3.73517458650656        2.25678686920520
B           -1.82840463027933       -0.76966018184021        3.24261542055658
N           -2.43599304550467       -3.59474634286124       -0.42924797657770
B            3.01961730802154       -1.06773813335236       -1.48197323425384
N           -3.15682784329388       -1.24571365806785       -0.36322897611775
B            2.03679068261770        2.92773469157351        1.58373134089114
N           -0.50805011404877       -2.89521367347210       -2.41263644774422
B           -1.67401774780461       -2.10793065903225       -2.47158092970871
N            0.59161667617833        3.97041482108365       -0.08899965299049
B            1.09271465931747        2.96525135938111       -3.16084952056494
N            0.07633854613853       -4.35265584793981        1.74270837531930
B           -1.78193480639494        3.45837423736488       -0.38775103777810
N           -2.00960079077061        3.42244214893645        1.05306740336927
B            1.46502467604124       -4.20581578630778        1.52191978408890
N           -0.80193180887007        1.07047342950206        4.22236330977758
B           -2.66640722920694       -2.39625987967692       -1.15453713952082
N           -1.07403337925658       -4.47756876738620        1.01222112701441
B           -2.50369514926856        0.49740809523657       -2.08907139965066
N            2.35052651639427       -3.87833095164448        0.47563383963286
B            3.91616305588304       -0.19604304896798        0.74701547777102
N            1.93152982802337        1.96347615916531       -2.44336990675505
B            1.00356597380097        2.26037518024285       -4.60107409369995
N           -4.18416327394774        0.83558921600491       -0.32538770672380
B           -1.33720811679372        2.45955845040374       -3.09415709533282
N           -2.35783380193740        1.93859112987471       -2.28501607319217
B            3.07314487242281       -2.63825878859647        0.62231528519382
N            2.33381532572884       -3.66660314410462       -0.94801046287907
B            2.22467985432785        0.55368998893033        2.83090388697170
N           -2.02970432222743        0.62001850645585        3.62688865424831
B           -1.10176728271066       -4.17868542661052       -0.42038628816694
N           -3.21725724539902        0.04801697027829       -0.93790444649835
B            3.45124430881768        1.26554261156306       -0.49276061166541
N            2.58716458563594        1.63932800244015        1.95836582064798
B            1.47309519192228       -1.54888605332126       -3.49404081446765
N           -2.10529179385293        1.76449891620477        2.78817870812446
B            2.04354985553643        0.71852535242409       -3.19043261887282
N           -2.72053136023940       -1.33445428439480        2.34223027304060
B            0.65921418004604       -0.53312631707083       -4.46544349879840
N           -0.16914011246240       -3.75400328530793       -1.33620578284891
B            0.48292002729373       -2.09968136620740        3.45495918495062
N           -0.58948715021566       -1.19639935041994        3.84908481692793
B           -3.22449029958169       -1.44451433399095        1.02074667389027
N            2.67278450423768       -0.84802735466310        2.64147386350342
B            1.88037484718256        3.34568746871832       -0.08503706747634
N            2.87711448040518       -2.32555237287515       -0.77245031607452
140
 energy: -270.502350522378 gnorm: 0.003042861791 xtb: 6.7.1pre (5071a88)
C            1.63507484637692       -8.25836459738530       13.08270422267914
O            1.30300364199470       -6.92308270804127       12.78992993357138
C            2.26086420785644       -5.98354803395648       12.78104351693995
C            3.60582179915364       -6.25925895751306       13.03706867589056
C            4.55454743199473       -5.25377600427881       13.01429172457170
C            4.18179942285184       -3.95404250943106       12.74055150539083
C            2.84878530385113       -3.65021671928343       12.48261236970575
C            2.51609752999905       -2.24358332789930       12.20507524371424
O            3.40673512258755       -1.38093801987647       12.22879267711933
C            1.13420587538749       -1.92859400657457       11.90416761805855
C            0.78291548708288       -0.60169435924658       11.60021945219874
O            1.67524654779546        0.38325676743715       11.63631588967740
C           -0.55303475385427       -0.28371839045543       11.26282679784882
C           -1.52741820385369       -1.25172033981849       11.32361130235098
C           -1.18756308180133       -2.59060003194427       11.64187851536895
O           -2.17854828157087       -3.48196148216948       11.65364399147129
C            0.14275642394180       -2.93847926102339       11.91302448236077
C            0.46479583691534       -4.33209804585721       12.21716011452145
O           -0.41700292337371       -5.19954178711782       12.23332995462937
C            1.86848461173433       -4.65298761956290       12.49416148760818
C           -2.97855180326366       -0.97383624746507       11.06989700967307
C           -3.33146369876168        0.51577945862105       11.14306116914992
O           -4.62262200639159        0.75510330415364       10.60656756907562
C           -3.28088282738077        1.02041231002505       12.59247021567901
O           -2.48737905518041        0.57265595439681       13.37886552338327
C           -4.20558372669623        2.17805679967481       12.95238989513803
O           -5.57167731259815        1.89263728541940       12.84538358943911
C           -2.28277654379114        1.30100465638302       10.33956859111913
C           -0.86547497983760        1.14673608240990       10.89552252664069
O            0.05163841142771        1.60330320712830        9.91104947468015
C            0.63423833394046        2.85030741979021       10.18585360784697
C            1.69419426891828        3.08925011769955        9.10699739985026
C            1.97496667126172        4.58374661884867        8.94511567458646
N            2.54024155914364        5.09847322930180       10.18621608969493
C            0.65702473132148        5.36446923623922        8.63169667666709
O            0.61323164101162        6.58033039079507        9.32721070525631
C           -0.56625425030743        4.47936703917240        8.97561524869180
C           -1.85119538288615        5.29127318643994        9.06217402147432
O           -0.33385997247899        3.86442311224899       10.23545821707378
H            2.05548472192901       -8.35845453151894       14.08881420254969
H            0.69554262648701       -8.80558917860494       13.02957560410869
H            2.33608368850632       -8.67132948254374       12.34978224127362
H            3.91841692885373       -7.26749080615742       13.25658206298973
H            5.58821734569232       -5.49334718633241       13.21363730395896
H            4.90393807811729       -3.15278184461342       12.72062854564522
H            2.55392124454414       -0.02584611391807       11.87008556519082
H           -1.76973790315254       -4.36345726175502       11.88946322476819
H           -3.24326681134001       -1.35350303099461       10.07700938993384
H           -3.57087906980200       -1.53845460940117       11.79356502285093
H           -4.61732597688272        0.51838885781058        9.67180114148125
H           -3.92610294177810        3.02545241567275       12.30268868629607
H           -4.02241228800600        2.45539381032729       13.99361866319867
H           -5.72324090183217        1.50500898143547       11.97118423267013
H           -2.27561271427852        0.91823346745362        9.31499293671668
H           -2.53916122078074        2.36120791171949       10.31055516236014
H           -0.74824242522383        1.76040837058131       11.80017851003531
H            1.08554828569147        2.83862478614647       11.18906456632480
H            2.60236509862205        2.55869379981459        9.38915868560006
H            1.33620164844352        2.66771183266713        8.16779481954437
H            2.66657746641615        4.71228412022414        8.09269437530139
H            2.87182522429882        6.04747041824699       10.04772816531473
H            3.32628576110326        4.52665514668340       10.47428864390119
H            0.61931183640170        5.62780063583456        7.56996838567899
H            0.67677000599930        6.35159225758571       10.26671687545381
H           -0.67691789539793        3.70608727892281        8.20322507884439
H           -1.77107924761488        6.03064854522289        9.85331165914968
H           -2.69132611654127        4.63656411729221        9.27617827960981
H           -2.02260342767002        5.79994912873584        8.11820689539422
B            3.46183094384370       -1.44700669861226        1.65379459707581
N            3.46097740221428        1.13784157975664        0.96653086618782
B            2.54327894605922        2.37034665582490       -1.23500335035696
N            2.29442659059826       -0.63411745618965       -2.70458118878584
B            0.68812574135879       -3.55424231653539        2.72984962404316
N           -2.93675814757785       -2.64483194665051        1.73439234212423
B           -1.03573322214744        4.09156551587629        1.85667882038903
N           -0.61794858010166        0.02458477911694       -3.91540652880282
B           -0.47169624313558        1.45175884824396       -4.06612599172723
N            1.20905654788681       -3.77776571316987       -1.71293189393460
B           -3.84238397330749        2.21725667368660       -0.46818397793600
N           -2.76989290887500        2.77001659269605       -1.18584556715478
B            1.40739764853988        0.82510958000685       -4.86295048180942
N           -0.23408106053101        3.37011331157161        2.86162644585183
B            0.89814772570854       -2.87226489409952       -2.78823891939286
N           -0.48949205016780        3.77334016615854       -0.98446263779524
B           -0.80975516731779        2.19345850758463        3.31424304851799
N            1.64828140565916       -1.26340686404209        3.51705611434820
B           -0.24617334059892        3.47696186119777       -2.35438748376762
N            1.30385493209613        0.07676216899158        3.83370209278964
B           -1.59736370414502       -0.55318605598334       -3.05975143123419
N           -3.82775437511608        1.78276761580958        0.85709139402191
B            0.33987111440193        4.50275800135562        1.20933110631175
N            0.04205791245181       -0.00538372843104        4.47594548496305
B           -2.70713546928166        2.23457323024804        1.62771968592003
N            3.77262627719509       -0.12539189916936       -0.73849210921412
B           -2.25345200613465       -3.63201611413058        1.03414679688136
N            1.05576319809198        3.73649245143174        2.26136383659003
B           -1.82846992114655       -0.76822276314678        3.24708531184210
N           -2.43601759454137       -3.59331053496318       -0.42481860111146
B            3.01983876103725       -1.06656512939088       -1.47738350368629
N           -3.15678656833244       -1.24424255509553       -0.35878469323739
B            2.03713124803620        2.92901305172910        1.58821121412387
N           -0.50798082687619       -2.89385548348513       -2.40810632758195
B           -1.67391421906047       -2.10652106811823       -2.46711451946798
N            0.59192024139256        3.97164394945693       -0.08443666999803
B            1.09303952672057        2.96651504744752       -3.15636612541289
N            0.07619112273553       -4.35136969986237        1.74725215378258
B           -1.78165146333519        3.45977150281854       -0.38330317668550
N           -2.00944596269856        3.42396065933662        1.05750442410518
B            1.46487182111752       -4.20443985357413        1.52650740943284
N           -0.80209516628181        1.07193925564874        4.22703443878212
B           -2.66635677818233       -2.39483200825530       -1.15011622427592
N           -1.07418318915622       -4.47626352947182        1.01671327220641
B           -2.50345567130540        0.49882858596836       -2.08462702270410
N            2.35047742255036       -3.87707258684563        0.48026673110322
B            3.91651586160878       -0.19485448802610        0.75164260813072
N            1.93172224178682        1.96464868114134       -2.43885349784294
B            1.00394667042497        2.26162629023399       -4.59657682365873
N           -4.18403480438980        0.83709886043692       -0.32108229259219
B           -1.33686359182056        2.46091767729290       -3.08967427494364
N           -2.35754795193302        1.93999459330102       -2.28056341259125
B            3.07318749856127       -2.63704505967095        0.62691338770716
N            2.33384611636322       -3.66539815644872       -0.94340406436912
B            2.22486713294197        0.55503394199117        2.83531670291893
N           -2.02981792709782        0.62146076080119        3.63130367300391
B           -1.10181231937085       -4.17731886837562       -0.41590157942481
N           -3.21714745991875        0.04947503332158       -0.93349852347456
B            3.45141937599157        1.26662609197463       -0.48815741678540
N            2.58761659067467        1.64069828542838        1.96292190290567
B            1.47329278671168       -1.54762588004711       -3.48948119911120
N           -2.10514582990424        1.76583948804765        2.79244166205332
B            2.04377862633269        0.71968185687068       -3.18590774744257
N           -2.72062845321448       -1.33306700958658        2.34672122906893
B            0.65950457047158       -0.53185363416509       -4.46093454427865
N           -0.16912181712768       -3.75263717279961       -1.33164846799487
B            0.48272426375596       -2.09838709813026        3.45944918940446
N           -0.58969257580632       -1.19503443009594        3.85378948428206
B           -3.22452954908388       -1.44308065661234        1.02518183553060
N            2.67283196940457       -0.84680380372226        2.64594231057684
B            1.88066577257583        3.34684627452903       -0.08048664926949
N            2.87727095838672       -2.32437583419419       -0.76787588388606
140
 energy: -270.502416892945 gnorm: 0.003113591285 xtb: 6.7.1pre (5071a88)
C            1.63714800476478       -8.25940743347482       13.08021661315546
O            1.30030816317718       -6.92359565728101       12.79431890355749
C            2.25758195138871       -5.98283357746594       12.78528268171540
C            3.60367598137968       -6.25779185049459       13.03682980889150
C            4.55182513928487       -5.25173950200810       13.01696108698085
C            4.17699045025183       -3.95140432171800       12.74938051729464
C            2.84321061713465       -3.64916941760144       12.49326372425218
C            2.50966752101569       -2.24263316843436       12.21775521005579
O            3.39843375724542       -1.37819586073379       12.25170110887991
C            1.13038210598710       -1.92948343607322       11.90509756689213
C            0.78181356352453       -0.60351356066060       11.59544172270362
O            1.67474548165696        0.38064898262954       11.63228129939946
C           -0.55271463986462       -0.28566391921597       11.25196397875295
C           -1.52706868290189       -1.25394170724485       11.30828947691888
C           -1.18958000400228       -2.59184920761624       11.63358922467734
O           -2.18215181222709       -3.48197126772683       11.64545766879071
C            0.13865150348571       -2.93903191470248       11.91339148296391
C            0.45958243097833       -4.33122985978056       12.22571318005686
O           -0.42346762652606       -5.19719898362191       12.24658598777407
C            1.86353297975325       -4.65237585227492       12.50255753866712
C           -2.97637893912860       -0.97492294186025       11.04615976202171
C           -3.32830816473285        0.51372239806987       11.13140228040728
O           -4.61915455001707        0.75934232622835       10.59858922906989
C           -3.27555245769613        1.00589799618731       12.58454497413444
O           -2.48439651590888        0.54998912813608       13.36853823968601
C           -4.19855569043841        2.16259480848877       12.95175275551449
O           -5.56421215826629        1.87323105637475       12.85503175684029
C           -2.27957805784232        1.30796795437319       10.33617733276695
C           -0.86202826579725        1.14632467430291       10.88861595534799
O            0.05568194726444        1.60210154805598        9.90433408465710
C            0.63728672856271        2.85012902009242       10.17768334471407
C            1.69750863675254        3.08775190932987        9.09869206563679
C            1.97459066850792        4.58234942303531        8.93377821393631
N            2.52946365806141        5.10323282650075       10.17648441662780
C            0.65579653211448        5.35618180487355        8.60911555216056
O            0.61135553330095        6.58223160189765        9.28744020407906
C           -0.56697300593528        4.47414665309570        8.96434021714804
C           -1.85033527837723        5.28784584080971        9.05399813454198
O           -0.33102803708789        3.86371548398808       10.22575490376168
H            2.06260399165922       -8.36184389123294       14.08392212594044
H            0.69908371607972       -8.80997203527517       13.02985097484730
H            2.33542606216766       -8.66703930755966       12.34180055656971
H            3.91781631879593       -7.26676584117832       13.25087608736010
H            5.58605251660089       -5.49118670200673       13.21331050577756
H            4.89567893396419       -3.14702651800387       12.73148040815671
H            2.55135023258875       -0.02844450086012       11.87744188229276
H           -1.77676838076841       -4.36245753924617       11.89042878180467
H           -3.23425520636495       -1.34675027409506       10.04862487646991
H           -3.57387501450323       -1.54473445765601       11.76167453623143
H           -4.61549515527774        0.52988621448359        9.66220741403729
H           -3.92582180405958        3.01026360323273       12.29984179941473
H           -4.00829287239011        2.43987807464564       13.99160298177607
H           -5.72369467741740        1.49220497063126       11.97972986237211
H           -2.27356151916396        0.93909229098170        9.30613341894502
H           -2.53683661675114        2.36856794133867       10.32083619729653
H           -0.74042110938904        1.75599390971503       11.79563174488636
H            1.08882972287210        2.84002030519594       11.18054700700391
H            2.60665718855254        2.55965062218801        9.38266666708646
H            1.34119291067304        2.66288783821229        8.16035830460786
H            2.67104494021839        4.71100986687093        8.08558430907584
H            2.86568073285496        6.05032224137114       10.03568959837191
H            3.30970214850561        4.53027373022781       10.47723205452768
H            0.61801886747607        5.60428649163470        7.54378968293004
H            0.68078377096245        6.36671598729490       10.22969117228309
H           -0.68199833769840        3.69735519940241        8.19601319093963
H           -1.76454890463828        6.03179977631883        9.84031799093595
H           -2.68976512255265        4.63550228266665        9.27810473954137
H           -2.02821490893463        5.79113504786755        8.10840156164967
B            3.46186448269407       -1.44569805014627        1.65879446830424
N            3.46150373814800        1.13921666643752        0.97160301335725
B            2.54332704105771        2.37144224841324       -1.22998213081005
N            2.29470670781945       -0.63283489571298       -2.69955710550202
B            0.68797592792180       -3.55284303587195        2.73488052532946
N           -2.93692673959465       -2.64327756261449        1.73924330668538
B           -1.03541495960659        4.09306279614142        1.86150824822057
N           -0.61767561942809        0.02607356541917       -3.91052475693906
B           -0.47138547509426        1.45324503070493       -4.06121798447722
N            1.20909062944649       -3.77639388479892       -1.70794769874804
B           -3.84221295449608        2.21891341794358       -0.46342559159539
N           -2.76962629136670        2.77162098782301       -1.18101679471841
B            1.40776587915657        0.82646974169435       -4.85799961876220
N           -0.23378146474491        3.37151006463929        2.86637192411552
B            0.89826853416323       -2.87087324872638       -2.78326816842619
N           -0.48913833196503        3.77472532680845       -0.97952921233316
B           -0.80956576792955        2.19486676551290        3.31891805269384
N            1.64809955455470       -1.26198779689261        3.52172229483340
B           -0.24578867045049        3.47841001196920       -2.34947142674151
N            1.30376230061690        0.07826549090848        3.83840919846311
B           -1.59712718569765       -0.55165063874589       -3.05487857511095
N           -3.82768914593682        1.78453332161006        0.86188394598953
B            0.34026148664058        4.50420611185895        1.21428818773857
N            0.04200719436900       -0.00393230593409        4.48100041548877
B           -2.70696497319255        2.23622232106368        1.63247098445530
N            3.77293372528235       -0.12419845765783       -0.73340961773920
B           -2.25352862189077       -3.63041310718574        1.03898770175975
N            1.05617877160941        3.73796284903687        2.26637510238159
B           -1.82845022588369       -0.76662618961469        3.25187591470905
N           -2.43605670810997       -3.59173164734755       -0.41997845347833
B            3.02005242300631       -1.06530372953606       -1.47235475943094
N           -3.15670466283704       -1.24260970334177       -0.35392668221858
B            2.03747833298973        2.93039730355282        1.59312877111112
N           -0.50786865748303       -2.89234151871250       -2.40315188767559
B           -1.67377380156409       -2.10495591518078       -2.46221900284397
N            0.59222684369445        3.97293772537819       -0.07943603582620
B            1.09338612628648        2.96791705067078       -3.15148482239011
N            0.07604121475438       -4.34988844439606        1.75220113394876
B           -1.78136418323816        3.46131748245050       -0.37845552196610
N           -2.00927169978121        3.42564190419893        1.06234318008987
B            1.46471988809161       -4.20296027867727        1.53149951600314
N           -0.80219007596935        1.07355342912604        4.23206954829248
B           -2.66627614630933       -2.39324274786497       -1.14527682372416
N           -1.07434407538000       -4.47475919487284        1.02163139738228
B           -2.50318541717525        0.50041025244847       -2.07976350240914
N            2.35043475432366       -3.87576309753272        0.48529525331662
B            3.91679356233079       -0.19360113353601        0.75673396480190
N            1.93187235889250        1.96591009659369       -2.43392522037701
B            1.00433082875175        2.26302152579485       -4.59168593278220
N           -4.18387728773437        0.83875063551095       -0.31637131747197
B           -1.33650699372521        2.46243085619966       -3.08478343974230
N           -2.35725660523700        1.94155635262040       -2.27570523967888
B            3.07318961356433       -2.63575087619932        0.63195606484000
N            2.33387915067363       -3.66409821728649       -0.93839107440995
B            2.22499479034928        0.55646822432734        2.84023481582421
N           -2.02988849889135        0.62303505931491        3.63609316501660
B           -1.10186202878659       -4.17581208493352       -0.41099996370688
N           -3.21700432373144        0.05109075523572       -0.92867874785242
B            3.45150901851993        1.26775980037776       -0.48309608815799
N            2.58798127946136        1.64210580230797        1.96793025916915
B            1.47350250844136       -1.54627427705759       -3.48450774190464
N           -2.10492933196223        1.76730544190107        2.79706949928904
B            2.04399767236485        0.72092895346756       -3.18096736828368
N           -2.72073656553664       -1.33152941505193        2.35162136038860
B            0.65983167891863       -0.53043482746800       -4.45598736190868
N           -0.16910134822646       -3.75111628422679       -1.32666198414872
B            0.48262058178105       -2.09693111359080        3.46438611257723
N           -0.58983484127417       -1.19352451035271        3.85882500984112
B           -3.22459979019755       -1.44149945271652        1.03003588932375
N            2.67284287342988       -0.84548655785644        2.65092517090723
B            1.88096505506801        3.34809109593511       -0.07548985633880
N            2.87739004833968       -2.32310758733379       -0.76286052436679
140
 energy: -270.502486738155 gnorm: 0.002978508699 xtb: 6.7.1pre (5071a88)
C            1.63668969185263       -8.26099578876515       13.07650784078578
O            1.29752744183662       -6.92402593390795       12.79818916461358
C            2.25491389342234       -5.98281210321439       12.79023591580489
C            3.60150892650673       -6.25785310075590       13.03829169096704
C            4.54914904776284       -5.25115688699674       13.02198816115960
C            4.17335870330493       -3.95011454766329       12.76006764850843
C            2.83908803598301       -3.64836398347275       12.50468404091139
C            2.50486166951391       -2.24221025023069       12.23033370226767
O            3.39159527543046       -1.37567499961308       12.27337855027276
C            1.12812003904277       -1.93042782527217       11.90612749531249
C            0.78179837602518       -0.60498438575790       11.59153697401559
O            1.67563592481086        0.37812750244864       11.63026518738771
C           -0.55124053688452       -0.28750194911748       11.24187212361836
C           -1.52530569137925       -1.25650945968002       11.29180970332357
C           -1.19003566981479       -2.59334570993295       11.62316230755749
O           -2.18343496884916       -3.48297883443607       11.63324690738126
C            0.13625574842247       -2.93969976439528       11.91272333289545
C            0.45577283637770       -4.33040664950907       12.23428759671475
O           -0.42885597508434       -5.19452773437649       12.26099658955766
C            1.85978452033631       -4.65201108416652       12.51153943209431
C           -2.97270971345780       -0.97609097072628       11.02016929840252
C           -3.32445129281256        0.51131570210205       11.11867638490717
O           -4.61501350041982        0.76328429300668       10.58830839139072
C           -3.27142792855311        0.98935675313803       12.57616212380341
O           -2.48421844100349        0.52339187943406       13.35807567131053
C           -4.19256071430104        2.14522117384897       12.95069685082616
O           -5.55756056134070        1.85064945041956       12.86338065742609
C           -2.27551967421346        1.31545738930141       10.33360017679872
C           -0.85818476287984        1.14629271783245       10.88302152915469
O            0.06014805476246        1.60168439624545        9.89967637649072
C            0.63885556474576        2.85165963078592       10.16982560353712
C            1.69911379518902        3.08586612029258        9.09049694211289
C            1.97359609044760        4.57959530653567        8.91931865847196
N            2.51932091489245        5.10954090527832       10.16226008495577
C            0.65424440404094        5.34654465665258        8.58261605363714
O            0.61031424039150        6.58388992734802        9.24175254819462
C           -0.56906969145753        4.46993842258843        8.95063948750955
C           -1.84978052264529        5.28764444110246        9.04329630674294
O           -0.33064543331513        3.86453361997803       10.21418196716979
H            2.06708638227695       -8.36744008935530       14.07754861897791
H            0.69881951551837       -8.81243967959896       13.02866258245027
H            2.33110513262967       -8.66451614357268       12.33243110607360
H            3.91717164381803       -7.26749398938068       13.24710282595808
H            5.58373179279256       -5.49072298761000       13.21632002519257
H            4.88996468827711       -3.14395124548785       12.74465561241628
H            2.54977253184203       -0.03335182714987       11.88554851930392
H           -1.78019820431278       -4.36171927000877       11.88856552890294
H           -3.22279651336412       -1.33912392399524       10.01727145983829
H           -3.57603790377615       -1.55190917801694       11.72649759442630
H           -4.61080008893813        0.54060150650241        9.65009051963856
H           -3.92732743859968        2.99424215902372       12.29754040755407
H           -3.99589682141800        2.42144737662387       13.98947975852293
H           -5.72406114351018        1.47868564087827       11.98583940693482
H           -2.26991824741933        0.96175993078654        9.29790568578778
H           -2.53356930663334        2.37627052119152       10.33291409757351
H           -0.73265745251456        1.75179613191804       11.79252081980809
H            1.08933315612115        2.84579394664912       11.17304450763297
H            2.60827706267683        2.55905765210851        9.37722777740402
H            1.34327965343972        2.65658959187498        8.15397278258390
H            2.67446537893101        4.70633140855806        8.07465646707859
H            2.86264973804807        6.05326388663860       10.01590970690984
H            3.29176118616240        4.53428508112718       10.47775199458118
H            0.61648130096493        5.57767115835076        7.51354353955852
H            0.68122504514857        6.38234061348131       10.18658274299828
H           -0.69069571219774        3.68904151481095        8.18711163942781
H           -1.75774992955127        6.03583392880224        9.82492312205162
H           -2.68926014481654        4.63858019206548        9.27681756340177
H           -2.03321780647272        5.78620949339502        8.09630690428535
B            3.46181017101531       -1.44420050743351        1.66470942760236
N            3.46199554213497        1.14076765014843        0.97757331633346
B            2.54336946397827        2.37273271640125       -1.22408934874354
N            2.29500428846876       -0.63133491539073       -2.69365853449234
B            0.68782980284887       -3.55114012100788        2.74072357404872
N           -2.93714440216278       -2.64142104305303        1.74494982240936
B           -1.03504083187003        4.09482689250237        1.86718492004294
N           -0.61730867476564        0.02786433957635       -3.90472379755870
B           -0.47102378405731        1.45502606466293       -4.05548425451479
N            1.20912673507016       -3.77484044736793       -1.70211264481497
B           -3.84201018183916        2.22086649250788       -0.45782308129779
N           -2.76932319943621        2.77352381179897       -1.17535086240346
B            1.40823639560365        0.82803815621100       -4.85218342352077
N           -0.23344251360399        3.37315830342204        2.87195338352928
B            0.89842407690041       -2.86927897886444       -2.77745705099326
N           -0.48872472600723        3.77634527962268       -0.97374969367240
B           -0.80932800712754        2.19653773203590        3.32445123421866
N            1.64805292646573       -1.26035521128751        3.52757005373583
B           -0.24535451068036        3.48011508659425       -2.34371391656921
N            1.30381341119678        0.08000465649063        3.84430493735723
B           -1.59681685883696       -0.54980394370851       -3.04911550127707
N           -3.82756973934186        1.78658887723486        0.86751488013294
B            0.34070639598582        4.50589494557138        1.22009903915463
N            0.04191824543092       -0.00225105336950        4.48694602727539
B           -2.70675681241664        2.23816665466115        1.63807611650430
N            3.77325436794906       -0.12279941370312       -0.72744606429476
B           -2.25362787879770       -3.62850020922619        1.04468226136237
N            1.05664189478136        3.73967420419539        2.27223798662391
B           -1.82838359422349       -0.76474713623503        3.25747863128183
N           -2.43610090037502       -3.58984956710536       -0.41428501648381
B            3.02028270169763       -1.06383826866441       -1.46644767127766
N           -3.15656046419347       -1.24066354490744       -0.34822222825994
B            2.03786501202773        2.93201174331325        1.59892885040568
N           -0.50771182780608       -2.89054452549821       -2.39734036168207
B           -1.67357728090143       -2.10308997070647       -2.45645689932552
N            0.59257833028449        3.97444453390817       -0.07357979960834
B            1.09377014658651        2.96954237322768       -3.14576318273105
N            0.07587319798706       -4.34809675467862        1.75798905888282
B           -1.78103683680441        3.46314208233146       -0.37277239583004
N           -2.00902276201857        3.42757269520005        1.06801625452728
B            1.46455738476078       -4.20126877071232        1.53733630177873
N           -0.80222124853102        1.07542027211060        4.23792605130138
B           -2.66615370711129       -2.39132850090374       -1.13957484093573
N           -1.07451937472601       -4.47292269560106        1.02740553618836
B           -2.50291007609568        0.50229605265622       -2.07407312239747
N            2.35038302166531       -3.87427514437678        0.49116236439518
B            3.91700588649002       -0.19217263514059        0.76272936905902
N            1.93203648091124        1.96739252833329       -2.42812928312021
B            1.00479143311222        2.26463552920865       -4.58596228660248
N           -4.18367123202556        0.84070078159693       -0.31081265897491
B           -1.33612974823033        2.46423376268605       -3.07907035631531
N           -2.35694112062373        1.94342103583470       -2.27001499165707
B            3.07315179527904       -2.63426316934977        0.63788049126894
N            2.33390296889985       -3.66258209337545       -0.93252599096467
B            2.22507104289127        0.55811431564449        2.84608072992505
N           -2.02993015366442        0.62489161432493        3.64174935526280
B           -1.10192476530119       -4.17402507994945       -0.40524450011047
N           -3.21681149988995        0.05301713445759       -0.92301107865422
B            3.45154941656949        1.26906761329164       -0.47713510668260
N            2.58828524539064        1.64367488548389        1.97381603466361
B            1.47375669542679       -1.54471076373301       -3.47867497711572
N           -2.10465000451648        1.76905253262811        2.80254166641765
B            2.04425676355524        0.72239430503173       -3.17515162862468
N           -2.72084733420388       -1.32968058353058        2.35737155094213
B            0.66021193091358       -0.52877208159340       -4.45015613807248
N           -0.16908275519320       -3.74932255933887       -1.32081865739719
B            0.48256204079564       -2.09518829562082        3.47020075533299
N           -0.58993010385944       -1.19173031715849        3.86464443362147
B           -3.22465140234103       -1.43960038165868        1.03574185154607
N            2.67280722302666       -0.84393968919670        2.65682675293869
B            1.88130846286923        3.34957598006472       -0.06962461756013
N            2.87747280278808       -2.32162898840167       -0.75696185054331
