109
 energy: -205.181195821385 gnorm: 0.065729387564 xtb: 6.7.1pre (5071a88)
C            1.32136400000000        2.08286300000000       12.57908800000000
C            0.91956000000000        1.96813200000000       11.10231700000000
N            0.16475400000000        0.75164800000000       10.90706600000000
C           -0.34620800000000        0.28357800000000        9.71884200000000
O           -0.32657600000000        0.92534800000000        8.67270100000000
C           -0.96552800000000       -1.06609500000000        9.74396200000000
C           -1.57789000000000       -1.57345200000000        8.58200100000000
C           -2.17009700000000       -2.83937600000000        8.57125400000000
C           -2.17454500000000       -3.64681000000000        9.71308000000000
C           -1.55974300000000       -3.12747600000000       10.85456300000000
N           -1.38635300000000       -3.63720300000000       12.11650900000000
C           -0.70653900000000       -2.71203800000000       12.86877000000000
C           -0.35688200000000       -2.95213900000000       14.28838000000000
N           -0.43422800000000       -1.63789800000000       12.15842400000000
C           -0.96007800000000       -1.87178000000000       10.89936600000000
C            2.15021600000000        2.08477500000000       10.18734300000000
C            1.85771600000000        3.28584400000000        9.30271300000000
C            0.87093600000000        4.09035700000000       10.12135400000000
N            0.02584400000000        3.07975000000000       10.76685400000000
H            1.85680700000000        3.01640100000000       12.78650200000000
H            0.44369700000000        2.04776100000000       13.23610400000000
H            1.97462200000000        1.25122200000000       12.86881500000000
H            0.10733300000000        0.11744400000000       11.70342800000000
H           -1.59286600000000       -0.96977200000000        7.67565300000000
H           -2.63669300000000       -3.20120800000000        7.65665300000000
H           -2.63578500000000       -4.62886100000000        9.70338200000000
H           -1.70554400000000       -4.53973200000000       12.43802100000000
H            0.28345700000000       -3.83443300000000       14.38342400000000
H            0.18128300000000       -2.09386000000000       14.70234600000000
H           -1.25989000000000       -3.10921900000000       14.88622200000000
H            2.34030000000000        1.19162500000000        9.58284400000000
H            3.05912000000000        2.28637200000000       10.76762600000000
H            2.76213700000000        3.85264600000000        9.06272400000000
H            1.40139800000000        2.96125200000000        8.36047200000000
H            1.38576600000000        4.68730500000000       10.88283000000000
H            0.27905400000000        4.77037500000000        9.50148400000000
H           -0.58991800000000        2.70665100000000       10.03838300000000
B            3.45918000000000       -1.45456900000000        1.62803700000000
N            3.45640000000000        1.12990400000000        0.94004000000000
B            2.53992000000000        2.36249900000000       -1.26104700000000
N            2.29306700000000       -0.64163700000000       -2.73060300000000
B            0.69053400000000       -3.56106900000000        2.70270900000000
N           -2.93972400000000       -2.65477300000000        1.70947600000000
B           -1.03820200000000        4.08509600000000        1.83123800000000
N           -0.61934700000000        0.01765100000000       -3.94190400000000
B           -0.47371000000000        1.44532400000000       -4.09173000000000
N            1.20955900000000       -3.78679600000000       -1.73940500000000
B           -3.84450000000000        2.20944000000000       -0.49372200000000
N           -2.77286400000000        2.76356200000000       -1.21183300000000
B            1.40572500000000        0.81809100000000       -4.88931100000000
N           -0.23578900000000        3.36421500000000        2.83354400000000
B            0.89832000000000       -2.87979800000000       -2.81384900000000
N           -0.49183300000000        3.76657800000000       -1.01011900000000
B           -0.80599600000000        2.18226900000000        3.28187400000000
N            1.65611000000000       -1.27443300000000        3.50362200000000
B           -0.24848400000000        3.46993700000000       -2.37986300000000
N            1.30870300000000        0.06889800000000        3.81698100000000
B           -1.59744100000000       -0.55993400000000       -3.08468900000000
N           -3.83249600000000        1.77684200000000        0.83162400000000
B            0.33760200000000        4.49599400000000        1.18389400000000
N            0.04325600000000       -0.01395500000000        4.45665300000000
B           -2.70883700000000        2.22675100000000        1.60124200000000
N            3.77272800000000       -0.13262400000000       -0.76554100000000
B           -2.25338100000000       -3.63941200000000        1.00848200000000
N            1.05581800000000        3.73339800000000        2.23573400000000
B           -1.82562000000000       -0.77746000000000        3.21984000000000
N           -2.43676800000000       -3.60188000000000       -0.45077300000000
B            3.01865800000000       -1.07367000000000       -1.50276800000000
N           -3.15796000000000       -1.25259200000000       -0.38432100000000
B            2.03465600000000        2.92232600000000        1.56172200000000
N           -0.50744700000000       -2.90014800000000       -2.43279500000000
B           -1.67354800000000       -2.11288200000000       -2.49162100000000
N            0.59013500000000        3.96458300000000       -0.11022500000000
B            1.09031400000000        2.95964900000000       -3.18248900000000
N            0.07735000000000       -4.35923000000000        1.72128900000000
B           -1.78403400000000        3.45238400000000       -0.40822000000000
N           -2.01352000000000        3.41851500000000        1.03155300000000
B            1.46587800000000       -4.21214800000000        1.49913800000000
N           -0.79798700000000        1.06415300000000        4.19458100000000
B           -2.66624200000000       -2.40209600000000       -1.17525600000000
N           -1.07438800000000       -4.48433500000000        0.99123500000000
B           -2.50371000000000        0.49137000000000       -2.10914300000000
N            2.35272800000000       -3.88733500000000        0.45310300000000
B            3.91232700000000       -0.20235700000000        0.72592600000000
N            1.92854800000000        1.95700900000000       -2.46507700000000
B            1.00118400000000        2.25435100000000       -4.62250700000000
N           -4.18601600000000        0.82900500000000       -0.34753800000000
B           -1.33888100000000        2.45365800000000       -3.11487000000000
N           -2.35964900000000        1.93260500000000       -2.30584100000000
B            3.07306300000000       -2.64548300000000        0.60111100000000
N            2.33521300000000       -3.67367000000000       -0.97087600000000
B            2.21786300000000        0.54580300000000        2.80840700000000
N           -2.02642300000000        0.61191200000000        3.60149200000000
B           -1.10174900000000       -4.18378700000000       -0.44100700000000
N           -3.21814400000000        0.04165400000000       -0.95856600000000
B            3.44775200000000        1.25859300000000       -0.51406500000000
N            2.58208500000000        1.63297700000000        1.93645400000000
B            1.47205400000000       -1.55500100000000       -3.51561000000000
N           -2.10260100000000        1.75419400000000        2.76079900000000
B            2.04076500000000        0.71192100000000       -3.21148300000000
N           -2.72091500000000       -1.34169900000000        2.32056700000000
B            0.65864800000000       -0.53887500000000       -4.48693700000000
N           -0.16866400000000       -3.75942100000000       -1.35647200000000
B            0.48556000000000       -2.10563400000000        3.43376400000000
N           -0.58725300000000       -1.20503300000000        3.82448800000000
B           -3.22437300000000       -1.45141100000000        1.00032000000000
N            2.67132400000000       -0.85552900000000        2.62113500000000
B            1.87855700000000        3.33934800000000       -0.10642700000000
N            2.87691100000000       -2.33178300000000       -0.79356300000000
109
 energy: -205.187290249054 gnorm: 0.026177451697 xtb: 6.7.1pre (5071a88)
C            1.30786466150493        2.06127305412034       12.56919043893508
C            0.90779312158937        1.96820682192592       11.09438050950153
N            0.18116923503338        0.72948336320782       10.90309868863662
C           -0.32738733488780        0.29219121282153        9.71984595465102
O           -0.31382536342784        0.95381031935234        8.69108808009200
C           -0.95419901431877       -1.05616217245492        9.75833505835253
C           -1.56397980420775       -1.56597276411666        8.61412053213506
C           -2.15654242449757       -2.82843195936229        8.59489274353284
C           -2.16999177907296       -3.64026574164919        9.71793164224106
C           -1.56241058880750       -3.13531313988548       10.85829796957492
N           -1.39148592617874       -3.65126340342355       12.12012804052014
C           -0.71385542341345       -2.71928235038198       12.85891064560655
C           -0.36007936243622       -2.95200570155462       14.27783089436117
N           -0.44157471086935       -1.64860349544579       12.16055310757443
C           -0.95718765785834       -1.86870007606911       10.90149691293393
C            2.15523058955679        2.08880706683524       10.18224689048587
C            1.87200711407497        3.29349260904090        9.28482495670323
C            0.87312348605773        4.09601202527917       10.11207444863299
N            0.02647737314582        3.09715605699196       10.75792831815718
H            1.83010777845151        2.99902921625950       12.75396325686564
H            0.42351571447528        2.03685949209575       13.20601433785789
H            1.96703023778639        1.23692188905133       12.84698540729243
H            0.11968582510146        0.09077486463810       11.69096894398158
H           -1.56798420005695       -0.96137208591009        7.71715946041549
H           -2.61730545697058       -3.18318070028818        7.68210113590604
H           -2.63101915337865       -4.61743656860067        9.70341081223338
H           -1.70782498745921       -4.55115158271829       12.44378391305188
H            0.27672418982524       -3.83259098953698       14.37398916232020
H            0.17350270505477       -2.09051886974841       14.67516270904023
H           -1.25936869364236       -3.11137839953175       14.87445088845191
H            2.31827257112638        1.18107846026391        9.59986211483543
H            3.05001377432586        2.26563433543732       10.78627518433530
H            2.77419003812693        3.85718299244036        9.04237496733526
H            1.40043262413959        2.96648621484988        8.35554991432657
H            1.38192853773945        4.67630416029694       10.88945955074555
H            0.26900350180214        4.77890624874448        9.51287672239924
H           -0.60881750717444        2.74726653621570       10.04105545535299
B            3.45869479815545       -1.45432565143708        1.62849578463411
N            3.45583360520594        1.12979841806675        0.94034044634812
B            2.53969303302097        2.36239197729843       -1.26071212016128
N            2.29331016888985       -0.64166898675500       -2.73075581920287
B            0.69038380461564       -3.56074560041180        2.70299405996310
N           -2.94006518472360       -2.65518042932337        1.70964691174045
B           -1.03848180953353        4.08477146760233        1.83242916213118
N           -0.61969216259177        0.01764395237966       -3.94220212264921
B           -0.47346365387150        1.44544637144428       -4.09110280809166
N            1.20968767302446       -3.78697731709353       -1.73945424147605
B           -3.84426545661937        2.20953418749956       -0.49319199929928
N           -2.77274658267080        2.76368504988100       -1.21149507928812
B            1.40560304351971        0.81834557363734       -4.88921425532155
N           -0.23572958624972        3.36409271644809        2.83386495491272
B            0.89841789421853       -2.87952158095754       -2.81362956086885
N           -0.49154731728762        3.76645097560505       -1.00977664740770
B           -0.80619911132214        2.18254276722383        3.28429462146973
N            1.65549598621551       -1.27424267526808        3.50339459881060
B           -0.24816240337305        3.46984252833719       -2.37942232210823
N            1.30706076141520        0.06841395366967        3.81625021244662
B           -1.59749109344029       -0.55995041104118       -3.08462156634270
N           -3.83256340433147        1.77661234984777        0.83192193968513
B            0.33721858952193        4.49548811806666        1.18455116267120
N            0.04264962252365       -0.01437229009060        4.45631735964364
B           -2.70871296354998        2.22645169165236        1.60218125516319
N            3.77270070482368       -0.13264830058844       -0.76543297906526
B           -2.25316373290321       -3.63905165202547        1.00832124591066
N            1.05561899460771        3.73313984286258        2.23591744347302
B           -1.82578384486174       -0.77755101161078        3.22049676967355
N           -2.43690301426186       -3.60209340083257       -0.45090939383113
B            3.01857222071151       -1.07353607023578       -1.50258267908649
N           -3.15766838609093       -1.25260482799803       -0.38413723004141
B            2.03466670517803        2.92237894431836        1.56241272229082
N           -0.50743513270957       -2.90022029652756       -2.43293010234778
B           -1.67357786566413       -2.11292334275168       -2.49176247632098
N            0.59037935920342        3.96450306069347       -0.10990503178157
B            1.09058021024056        2.95994592586780       -3.18246780825502
N            0.07739614848043       -4.35950052888731        1.72165929200219
B           -1.78366669459877        3.45199237155759       -0.40742453241181
N           -2.01359933970408        3.41825504344260        1.03202665715933
B            1.46587565305137       -4.21188272345308        1.49938708958034
N           -0.79742229527334        1.06288713929415        4.19345907722849
B           -2.66601734824417       -2.40194075101115       -1.17514499224136
N           -1.07457720152220       -4.48478420421525        0.99130418737324
B           -2.50322850683572        0.49149653028801       -2.10880449807748
N            2.35272192164674       -3.88729916336409        0.45328650349278
B            3.91181928968525       -0.20236461821500        0.72631566887678
N            1.92864920487636        1.95705423517917       -2.46507292515871
B            1.00105494895276        2.25458307843234       -4.62250863817799
N           -4.18582725475744        0.82899203552037       -0.34723836093150
B           -1.33872050461973        2.45386010111639       -3.11451489223735
N           -2.35958941413906        1.93278599265453       -2.30560599127471
B            3.07291717588546       -2.64519006102223        0.60134820148001
N            2.33548845552361       -3.67384128105231       -0.97086113379188
B            2.21756463560638        0.54636822175431        2.81009542194657
N           -2.02583226455816        0.61138082425211        3.60123061346499
B           -1.10163067820087       -4.18346686275884       -0.44084747942830
N           -3.21782172086136        0.04162462994167       -0.95843121702810
B            3.44746073022416        1.25858027697423       -0.51359841060969
N            2.58191480685033        1.63293653923700        1.93708287539771
B            1.47202693573064       -1.55476921102035       -3.51555803154490
N           -2.10228645565090        1.75344917539935        2.76097205952799
B            2.04074791262764        0.71203799400878       -3.21141736501678
N           -2.72144760337159       -1.34189627212975        2.32096856199307
B            0.65861195378156       -0.53857882400969       -4.48680043081696
N           -0.16860414823870       -3.75935087146858       -1.35645500337059
B            0.48523780907790       -2.10565844481193        3.43462863497162
N           -0.58757593469462       -1.20523313678592        3.82459340573162
B           -3.22413065972813       -1.45130098347454        1.00065823043943
N            2.67059195608182       -0.85552848053306        2.62127743199356
B            1.87861980337395        3.33901524709661       -0.10574828359757
N            2.87713052424763       -2.33182898458034       -0.79349790433967
109
 energy: -205.188470050406 gnorm: 0.006694138804 xtb: 6.7.1pre (5071a88)
C            1.29214365493207        2.05450988962096       12.56342055569961
C            0.90331167526424        1.96721559674864       11.08765695110261
N            0.19850532520159        0.71482797981171       10.89805800885930
C           -0.32508373947655        0.30572122098125        9.72252738826000
O           -0.31168589636226        0.97515487906476        8.70215095338278
C           -0.94290417145450       -1.05018454811819        9.76807926167820
C           -1.54681844629442       -1.56016920754067        8.62944005765496
C           -2.14496619754353       -2.81823735129907        8.60284185427576
C           -2.16558493979623       -3.63330756205762        9.71736276910664
C           -1.56260279258280       -3.13892739950704       10.86078336980196
N           -1.39436962151929       -3.65941560936046       12.12230519198186
C           -0.71879148292723       -2.72460063894979       12.85519046597263
C           -0.36174755406714       -2.95187529557612       14.27471535096267
N           -0.44475505654649       -1.65600482957701       12.16610985281844
C           -0.95293273534124       -1.86596441283777       10.90528580419043
C            2.15996759893114        2.08700568900467       10.17265951436339
C            1.87908467269695        3.29387526608125        9.27471314483559
C            0.87524665579317        4.09482098598949       10.11036989526051
N            0.02617093152351        3.10098771034431       10.75307507474388
H            1.80545636667870        2.99375169918513       12.74661487808302
H            0.40060802983168        2.02336089622203       13.18334011504749
H            1.95037598108273        1.23089326136486       12.82921685292410
H            0.13316946003257        0.07508452583277       11.68267326734082
H           -1.54436145558981       -0.94876812835111        7.74053985448588
H           -2.60231448246603       -3.16457071806551        7.68901967793828
H           -2.62710994415039       -4.60866169018532        9.69986341012353
H           -1.70963926059706       -4.55804168109854       12.44564909619281
H            0.27398633754962       -3.83144581261150       14.37045855793170
H            0.16898024161344       -2.08602123161430       14.65755837821867
H           -1.25951286936766       -3.11196433089545       14.87072201302581
H            2.30387875335988        1.17447665175189        9.59746405772628
H            3.04693283864113        2.25431034536525       10.78548089004128
H            2.77829421485159        3.85756785783636        9.03280667780548
H            1.39913049912742        2.96357774555676        8.35385728686770
H            1.38917102923165        4.66412136911558       10.89296461727094
H            0.26961354612931        4.78216036085319        9.52122640356071
H           -0.62941089296765        2.76421855342867       10.05125809475128
B            3.45834786489430       -1.45435108925463        1.62922105605499
N            3.45510500983233        1.12957336186917        0.94099895409394
B            2.53942910153772        2.36236283337647       -1.25988137442822
N            2.29352453298585       -0.64150460952332       -2.73049216470574
B            0.68996210343248       -3.56088614855518        2.70327161346467
N           -2.94063321625625       -2.65599523719723        1.70995265612639
B           -1.03881367915615        4.08451951374813        1.83396192842139
N           -0.61976668600198        0.01784944451456       -3.94224413419725
B           -0.47331884791163        1.44573208291625       -4.09073563810445
N            1.20982099073517       -3.78705803554393       -1.73945051624966
B           -3.84405859811772        2.20956406765408       -0.49245302579222
N           -2.77263785752370        2.76381664996160       -1.21084215481224
B            1.40563617604356        0.81877199731039       -4.88878357357031
N           -0.23598671421291        3.36379650598358        2.83455828288058
B            0.89855037775499       -2.87915244406203       -2.81337496471835
N           -0.49137679789157        3.76648432273974       -1.00895615715762
B           -0.80629349927294        2.18242675806065        3.28651819100768
N            1.65457587963440       -1.27439396067605        3.50298298321148
B           -0.24793089881401        3.47008533382420       -2.37856050062442
N            1.30555344886988        0.06769501726767        3.81558661205855
B           -1.59732799638494       -0.55968913480839       -3.08434326206000
N           -3.83283307857921        1.77645988658685        0.83247260300935
B            0.33680105541405        4.49509332096717        1.18567274256605
N            0.04208296398793       -0.01506827645517        4.45647032702139
B           -2.70893742511954        2.22638963245399        1.60338480462179
N            3.77272174602174       -0.13262377064993       -0.76489792850904
B           -2.25311739975864       -3.63910058402680        1.00823707358853
N            1.05517039726906        3.73277110410957        2.23657399440113
B           -1.82620438719408       -0.77816737105410        3.22134492673041
N           -2.43698547772745       -3.60234898711067       -0.45095715137470
B            3.01860496036282       -1.07334201903469       -1.50211739198965
N           -3.15724154279293       -1.25269143151972       -0.38369395996694
B            2.03450559258094        2.92240997389757        1.56341521265866
N           -0.50730184203083       -2.90003270439317       -2.43279537733469
B           -1.67340443077395       -2.11259330849551       -2.49148914665387
N            0.59052149226462        3.96466447362376       -0.10909614671619
B            1.09074352877785        2.96032927061669       -3.18191452365323
N            0.07726654170757       -4.36006654362905        1.72198207927108
B           -1.78347482651468        3.45179005868866       -0.40628014839711
N           -2.01382655748700        3.41816455646116        1.03284036346524
B            1.46564992125149       -4.21174188058349        1.49957697308497
N           -0.79703733365714        1.06149890113828        4.19236234335667
B           -2.66574292798460       -2.40176434314826       -1.17485349402740
N           -1.07484691426860       -4.48548796329105        0.99131764437882
B           -2.50282439739326        0.49159355751943       -2.10817906227857
N            2.35254085659558       -3.88729927517370        0.45352665288612
B            3.91136240271117       -0.20241828946871        0.72711437569497
N            1.92884021510076        1.95726683517307       -2.46464449731740
B            1.00109196253554        2.25500494491086       -4.62204288553233
N           -4.18559216833284        0.82891981074457       -0.34656447443676
B           -1.33827816982344        2.45393221730787       -3.11365100410490
N           -2.35933287731881        1.93291796109353       -2.30491536392835
B            3.07264352106519       -2.64500897587676        0.60172889660901
N            2.33570810915727       -3.67394782993954       -0.97074969468260
B            2.21693613974044        0.54653462696044        2.81146530327599
N           -2.02521829181100        0.61059444132631        3.60067154022881
B           -1.10153923413654       -4.18331094432249       -0.44069251769333
N           -3.21734446747190        0.04160397716336       -0.95786920330113
B            3.44716847256929        1.25857690478788       -0.51273242163285
N            2.58157544707766        1.63282770871036        1.93790231360987
B            1.47210690164189       -1.55433146699282       -3.51528687125657
N           -2.10234205379201        1.75292547099355        2.76143160301051
B            2.04087616021526        0.71235360153635       -3.21100216857435
N           -2.72214422368454       -1.34259159809180        2.32160199216688
B            0.65868628905779       -0.53816944594930       -4.48661494829919
N           -0.16856254740909       -3.75943349458245       -1.35645868066423
B            0.48462276603860       -2.10617749767111        3.43543117791670
N           -0.58811213406651       -1.20589656269506        3.82512052140623
B           -3.22379897445936       -1.45147582694702        1.00117591635031
N            2.67006474001962       -0.85586404146865        2.62178152315435
B            1.87862685227658        3.33905462193379       -0.10474790328895
N            2.87732768054876       -2.33185569225390       -0.79324234403510
109
 energy: -205.188619576151 gnorm: 0.004040340615 xtb: 6.7.1pre (5071a88)
C            1.28612355664837        2.05380796851917       12.56304741173182
C            0.90318321710845        1.96713700217681       11.08586096695277
N            0.21041504637497        0.70902467986425       10.89484009813516
C           -0.32201048561927        0.30822688842063        9.72200332279966
O           -0.32232753737803        0.98349416502037        8.70573083809281
C           -0.94057396009222       -1.04861761012896        9.77003810779542
C           -1.54247866156631       -1.55641282134288        8.62915683277227
C           -2.13979250676847       -2.81425960800941        8.59846331385529
C           -2.16288008963896       -3.63008366206757        9.71304083775944
C           -1.56169567451663       -3.13878358650748       10.85936005696716
N           -1.39546474624960       -3.66081116571432       12.12069762944816
C           -0.72064660116422       -2.72673287066466       12.85497469686034
C           -0.36260754530762       -2.95232195235022       14.27535282468231
N           -0.44517116076754       -1.65751004549996       12.16865614468461
C           -0.95195671599205       -1.86454090808395       10.90655050094978
C            2.16179701470455        2.08636662083519       10.16983123541706
C            1.87959432849360        3.29232492999054        9.27214811997059
C            0.87607468990224        4.09324232695007       10.11038295064312
N            0.02664923701302        3.09941385616041       10.75088184112119
H            1.79304598040747        2.99478701946199       12.75302712769913
H            0.38902830538696        2.01536235950296       13.17449619702495
H            1.94452358366901        1.23083585290815       12.82886199700474
H            0.14452965503441        0.07002647844502       11.67988049020161
H           -1.53274415092800       -0.94220575989059        7.74171813696074
H           -2.59453584319389       -3.15760618012619        7.68245369386271
H           -2.62602573299988       -4.60501717671492        9.69475857000046
H           -1.71100226473185       -4.55982704396971       12.44247673949115
H            0.27408578522626       -3.83107807980608       14.37158070488453
H            0.16742737192936       -2.08431380886643       14.65345764841136
H           -1.25977312643264       -3.11191146263711       14.87230974885026
H            2.29990704104626        1.17373802660878        9.59461903750066
H            3.04787757614811        2.25138909426137       10.78292122183981
H            2.77705066192697        3.85777580849349        9.02992933393601
H            1.39763397469462        2.96173178542518        8.35281080258860
H            1.39405533611964        4.65769405113321       10.89389805479977
H            0.27364859585758        4.78449874583673        9.52305671252924
H           -0.63824548380265        2.76775463405186       10.05628357176875
B            3.45816720370534       -1.45458952261297        1.62976563803280
N            3.45461270637344        1.12931456696342        0.94177325188158
B            2.53929483051463        2.36246067670743       -1.25893651571756
N            2.29357779217700       -0.64119926032439       -2.72996853910396
B            0.68954613482439       -3.56140207152063        2.70347178102138
N           -2.94113749676825       -2.65677535249315        1.71018030542854
B           -1.03910469399921        4.08442742482567        1.83511669105691
N           -0.61968183731831        0.01813540618448       -3.94190732620351
B           -0.47310810472862        1.44604959704179       -4.09001972206680
N            1.20992386502918       -3.78705626123035       -1.73938959804737
B           -3.84399823090942        2.20954474081966       -0.49184681732682
N           -2.77261380074675        2.76394865221776       -1.21015130768001
B            1.40574201206042        0.81926896842377       -4.88817890558588
N           -0.23645923603890        3.36355338532805        2.83543861291044
B            0.89867320461143       -2.87885108034218       -2.81311678643509
N           -0.49137797941274        3.76664281444454       -1.00802678607686
B           -0.80654209866498        2.18217679106041        3.28778368523206
N            1.65386071286904       -1.27490079121768        3.50280915922532
B           -0.24780533564649        3.47031921613840       -2.37760716584979
N            1.30481851799044        0.06697670310309        3.81549619409968
B           -1.59712745425942       -0.55945947664479       -3.08389196604869
N           -3.83308848917119        1.77637820673627        0.83300341420906
B            0.33653718881614        4.49491722932954        1.18679157016566
N            0.04169329599396       -0.01570458641935        4.45695326186367
B           -2.70925134645883        2.22638174491789        1.60420729721842
N            3.77270143650605       -0.13257932544197       -0.76421913428855
B           -2.25325813245205       -3.63948293276991        1.00821294100578
N            1.05472200678521        3.73243115532518        2.23752631620058
B           -1.82660636764494       -0.77893364766148        3.22189724136098
N           -2.43696688409953       -3.60249837610694       -0.45096899562583
B            3.01861345834195       -1.07316998044569       -1.50158407066736
N           -3.15694428778010       -1.25279199637048       -0.38327649403416
B            2.03424805569938        2.92227256696241        1.56446819317063
N           -0.50716615571673       -2.89987525371671       -2.43261264554866
B           -1.67325979133551       -2.11241933509962       -2.49126207834131
N            0.59048701750751        3.96483885129066       -0.10811043559227
B            1.09087622076294        2.96076183923136       -3.18111183589208
N            0.07705296115564       -4.36062174379439        1.72210175293144
B           -1.78352863830871        3.45186966217054       -0.40531953521985
N           -2.01410667731793        3.41821679016781        1.03364965805198
B            1.46537528575304       -4.21183503402953        1.49964723614374
N           -0.79716589901724        1.06062505405212        4.19202725552253
B           -2.66552409434551       -2.40165120739086       -1.17461213186948
N           -1.07505519661394       -4.48605271751928        0.99126255038725
B           -2.50252411614505        0.49172854731254       -2.10751397061349
N            2.35234192992389       -3.88736816491507        0.45371094938273
B            3.91119005301262       -0.20252416803310        0.72788414404556
N            1.92890466924563        1.95757480799481       -2.46389119584381
B            1.00120051577719        2.25548427612720       -4.62131186224561
N           -4.18543728553232        0.82884455869662       -0.34594293042006
B           -1.33805133968127        2.45415186320498       -3.11280046911388
N           -2.35913719498686        1.93308313939846       -2.30416377190942
B            3.07243594687668       -2.64505157736538        0.60204114729552
N            2.33579845302292       -3.67398889610390       -0.97059664199253
B            2.21658875846168        0.54625142161466        2.81233719956574
N           -2.02508653551821        0.60986730539613        3.60034993110464
B           -1.10149228743568       -4.18335707276821       -0.44063931263714
N           -3.21693959947734        0.04163058933878       -0.95721229458843
B            3.44697938338865        1.25858061782881       -0.51184570318301
N            2.58128834315056        1.63259963185329        1.93874654653196
B            1.47222230898311       -1.55391909859103       -3.51488520705238
N           -2.10274142165143        1.75269658283535        2.76204169354501
B            2.04091243507423        0.71275214951601       -3.21034523185929
N           -2.72263556538994       -1.34341374892310        2.32211014056433
B            0.65880401364741       -0.53775956483305       -4.48627582946536
N           -0.16850719381459       -3.75953477014659       -1.35643216211413
B            0.48409379018644       -2.10692037289475        3.43594928126146
N           -0.58862550884067       -1.20671840177728        3.82588514556137
B           -3.22363337924745       -1.45185080880329        1.00156119599020
N            2.66983176291420       -0.85636061702191        2.62235711954275
B            1.87849869493505        3.33911670409653       -0.10370347078375
N            2.87735601985744       -2.33185857501314       -0.79292917446014
109
 energy: -205.188707939564 gnorm: 0.002474726737 xtb: 6.7.1pre (5071a88)
C            1.28025850645115        2.05308558397361       12.56375419910709
C            0.90516656422199        1.96656701568553       11.08421780949742
N            0.22296644406511        0.70428299873573       10.89065165953513
C           -0.32676166700406        0.31337666879826        9.72246954508882
O           -0.34200386237792        0.99371974361913        8.70997098661665
C           -0.93782006083913       -1.04783602317165        9.76911480425483
C           -1.53429964447462       -1.55432612895919        8.62367738227296
C           -2.13224804426323       -2.81121680876320        8.58972111835362
C           -2.15903797641582       -3.62662150964839        9.70558442230810
C           -1.56064344130703       -3.13746727848495       10.85493421923399
N           -1.39706455425929       -3.66112181531027       12.11594792135161
C           -0.72362573620624       -2.72846066814543       12.85352325106231
C           -0.36474776721537       -2.95277994683184       14.27473522542893
N           -0.44699721278446       -1.65750367297867       12.16972109539331
C           -0.95095614185074       -1.86302812261209       10.90559107410719
C            2.16540187028339        2.08685645267822       10.16804370152008
C            1.88055011010496        3.29093810106862        9.27038030969936
C            0.87714678600878        4.09045692031827       10.11078169473275
N            0.02862561321521        3.09591841540711       10.74977850365831
H            1.77842155370228        2.99686787142007       12.76300184249776
H            0.37727654718489        2.00533219619122       13.16680028187791
H            1.94091425543196        1.23272827611351       12.83261316932501
H            0.15671720923366        0.06622031431512       11.67646647305935
H           -1.52014440704690       -0.93535894117508        7.73897066510181
H           -2.58367754865844       -3.15258880041074        7.67117750477422
H           -2.62278711330289       -4.60172071724228        9.68594342774349
H           -1.71292321957142       -4.56110736800975       12.43529508492868
H            0.27368845653174       -3.83025429335351       14.37211716138514
H            0.16448045311279       -2.08274689030305       14.64952406729990
H           -1.26098678149004       -3.11206182092363       14.87328466920545
H            2.29988887105807        1.17438569996541        9.59234283135333
H            3.05178681247872        2.25075479540587       10.78003725552852
H            2.77561606594127        3.85941971919488        9.02646635849947
H            1.39717873149307        2.95956039689906        8.35202120161747
H            1.39835860683834        4.65045528666175       10.89528388205891
H            0.27794086485924        4.78578088722318        9.52506595362687
H           -0.64577286084162        2.76891918121628       10.06317269857531
B            3.45792405306075       -1.45508762391224        1.63063008857446
N            3.45391785596378        1.12884236602906        0.94318879768150
B            2.53914836690731        2.36267127565697       -1.25722846852999
N            2.29365292021279       -0.64062958745623       -2.72897680623928
B            0.68888455781903       -3.56241339154301        2.70378727122139
N           -2.94194831189278       -2.65805352017660        1.71050893147202
B           -1.03962540446589        4.08427592967318        1.83697380275491
N           -0.61946172093914        0.01873002863463       -3.94118480775005
B           -0.47277648639683        1.44667826638741       -4.08879680096113
N            1.21006464242028       -3.78699294653459       -1.73927625495326
B           -3.84398229876728        2.20948031248234       -0.49084471015130
N           -2.77261569287987        2.76414400551821       -1.20892758926820
B            1.40598704122093        0.82019388554008       -4.88701491547238
N           -0.23733699994497        3.36315960221237        2.83711395109356
B            0.89885421624615       -2.87833472934573       -2.81267936886437
N           -0.49147773565005        3.76698269726756       -1.00637313426186
B           -0.80716996711014        2.18174364328329        3.28970488742485
N            1.65275671851289       -1.27593170890495        3.50269251093926
B           -0.24771122683585        3.47083881773848       -2.37594426714988
N            1.30386292374455        0.06572192215909        3.81570772323254
B           -1.59680915870151       -0.55899870947077       -3.08312944829192
N           -3.83346945142661        1.77619258502023        0.83391901672519
B            0.33611709337374        4.49463774916313        1.18874488897841
N            0.04107134918143       -0.01678251791414        4.45794857785344
B           -2.70975482469612        2.22625755040815        1.60545730397148
N            3.77265585163694       -0.13251242017456       -0.76299602697444
B           -2.25356828779464       -3.64022604095466        1.00816652237784
N            1.05397628765864        3.73179850156566        2.23931527329232
B           -1.82722261412287       -0.78024254019467        3.22266321849028
N           -2.43693637989184       -3.60272019866781       -0.45100692267091
B            3.01862254963796       -1.07289365025274       -1.50064167246338
N           -3.15661108604163       -1.25299424264359       -0.38260674293795
B            2.03371022626689        2.92184888981901        1.56632378708403
N           -0.50696473314685       -2.89954386119524       -2.43226698885406
B           -1.67301935541982       -2.11203939089960       -2.49079639462512
N            0.59033011294037        3.96505633985504       -0.10631842390380
B            1.09101981412905        2.96146646867163       -3.17951487348508
N            0.07667230967283       -4.36152851263619        1.72219598717614
B           -1.78371602233541        3.45206132660958       -0.40372911145299
N           -2.01459381051302        3.41826866576754        1.03508149861032
B            1.46492502372678       -4.21211527825352        1.49971981744409
N           -0.79762918328167        1.05929154576823        4.19193284843003
B           -2.66531220182388       -2.40153736974577       -1.17426680705136
N           -1.07537530785900       -4.48690925178486        0.99111778738388
B           -2.50209297023372        0.49195754231815       -2.10637569333150
N            2.35203115493426       -3.88752387631134        0.45399683455667
B            3.91102482859178       -0.20275781201160        0.72918130487698
N            1.92900631195977        1.95812596772488       -2.46242694086194
B            1.00147770518653        2.25635935416568       -4.61984445632079
N           -4.18525166094462        0.82870997671544       -0.34492510204549
B           -1.33772253017073        2.45457143817680       -3.11132391835702
N           -2.35883368621122        1.93336255693484       -2.30285137092554
B            3.07213511275468       -2.64521838045804        0.60255335491777
N            2.33587479328757       -3.67401475623413       -0.97032026197765
B            2.21620005176049        0.54555123065219        2.81376441740424
N           -2.02511039825859        0.60860600753651        3.60004059758889
B           -1.10144957638548       -4.18349723778991       -0.44063141233786
N           -3.21637762297009        0.04166118908017       -0.95610185897960
B            3.44671507993860        1.25857908569452       -0.51029468549964
N            2.58083138020015        1.63208912780708        1.94028418746014
B            1.47242880202597       -1.55320688908761       -3.51413484203866
N           -2.10355537676765        1.75231596406592        2.76321737322162
B            2.04104371072976        0.71346823243730       -3.20911975333206
N           -2.72335636751613       -1.34484714065178        2.32290425289416
B            0.65906618369524       -0.53699000909315       -4.48557856716343
N           -0.16842384008874       -3.75966201858535       -1.35638733267586
B            0.48327218844687       -2.10822579279826        3.43672041900712
N           -0.58946499009583       -1.20814868163102        3.82730596906866
B           -3.22350960905560       -1.45257892814022        1.00214852843255
N            2.66952645187982       -0.85727425849545        2.62336763055453
B            1.87821723245458        3.33915528444980       -0.10185110077929
N            2.87734570615070       -2.33185077760794       -0.79236698093597
109
 energy: -205.188741784818 gnorm: 0.002039194392 xtb: 6.7.1pre (5071a88)
C            1.27825490345395        2.05230582986870       12.56471597183207
C            0.90705867707329        1.96621456688387       11.08387578449315
N            0.22954249109488        0.70224974694577       10.88711557735774
C           -0.33024150348620        0.31580071583996        9.72195266777359
O           -0.35786287627217        1.00108095395768        8.71282386676910
C           -0.93785752829360       -1.04691156770192        9.76647266060902
C           -1.53068120824979       -1.55339788709168        8.61861696651705
C           -2.12653137885752       -2.81106322333331        8.58286316578145
C           -2.15535996732378       -3.62596698331143        9.69933872880505
C           -1.55985897663394       -3.13652575562160       10.85004207791156
N           -1.39822804105168       -3.66072079422511       12.11101169186595
C           -0.72624456814520       -2.72865899256661       12.85080866262826
C           -0.36755547992864       -2.95276642770584       14.27215698581020
N           -0.44914581126677       -1.65668175172201       12.16782973334655
C           -0.95167932739784       -1.86193683555470       10.90288016716705
C            2.16832964404695        2.08851326230954       10.16921733860399
C            1.88133413739162        3.29111510615409        9.27093384237506
C            0.87741756376638        4.08940688026599       10.11124903261449
N            0.03016332784006        3.09394403861983       10.74992750020285
H            1.77079512014178        2.99831222655609       12.76797117073735
H            0.37357339164129        1.99902856079106       13.16501973039822
H            1.94226380308131        1.23506527868361       12.83589896132132
H            0.16363177504353        0.06397349956059       11.67282503321937
H           -1.51376876050896       -0.93323595092409        7.73472344020319
H           -2.57506559479163       -3.15312384599755        7.66298935598281
H           -2.61912535702963       -4.60114925665269        9.67873792262497
H           -1.71391859802841       -4.56145525675570       12.42886286214678
H            0.27189897816378       -3.82951699086631       14.37020435557145
H            0.16114446676603       -2.08217474308574       14.64689273594989
H           -1.26337796066644       -3.11238538773920       14.87133930318653
H            2.30450542159999        1.17591871564899        9.59380962276544
H            3.05482051672397        2.25384004768543       10.78084816387029
H            2.77508463165058        3.86138162737547        9.02553758188797
H            1.39824757807808        2.95845970114254        8.35267273439603
H            1.39869815573882        4.64862980911895       10.89621096918182
H            0.27867927833092        4.78540206913323        9.52583772479515
H           -0.64706843202961        2.76811877557851       10.06625710389360
B            3.45774561093569       -1.45555874065185        1.63138612832903
N            3.45344620078449        1.12844013883573        0.94451410953697
B            2.53909147650055        2.36288286207345       -1.25565373334538
N            2.29370620509470       -0.64011062160289       -2.72804913948069
B            0.68836525176919       -3.56332584370399        2.70405236372799
N           -2.94257723499682       -2.65905712128231        1.71071444683437
B           -1.04009232897193        4.08406946866488        1.83857897585473
N           -0.61923445535445        0.01931626617004       -3.94041855608350
B           -0.47250022047317        1.44728372909775       -4.08764299012263
N            1.21015605174073       -3.78687811029918       -1.73915927907541
B           -3.84404096288377        2.20940847229969       -0.48995493644319
N           -2.77264825087320        2.76428617067758       -1.20779719218378
B            1.40623142783244        0.82106947315249       -4.88589567612688
N           -0.23809439426676        3.36277478733000        2.83875088203323
B            0.89899233830850       -2.87786991148016       -2.81229587169400
N           -0.49161106492093        3.76725244555441       -1.00484923798342
B           -0.80787243308010        2.18131401203630        3.29127758818051
N            1.65190153163809       -1.27690074468361        3.50278617202786
B           -0.24768411886408        3.47130952002906       -2.37443274702387
N            1.30319323783378        0.06463770067650        3.81621025233344
B           -1.59653048524659       -0.55857071057052       -3.08239759555796
N           -3.83373382584480        1.77594799933312        0.83475194146000
B            0.33576157008401        4.49435396065222        1.19051521008176
N            0.04053403521522       -0.01774782076176        4.45892484541545
B           -2.71013623880408        2.22600066761201        1.60648775665768
N            3.77259690791666       -0.13245501580027       -0.76187399565238
B           -2.25386331436298       -3.64086863564899        1.00809610913740
N            1.05336601687518        3.73119250202669        2.24101642437499
B           -1.82768129217478       -0.78133281448734        3.22320381252225
N           -2.43692657216068       -3.60287798568803       -0.45107979505497
B            3.01860605763069       -1.07265259911690       -1.49977739302188
N           -3.15647836537491       -1.25316986235195       -0.38208800414032
B            2.03319073355481        2.92134169009863        1.56801493795478
N           -0.50683309696836       -2.89924643748204       -2.43199797376344
B           -1.67287462715205       -2.11173733318031       -2.49045133756638
N            0.59013298687732        3.96512217130595       -0.10464511612674
B            1.09112517717302        2.96206554369816       -3.17796206935204
N            0.07634544345024       -4.36224526743569        1.72220140412335
B           -1.78391367881711        3.45219780638262       -0.40233872669386
N           -2.01498919707059        3.41820083689687        1.03641464726886
B            1.46457135170636       -4.21244963844635        1.49978238773739
N           -0.79818051535461        1.05819102146018        4.19230345356673
B           -2.66522894510881       -2.40148285286054       -1.17404088022754
N           -1.07562311570872       -4.48753407043524        0.99095055546126
B           -2.50181397615466        0.49218099077298       -2.10541578261929
N            2.35180192636396       -3.88768172667284        0.45424621785145
B            3.91093416744126       -0.20298935866558        0.73031550468049
N            1.92906932858357        1.95860114843478       -2.46099801113412
B            1.00175660202594        2.25716738403841       -4.61841548323579
N           -4.18517373917990        0.82859291388273       -0.34408807764269
B           -1.33750881783051        2.45501206540545       -3.11002969194651
N           -2.35863197982799        1.93363273959869       -2.30170690935888
B            3.07191940896589       -2.64540938078334        0.60302355691039
N            2.33588077036059       -3.67398736184591       -0.97005101677483
B            2.21597191288723        0.54481074445912        2.81500865549419
N           -2.02532155477567        0.60748937257896        3.60006566561038
B           -1.10144995793518       -4.18364652560558       -0.44070051862482
N           -3.21605350934078        0.04167743964604       -0.95520955705563
B            3.44656350951072        1.25859371848788       -0.50889558723429
N            2.58046219317444        1.63155875947924        1.94172905419726
B            1.47261238182536       -1.55258145514785       -3.51344991021111
N           -2.10430627163894        1.75190422942057        2.76436545382038
B            2.04116688760853        0.71410211813244       -3.20795283535992
N           -2.72388058352527       -1.34604658333426        2.32351812090979
B            0.65932339574351       -0.53625711825269       -4.48486633676568
N           -0.16836630601709       -3.75970460909396       -1.35634993764457
B            0.48264351156235       -2.10932225379450        3.43732717050655
N           -0.59014230042332       -1.20935301645654        3.82855457322561
B           -3.22355482628077       -1.45322639756919        1.00258913105600
N            2.66927156268080       -0.85807337164969        2.62426154266004
B            1.87794785581821        3.33909418524087       -0.10013896080403
N            2.87729503862667       -2.33181852006501       -0.79183138300476
109
 energy: -205.188784861124 gnorm: 0.002327205827 xtb: 6.7.1pre (5071a88)
C            1.27678800543788        2.04996830660299       12.56613913175214
C            0.91025204559720        1.96555465761150       11.08379596841468
N            0.23765965513965        0.69990726901833       10.88118325369284
C           -0.33797271172312        0.32077004413219        9.72101627864344
O           -0.38300994178576        1.01417849435841        8.71774153678104
C           -0.93807550560630       -1.04494533326204        9.76058382209785
C           -1.52423953562307       -1.55274485787522        8.60957300452855
C           -2.11625742143918       -2.81212556309454        8.57141147159814
C           -2.14845556401110       -3.62644850877361        9.68831108063860
C           -1.55861699017443       -3.13538462786353       10.84099485680643
N           -1.39993469580359       -3.66010443913582       12.10207891559959
C           -0.73115342600779       -2.72809023997682       12.84483059812880
C           -0.37358341021502       -2.95231346672220       14.26612937794958
N           -0.45416723427227       -1.65469687012464       12.16296633154518
C           -0.95329357368417       -1.86027929948431       10.89674238901310
C            2.17338976049522        2.09248152479674       10.17275075143623
C            1.88280795279180        3.29254266637819        9.27259006136222
C            0.87743157302120        4.08873042901113       10.11195267105805
N            0.03254690836383        3.09172709612534       10.75103463284758
H            1.76059261512786        2.99983050861734       12.77317605627341
H            0.37110997319949        1.98813241605981       13.16415528996200
H            1.94738783622162        1.23831240992848       12.83916814924536
H            0.17333793362855        0.05975497895734       11.66556998202820
H           -1.50555892783767       -0.93148879484209        7.72669496293725
H           -2.55945725957317       -3.15645704500940        7.64962649862281
H           -2.61056758876562       -4.60234818730215        9.66563254097555
H           -1.71476665532906       -4.56199311385503       12.41786949418819
H            0.26733735879733       -3.82802325530450       14.36484472496052
H            0.15381081323661       -2.08118596712019       14.64208105289734
H           -1.26925089665503       -3.11329243333730       14.86526519666639
H            2.31575314107345        1.17941706280435        9.59886711856285
H            3.05880769863480        2.26237242419080       10.78529918440388
H            2.77477242018172        3.86512537857324        9.02496689093412
H            1.40054149134549        2.95719738045704        8.35455698099070
H            1.39742394661117        4.64892392416349       10.89709417650543
H            0.27755114953813        4.78365077611071        9.52646130491520
H           -0.64668018303126        2.76625636574390       10.06981537421031
B            3.45741679792969       -1.45645194870128        1.63284308730774
N            3.45269519062196        1.12772940444896        0.94708344794020
B            2.53904406769705        2.36329399895559       -1.25263238718269
N            2.29383770830744       -0.63912348811865       -2.72628913075998
B            0.68744860958903       -3.56500736931856        2.70449885811000
N           -2.94364702520714       -2.66079981784782        1.71097487416783
B           -1.04096854699733        4.08352515463188        1.84167456522823
N           -0.61880875970637        0.02052065807532       -3.93893194113380
B           -0.47196946096066        1.44853162666066       -4.08543374844906
N            1.21030960106656       -3.78657572183366       -1.73894621701512
B           -3.84420472329098        2.20926117899610       -0.48823129032604
N           -2.77272748297595        2.76452334315734       -1.20559852509341
B            1.40672711406980        0.82280826493199       -4.88371966293134
N           -0.23943521563630        3.36192162214202        2.84198416899102
B            0.89925298801613       -2.87695893269398       -2.81161358523516
N           -0.49188107174967        3.76767780945881       -1.00189216639311
B           -0.80926866273592        2.18037020764729        3.29419844554761
N            1.65039369280167       -1.27872707978337        3.50312890328400
B           -0.24767348065304        3.47217975534981       -2.37152301874752
N            1.30200188634730        0.06263220347561        3.81738389226009
B           -1.59608999549920       -0.55769930278034       -3.08111599321588
N           -3.83415451512720        1.77536519042197        0.83635804850516
B            0.33508158421565        4.49372142497563        1.19393546124691
N            0.03949784303991       -0.01964310232479        4.46077179820035
B           -2.71078766405582        2.22533903732679        1.60844392525114
N            3.77247632763826       -0.13233078910812       -0.75972105247376
B           -2.25439845665530       -3.64200657692003        1.00788503791343
N            1.05227011211326        3.72997712617975        2.24431967825663
B           -1.82849649331444       -0.78332291774725        3.22414408453844
N           -2.43694173411514       -3.60314879403823       -0.45130051165982
B            3.01857697380085       -1.07218663979366       -1.49812594659051
N           -3.15636363079100       -1.25348595701802       -0.38121261979060
B            2.03221746779694        2.92031457117416        1.57125263122585
N           -0.50660100034176       -2.89862338729217       -2.43154124451189
B           -1.67261653887810       -2.11109078811542       -2.48983618162933
N            0.58972789857575        3.96510476657514       -0.10139711232095
B            1.09131715015613        2.96318819002933       -3.17491316472292
N            0.07575573399129       -4.36350474311394        1.72211623650543
B           -1.78427868927782        3.45235957288610       -0.39967552718701
N           -2.01567006921054        3.41788940625919        1.03902838694459
B            1.46396102039867       -4.21315153607321        1.49989255592873
N           -0.79928219905643        1.05609858485532        4.19339676969343
B           -2.66516055370381       -2.40140712526252       -1.17371694544153
N           -1.07605472932785       -4.48858517437672        0.99056029867497
B           -2.50135143090400        0.49263458060090       -2.10367716316643
N            2.35142240344102       -3.88799053715896        0.45470072796520
B            3.91075261313080       -0.20343615652504        0.73246349626017
N            1.92919884984653        1.95948862103604       -2.45822291989037
B            1.00234047889344        2.25878637049793       -4.61562120642049
N           -4.18510310957400        0.82836546369926       -0.34258275960347
B           -1.33718277245353        2.45593675181450       -3.10762320207079
N           -2.35831137085791        1.93417640728183       -2.29957499982558
B            3.07155370133227       -2.64578490781463        0.60394165140603
N            2.33585505214530       -3.67386928302678       -0.96953954843860
B            2.21555340809529        0.54335704846533        2.81734069728589
N           -2.02585279041990        0.60536914803993        3.60042171829233
B           -1.10148586877483       -4.18392552724674       -0.44093776879747
N           -3.21561204803875        0.04169455786658       -0.95366812101056
B            3.44635395637387        1.25865436055883       -0.50621946420577
N            2.57980547877244        1.63052115892125        1.94452570848968
B            1.47296438124941       -1.55136923811379       -3.51216674034833
N           -2.10566976208432        1.75096680817146        2.76660705096583
B            2.04142059459118        0.71530289101134       -3.20571420793797
N           -2.72478882025598       -1.34819574458155        2.32456964497061
B            0.65983685726947       -0.53476634052515       -4.48344639815832
N           -0.16827265156202       -3.75970006686173       -1.35632368142039
B            0.48153904369729       -2.11130546994784        3.43837595308188
N           -0.59135720638342       -1.21155485667570        3.83077829759933
B           -3.22377570946309       -1.45440049402486        1.00332690754779
N            2.66874275470864       -0.85953777071457        2.62592089690256
B            1.87744098928137        3.33888564201501       -0.09683639024867
N            2.87719315213499       -2.33172043367377       -0.79078847530533
109
 energy: -205.188826320188 gnorm: 0.002693952858 xtb: 6.7.1pre (5071a88)
C            1.27629803707301        2.04603353211403       12.56750531648059
C            0.91352586591121        1.96498158080203       11.08398213169614
N            0.24507743688838        0.69783732750203       10.87421447703246
C           -0.34597191368941        0.32686034687722        9.71912638041053
O           -0.40863940800402        1.02977681404479        8.72305047568127
C           -0.93852515301890       -1.04179737508369        9.75284916335788
C           -1.51717009278613       -1.55164177683478        8.59899138664871
C           -2.10348178712329       -2.81376046897825        8.55773414730913
C           -2.13904350362792       -3.62824635598467        9.67430363876709
C           -1.55667110213385       -3.13475969301477       10.82956990985874
N           -1.40129350496342       -3.65978195697453       12.09099986533911
C           -0.73713180647008       -2.72682070433619       12.83657834234388
C           -0.38205284451109       -2.95153080348465       14.25798955545822
N           -0.46071074822172       -1.65220633496349       12.15598661392182
C           -0.95540761283867       -1.85831348340616       10.88835980326886
C            2.17902373661559        2.09807629758195       10.17777069490472
C            1.88431127167628        3.29507554700538        9.27480039207476
C            0.87688060089665        4.08914826985184       10.11273646440435
N            0.03461874498744        3.09053450689559       10.75300299889523
H            1.75077314311965        3.00004026914760       12.77759489186754
H            0.37073729737607        1.97413231974033       13.16445288209245
H            1.95468868608007        1.24041174754331       12.83963169947451
H            0.18401878647436        0.05389744830437       11.65590555625005
H           -1.49751223500131       -0.93028404062320        7.71644374749980
H           -2.54006877532352       -3.16086802441071        7.63374136316186
H           -2.59798706229888       -4.60545697111870        9.64882847196775
H           -1.71470732628543       -4.56286240821662       12.40480979571878
H            0.26031774742103       -3.82618076532231       14.35718208671861
H            0.14321947499227       -2.07996577976714       14.63619507929998
H           -1.27831705882966       -3.11474351891750       14.85565604105701
H            2.33098548444310        1.18443468166562        9.60652424458188
H            3.06153265116424        2.27541114779146       10.79305621357278
H            2.77459352394632        3.86965705081844        9.02517817482155
H            1.40297136001510        2.95626581780517        8.35735698264094
H            1.39477392340444        4.65222356901334       10.89734548360376
H            0.27444945160884        4.78122520823052        9.52651451711612
H           -0.64480194700852        2.76443415776949       10.07236405854180
B            3.45695070119282       -1.45760108558275        1.63480105463097
N            3.45187600055002        1.12688208151680        0.95051192198418
B            2.53901706104740        2.36383864488209       -1.24862187125575
N            2.29402388874748       -0.63783737445228       -2.72398310997678
B            0.68632640665272       -3.56710372180712        2.70501431043533
N           -2.94486433881077       -2.66284551686786        1.71117595730391
B           -1.04208464727971        4.08258409473959        1.84582983808616
N           -0.61824699166813        0.02216693971293       -3.93694110306890
B           -0.47133707882747        1.45023449463215       -4.08255810937927
N            1.21048380629965       -3.78609557363194       -1.73865956203635
B           -3.84447125842973        2.20904364941723       -0.48589914196672
N           -2.77284215487368        2.76477462502903       -1.20264199469042
B            1.40738513281948        0.82514603361539       -4.88082658332041
N           -0.24103125725989        3.36058875259908        2.84631179872060
B            0.89959053305176       -2.87573421535822       -2.81076315716488
N           -0.49222294573413        3.76809181317584       -0.99792815206378
B           -0.81106494957045        2.17890014518918        3.29794384968402
N            1.64856824807794       -1.28105456324247        3.50380291194718
B           -0.24766065296066        3.47326455506376       -2.36764332545479
N            1.30049146437249        0.06008813788435        3.81914000040760
B           -1.59554270717141       -0.55652163077675       -3.07945013596122
N           -3.83464232929292        1.77446131009084        0.83850854974877
B            0.33417864986946        4.49277235981692        1.19850374650062
N            0.03810517944742       -0.02222895395335        4.46313211320085
B           -2.71157856391744        2.22427277694092        1.61106319962130
N            3.77228902891930       -0.13214285483349       -0.75686651686295
B           -2.25504816160752       -3.64335853648742        1.00754221266665
N            1.05091352977018        3.72831461920830        2.24870404620260
B           -1.82954649344088       -0.78582440762570        3.22535904482205
N           -2.43701289510592       -3.60346909763724       -0.45165917321037
B            3.01851297494433       -1.07155895623919       -1.49592881713925
N           -3.15633609558021       -1.25385689700634       -0.38018578719922
B            2.03102567685273        2.91897327958411        1.57551820601682
N           -0.50633025637959       -2.89777828908907       -2.43103498531021
B           -1.67234754757651       -2.11025408007826       -2.48915850268802
N            0.58918399559390        3.96494795390915       -0.09705888872235
B            1.09158660938009        2.96463021602735       -3.17084480659455
N            0.07502554460431       -4.36502897167346        1.72192860510574
B           -1.78472096208431        3.45241353583278       -0.39612947024335
N           -2.01647073838276        3.41723627963875        1.04254734943090
B            1.46323271931521       -4.21413979926325        1.50005281867919
N           -0.80074581583292        1.05333554846766        4.19525805057224
B           -2.66512353310248       -2.40130566051350       -1.17338741513747
N           -1.07658156506907       -4.48980693974798        0.98999777554931
B           -2.50091082103601        0.49324936187199       -2.10152822329827
N            2.35097945567912       -3.88841126722907        0.45528912243548
B            3.91045264456298       -0.20401230387663        0.73529392200066
N            1.92938094427809        1.96061266780450       -2.45452254240001
B            1.00308385885386        2.26095055059017       -4.61192364033045
N           -4.18511954374667        0.82804673611099       -0.34069508065345
B           -1.33680418072842        2.45718895227733       -3.10445686626759
N           -2.35798253446620        1.93490859107492       -2.29681637244269
B            3.07110738552040       -2.64628908098814        0.60519799511729
N            2.33579391760611       -3.67365297621673       -0.96886287965566
B            2.21492402128722        0.54145589108081        2.82034926053406
N           -2.02669340093585        0.60263124777655        3.60130238135215
B           -1.10157402474092       -4.18425523817378       -0.44133027817837
N           -3.21527594086533        0.04169798509385       -0.95184579731668
B            3.44617821213161        1.25878220626114       -0.50267851125313
N            2.57898675531017        1.62916183300558        1.94821570931049
B            1.47342889123660       -1.54976320849263       -3.51052573968777
N           -2.10731317670331        1.74951916676186        2.76956554926828
B            2.04176214232510        0.71685904101933       -3.20274186007422
N           -2.72589876981270       -1.35077937270562        2.32581411167443
B            0.66051109353966       -0.53275055664207       -4.48155391410469
N           -0.16817620949270       -3.75956677690110       -1.35631024257416
B            0.48018331287889       -2.11377483283363        3.43964377980245
N           -0.59285896319846       -1.21432079268873        3.83339627845175
B           -3.22418782278959       -1.45580946363595        1.00418945801148
N            2.66795032819983       -0.86137070128051        2.62804909278446
B            1.87681707194399        3.33858810023159       -0.09244343132516
N            2.87703879965792       -2.33155065946965       -0.78937308088732
109
 energy: -205.188866292002 gnorm: 0.002241803191 xtb: 6.7.1pre (5071a88)
C            1.27628446181213        2.04034395135161       12.56863753259100
C            0.91636344732685        1.96469586607060       11.08420051930298
N            0.25116535035380        0.69643303370888       10.86680589510218
C           -0.35286271935390        0.33381982131549        9.71614408579039
O           -0.43008323516316        1.04564704644111        8.72757330111352
C           -0.93831619075769       -1.03776933025853        9.74383580252810
C           -1.50911960653046       -1.54976737020592        8.58734448968528
C           -2.08883381025124       -2.81505568835637        8.54230263871252
C           -2.12730901366353       -3.63066499040169        9.65776248284960
C           -1.55356298998360       -3.13474051003916       10.81631431457458
N           -1.40163156945994       -3.65998300710148       12.07819868123170
C           -0.74345949879848       -2.72513095073556       12.82660583412539
C           -0.39262363835886       -2.95055841341604       14.24870060296966
N           -0.46798607855934       -1.64943221195680       12.14766340988179
C           -0.95709153401597       -1.85619926447560       10.87825715911655
C            2.18445476276012        2.10485585265630       10.18326801977762
C            1.88528020864526        3.29835944339899        9.27684352389272
C            0.87567402436241        4.09068219720449       10.11348468895735
N            0.03601810143480        3.09056522954755       10.75555119034891
H            1.74162390385157        2.99800242549753       12.78241363514429
H            0.37144587115280        1.95725438337521       13.16508146820052
H            1.96235811307613        1.24010134123575       12.83680926938845
H            0.19498815605914        0.04713459971097       11.64464928626720
H           -1.48965268474414       -0.92863852898558        7.70474036865097
H           -2.51814245807426       -3.16441825049266        7.61577104448251
H           -2.58145356570007       -4.60991001991753        9.62886902764686
H           -1.71333488254388       -4.56419395325920       12.39018848567798
H            0.25119331637376       -3.82406254232259       14.34857125036744
H            0.12947626513790       -2.07844629907175       14.62992492882926
H           -1.29050035650119       -3.11668742892455       14.84311390948502
H            2.34780066939806        1.19073512647482        9.61551583102467
H            3.06233972475385        2.29173410737119       10.80274485646626
H            2.77392444573661        3.87465633907928        9.02550341147514
H            1.40445958963631        2.95573046303691        8.36055394445389
H            1.39145353280479        4.65776514421189       10.89681111695641
H            0.27001491041900        4.77893443850667        9.52604298469222
H           -0.64235615140613        2.76331388622770       10.07392083172881
B            3.45632108138342       -1.45896819709727        1.63723332950339
N            3.45106406571431        1.12595636869833        0.95473076684442
B            2.53900180611089        2.36449450728602       -1.24373839720267
N            2.29428089759931       -0.63629858314858       -2.72119534388725
B            0.68505770927626       -3.56951421372709        2.70554612897927
N           -2.94608266419275       -2.66503802091123        1.71126804230214
B           -1.04338433669691        4.08115627434793        1.85098215598994
N           -0.61760663539426        0.02425116951433       -3.93454352417103
B           -0.47061125876941        1.45240425221915       -4.07908118348992
N            1.21066933514801       -3.78541183327891       -1.73829692385234
B           -3.84484323309519        2.20874747749977       -0.48297637843679
N           -2.77300149742147        2.76501429408257       -1.19897701929188
B            1.40819622468596        0.82803525981435       -4.87729128296151
N           -0.24276012057074        3.35867307798524        2.85158451234784
B            0.90000358668757       -2.87423442010734       -2.80979451155888
N           -0.49261791364087        3.76842637102281       -0.99302509394002
B           -0.81311179970767        2.17678466347093        3.30235924773685
N            1.64656054144858       -1.28379214044708        3.50492085827641
B           -0.24764690593085        3.47447703361937       -2.36286178644579
N            1.29870590491101        0.05709257238071        3.82148349133873
B           -1.59503649743165       -0.55503873403339       -3.07761413392810
N           -3.83519973954991        1.77321675990020        0.84116566490423
B            0.33307601011805        4.49148734080898        1.20413899787610
N            0.03637588859792       -0.02550455497155        4.46588821509593
B           -2.71249692118419        2.22276345073825        1.61432901139420
N            3.77203006973105       -0.13188083583177       -0.75337435498333
B           -2.25575437925471       -3.64483451494144        1.00706441142053
N            1.04936130565275        3.72622566977478        2.25404971734179
B           -1.83083618260433       -0.78873648152824        3.22686547092523
N           -2.43716777105868       -3.60383180818761       -0.45215742414371
B            3.01844606467944       -1.07079396210256       -1.49324398063723
N           -3.15642354077417       -1.25426430034686       -0.37908111432896
B            2.02972551272626        2.91740833592883        1.58069560812573
N           -0.50600810818659       -2.89667428450884       -2.43047719047588
B           -1.67203124555247       -2.10914321812140       -2.48837247822784
N            0.58852775464580        3.96463643682846       -0.09172420906014
B            1.09192584350664        2.96635716769884       -3.16586584392903
N            0.07419968184789       -4.36675309518385        1.72162556263694
B           -1.78521874054483        3.45229408273367       -0.39175592729173
N           -2.01734941969642        3.41616386305717        1.04690234110903
B            1.46243728096441       -4.21541780206070        1.50026425363236
N           -0.80252546354010        1.04995838143344        4.19796912501108
B           -2.66514248638669       -2.40117820944072       -1.17307689496707
N           -1.07717418065997       -4.49113861646808        0.98926097791258
B           -2.50051838906749        0.49401882771972       -2.09906524390561
N            2.35049897617125       -3.88894765875763        0.45598807718459
B            3.90999009569490       -0.20470142189735        0.73874881836290
N            1.92962866253846        1.96194440289855       -2.45001928386663
B            1.00396076249766        2.26364361677383       -4.60743291273955
N           -4.18526506272015        0.82762537595272       -0.33851277137893
B           -1.33643313327477        2.45875760195645       -3.10062773949096
N           -2.35769500682232        1.93581988788928       -2.29351342593720
B            3.07059360696788       -2.64691850544058        0.60678418544300
N            2.33570475044275       -3.67332610058119       -0.96804368637631
B            2.21400483506190        0.53919157997752        2.82392907078912
N           -2.02788786787642        0.59938994486509        3.60288308248773
B           -1.10172770124300       -4.18460798525042       -0.44188127693967
N           -3.21511638296605        0.04168256457688       -0.94985873031884
B            3.44602813993049        1.25897915367092       -0.49834947720447
N            2.57804219049277        1.62754212534420        1.95268475731296
B            1.47398890948422       -1.54779340772698       -3.50856290961036
N           -2.10909297972803        1.74748942247738        2.77311741956583
B            2.04217783988934        0.71872368058519       -3.19911503676794
N           -2.72716135792935       -1.35359031969655        2.32715247653704
B            0.66132655147476       -0.53021922552489       -4.47920829662953
N           -0.16809214126121       -3.75927367751503       -1.35631582825943
B            0.47863647211083       -2.11664127106680        3.44106277771135
N           -0.59457300229792       -1.21754427894347        3.83612193121574
B           -3.22478675395221       -1.45734585036795        1.00511644986550
N            2.66686456771775       -0.86349685043825        2.63058389759004
B            1.87611698440910        3.33821970545359       -0.08707594929322
N            2.87685203943998       -2.33130725783564       -0.78760509232478
109
 energy: -205.188899688263 gnorm: 0.001595097041 xtb: 6.7.1pre (5071a88)
C            1.27597739015271        2.03391282163890       12.56951763431930
C            0.91827866422941        1.96486790224388       11.08430042555818
N            0.25565014139435        0.69590185419831       10.86009492935215
C           -0.35625941861436        0.34019680559110        9.71201044422465
O           -0.44345252443286        1.05891201191987        8.72961778057045
C           -0.93678711389222       -1.03373503205737        9.73488352910129
C           -1.50103340863205       -1.54692319409803        8.57607726191332
C           -2.07446622372294       -2.81510918352074        8.52693162650158
C           -2.11466667228964       -3.63261603656526        9.64078299988751
C           -1.54901837991391       -3.13520093162349       10.80282254967311
N           -1.40041524840683       -3.66073442942114       12.06507852807119
C           -0.74870539511156       -2.72368161336502       12.81641104203380
C           -0.40369405685832       -2.94969306205789       14.23993105477293
N           -0.47396872958890       -1.64705407801240       12.13937596876346
C           -0.95722258471197       -1.85432559102924       10.86790653852057
C            2.18858082022948        2.11155669616324       10.18774477483136
C            1.88511720726101        3.30159782633818        9.27804588498590
C            0.87394947619847        4.09277858138646       10.11420902143240
N            0.03653673103699        3.09145443126802       10.75816039561219
H            1.73379171673104        2.99389005858550       12.78850909425071
H            0.37169617166860        1.94015730473328       13.16515969618101
H            1.96794931843013        1.23724818066199       12.83207148282992
H            0.20483884657972        0.04109265446309       11.63385898624387
H           -1.48209659780429       -0.92576247631941        7.69340094801862
H           -2.49731091260746       -3.16531056366634        7.59786606459249
H           -2.56358862703323       -4.61412491776378        9.60850115357196
H           -1.71074677781653       -4.56584029886632       12.37551890360211
H            0.24144901517072       -3.82199366377423       14.34126228796617
H            0.11450473131380       -2.07683424827011       14.62441267494670
H           -1.30408408688481       -3.11870666938405       14.82967462755398
H            2.36203397659483        1.19722477888139        9.62349632915600
H            3.06147705865154        2.30775863102415       10.81132326810403
H            2.77214383335008        3.87939209845899        9.02501788133776
H            1.40402492048696        2.95546800844474        8.36338049047067
H            1.38851527190351        4.66336877582422       10.89592358773297
H            0.26553129841050        4.77770850725436        9.52566762703322
H           -0.64067281113238        2.76323557615086       10.07511654149251
B            3.45557338484933       -1.46038239615647        1.63983315217581
N            3.45037963681333        1.12507466946624        0.95921919415304
B            2.53896090574158        2.36516941320185       -1.23858923648618
N            2.29457401173074       -0.63469754935633       -2.71827607506444
B            0.68382212286331       -3.57192084841129        2.70599404862732
N           -2.94706309823706       -2.66703098382053        1.71121997534615
B           -1.04468185362274        4.07937299822870        1.85647568940275
N           -0.61694926974423        0.02650168592412       -3.93199366766818
B           -0.46994305198696        1.45475656417698       -4.07547026012188
N            1.21085098298629       -3.78460258852439       -1.73790902709989
B           -3.84527856346154        2.20841535108011       -0.47981021836712
N           -2.77319856148463        2.76521567560625       -1.19506066951157
B            1.40904637685176        0.83110935061640       -4.87356292152219
N           -0.24436785530571        3.35633496745532        2.85706044428370
B            0.90045200006277       -2.87264761703261       -2.80884330356646
N           -0.49300378977770        3.76864022874892       -0.98778816384431
B           -0.81505149008158        2.17419116338470        3.30682510348925
N            1.64469791324516       -1.28659813271426        3.50646260851783
B           -0.24761986093431        3.47567176717752       -2.35776592252299
N            1.29689263434116        0.05401453057260        3.82416568451847
B           -1.59454041661596       -0.55344198457878       -3.07569286693346
N           -3.83580556306399        1.77181021439973        0.84400795746516
B            0.33192523950240        4.49003864770219        1.21014751856453
N            0.03453034328106       -0.02909592080754        4.46867595371271
B           -2.71345429839978        2.22098654593522        1.61785314790190
N            3.77172108929903       -0.13157110837853       -0.74968098469609
B           -2.25640224800259       -3.64622091523346        1.00650984312569
N            1.04783207916046        3.72398223975794        2.25967272682626
B           -1.83223297533163       -0.79167183103229        3.22851448979962
N           -2.43737783028864       -3.60416700452020       -0.45273567737466
B            3.01838395981486       -1.06998877479471       -1.49040690443477
N           -3.15661114798638       -1.25463125006287       -0.37806838321037
B            2.02853155553917        2.91585368871724        1.58611918490518
N           -0.50567653880564       -2.89548680090949       -2.42999335610607
B           -1.67174056709720       -2.10798992904334       -2.48768161513425
N            0.58785929324758        3.96424637564570       -0.08605953216756
B            1.09228323059988        2.96815223041259       -3.16062534202597
N            0.07339516128261       -4.36845867133215        1.72123630956970
B           -1.78570742987346        3.45199813145415       -0.38709232742833
N           -2.01820172170066        3.41478418956443        1.05153513680144
B            1.46168967436448       -4.21683753508403        1.50048133840091
N           -0.80440052593649        1.04639821424101        4.20124579230328
B           -2.66516015878030       -2.40099639057826       -1.17282749190244
N           -1.07774797174373       -4.49240850251226        0.98843711559683
B           -2.50034363434053        0.49487065780407       -2.09666812604367
N            2.35004619224664       -3.88954527970519        0.45668704448855
B            3.90940366793680       -0.20541905544232        0.74240032953220
N            1.92989239352154        1.96331448999895       -2.44528183707844
B            1.00478828607348        2.26650536921354       -4.60273849499771
N           -4.18557003954406        0.82716045763858       -0.33632334798567
B           -1.33610212008759        2.46042083473453       -3.09657488491648
N           -2.35753071558501        1.93681646317181       -2.29009068048753
B            3.07008031194880       -2.64760922545218        0.60849813835425
N            2.33562013430340       -3.67293706778498       -0.96720640740137
B            2.21284638004903        0.53686569937182        2.82761760460179
N           -2.02934446311780        0.59609763520710        3.60510264041155
B           -1.10191675405424       -4.18490631699920       -0.44251517165453
N           -3.21521611547327        0.04167383920501       -0.94799424916988
B            3.44589648695626        1.25920943935477       -0.49376648695257
N            2.57708025478799        1.62586985780453        1.95734143137680
B            1.47458219956285       -1.54569893943204       -3.50653580022166
N           -2.11071721852480        1.74507922608672        2.77675786291146
B            2.04261385547034        0.72066625098340       -3.19528255241671
N           -2.72839533453854       -1.35616562222015        2.32836074591847
B            0.66216593293482       -0.52749957956405       -4.47671851070819
N           -0.16802344351744       -3.75881701074984       -1.35633459920871
B            0.47710431004107       -2.11955171249023        3.44243650917357
N           -0.59626371940104       -1.22081345292520        3.83844974103218
B           -3.22546817411725       -1.45875899462935        1.00596052693809
N            2.66561199222621       -0.86565323996277        2.63322553096184
B            1.87546117899710        3.33789515469679       -0.08141576941119
N            2.87665632759857       -2.33102250193566       -0.78570569054718
109
 energy: -205.188941907353 gnorm: 0.002192363485 xtb: 6.7.1pre (5071a88)
C            1.27465410998145        2.02437191036430       12.57060594515505
C            0.91987010607605        1.96584514205600       11.08428401947709
N            0.26007678919645        0.69659458833817       10.85153860277059
C           -0.35644413217527        0.34823056526517        9.70440659966725
O           -0.45132882527207        1.07342588108033        8.72822886946897
C           -0.93199792303090       -1.02852617252277        9.72172981872745
C           -1.48852593681116       -1.54187241301011        8.55964105023857
C           -2.05408483027542       -2.81346615632150        8.50446022550933
C           -2.09526596435846       -3.63427209932739        9.61571974156783
C           -1.53993841871011       -3.13619774222089       10.78268533337554
N           -1.39631938043936       -3.66238893195956       12.04526815932690
C           -0.75431732319861       -2.72230292235271       12.80140109468414
C           -0.42007656547946       -2.94863244674542       14.22791786161527
N           -0.47992364347424       -1.64434575989317       12.12739936284514
C           -0.95443743294167       -1.85212095681628       10.85253414362433
C            2.19255020848949        2.12072482559090       10.19237842134194
C            1.88286026104974        3.30586945725738        9.27851560420082
C            0.87082728731742        4.09614247026479       10.11536172677086
N            0.03636715316333        3.09343988663393       10.76197002743597
H            1.72398772361482        2.98588037888790       12.79932773016037
H            0.37049676927432        1.91676812307783       13.16404990495957
H            1.97252437320557        1.23053512194986       12.82469593805464
H            0.21619419448299        0.03476729978357       11.61980001043571
H           -1.47047273858906       -0.91955262296106        7.67753196571185
H           -2.46938888093255       -3.16302486213700        7.57197961709200
H           -2.53691914964658       -4.61895826234982        9.57882006373692
H           -1.70549330539233       -4.56849191756807       12.35364350670275
H            0.22691360714410       -3.81898982295739       14.33320097345382
H            0.09152535559301       -2.07432729423533       14.61746783928074
H           -1.32525373025877       -3.12143613579682       14.80917806338727
H            2.37769394009318        1.20628813590964        9.63276825934024
H            3.05900409673726        2.32887265037498       10.82053370880197
H            2.76734687165513        3.88574633839230        9.02219593656166
H            1.40010603400112        2.95511881015149        8.36676272271863
H            1.38527901857725        4.67003761308952       10.89474756272272
H            0.25939222978723        4.77782155459307        9.52610387270644
H           -0.64024408522836        2.76449984414891       10.07779713100756
B            3.45430042944068       -1.46252762967138        1.64382584500426
N            3.44952916615309        1.12381976251137        0.96613040237110
B            2.53882408065734        2.36616647660131       -1.23075104564085
N            2.29506368675764       -0.63225678399616       -2.71385387210631
B            0.68209567847711       -3.57545498866318        2.70647664221417
N           -2.94811059143769       -2.66967030751532        1.71096311342331
B           -1.04656034401793        4.07629302324456        1.86487989124784
N           -0.61601289543907        0.03005406735051       -3.92818027657766
B           -0.46899553683056        1.45848681255737       -4.07000757873382
N            1.21112482846927       -3.78323256587195       -1.73734520406931
B           -3.84597447638157        2.20787994383729       -0.47489175293923
N           -2.77354429229111        2.76547743382539       -1.18904527716951
B            1.41036598088781        0.83588639730753       -4.86787509323828
N           -0.24655739165665        3.35231802100902        2.86520048062280
B            0.90115958349036       -2.87021180814858       -2.80751482911626
N           -0.49355970977030        3.76883951942426       -0.97971839126769
B           -0.81765566387935        2.16971534337353        3.31332474737773
N            1.64224835503974       -1.29083543248200        3.50939940515237
B           -0.24756449461717        3.47740123104840       -2.34991738708800
N            1.29426030228105        0.04936872663673        3.82858919233788
B           -1.59403359847176       -0.55092159030079       -3.07308454667300
N           -3.83680559908939        1.76958367897802        0.84838177840517
B            0.33020553624308        4.48774924733290        1.21940253514819
N            0.03170598093812       -0.03478056354153        4.47278998243118
B           -2.71493440283046        2.21803933969674        1.62331644970135
N            3.77121616818080       -0.13105449328917       -0.74403662918170
B           -2.25724755462335       -3.64814880798102        1.00559334838734
N            1.04565578926568        3.72053491988154        2.26824666457432
B           -1.83442525872685       -0.79599509187568        3.23110714750830
N           -2.43774497071562       -3.60462510705672       -0.45369034759192
B            3.01834270638547       -1.06876632587705       -1.48610367946600
N           -3.15704146679714       -1.25513942749241       -0.37674126237984
B            2.02695193778245        2.91360667561534        1.59435246936469
N           -0.50514408901395       -2.89353915916185       -2.42932542009246
B           -1.67126148592433       -2.10606369303308       -2.48664477206018
N            0.58687669673561        3.96361794290104       -0.07736425711867
B            1.09281372363863        2.97092465633787       -3.15266772256067
N            0.07226779975788       -4.37095419323045        1.72051503269189
B           -1.78642989424763        3.45136876953391       -0.37991869208424
N           -2.01944577944478        3.41239300048074        1.05862671236347
B            1.46067901875340       -4.21910590328832        1.50072939534551
N           -0.80727986518001        1.04096757235847        4.20677406148054
B           -2.66523791242685       -2.40067496875359       -1.17255554059947
N           -1.07853912099801       -4.49421399462909        0.98709069868466
B           -2.50024941337112        0.49623146542029       -2.09321439389539
N            2.34943557405649       -3.89050963361581        0.45764343073579
B            3.90838300200414       -0.20652571469465        0.74798070710616
N            1.93028395014894        1.96541584268541       -2.43810916431084
B            1.00595256854560        2.27096687651850       -4.59564314403362
N           -4.18622645250791        0.82642439619772       -0.33316249018457
B           -1.33568852432170        2.46299916062900       -3.09039284233460
N           -2.35743574378207        1.93839599478417       -2.28494305955504
B            3.06933488954295       -2.64870940550816        0.61112352891149
N            2.33552655627323       -3.67228685505852       -0.96601643737036
B            2.21081485728906        0.53337113825507        2.83314492424079
N           -2.03187344192457        0.59124403780479        3.60927447333566
B           -1.10221919773003       -4.18525706674554       -0.44356307787542
N           -3.21564905090365        0.04168160991227       -0.94541773082826
B            3.44563181814810        1.25954838996937       -0.48674268174143
N            2.57563010249112        1.62334461675955        1.96437246482706
B            1.47549292429309       -1.54245219920012       -3.50348835495795
N           -2.11283970251169        1.74102588280873        2.78211396482888
B            2.04327761131556        0.72363453504846       -3.18944286407281
N           -2.73012377346198       -1.35956522382139        2.32988808334155
B            0.66343281332113       -0.52322556815064       -4.47288048085636
N           -0.16793022459839       -3.75793530514887       -1.35640564491015
B            0.47490091915415       -2.12389815293356        3.44434139762183
N           -0.59868812713478       -1.22568316904096        3.84119247246691
B           -3.22654070678500       -1.46067370724377        1.00705039829341
N            2.66359713624687       -0.86888023737188        2.63726555528939
B            1.87455720397589        3.33747810713835       -0.07279124453905
N            2.87639351448703       -2.33055661941684       -0.78280362224312
109
 energy: -205.188974666203 gnorm: 0.002331683072 xtb: 6.7.1pre (5071a88)
C            1.27313085870779        2.01947286600271       12.57127776912503
C            0.92017238272979        1.96689163512930       11.08429440940437
N            0.26179316320773        0.69781065557385       10.84710479878684
C           -0.35364159184015        0.35183745119463        9.69877084037165
O           -0.44987887096970        1.07915632904770        8.72439282643022
C           -0.92716901647269       -1.02618173304169        9.71330843441305
C           -1.48006749113764       -1.53869949719064        8.54913040244096
C           -2.04198233545536       -2.81172056363819        8.49050673234394
C           -2.08328512929971       -3.63441077184787        9.60037380172257
C           -1.53294758427513       -3.13673008990866       10.76990268472714
N           -1.39273274343152       -3.66355419269792       12.03253900403543
C           -0.75641849128220       -2.72220932302000       12.79205402571276
C           -0.42981356644391       -2.94821879995030       14.22062930399637
N           -0.48149587720217       -1.64335708754670       12.11992317255873
C           -0.95069064688712       -1.85123136475830       10.84288463975038
C            2.19364780259260        2.12569097493475       10.19406706253635
C            1.88015709633970        3.30806291152017        9.27822042324235
C            0.86869181418715        4.09803986387144       10.11630038089783
N            0.03592715044521        3.09472967814172       10.76436532102925
H            1.71893666947932        2.98102683275444       12.80626496297505
H            0.36854335847896        1.90532795722678       13.16272701075631
H            1.97311058683276        1.22633812805859       12.82162406306106
H            0.22008466147273        0.03319321131217       11.61289488995488
H           -1.46188365395034       -0.91482378255542        7.66803786086855
H           -2.45402944435837       -3.16029766413719        7.55628315661658
H           -2.52158048651949       -4.62052919698967        9.56099015812691
H           -1.70182722353946       -4.57014770812747       12.33957608862189
H            0.21826601647590       -3.81725505256408       14.32969497230393
H            0.07745726868494       -2.07283487169139       14.61335176399406
H           -1.33827750298288       -3.12286274934363       14.79619669599530
H            2.38369781966676        1.21116666160609        9.63662516446419
H            3.05758300887298        2.33933537183970       10.82350086731734
H            2.76295926182781        3.88912041923199        9.01887534179063
H            1.39568155641867        2.95469562840712        8.36844441679737
H            1.38412222243178        4.67235305854761       10.89465251400219
H            0.25607921908789        4.77912776775649        9.52759939904133
H           -0.64187656475223        2.76603353684035       10.08114984440282
B            3.45339623902620       -1.46390930840946        1.64637450570786
N            3.44902264709408        1.12301858929384        0.97057957379978
B            2.53863624737603        2.36676791634877       -1.22574241505929
N            2.29539797268605       -0.63066701746519       -2.71104990206976
B            0.68108732203628       -3.57768018133302        2.70665920720949
N           -2.94854272291095       -2.67117180822094        1.71070878481537
B           -1.04770493516763        4.07418363515613        1.87020396382024
N           -0.61540308253768        0.03236843580453       -3.92571399259966
B           -0.46844261074309        1.46091461700962       -4.06653456661919
N            1.21132251738525       -3.78229550281197       -1.73704330017432
B           -3.84642502289583        2.20754583969572       -0.47171640914730
N           -2.77379970918839        2.76566013344790       -1.18519974049255
B            1.41121586003719        0.83900522155889       -4.86424204981779
N           -0.24784709707838        3.34953285144684        2.87020173284210
B            0.90163982945386       -2.86862491381120       -2.80674099305232
N           -0.49389980173768        3.76896397476748       -0.97452603532240
B           -0.81909050613286        2.16659883741056        3.31727315339326
N            1.64091999646250       -1.29358014997924        3.51166564693727
B           -0.24751394681736        3.47852609112363       -2.34486512082115
N            1.29268646992165        0.04637858170815        3.83164977811677
B           -1.59364147334062       -0.54926969844303       -3.07132034424559
N           -3.83753701719597        1.76819557493911        0.85119967686702
B            0.32914859049619        4.48631137150903        1.22535888954283
N            0.02992409911701       -0.03851226672782        4.47538820861704
B           -2.71591878177831        2.21607381972180        1.62683441612115
N            3.77089004503400       -0.13071081181399       -0.74042926753379
B           -2.25771399674230       -3.64930702857510        1.00495199174261
N            1.04436937812288        3.71836931286647        2.27374434324232
B           -1.83584183632754       -0.79869835268026        3.23278143947070
N           -2.43795071334967       -3.60485153474962       -0.45435864380526
B            3.01834723121638       -1.06798126026570       -1.48338458381690
N           -3.15737434629599       -1.25542001010773       -0.37601937603276
B            2.02604581675318        2.91221377036563        1.59959272044167
N           -0.50479183326512       -2.89228218388965       -2.42900629068489
B           -1.67097964763402       -2.10488490396302       -2.48613544156649
N            0.58627335118241        3.96325188779455       -0.07177122639559
B            1.09312618240325        2.97276042296561       -3.14762579778548
N            0.07159676263670       -4.37252741732585        1.71997144489574
B           -1.78689506395498        3.45092474440195       -0.37531245249470
N           -2.02024946521640        3.41078611932754        1.06314727242252
B            1.46009245172440       -4.22059620975769        1.50078525410961
N           -0.80912926199214        1.03750410299268        4.21051709863104
B           -2.66524301453709       -2.40039711600989       -1.17245079212195
N           -1.07899758211181       -4.49533381191889        0.98616073076597
B           -2.50037318413454        0.49716926241342       -2.09115522043815
N            2.34908590348215       -3.89115538703630        0.45815122267741
B            3.90767825696769       -0.20725593029982        0.75155066914136
N            1.93047280141372        1.96679042362096       -2.43355646791111
B            1.00661034140292        2.27387313219430       -4.59115403882187
N           -4.18675653867705        0.82597179616088       -0.33122432729756
B           -1.33542639628725        2.46465789405824       -3.08640238409933
N           -2.35746297417653        1.93947054445476       -2.28169051943781
B            3.06887221636746       -2.64943744641050        0.61276313090997
N            2.33551105622889       -3.67185808985274       -0.96534702160762
B            2.20938935467726        0.53113027490706        2.83665715765781
N           -2.03365070789595        0.58822723551376        3.61233625891274
B           -1.10238299727128       -4.18540604071016       -0.44428511058301
N           -3.21607208904003        0.04174009877884       -0.94389272570939
B            3.44535086154543        1.25971685474102       -0.48223597579236
N            2.57466090182340        1.62170641985368        1.96882920413219
B            1.47609196714937       -1.54032424664133       -3.50157975513158
N           -2.11400953743229        1.73826036314507        2.78539596503933
B            2.04369182034089        0.72556186066141       -3.18572523697658
N           -2.73111073973880       -1.36147163930082        2.33066518494696
B            0.66423084787568       -0.52042910730829       -4.47043747742781
N           -0.16784537031613       -3.75727095154177       -1.35649510599740
B            0.47356987970544       -2.12667189204592        3.44546614699481
N           -0.60015766530195       -1.22878400277059        3.84251422239421
B           -3.22720055175422       -1.46178784504931        1.00762366491585
N            2.66229939097874       -0.87095701040209        2.63991308341566
B            1.87402868610703        3.33727755840546       -0.06728631458785
N            2.87625522761722       -2.33024798292461       -0.78098652577471
109
 energy: -205.189041779226 gnorm: 0.002858141124 xtb: 6.7.1pre (5071a88)
C            1.26999345817100        2.01240451359113       12.57228673894643
C            0.91945177738121        1.96947191372000       11.08442715363391
N            0.26214166310358        0.70147274122328       10.84060664402605
C           -0.34442676942024        0.35622303177276        9.68744929515177
O           -0.43527214011915        1.08365262734284        8.71323914743745
C           -0.91596834977406       -1.02311169605956        9.69761132057193
C           -1.46357209047437       -1.53346164196043        8.52986169147843
C           -2.02074657856080       -2.80815360745379        8.46563501805547
C           -2.06207550450627       -3.63405184643970        9.57318011069807
C           -1.51900643993142       -3.13775554537754       10.74664703166570
N           -1.38527811972747       -3.66586068182233       12.00931141968270
C           -0.75866783960886       -2.72286076741769       12.77502543699645
C           -0.44678145815143       -2.94775572944817       14.20738785926534
N           -0.48200621703051       -1.64247210268758       12.10614625630803
C           -0.94169124973717       -1.85032724072313       10.82526479076950
C            2.19345058785461        2.13369956986731       10.19578630305424
C            1.87349341139088        3.31162102010477        9.27706111466208
C            0.86445431134138        4.10164990760614       10.11814115596022
N            0.03439819693139        3.09777884095875       10.76887909481137
H            1.71246181970593        2.97282828190312       12.81717745811103
H            0.36456633728690        1.89018377479222       13.16040245385376
H            1.97152824842681        1.21896043599236       12.81739577432264
H            0.22078515432300        0.03384053963664       11.60334545008428
H           -1.44446751938501       -0.90628420154249        7.65105471658900
H           -2.42877808296118       -3.15449855276269        7.52890987306626
H           -2.49581034451230       -4.62205777300191        9.52974791212373
H           -1.69476111859746       -4.57318193993493       12.31394822991122
H            0.20307095627428       -3.81437500376375       14.32454126826792
H            0.05252345140440       -2.07032698685263       14.60584651945538
H           -1.36151458271116       -3.12524403284773       14.77219870830072
H            2.38984916557446        1.21897888545247        9.64139114431687
H            3.05450140664480        2.35505662591094       10.82605117455915
H            2.75343964618295        3.89414885322153        9.01131650752009
H            1.38504143414769        2.95388084802029        8.37112289555524
H            1.38274834390929        4.67524792003553       10.89496786948747
H            0.25022772314878        4.78301171093311        9.53151851989020
H           -0.64708331725236        2.77013754555509       10.08898552553787
B            3.45159247799730       -1.46648864268620        1.65109388525023
N            3.44811090127148        1.12152320839256        0.97886796625953
B            2.53818655130297        2.36784292809001       -1.21646421504698
N            2.29608078871326       -0.62766116456477       -2.70591554404890
B            0.67936805417922       -3.58176021601198        2.70679266486600
N           -2.94904092712661       -2.67374303511558        1.71009049505277
B           -1.04975958636154        4.07007494082765        1.88000121305704
N           -0.61427995758281        0.03685628339948       -3.92125207197183
B           -0.46743032003523        1.46563552312292       -4.06014451771670
N            1.21172617589185       -3.78044259363533       -1.73660805204793
B           -3.84725641875152        2.20691258804763       -0.46580273701479
N           -2.77431676923205        2.76601665192476       -1.17807092464299
B            1.41284825266203        0.84486683079815       -4.85755104852003
N           -0.25008270795049        3.34407020663835        2.87919409160334
B            0.90257579530238       -2.86562209397613       -2.80545705540272
N           -0.49452300789817        3.76917342498166       -0.96485432146093
B           -0.82145693039508        2.16047328693769        3.32429119414037
N            1.63878895349011       -1.29873266427784        3.51640455364749
B           -0.24743091339773        3.48062102103335       -2.33545890371128
N            1.28992649821133        0.04080038652773        3.83768338866519
B           -1.59319140923168       -0.54605396271791       -3.06851059674822
N           -3.83898753543501        1.76562654878679        0.85643424548070
B            0.32724095327700        4.48367392136409        1.23645465228073
N            0.02665635523872       -0.04556630103207        4.48015039227816
B           -2.71777610154791        2.21229364890683        1.63336789734028
N            3.77031311794539       -0.13005593244279       -0.73375441754205
B           -2.25846899793742       -3.65136400937866        1.00364239402705
N            1.04214610618012        3.71442374206755        2.28398693938638
B           -1.83845335781190       -0.80364662746464        3.23584273857065
N           -2.43830306230042       -3.60520787778701       -0.45571582618564
B            3.01842654462148       -1.06650824789489       -1.47842489855781
N           -3.15811798983589       -1.25592824275875       -0.37487686336254
B            2.02448572129263        2.90966817484077        1.60928577333440
N           -0.50406960634411       -2.88973448137999       -2.42844545444489
B           -1.67033112664050       -2.10238310834047       -2.48511050311776
N            0.58516715425498        3.96256851289172       -0.06134164607266
B            1.09364985966615        2.97623284965227       -3.13832979619221
N            0.07043255915652       -4.37541097242016        1.71880690134453
B           -1.78777517185242        3.45005986584343       -0.36675036772639
N           -2.02175545513322        3.40769534321413        1.07151717709658
B            1.45909542439029       -4.22340992432229        1.50070653689929
N           -0.81254732312735        1.03107048318461        4.21771622564299
B           -2.66532467371584       -2.39985209691915       -1.17239750798974
N           -1.07976980009682       -4.49736440219330        0.98429219018859
B           -2.50057823078186        0.49897293145476       -2.08741670904142
N            2.34850728561528       -3.89238569601763        0.45891386438046
B            3.90629220796988       -0.20865014613489        0.75816275330916
N            1.93076410293971        1.96941048869889       -2.42515644850509
B            1.00782137399703        2.27934764399486       -4.58288673047487
N           -4.18783921220687        0.82513155380549       -0.32778675815776
B           -1.33503088910852        2.46784422491231       -3.07903141575780
N           -2.35757091476219        1.94154016604092       -2.27568560193318
B            3.06803092263234       -2.65080267430674        0.61572093783108
N            2.33554171696439       -3.67102211724485       -0.96426438307011
B            2.20658791658308        0.52693555966618        2.84314589817631
N           -2.03713137324514        0.58271483976373        3.61849652595775
B           -1.10264777477247       -4.18560006295357       -0.44575518541282
N           -3.21696833394608        0.04188543436340       -0.94121742422908
B            3.44466603898796        1.25994998901491       -0.47386527712130
N            2.57278348199688        1.61861935710435        1.97705941181514
B            1.47724651857510       -1.53629059926812       -3.49811488350832
N           -2.11591985546987        1.73287481445908        2.79128020890186
B            2.04446363656392        0.72919210746017       -3.17886316788818
N           -2.73276197226270       -1.36469517617486        2.33180745122557
B            0.66573320130759       -0.51511237081438       -4.46590445743497
N           -0.16765297847989       -3.75593349588504       -1.35678419425559
B            0.47123530240938       -2.13180065603879        3.44740021776261
N           -0.60276200626252       -1.23453083309614        3.84437957121744
B           -3.22843192601931       -1.46376277020326        1.00849808302939
N            2.65988048349908       -0.87482457328262        2.64490884323016
B            1.87308840001168        3.33692291068367       -0.05708148549194
N            2.87606441123335       -2.32964786169987       -0.77770747555261
109
 energy: -205.189142095186 gnorm: 0.002685588505 xtb: 6.7.1pre (5071a88)
C            1.26480491550676        2.00306773833616       12.57392325232749
C            0.91795664095609        1.97379417891751       11.08482434482964
N            0.26282896372634        0.70709977262958       10.83053981974958
C           -0.32793963603516        0.36265556305552        9.66834622516506
O           -0.40982357325992        1.09134379131929        8.69378869299059
C           -0.89607931844712       -1.01868871832977        9.67086112371592
C           -1.43444288759129       -1.52588974603600        8.49712445983505
C           -1.98486647766446       -2.80293745869944        8.42392945622819
C           -2.02796631461702       -3.63353488898507        9.52804031424928
C           -1.49658400593502       -3.13928585135158       10.70776641230921
N           -1.37418482272200       -3.66958911277346       11.97059855759949
C           -0.76278279608487       -2.72449014138213       12.74636065632813
C           -0.47404070349335       -2.94742646881122       14.18428773827283
N           -0.48279156554456       -1.64159987899106       12.08276654542164
C           -0.92653800112496       -1.84922152658268       10.79570714529004
C            2.19245722193604        2.14652365500324       10.19836631447095
C            1.86205362257442        3.31753252129310        9.27523801061030
C            0.85719526518977        4.10743773488733       10.12117787888498
N            0.03166710648021        3.10273331389012       10.77643152390646
H            1.70233436123752        2.96231712272266       12.83224176557954
H            0.35794017221076        1.86953703703332       13.15729954692759
H            1.96888790858359        1.20944465314426       12.81212575924169
H            0.21891438769861        0.03569060885478       11.58945516536173
H           -1.41221532443989       -0.89365312067058        7.62195914635619
H           -2.38603842100052       -3.14648670614681        7.48313222326330
H           -2.45558417662929       -4.62401194386767        9.47790396414270
H           -1.68412699073300       -4.57830619304023       12.27085989015563
H            0.17863104085043       -3.81011674277276       14.31440697097478
H            0.01271944519751       -2.06670575666713       14.59146749461764
H           -1.39827526231546       -3.12945156754242       14.73246472345941
H            2.39871954448838        1.23134102633928        9.64839921721994
H            3.04977718086835        2.37957047951232       10.82951646716952
H            2.73746370399285        3.90209067416519        8.99872811259572
H            1.36703031543005        2.95250037969170        8.37564596600878
H            1.38016341684759        4.67970462046676       10.89576612115349
H            0.24021348331782        4.78951703075616        9.53839607629593
H           -0.65719549246735        2.77721525466113       10.10348267703503
B            3.44850243646690       -1.47089025455865        1.65905265812264
N            3.44634010515174        1.11886519620677        0.99285657906513
B            2.53730157925141        2.36960953718469       -1.20075775128910
N            2.29726421727564       -0.62249400289702       -2.69727243446045
B            0.67646777530185       -3.58872746137881        2.70696131694231
N           -2.95000128465778       -2.67822194161225        1.70902250560772
B           -1.05323250091109        4.06325567168999        1.89648406719590
N           -0.61225452550669        0.04448165022268       -3.91356355279864
B           -0.46570906236598        1.47364788733155       -4.04928847029002
N            1.21249477025721       -3.77734091032860       -1.73601828061328
B           -3.84864575228863        2.20590295020103       -0.45583707786029
N           -2.77521748012014        2.76673220994194       -1.16605130264842
B            1.41561869292268        0.85489008554113       -4.84628809188109
N           -0.25391071134114        3.33491161502245        2.89424084469852
B            0.90422855739356       -2.86046638180056       -2.80332804113083
N           -0.49559432590345        3.76965034521920       -0.94849677988584
B           -0.82540155525512        2.15020430256569        3.33610911119396
N            1.63519506127323       -1.30757768398976        3.52449653122008
B           -0.24730563038566        3.48434396348979       -2.31956081498082
N            1.28529588330855        0.03124827690365        3.84798558824440
B           -1.59196151489029       -0.54057166801731       -3.06321623173412
N           -3.84150979336168        1.76142057483344        0.86527996577134
B            0.32406017475476        4.47934647102256        1.25522450567219
N            0.02118355167053       -0.05746740141912        4.48826470212579
B           -2.72094535548364        2.20601742090253        1.64436543256285
N            3.76941162565063       -0.12897687537386       -0.72249052695009
B           -2.25975367337650       -3.65487950624095        1.00131143077939
N            1.03845139476559        3.70788475585867        2.30139159232843
B           -1.84278983289595       -0.81210616772798        3.24089768024203
N           -2.43874839900620       -3.60571299647662       -0.45812255803350
B            3.01858503293981       -1.06398646083260       -1.47009624585859
N           -3.15929351298743       -1.25673833319736       -0.37298343195010
B            2.02176582186890        2.90530207800353        1.62569702183709
N           -0.50281289864276       -2.88553556148612       -2.42767066985002
B           -1.66925582039015       -2.09838860801689       -2.48368828989577
N            0.58328477181497        3.96146050463909       -0.04365547500729
B            1.09448743833704        2.98222080095927       -3.12262880615814
N            0.06844463421062       -4.38034438291029        1.71677881524148
B           -1.78929802345429        3.44872349057810       -0.35227670114187
N           -2.02438580716603        3.40265422862848        1.08564334355080
B            1.45736517779039       -4.22810195326112        1.50042072252031
N           -0.81823619849026        1.02014324098681        4.22956317860360
B           -2.66527429435033       -2.39881122370979       -1.17238167952945
N           -1.08108072011076       -4.50086253269739        0.98103898440796
B           -2.50103258819198        0.50212626490636       -2.08116287597975
N            2.34752174719454       -3.89445371275657        0.46008828978075
B            3.90395527241773       -0.21104916308478        0.76934065860072
N            1.93114739184168        1.97390797739289       -2.41096891000713
B            1.00982386826039        2.28868111537558       -4.56888952531156
N           -4.18963335371507        0.82378292756028       -0.32195064420001
B           -1.33431446037366        2.47331471797799       -3.06653705212834
N           -2.35774960277752        1.94514418459929       -2.26553556091409
B            3.06657708883733       -2.65308295587822        0.62061225550975
N            2.33566746218267       -3.66964095798046       -0.96255209348554
B            2.20188829068664        0.51973597063796        2.85421433885140
N           -2.04287649206748        0.57331660160282        3.62863348299808
B           -1.10299126115556       -4.18589338720017       -0.44832025330646
N           -3.21841896758327        0.04222521385531       -0.93666345838206
B            3.44333996185234        1.26025021694079       -0.45971996740448
N            2.56945523664485        1.61330085725208        1.99100656267340
B            1.47923814650248       -1.52938014445282       -3.49230628727336
N           -2.11916884753954        1.72384337083616        2.80115553162595
B            2.04574861168209        0.73540359597587       -3.16730715059665
N           -2.73548683088144       -1.37028639855766        2.33367396568722
B            0.66831804099057       -0.50604146536988       -4.45830745883203
N           -0.16723004504416       -3.75370852891862       -1.35738753438400
B            0.46731044450382       -2.14056522842439        3.45071086918890
N           -0.60717776450412       -1.24438478387424        3.84762379539590
B           -3.23044275699255       -1.46717606764419        1.00992324236520
N            2.65587051822158       -0.88146401211544        2.65347024183919
B            1.87146278117461        3.33629420964961       -0.03980076256846
N            2.87578515180181       -2.32863970233449       -0.77227882344784
109
 energy: -205.189249358639 gnorm: 0.002993459906 xtb: 6.7.1pre (5071a88)
C            1.25913945887422        1.99486921845878       12.57540591406866
C            0.91559169959486        1.97887156281096       11.08527519521919
N            0.26245930261157        0.71373857415412       10.81947244309045
C           -0.30863288844771        0.36904536441251        9.64686164434383
O           -0.37581409285959        1.09732616111511        8.67110486276688
C           -0.87290959479470       -1.01400591374070        9.63966356459416
C           -1.39865277352648       -1.51872759190583        8.45869055019992
C           -1.94235118876556       -2.79801693034542        8.37566575052175
C           -1.99020444228940       -3.63308117578819        9.47637407831686
C           -1.47273750604379       -3.14059844080581       10.66314074052302
N           -1.36387287603022       -3.67340922829487       11.92625356734194
C           -0.76876305984953       -2.72663567651631       12.71290622664163
C           -0.50412066024090       -2.94800196448096       14.15587696842881
N           -0.48476977222126       -1.64097409462229       12.05523594147123
C           -0.91060620681558       -1.84793677358498       10.76169256307398
C            2.19053381327133        2.16088162856669       10.20154395498051
C            1.84910793111636        3.32473316157434        9.27393768064344
C            0.84853705862947        4.11427852907454       10.12452725170457
N            0.02809153710509        3.10870405642062       10.78488766187264
H            1.69210921155442        2.95296733963837       12.84535894429276
H            0.35141543463498        1.85148347378406       13.15489444091678
H            1.96582833438035        1.20156748002507       12.80772560396140
H            0.21148071405280        0.03963931970053       11.57541998104364
H           -1.37117787588403       -0.88185556895471        7.58702540732848
H           -2.33484715143700       -3.13939780580766        7.43022686645520
H           -2.41211766068621       -4.62567143150032        9.41854615617295
H           -1.67367459922488       -4.58409232344114       12.22094434093005
H            0.15137720830967       -3.80647183516658       14.29920087762328
H           -0.03055297245685       -2.06402548386451       14.57198787497710
H           -1.43753585418935       -3.13518010354619       14.68694983707831
H            2.40805451117665        1.24549952045576        9.65596892208148
H            3.04406013035145        2.40621612850555       10.83361913709768
H            2.71974026370668        3.91111036565576        8.98606826745609
H            1.34749796704768        2.95173636527304        8.38114423397684
H            1.37594088623863        4.68571571034352       10.89675484083797
H            0.22818190041566        4.79669032470883        9.54584416862424
H           -0.66944517885929        2.78561239922942       10.12041294324413
B            3.44487969094629       -1.47607596689322        1.66833300673021
N            3.44394590247529        1.11558637839056        1.00914614104897
B            2.53617251667621        2.37162669754918       -1.18238574497555
N            2.29867472134973       -0.61637487038456       -2.68717976408790
B            0.67306989310999       -3.59694170074762        2.70715850793950
N           -2.95140027898717       -2.68373341673141        1.70785627862699
B           -1.05733135121640        4.05549479711457        1.91563373757792
N           -0.60990270103642        0.05349068123536       -3.90475373398910
B           -0.46362419723210        1.48310206573293       -4.03659212172488
N            1.21344972219009       -3.77373998530142       -1.73544343316725
B           -3.85020952169796        2.20472932296459       -0.44428341807858
N           -2.77624800779175        2.76763345799881       -1.15206283247258
B            1.41890535689886        0.86670234499409       -4.83314355956299
N           -0.25849723743348        3.32440560386279        2.91169450764504
B            0.90617960639585       -2.85434741035093       -2.80083993684359
N           -0.49686714773501        3.77030220652294       -0.92939594883136
B           -0.83005635767577        2.13843325594194        3.34990896058462
N            1.63092235179278       -1.31804819130131        3.53387809764096
B           -0.24715146529171        3.48881766387255       -2.30099359826281
N            1.27990598129820        0.01995555019495        3.86005682212696
B           -1.59073402833070       -0.53409167342037       -3.05744861837945
N           -3.84446628846287        1.75660665612623        0.87555862583722
B            0.32036279872168        4.47442544375121        1.27713252904114
N            0.01484844829478       -0.07128229898948        4.49780838587439
B           -2.72465645593843        2.19884840713900        1.65710639791417
N            3.76845767140777       -0.12776581898404       -0.70935129403024
B           -2.26129218615428       -3.65907867833166        0.99853628494823
N            1.03415801783233        3.70039199533463        2.32181518062877
B           -1.84774712559945       -0.82213102092623        3.24663743746392
N           -2.43917372849194       -3.60630384471439       -0.46096426117849
B            3.01879477816399       -1.06101143690678       -1.46040379242850
N           -3.16060297175694       -1.25774288095386       -0.37070628142285
B            2.01844147438066        2.90010732778447        1.64490568257157
N           -0.50127338520594       -2.88045348490378       -2.42662994442180
B           -1.66783933909645       -2.09340510196863       -2.48175942526375
N            0.58104745556992        3.96016525967185       -0.02294135862675
B            1.09546363913285        2.98933186512271       -3.10429537779399
N            0.06609738239851       -4.38616432655486        1.71440307015553
B           -1.79112484175182        3.44732469559218       -0.33540636046727
N           -2.02756844928488        3.39700861489217        1.10209104228419
B            1.45527885338587       -4.23347467742744        1.49996744880594
N           -0.82475204723912        1.00732113867717        4.24286416083489
B           -2.66528008257924       -2.39763341595495       -1.17237798401041
N           -1.08262436427223       -4.50503159033496        0.97720238384045
B           -2.50111763822544        0.50579665821223       -2.07357993928849
N            2.34634496685711       -3.89683322245343        0.46138155914808
B            3.90123725647563       -0.21389811287627        0.78240043116808
N            1.93152682028169        1.97923074389258       -2.39440899518288
B            1.01224785177317        2.29967410189619       -4.55251679385307
N           -4.19155469615315        0.82222379950627       -0.31511075530068
B           -1.33341517462870        2.47978050236466       -3.05192782564733
N           -2.35777151648848        1.94934492414687       -2.25359213875440
B            3.06482566258923       -2.65569673113186        0.62622674909025
N            2.33585735989987       -3.66804845891803       -0.96063201468420
B            2.19649475126329        0.51119447896709        2.86726104700723
N           -2.04932444512157        0.56219987551763        3.63990379718516
B           -1.10330820126373       -4.18624612865543       -0.45134798040862
N           -3.21980316622663        0.04262559957617       -0.93115210065757
B            3.44163245414486        1.26049866272047       -0.44320986408170
N            2.56538536862101        1.60697514129750        2.00734822748653
B            1.48159796763742       -1.52123052721625       -3.48552393246786
N           -2.12307021487055        1.71345702602119        2.81263719897117
B            2.04727279579231        0.74272563248661       -3.15384147594880
N           -2.73865182212512       -1.37713272236719        2.33589490784251
B            0.67140476781980       -0.49534738992795       -4.44944453206066
N           -0.16667047581892       -3.75122625492553       -1.35817896114952
B            0.46273938790048       -2.15090048877662        3.45467106224305
N           -0.61236877002739       -1.25605082430794        3.85170797022914
B           -3.23276380100745       -1.47136574672967        1.01162838113163
N            2.65128095737714       -0.88932827550747        2.66357498075849
B            1.86948200482392        3.33546044191146       -0.01956704586729
N            2.87549583811859       -2.32746968464881       -0.76603926087873
