127
 energy: -241.967001946230 gnorm: 0.088378999639 xtb: 6.7.1pre (5071a88)
O           -0.05156000000000        0.13076800000000        8.35224700000000
C            0.16748300000000       -0.40571200000000        9.43613500000000
C            0.74356000000000        0.43266100000000       10.50061100000000
C            0.05017400000000        1.57952100000000       10.90768700000000
C            0.59403600000000        2.42479700000000       11.88835400000000
C           -0.14905500000000        3.65158400000000       12.37215100000000
C           -0.83829800000000        4.44235700000000       11.26807900000000
N           -2.13106800000000        4.32382100000000       11.17795700000000
N           -2.77671900000000        5.01334400000000       10.20039600000000
C           -2.19546100000000        5.84488900000000        9.27502600000000
O           -2.84852000000000        6.44259600000000        8.42704300000000
C           -0.73316500000000        5.98683900000000        9.36050600000000
C           -0.05365100000000        6.81080000000000        8.45485400000000
C            1.33111200000000        6.94164600000000        8.54252600000000
C            2.03202800000000        6.25250000000000        9.53127200000000
C            1.35205400000000        5.43066500000000       10.43590300000000
C           -0.03884700000000        5.29503800000000       10.35111100000000
C            1.82932500000000        2.08480300000000       12.46525800000000
C            2.52556000000000        0.94976900000000       12.04187600000000
C            1.98445900000000        0.13443700000000       11.05349800000000
F            2.68054400000000       -0.93867300000000       10.65213000000000
N           -0.12742300000000       -1.73767400000000        9.70274600000000
C           -0.64146900000000       -2.56371200000000        8.60853400000000
C           -0.36514100000000       -4.05792000000000        8.81570900000000
N           -0.83062500000000       -4.54937000000000       10.11727200000000
C           -1.09006400000000       -5.88083700000000       10.39973300000000
O           -1.54162400000000       -6.27161800000000       11.47019700000000
C           -0.80692600000000       -6.87058200000000        9.32369300000000
C           -0.20628300000000       -8.21335500000000        9.68023900000000
C            0.61582300000000       -7.20623100000000        8.93648000000000
C           -1.04650200000000       -3.55071200000000       11.16469300000000
C           -0.09536400000000       -2.35323200000000       11.03790600000000
H           -0.91386000000000        1.80239200000000       10.45084600000000
H            0.52325100000000        4.32819700000000       12.91292100000000
H           -0.90353700000000        3.32523300000000       13.09949800000000
H           -3.78477100000000        4.90038900000000       10.15290100000000
H           -0.60199500000000        7.34636500000000        7.68214500000000
H            1.86231300000000        7.57794100000000        7.83820600000000
H            3.11368300000000        6.35262400000000        9.59527300000000
H            1.93563700000000        4.90854500000000       11.18685600000000
H            2.26323800000000        2.70665900000000       13.24669100000000
H            3.48885200000000        0.69779200000000       12.47555200000000
H           -1.72294800000000       -2.38612800000000        8.56171500000000
H           -0.21146700000000       -2.23330400000000        7.65665300000000
H            0.71549600000000       -4.23965000000000        8.78079200000000
H           -0.83107600000000       -4.63603700000000        8.01190100000000
H           -1.56501500000000       -6.89556000000000        8.54745000000000
H            0.03498000000000       -8.40505600000000       10.72053800000000
H           -0.56383800000000       -9.08388000000000        9.14304400000000
H            0.82504800000000       -7.39390100000000        7.88999300000000
H            1.42678100000000       -6.72775900000000        9.47440600000000
H           -2.08584600000000       -3.21417400000000       11.06720000000000
H           -0.93895100000000       -4.00798800000000       12.15406700000000
H           -0.33866200000000       -1.60600200000000       11.79950200000000
H            0.93429400000000       -2.68990700000000       11.20407900000000
B            3.45918000000000       -1.45456900000000        1.62803700000000
N            3.45640000000000        1.12990400000000        0.94004000000000
B            2.53992000000000        2.36249900000000       -1.26104700000000
N            2.29306700000000       -0.64163700000000       -2.73060300000000
B            0.69053400000000       -3.56106900000000        2.70270900000000
N           -2.93972400000000       -2.65477300000000        1.70947600000000
B           -1.03820200000000        4.08509600000000        1.83123800000000
N           -0.61934700000000        0.01765100000000       -3.94190400000000
B           -0.47371000000000        1.44532400000000       -4.09173000000000
N            1.20955900000000       -3.78679600000000       -1.73940500000000
B           -3.84450000000000        2.20944000000000       -0.49372200000000
N           -2.77286400000000        2.76356200000000       -1.21183300000000
B            1.40572500000000        0.81809100000000       -4.88931100000000
N           -0.23578900000000        3.36421500000000        2.83354400000000
B            0.89832000000000       -2.87979800000000       -2.81384900000000
N           -0.49183300000000        3.76657800000000       -1.01011900000000
B           -0.80599600000000        2.18226900000000        3.28187400000000
N            1.65611000000000       -1.27443300000000        3.50362200000000
B           -0.24848400000000        3.46993700000000       -2.37986300000000
N            1.30870300000000        0.06889800000000        3.81698100000000
B           -1.59744100000000       -0.55993400000000       -3.08468900000000
N           -3.83249600000000        1.77684200000000        0.83162400000000
B            0.33760200000000        4.49599400000000        1.18389400000000
N            0.04325600000000       -0.01395500000000        4.45665300000000
B           -2.70883700000000        2.22675100000000        1.60124200000000
N            3.77272800000000       -0.13262400000000       -0.76554100000000
B           -2.25338100000000       -3.63941200000000        1.00848200000000
N            1.05581800000000        3.73339800000000        2.23573400000000
B           -1.82562000000000       -0.77746000000000        3.21984000000000
N           -2.43676800000000       -3.60188000000000       -0.45077300000000
B            3.01865800000000       -1.07367000000000       -1.50276800000000
N           -3.15796000000000       -1.25259200000000       -0.38432100000000
B            2.03465600000000        2.92232600000000        1.56172200000000
N           -0.50744700000000       -2.90014800000000       -2.43279500000000
B           -1.67354800000000       -2.11288200000000       -2.49162100000000
N            0.59013500000000        3.96458300000000       -0.11022500000000
B            1.09031400000000        2.95964900000000       -3.18248900000000
N            0.07735000000000       -4.35923000000000        1.72128900000000
B           -1.78403400000000        3.45238400000000       -0.40822000000000
N           -2.01352000000000        3.41851500000000        1.03155300000000
B            1.46587800000000       -4.21214800000000        1.49913800000000
N           -0.79798700000000        1.06415300000000        4.19458100000000
B           -2.66624200000000       -2.40209600000000       -1.17525600000000
N           -1.07438800000000       -4.48433500000000        0.99123500000000
B           -2.50371000000000        0.49137000000000       -2.10914300000000
N            2.35272800000000       -3.88733500000000        0.45310300000000
B            3.91232700000000       -0.20235700000000        0.72592600000000
N            1.92854800000000        1.95700900000000       -2.46507700000000
B            1.00118400000000        2.25435100000000       -4.62250700000000
N           -4.18601600000000        0.82900500000000       -0.34753800000000
B           -1.33888100000000        2.45365800000000       -3.11487000000000
N           -2.35964900000000        1.93260500000000       -2.30584100000000
B            3.07306300000000       -2.64548300000000        0.60111100000000
N            2.33521300000000       -3.67367000000000       -0.97087600000000
B            2.21786300000000        0.54580300000000        2.80840700000000
N           -2.02642300000000        0.61191200000000        3.60149200000000
B           -1.10174900000000       -4.18378700000000       -0.44100700000000
N           -3.21814400000000        0.04165400000000       -0.95856600000000
B            3.44775200000000        1.25859300000000       -0.51406500000000
N            2.58208500000000        1.63297700000000        1.93645400000000
B            1.47205400000000       -1.55500100000000       -3.51561000000000
N           -2.10260100000000        1.75419400000000        2.76079900000000
B            2.04076500000000        0.71192100000000       -3.21148300000000
N           -2.72091500000000       -1.34169900000000        2.32056700000000
B            0.65864800000000       -0.53887500000000       -4.48693700000000
N           -0.16866400000000       -3.75942100000000       -1.35647200000000
B            0.48556000000000       -2.10563400000000        3.43376400000000
N           -0.58725300000000       -1.20503300000000        3.82448800000000
B           -3.22437300000000       -1.45141100000000        1.00032000000000
N            2.67132400000000       -0.85552900000000        2.62113500000000
B            1.87855700000000        3.33934800000000       -0.10642700000000
N            2.87691100000000       -2.33178300000000       -0.79356300000000
127
 energy: -241.979412969248 gnorm: 0.036742432103 xtb: 6.7.1pre (5071a88)
O           -0.06432647791677        0.07702694853079        8.34954963462516
C            0.14049645440227       -0.42854757405450        9.43980603112096
C            0.72047261592136        0.41207554064851       10.52601178698995
C            0.05683403697719        1.57438207398309       10.91781335326864
C            0.59844121769987        2.42334606374755       11.88058270233304
C           -0.14946478329917        3.64792110428707       12.35864644911575
C           -0.81713901098145        4.43235985003727       11.25285025641319
N           -2.09849937282517        4.32747060141119       11.15934466739512
N           -2.74971145063003        5.01447855559920       10.19889778312107
C           -2.19076472576203        5.84939451014409        9.26710257530573
O           -2.86953217708552        6.43480114733260        8.44058131856878
C           -0.72927269641675        5.98219528164817        9.36077089725274
C           -0.05062326046835        6.80408155279355        8.46193614538485
C            1.32271570222884        6.93144114819820        8.55128530867473
C            2.02112491887269        6.24235070165415        9.53734680474207
C            1.35548474441161        5.42250117332325       10.43415611416070
C           -0.03176968644608        5.27935021548332       10.35415560955967
C            1.82561842640391        2.08794803925750       12.45185619954134
C            2.51813968220268        0.95940052681663       12.04225662042334
C            1.96686750184294        0.13527442239348       11.07545493770671
F            2.66302615807887       -0.94185498482793       10.67081812701308
N           -0.13197923139848       -1.74446376246961        9.70281149840413
C           -0.66222149685079       -2.57137111722915        8.62571521254972
C           -0.34289762447043       -4.05474412339585        8.82818177209149
N           -0.82357691971874       -4.54330637569751       10.11572285453665
C           -1.07734293243547       -5.85773640107794       10.40303998033830
O           -1.51976538140685       -6.21249561254861       11.48189387418156
C           -0.79675576094022       -6.85611459219248        9.31809825381794
C           -0.21312697007710       -8.19669808661016        9.68192769813635
C            0.61640914307511       -7.20190940584811        8.93161892025862
C           -1.05692241962023       -3.53289628306274       11.13907724835588
C           -0.07555941516448       -2.36226588608341       11.02408983769876
H           -0.89652831398468        1.80275244035779       10.46122533655748
H            0.52844577770055        4.31436441082597       12.89965217446966
H           -0.92223961157563        3.32755435513597       13.06654196821515
H           -3.75683344778091        4.89147218104756       10.16852269562624
H           -0.60596812745249        7.33287520398050        7.69940487570900
H            1.85224034018010        7.56611609669654        7.85284964221332
H            3.09652498223484        6.34522222244533        9.60254492325526
H            1.93097762009826        4.89844900241472       11.18243296400484
H            2.25366838557982        2.70951786597973       13.22747701125951
H            3.47880471926131        0.70992419089496       12.47110572451981
H           -1.74662750683640       -2.41516355481965        8.55968019943387
H           -0.22101027298064       -2.23072860653324        7.68457863728782
H            0.74044117105322       -4.21736572312347        8.76830015479207
H           -0.81837758967708       -4.62285805110501        8.02516092557835
H           -1.54751847831771       -6.86902540621301        8.53470660597221
H            0.02054162826378       -8.38360569110050       10.71978521062979
H           -0.57364831285920       -9.06719434157525        9.15281999797531
H            0.82883019480967       -7.38787721323430        7.88858459796409
H            1.42057502350043       -6.71709250542534        9.46550841883560
H           -2.09310636522012       -3.17802586002925       11.06365491360728
H           -0.93877295238744       -4.00650504869785       12.11802437361175
H           -0.32988542999053       -1.61666285797802       11.78328126549972
H            0.94575745823438       -2.71594549763376       11.21181028698778
B            3.45895860908035       -1.45439370393921        1.62827097137472
N            3.45611680423691        1.12975404317043        0.94017614220616
B            2.53979523952894        2.36245880378271       -1.26089372618934
N            2.29315649988731       -0.64169866619289       -2.73065280150816
B            0.69066498166380       -3.56081094517070        2.70297282283895
N           -2.93992043811047       -2.65508028453178        1.70965989934698
B           -1.03881141407273        4.08510900343929        1.83260216816017
N           -0.61959983616378        0.01760433415776       -3.94202220634283
B           -0.47356298304363        1.44537303163765       -4.09127061502982
N            1.20967601529956       -3.78705503128734       -1.73936625891298
B           -3.84432548963696        2.20960921387007       -0.49322522751294
N           -2.77273174299867        2.76364935773279       -1.21154983478326
B            1.40556490331776        0.81825842496251       -4.88920957245901
N           -0.23554640636024        3.36423554720442        2.83374222261490
B            0.89838575252538       -2.87960694271923       -2.81360914098976
N           -0.49158281952309        3.76635296444817       -1.00988433723948
B           -0.80612881993007        2.18272319257219        3.28409871510399
N            1.65578655470917       -1.27447937018529        3.50344012091992
B           -0.24826129195588        3.46990214775456       -2.37951358668973
N            1.30711629731851        0.06825492458672        3.81586570859294
B           -1.59755212604334       -0.55994967845420       -3.08462467831494
N           -3.83239674532603        1.77656411068100        0.83184015756899
B            0.33691912254048        4.49533412469378        1.18441030432418
N            0.04272923209615       -0.01450858087265        4.45594987845569
B           -2.70893506815985        2.22684846015163        1.60227507526496
N            3.77276300300963       -0.13270077784716       -0.76556709608209
B           -2.25322522804113       -3.63893261510746        1.00824614272392
N            1.05587204451347        3.73322979651089        2.23582761646017
B           -1.82566279333846       -0.77740629873011        3.22017594469621
N           -2.43675138440952       -3.60205950826369       -0.45082938793191
B            3.01855704801393       -1.07355200142845       -1.50266645154830
N           -3.15763209243774       -1.25258606007911       -0.38416978176207
B            2.03462268510051        2.92234404281800        1.56209747944674
N           -0.50740173270851       -2.90021539424080       -2.43278808316250
B           -1.67357191087427       -2.11294230889880       -2.49173091350524
N            0.59028831113792        3.96434925685176       -0.11001467502273
B            1.09042622367152        2.95984264702661       -3.18251329856525
N            0.07730759742502       -4.35940529616111        1.72180518809345
B           -1.78383891722947        3.45225845152682       -0.40753596538543
N           -2.01337341721166        3.41820836653732        1.03191864623905
B            1.46594044607071       -4.21181706115127        1.49927179863692
N           -0.79708374985411        1.06280559778844        4.19322085213322
B           -2.66615670739000       -2.40196015909219       -1.17518945775549
N           -1.07455910752866       -4.48473856987674        0.99152875492984
B           -2.50337278854424        0.49151648262567       -2.10889939156933
N            2.35266176084159       -3.88727954905054        0.45324962096660
B            3.91198272173862       -0.20240922933100        0.72606259447090
N            1.92864626416866        1.95705648342524       -2.46514439338888
B            1.00104132397425        2.25453388099912       -4.62257850577726
N           -4.18574118244340        0.82902936166401       -0.34717402920519
B           -1.33878187687607        2.45382630300666       -3.11462528636851
N           -2.35953640179045        1.93277816308004       -2.30559636301619
B            3.07307838162013       -2.64523202844781        0.60125966278054
N            2.33542582622588       -3.67381877750745       -0.97077362385726
B            2.21755745178756        0.54619521607008        2.80961181909045
N           -2.02537850987870        0.61132783869460        3.60092733117983
B           -1.10158403748215       -4.18352757931556       -0.44084352040046
N           -3.21780613038175        0.04165798816080       -0.95843391466680
B            3.44750442989536        1.25855869503418       -0.51385335901441
N            2.58207164106720        1.63285406477065        1.93687415873059
B            1.47197977332026       -1.55482587956294       -3.51555568121319
N           -2.10209926568153        1.75351448620356        2.76084439324415
B            2.04065815479983        0.71201277572152       -3.21146139761351
N           -2.72126441696365       -1.34182247674962        2.32080457723595
B            0.65855225210145       -0.53869407179870       -4.48685511885359
N           -0.16855457540683       -3.75932616463023       -1.35627833188716
B            0.48529758751925       -2.10556618014385        3.43392740170999
N           -0.58753805176315       -1.20553527380502        3.82462941774133
B           -3.22426000906221       -1.45123545092437        1.00053580540986
N            2.67103359411736       -0.85563383681951        2.62122722641970
B            1.87862383475481        3.33911534433018       -0.10602928877261
N            2.87709639948650       -2.33183603987733       -0.79341569390632
127
 energy: -241.982788731766 gnorm: 0.012724466128 xtb: 6.7.1pre (5071a88)
O           -0.08147104464494        0.04189374035340        8.34527149671123
C            0.12486821352760       -0.44806807958219        9.43670139082288
C            0.70077099437809        0.39308546546379       10.54212561148309
C            0.05259413220389        1.56220207950824       10.92831276238722
C            0.59447842369260        2.41400586785810       11.88092910772417
C           -0.15220194022393        3.64071052339534       12.34932229917726
C           -0.80083615147163        4.42158276668639       11.24104603777968
N           -2.07887260652489        4.32346238717492       11.14395773905107
N           -2.73031210590336        5.00771336614622       10.19740213784810
C           -2.18679953456968        5.85004503190936        9.26095439721033
O           -2.88772634496069        6.42742114464730        8.45281840472630
C           -0.72576511277150        5.97192408511870        9.35884362097075
C           -0.04601556003940        6.79630876777057        8.46625335815764
C            1.32180350277405        6.92400731419075        8.55619046048129
C            2.01992629099959        6.23122985798283        9.53982262034302
C            1.36167200886142        5.40806086472359       10.42715890222056
C           -0.02580149541490        5.25904967744852       10.35170556039572
C            1.82238782386355        2.08910701337293       12.44425987142012
C            2.51050200012429        0.95983106075004       12.04494146813348
C            1.94908677363645        0.12984794712972       11.09300253958719
F            2.63908583458717       -0.95995262766083       10.69624256347480
N           -0.13781971262846       -1.74899999048219        9.70347919552643
C           -0.67251470620823       -2.57283001578514        8.63345224700860
C           -0.32995827726465       -4.04734418511752        8.83167541661762
N           -0.81799222542325       -4.53048090188893       10.11033197180152
C           -1.06395437718254       -5.83193685573540       10.40649488230828
O           -1.48784729145139       -6.16255144865064       11.49812972999347
C           -0.78930343961209       -6.83256190458456        9.31354527808119
C           -0.22202079344336       -8.17215115818535        9.68293811343000
C            0.61819460924084       -7.18808392141369        8.93053035679434
C           -1.05831466519659       -3.52144354356842       11.12488025432475
C           -0.06402192735545       -2.36681592126141       11.01373505249144
H           -0.89546506588515        1.79719723131546       10.47139491709163
H            0.52777612671327        4.29588531799621       12.89796944122535
H           -0.94359524568629        3.32339342742763       13.03510051171527
H           -3.73639863052856        4.87588707447244       10.18226949852542
H           -0.61313090131994        7.32198448325917        7.71460107021019
H            1.85163553784954        7.55973250163832        7.86370912326383
H            3.09199885615066        6.33783519475201        9.60772154830036
H            1.92758050480410        4.87729309138362       11.17523672539708
H            2.25431565546979        2.72351352618876       13.20396606235572
H            3.47448650806838        0.71549497052422       12.46233412159036
H           -1.75981520798024       -2.44206468759577        8.56763333727608
H           -0.23731166158892       -2.21743251840930        7.69526326972801
H            0.75632347614167       -4.18620313501403        8.76529326283603
H           -0.79638184010276       -4.61586833457843        8.02407281555009
H           -1.53473908607835       -6.82644180616192        8.52505354557106
H            0.00456213007691       -8.35349127533050       10.72135792662972
H           -0.58837234419541       -9.04291922672221        9.16054961454381
H            0.83503384714253       -7.37619036992306        7.89000549225249
H            1.42224084856943       -6.70550092408491        9.46381544088766
H           -2.08639858497930       -3.14551615349876       11.04964518084200
H           -0.95065206219287       -4.00817458336938       12.09873978076926
H           -0.30678611963369       -1.62369082522629       11.77954786249861
H            0.94939719866588       -2.74182558250981       11.20226171863996
B            3.45883244545385       -1.45444891226901        1.62869286808102
N            3.45570691766466        1.12955659138776        0.94056107216006
B            2.53955427702434        2.36240662088929       -1.26034742211057
N            2.29323816043196       -0.64162115317939       -2.73045015816875
B            0.69054928511864       -3.56102901617676        2.70330398173239
N           -2.94035319930661       -2.65583739680522        1.71006144276011
B           -1.03930947716058        4.08524048297034        1.83425857090533
N           -0.61974040364373        0.01770790892714       -3.94199720352836
B           -0.47350346066353        1.44554602901924       -4.09088857202885
N            1.20981339654050       -3.78729190128202       -1.73932486538752
B           -3.84416271517462        2.20971602147235       -0.49248132057143
N           -2.77260164716708        2.76371353870282       -1.21093701673846
B            1.40541678348341        0.81858508888317       -4.88885639383797
N           -0.23553065764743        3.36415600955140        2.83434415048067
B            0.89846540643831       -2.87936279844408       -2.81334101462963
N           -0.49141027345714        3.76626375232593       -1.00921384583254
B           -0.80599873126662        2.18278465468575        3.28611321787818
N            1.65525100811513       -1.27478938214612        3.50306499156764
B           -0.24808066475022        3.47007382248121       -2.37878152813709
N            1.30565862528105        0.06741345938727        3.81463580551418
B           -1.59752017799615       -0.55976703985302       -3.08436236957389
N           -3.83235364824435        1.77634135638143        0.83233236890362
B            0.33636674023364        4.49475184278566        1.18531417623109
N            0.04240686243727       -0.01529893368804        4.45563103094177
B           -2.70915818170256        2.22711816199154        1.60350083055572
N            3.77285270363694       -0.13272390711477       -0.76529273369581
B           -2.25318721397471       -3.63884488559684        1.00808705797865
N            1.05575534415323        3.73302642005535        2.23638977710865
B           -1.82577236618512       -0.77784302015326        3.22060400389356
N           -2.43668233649641       -3.60228895572925       -0.45078310744334
B            3.01855624815840       -1.07337097992712       -1.50239659570639
N           -3.15718258674954       -1.25270088773931       -0.38372806579986
B            2.03454837076270        2.92241138911179        1.56279220841138
N           -0.50725543159889       -2.90005458903747       -2.43251459724857
B           -1.67344663924606       -2.11271696301924       -2.49147954370912
N            0.59038761758546        3.96427203685133       -0.10934623301414
B            1.09049192112639        2.96014710675743       -3.18215533482966
N            0.07712944196971       -4.35990000794105        1.72229505074993
B           -1.78374050707030        3.45218806057747       -0.40647696210439
N           -2.01340403400917        3.41820074015956        1.03263563221900
B            1.46579765483489       -4.21160163695141        1.49935245348234
N           -0.79616919091462        1.06129984699122        4.19167359846207
B           -2.66595796341829       -2.40181159840892       -1.17491634507254
N           -1.07480633392605       -4.48545610588888        0.99178362813889
B           -2.50305698754994        0.49160440904317       -2.10830555052327
N            2.35245453741422       -3.88728625405526        0.45341830753673
B            3.91166974460606       -0.20247987193478        0.72651151290100
N            1.92875916483057        1.95719861113502       -2.46491281755399
B            1.00094153915279        2.25489158037725       -4.62230839423515
N           -4.18539215742460        0.82898077460284       -0.34634176108112
B           -1.33848606434263        2.45388134738157       -3.11388554139837
N           -2.35930918538116        1.93289195774118       -2.30491652741180
B            3.07299508255408       -2.64508698309590        0.60147408966704
N            2.33561363663878       -3.67393303088683       -0.97063432927705
B            2.21696147424412        0.54626903999426        2.81050004532057
N           -2.02412915043279        0.61047967224217        3.59988670887084
B           -1.10143026938463       -4.18343710182022       -0.44064233401645
N           -3.21729935875577        0.04163313760381       -0.95783442705132
B            3.44725526753224        1.25853532124316       -0.51333576568039
N            2.58194414757336        1.63272784742214        1.93741499554623
B            1.47196434006380       -1.55452116821124       -3.51533665201191
N           -2.10177627289327        1.75303061676061        2.76107363050014
B            2.04065795224721        0.71225959023208       -3.21122393355715
N           -2.72174978423451       -1.34246332750440        2.32128489481724
B            0.65849496045913       -0.53842512742572       -4.48669599239121
N           -0.16843577374169       -3.75935343008871       -1.35607346107806
B            0.48489031647160       -2.10606579367177        3.43443638726997
N           -0.58783259394281       -1.20638279024350        3.82511329629169
B           -3.22408557416821       -1.45139541713592        1.00099210750569
N            2.67087622083859       -0.85604318554410        2.62153323062709
B            1.87863685742048        3.33904932690226       -0.10529912005085
N            2.87729032644529       -2.33188842630698       -0.79318740470694
127
 energy: -241.983651147049 gnorm: 0.008110990126 xtb: 6.7.1pre (5071a88)
O           -0.09167901737987        0.03895377840376        8.34237602554932
C            0.11464961181942       -0.45067144707040        9.43393576551716
C            0.69105578630509        0.38600069618140       10.54596431444605
C            0.04506939801655        1.55433916787528       10.93348630483025
C            0.59067161553350        2.40636378137558       11.88320451736439
C           -0.15734456386050        3.63114353918113       12.34951860246793
C           -0.79497155517144        4.41032377915519       11.23598962317714
N           -2.07506729722603        4.31312606220267       11.13712602113499
N           -2.72398345753486        4.99602409845069       10.19441288146777
C           -2.18394163232790        5.84424913301053        9.25745156382063
O           -2.89380700743427        6.42254676674395        8.45912862257969
C           -0.72361393719827        5.96206658009332        9.35630218953450
C           -0.04219186196710        6.79050750492146        8.46740041735735
C            1.32518147979256        6.91896403589841        8.55730245826817
C            2.02413816655053        6.22024289434457        9.53778691261031
C            1.36625744853177        5.39260995217490       10.41943222969641
C           -0.02292392382816        5.24456023003532       10.34687678266022
C            1.82446868252228        2.08954145041371       12.43793109860239
C            2.50689883748478        0.95398014747533       12.04484186606279
C            1.93617265119531        0.12007720832097       11.10226527612580
F            2.61903113135253       -0.98027376779529       10.71444438704712
N           -0.14499872944342       -1.74849652414378        9.70349422546445
C           -0.68095647779669       -2.56942761378301        8.63340871766525
C           -0.32042556447294       -4.03812227775867        8.82963427926835
N           -0.81586807627063       -4.51663165236382       10.10468926431849
C           -1.05115670995506       -5.81570408823418       10.41002194604010
O           -1.46081982203507       -6.14181168058053       11.50879932586721
C           -0.78509416092070       -6.81264107374694        9.31221222780779
C           -0.22903124603574       -8.15416782491688        9.68206427239195
C            0.62139216989434       -7.17482440876522        8.93414536121349
C           -1.06046840656336       -3.51004615864281       11.11813342957888
C           -0.05457809646668       -2.36824608088486       11.00896082503921
H           -0.90504728612461        1.79098345005800       10.48065508841607
H            0.51918306192767        4.28169876978539       12.90685913803354
H           -0.95924430972565        3.31298322557505       13.02175238322158
H           -3.72970347949638        4.86212609234345       10.18589684792404
H           -0.61594570425514        7.31736858736768        7.72139378698137
H            1.85600200506242        7.55907259165558        7.86995490041062
H            3.09594648072293        6.32878092038886        9.60754898666055
H            1.92715697432378        4.85296944610303       11.16560474588603
H            2.26208996284695        2.73396697251606       13.18643230236117
H            3.47383367901852        0.71076001984126       12.45525834811195
H           -1.77062950832310       -2.45398982253575        8.57813206595069
H           -0.25891547550715       -2.20265756966274        7.69357780841372
H            0.76857630008222       -4.16140586616608        8.77209928501202
H           -0.77111943566569       -4.61401286078892        8.01827379726083
H           -1.52708345963853       -6.78919733697725        8.52063966715959
H           -0.01047590682274       -8.33198568495462       10.72309700890901
H           -0.59939279359259       -9.02382450830881        9.16093278108445
H            0.84102908572130       -7.36223947611642        7.89393216122043
H            1.42729189661835       -6.69719664279390        9.46983962907096
H           -2.08348277437894       -3.12252805361243       11.03380439385977
H           -0.96663370627759       -4.00156819115041       12.09083831768013
H           -0.27763579701535       -1.62637416020687       11.78227457013949
H            0.95621873759253       -2.75793755363449       11.18337866296040
B            3.45883850289146       -1.45474943685325        1.62906137433960
N            3.45541722185233        1.12931469431872        0.94119332052065
B            2.53934639957867        2.36243935020151       -1.25948110369586
N            2.29323568737808       -0.64135708622253       -2.72999685947345
B            0.69032401692437       -3.56168448666566        2.70357707949290
N           -2.94083248204828       -2.65676021084252        1.71049438878160
B           -1.03953806507163        4.08536723675223        1.83564448769872
N           -0.61975611777857        0.01799624654650       -3.94157350656505
B           -0.47339497044573        1.44587296131810       -4.09012513834259
N            1.20994081813819       -3.78740561740286       -1.73928420000978
B           -3.84409533094103        2.20974437820953       -0.49166314655325
N           -2.77254710803820        2.76382916098798       -1.21006357346993
B            1.40534050377434        0.81906624827355       -4.88825312436320
N           -0.23577531574901        3.36405696867559        2.83536015981681
B            0.89855357807941       -2.87910371022135       -2.81306806199893
N           -0.49139521922104        3.76638823573696       -1.00819902953316
B           -0.80595877128512        2.18257913797754        3.28741853820022
N            1.65482365010848       -1.27543867669592        3.50285224051548
B           -0.24801286348730        3.47032041528378       -2.37775858878430
N            1.30503370912963        0.06654601123983        3.81416789647513
B           -1.59738024512327       -0.55950910462102       -3.08379430157914
N           -3.83235380015751        1.77623140633391        0.83303904535666
B            0.33616389497781        4.49448549915883        1.18646857838869
N            0.04231532994353       -0.01606961912372        4.45588967867585
B           -2.70932810245769        2.22726339947888        1.60448762233524
N            3.77290052923943       -0.13270208084715       -0.76477479710859
B           -2.25329343227536       -3.63924273366629        1.00808693426469
N            1.05554655098387        3.73276223516202        2.23740431450841
B           -1.82593282134227       -0.77866673310362        3.22105524575362
N           -2.43656713519708       -3.60244808306800       -0.45067995989572
B            3.01857828577918       -1.07320333743150       -1.50200530589818
N           -3.15682605489387       -1.25285809067627       -0.38313208808929
B            2.03439497118140        2.92226554935719        1.56376076850821
N           -0.50709476132676       -2.89982849082785       -2.43215782306940
B           -1.67329350833922       -2.11249538186586       -2.49109974857837
N            0.59037558848267        3.96434071337242       -0.10828764961914
B            1.09050846831107        2.96056172332424       -3.18137887024061
N            0.07694908145827       -4.36050794507652        1.72251295396319
B           -1.78379462276157        3.45231126923295       -0.40533965433022
N           -2.01359482884232        3.41841157814400        1.03360549340356
B            1.46558757756592       -4.21167338290204        1.49935195535524
N           -0.79582948962334        1.06024699081474        4.19099014833803
B           -2.66572757875371       -2.40170144156961       -1.17455324706894
N           -1.07498281082704       -4.48614169135858        0.99186986670793
B           -2.50275918435248        0.49173723808733       -2.10744740863534
N            2.35227652483722       -3.88738341126641        0.45352787927795
B            3.91159872347839       -0.20261013373282        0.72709485422175
N            1.92875318177102        1.95747617832238       -2.46424327310130
B            1.00092561762765        2.25539069612075       -4.62160722843360
N           -4.18510990202272        0.82891043118902       -0.34535248516907
B           -1.33832940402649        2.45409960358765       -3.11292923714002
N           -2.35911921174849        1.93305839389034       -2.30397357866760
B            3.07293757102288       -2.64517615776624        0.60165428728025
N            2.33572513887482       -3.67399208713460       -0.97052303993832
B            2.21671241226904        0.54589406988442        2.81115699432038
N           -2.02344597512212        0.60961227437427        3.59920899313929
B           -1.10131981764109       -4.18353505416442       -0.44050639777644
N           -3.21679827823318        0.04165128380262       -0.95692408621140
B            3.44706948456016        1.25850617390684       -0.51260336697576
N            2.58181651599389        1.63247519684329        1.93812982952014
B            1.47198524772239       -1.55414427255226       -3.51496324281996
N           -2.10182413270284        1.75278745109080        2.76164701026251
B            2.04060735247819        0.71264356696238       -3.21066796157377
N           -2.72213772448933       -1.34343546321009        2.32188560189573
B            0.65847209744477       -0.53803648201369       -4.48633273874020
N           -0.16830894916981       -3.75939997155204       -1.35589320893645
B            0.48456064888483       -2.10694194096800        3.43498744289524
N           -0.58809371280101       -1.20737872167302        3.82591832156592
B           -3.22397832847357       -1.45188793837610        1.00153795903826
N            2.67090712796019       -0.85665696678408        2.62197545606685
B            1.87855052972624        3.33905417134542       -0.10428610924944
N            2.87737253413772       -2.33192275337130       -0.79295299095266
127
 energy: -241.984284407081 gnorm: 0.006787023778 xtb: 6.7.1pre (5071a88)
O           -0.10646168811936        0.05237539127087        8.34258176116221
C            0.10554683823707       -0.44479594143852        9.42990440517484
C            0.68387950945872        0.38308648029696       10.54647320496288
C            0.03589896668136        1.54673603552638       10.94025005425842
C            0.58748006489815        2.39788520190329       11.88786998817275
C           -0.16506639565762        3.61832083990406       12.35352437405440
C           -0.79199682017471        4.39678565356791       11.23342777115784
N           -2.07466007105500        4.29832340020051       11.13157166224265
N           -2.71987276283653        4.97770980978894       10.18778908742102
C           -2.18007323798899        5.83433209548923        9.25371161957635
O           -2.89553982372326        6.41559093208839        8.46343715432993
C           -0.72104221844879        5.94822103578163        9.35319711484563
C           -0.03690546122901        6.78166486035675        8.46867446875610
C            1.33035283644738        6.91026555335154        8.55953230659707
C            2.02995663605723        6.20160526428305        9.53440225151586
C            1.37057525934333        5.36870795236271       10.40968332883175
C           -0.02090075575341        5.22638060839803       10.34066086122773
C            1.82890435666965        2.08835806397075       12.43078974160058
C            2.50523507181259        0.94628547569099       12.04178892275644
C            1.92504090464809        0.11029576997353       11.10757023893819
F            2.59910171901840       -1.00140458260850       10.73045027381369
N           -0.15564521115670       -1.74156161024213        9.70043113713338
C           -0.69373666294732       -2.56113032979756        8.63033345474372
C           -0.31288925921659       -4.02290028112836        8.82716705757536
N           -0.82056270989468       -4.49876501255994       10.09763433832929
C           -1.03671881947636       -5.79911154719985       10.41337502362354
O           -1.42275338028738       -6.12822264221852       11.52028556288773
C           -0.77977154270747       -6.78886418855953        9.31037957392574
C           -0.23771291312104       -8.13474114132239        9.67860461327582
C            0.62765422032415       -7.15902526679961        8.94248395807195
C           -1.06470517770585       -3.49307467260234       11.11133505421725
C           -0.04435596015007       -2.36729314875527       11.00048812876828
H           -0.91842775083397        1.78403983595081       10.49461111677162
H            0.50273199955252        4.26622396072158       12.92400590421959
H           -0.97777978704180        3.29629212582311       13.01014060187950
H           -3.72529848806692        4.84240453931346       10.18266351598314
H           -0.61504991706978        7.31180238985059        7.72751157222790
H            1.86285602207054        7.55637450806443        7.87853142110187
H            3.10240911133155        6.30861370981379        9.60392086525918
H            1.92669305650627        4.81691360633560       11.15168707342958
H            2.27438361214186        2.74271298636902       13.16654328640819
H            3.47374570367766        0.70089498828892       12.44721324012358
H           -1.78601950104391       -2.46262097010474        8.59156905242622
H           -0.29052716636726       -2.18155264049564        7.68735788207197
H            0.77971777224659       -4.12709877848867        8.78813998651001
H           -0.73833674502648       -4.61063543710739        8.01037989051538
H           -1.51539709288077       -6.74284091324093        8.51386375241737
H           -0.03239479020580       -8.30985667943026       10.72353532148733
H           -0.60935767654260       -9.00184231479222        9.15476039576664
H            0.85239196255909       -7.34328506507357        7.90240229709466
H            1.43466171162931       -6.68909402636150        9.48447153443908
H           -2.08099278947754       -3.09073117745404       11.01337671631026
H           -0.98962783821440       -3.98796012560980       12.08361826863771
H           -0.23445304712990       -1.62648080980639       11.78431429469744
H            0.96356134911974       -2.77738285636180       11.14862773433627
B            3.45891870952987       -1.45536986664342        1.62963461844625
N            3.45506378173893        1.12884448570712        0.94240525479413
B            2.53907600841504        2.36252696686167       -1.25787634235551
N            2.29321332037609       -0.64085394863308       -2.72911128694423
B            0.68998445812961       -3.56291847996968        2.70395981668006
N           -2.94159666253885       -2.65828554095933        1.71119447046817
B           -1.03979369211063        4.08545730578795        1.83774077465916
N           -0.61974454971680        0.01857749595535       -3.94068200493505
B           -0.47326993128883        1.44649365088514       -4.08875939043912
N            1.21010263709330       -3.78749897179359       -1.73921689294157
B           -3.84406289098525        2.20972610652701       -0.49030093200845
N           -2.77250720412509        2.76401377303304       -1.20849912330384
B            1.40526038160050        0.82001255925977       -4.88706112313241
N           -0.23630128703120        3.36386834280023        2.83729382820758
B            0.89865719704594       -2.87865740829280       -2.81261558534461
N           -0.49146631759176        3.76671442936785       -1.00637187265556
B           -0.80611956803991        2.18217155250752        3.28934114787884
N            1.65423499581324       -1.27668390975005        3.50268504788357
B           -0.24798091092890        3.47085579880581       -2.37595479430061
N            1.30448585267656        0.06510134338640        3.81404978866727
B           -1.59715254624110       -0.55904498900365       -3.08274197054587
N           -3.83238135489260        1.77605422183118        0.83431148877783
B            0.33600959131479        4.49416034413975        1.18850193251979
N            0.04225701303429       -0.01729295390063        4.45671991542151
B           -2.70954207862143        2.22729131319860        1.60596929810338
N            3.77295549119963       -0.13268755116704       -0.76379701832488
B           -2.25351879433046       -3.64010244253689        1.00818682034064
N            1.05518539680965        3.73220547440678        2.23930306391797
B           -1.82612774006962       -0.78012045990551        3.22176525036418
N           -2.43640718172498       -3.60269462748355       -0.45048209986821
B            3.01861923629685       -1.07297038239231       -1.50127498218636
N           -3.15641806988310       -1.25315216266071       -0.38210234037215
B            2.03407795918195        2.92175937111804        1.56553046260696
N           -0.50688858506455       -2.89941043448270       -2.43154472006577
B           -1.67309552138434       -2.11210748270594       -2.49037713359021
N            0.59028848956058        3.96445504864427       -0.10635872916743
B            1.09050506630049        2.96128360979183       -3.17979504438860
N            0.07671281963421       -4.36148724685541        1.72267726921255
B           -1.78394466260699        3.45256848433025       -0.40347294647338
N           -2.01394378537610        3.41871336009308        1.03533556327793
B            1.46528506661384       -4.21197517622149        1.49929644361329
N           -0.79565374662168        1.05875877191213        4.19059933154143
B           -2.66548798349635       -2.40161528953313       -1.17394028297001
N           -1.07519293466304       -4.48715178869813        0.99191307819160
B           -2.50231658589389        0.49195391193146       -2.10591300164334
N            2.35207486749574       -3.88761307354464        0.45365982334901
B            3.91164177829184       -0.20289468395974        0.72810491940578
N            1.92867901508089        1.95795567647736       -2.46286842258530
B            1.00092790149599        2.25631791555765       -4.62015267603010
N           -4.18474702656748        0.82877974870345       -0.34371170317870
B           -1.33809789899759        2.45451242928117       -3.11120977920506
N           -2.35883901437875        1.93332960730794       -2.30231406725674
B            3.07289490104631       -2.64546525802965        0.60193789528066
N            2.33583745804122       -3.67406007331185       -0.97036542954752
B            2.21666094417249        0.54501960638255        2.81232765038656
N           -2.02274709925841        0.60817350994160        3.59855239297797
B           -1.10118279395710       -4.18377313747710       -0.44034285471199
N           -3.21609457508866        0.04166754998309       -0.95533198117727
B            3.44683319485797        1.25843314795471       -0.51126932227799
N            2.58165248500760        1.63188799616330        1.93949959038592
B            1.47202914331489       -1.55349180700148       -3.51425353316364
N           -2.10215538916787        1.75242874712621        2.76289409503739
B            2.04056157025162        0.71331813607581       -3.20956130718931
N           -2.72264303254895       -1.34513856605088        2.32292326428869
B            0.65848307564684       -0.53727516244238       -4.48556721806367
N           -0.16813149410384       -3.75944626109123       -1.35562009792882
B            0.48414282244224       -2.10846068558587        3.43583738248831
N           -0.58845716094966       -1.20900555194967        3.82742432856653
B           -3.22389304352167       -1.45285342584997        1.00246274029139
N            2.67104668509023       -0.85775707298784        2.62278596587413
B            1.87834402930359        3.33897788600798       -0.10243901310295
N            2.87745354698376       -2.33198672155327       -0.79256290859246
127
 energy: -241.984575523251 gnorm: 0.006692402984 xtb: 6.7.1pre (5071a88)
O           -0.11842165549240        0.07087073446868        8.34476340458709
C            0.09902283722130       -0.43427009352661        9.42770627422046
C            0.68230679993573        0.38564604031592       10.54449364922676
C            0.03197043065382        1.54506895731936       10.94494315511317
C            0.58723787156260        2.39462706855089       11.89233623375410
C           -0.17116184113818        3.61034474234358       12.35895445471293
C           -0.79335258260807        4.38726374345229       11.23406245646570
N           -2.07663762880580        4.28739155703399       11.12946615160700
N           -2.71924212344233        4.96265695407393       10.18071991794225
C           -2.17709387167399        5.82458220968255        9.25095923706809
O           -2.89219549046337        6.40922371184785        8.46302578375806
C           -0.71908478353528        5.93728717907076        9.35241712884860
C           -0.03253820037129        6.77302736865856        8.47067985796393
C            1.33479273407764        6.89886438759134        8.56221332707380
C            2.03389645246725        6.18168493660508        9.53201951911429
C            1.37224737058273        5.34754502737207       10.40451134878263
C           -0.02066170839989        5.21286988519983       10.33808058655748
C            1.83256150851264        2.08725017420693       12.42748544638137
C            2.50653708128814        0.94354312316764       12.03727018376697
C            1.92247677258456        0.10836250360402       11.10531908026318
F            2.59330203255946       -1.00591935807260       10.73020614802934
N           -0.16499575489356       -1.73135785158931        9.69570779035095
C           -0.70528675561754       -2.55159937652164        8.62645647715594
C           -0.31267875357699       -4.00898966204185        8.82566639137753
N           -0.83112516132635       -4.48606685801126       10.09210899577082
C           -1.02694360178280       -5.78930390515816       10.41393567778932
O           -1.39373508077393       -6.12416077642677       11.52562644171870
C           -0.77442305094600       -6.77356575670203        9.30751158255010
C           -0.24385586088325       -8.12431828827463        9.67367868642884
C            0.63497016482897       -7.15028028596340        8.95125180277258
C           -1.07008382430891       -3.47892906563920       11.10647888403696
C           -0.03913263043527       -2.36463421174477       10.99131859323684
H           -0.92585954876127        1.78128589964039       10.50576640309232
H            0.48799144436605        4.25905911197313       12.93864026771224
H           -0.98903521852990        3.28303462625793       13.00612565679280
H           -3.72457060031948        4.82701943156591       10.17385172303838
H           -0.60993107342026        7.30667691283766        7.73109831811795
H            1.86879770742922        7.54888729295663        7.88565740513725
H            3.10719684798979        6.28412721607358        9.59937123552262
H            1.92615177655017        4.78769107241134       11.14236674434606
H            2.28220362459878        2.74387611310952       13.15816905318257
H            3.47515802044865        0.69532292753856       12.44106289890682
H           -1.79855741729407       -2.46222545389986        8.59864514516322
H           -0.31434527823885       -2.16622445343964        7.68117746332372
H            0.78188061707314       -4.10104626887496        8.80273008132793
H           -0.71879309668029       -4.60420058512232        8.00482993548928
H           -1.50237599470494       -6.71223938275698        8.50534390751166
H           -0.05110997772068       -8.30063455987100       10.72120931288369
H           -0.61395095093774       -8.98800716399489        9.14369033042777
H            0.86611478575212       -7.33044184390538        7.91161961696742
H            1.44053572475416       -6.68698323080548        9.50140499567177
H           -2.08149559414558       -3.06613934927049       11.00137150582716
H           -1.00525392874099       -3.97396374846622       12.07883522155896
H           -0.20389092224542       -1.62545191932224       11.78206796617231
H            0.96627562246260       -2.78879800066011       11.11812172701807
B            3.45903373037490       -1.45606181065113        1.63024954680026
N            3.45484675375936        1.12833216508630        0.94377168928226
B            2.53891125554747        2.36263406035773       -1.25612802982406
N            2.29316776303572       -0.64032512577221       -2.72813467111081
B            0.68973380070376       -3.56416662792586        2.70428303823336
N           -2.94223872929612       -2.65969249428468        1.71181737954357
B           -1.04001022901640        4.08531477753002        1.83983005607569
N           -0.61968933694407        0.01926045139682       -3.93959863508994
B           -0.47314286233291        1.44719884470672       -4.08723328199339
N            1.21020482117669       -3.78750595817029       -1.73914045784414
B           -3.84409397553745        2.20965489533444       -0.48885039287780
N           -2.77251128046092        2.76417540307707       -1.20679367016428
B            1.40524080910511        0.82101655297753       -4.88573176526687
N           -0.23682414323881        3.36352035740100        2.83943526993486
B            0.89871724094839       -2.87818231218402       -2.81217264955653
N           -0.49158860190475        3.76701199258004       -1.00440340597604
B           -0.80648581646063        2.18165288255739        3.29126113783548
N            1.65376560014238       -1.27800337736994        3.50275213534012
B           -0.24802978185078        3.47139346345453       -2.37403128740728
N            1.30422550181219        0.06367261247958        3.81451752374830
B           -1.59694010137109       -0.55853733070075       -3.08159473267650
N           -3.83241792766406        1.77578613229678        0.83571217984045
B            0.33590051815583        4.49380005994613        1.19067685932038
N            0.04221838986159       -0.01853829606568        4.45783767078455
B           -2.70969589697071        2.22705300421665        1.60746724836564
N            3.77297087406928       -0.13270101282951       -0.76272080233726
B           -2.25373088473872       -3.64099910930122        1.00832380201943
N            1.05483674117555        3.73148077064977        2.24135967550458
B           -1.82621972037987       -0.78155551379717        3.22247527134940
N           -2.43630847157812       -3.60293050219150       -0.45030378952338
B            3.01862318112159       -1.07277121357014       -1.50046405446890
N           -3.15619119683297       -1.25344048061955       -0.38108997975686
B            2.03372502200517        2.92104602105668        1.56744880323617
N           -0.50676369054839       -2.89898232462786       -2.43099081765698
B           -1.67299222502259       -2.11172989728259       -2.48968319534973
N            0.59016015500897        3.96445781115570       -0.10429153447275
B            1.09046316339310        2.96197441936377       -3.17796545793003
N            0.07656558272698       -4.36241069156928        1.72270180888836
B           -1.78410250708897        3.45276877816796       -0.40155250239353
N           -2.01424018877045        3.41878243085988        1.03722609517234
B            1.46508217617926       -4.21244180388618        1.49924466536153
N           -0.79571407199392        1.05735663530198        4.19094660279322
B           -2.66537877269236       -2.40159232975460       -1.17336162084235
N           -1.07532715588162       -4.48801471452650        0.99186428110841
B           -2.50197920822364        0.49218966405275       -2.10435604370928
N            2.35197460820804       -3.88790627190075        0.45377518914081
B            3.91175360511942       -0.20325524842843        0.72916304633048
N            1.92858089288675        1.95843152488534       -2.46126538748974
B            1.00100167927742        2.25727607290603       -4.61847376117137
N           -4.18450441746864        0.82863487458186       -0.34211189083232
B           -1.33797918377736        2.45501386317979       -3.10944109666909
N           -2.35863976109829        1.93362357539936       -2.30059925805528
B            3.07289270165777       -2.64583384493688        0.60225651521871
N            2.33588605064243       -3.67409817584191       -0.97021289483068
B            2.21681701810236        0.54398601643095        2.81362289458317
N           -2.02238620604634        0.60671673819621        3.59850062429435
B           -1.10110437736144       -4.18403738407132       -0.44027073136367
N           -3.21559314801678        0.04166389110324       -0.95378128835059
B            3.44667827322155        1.25833735239295       -0.50982395762724
N            2.58154339175067        1.63116720652833        1.94105795504603
B            1.47206828786132       -1.55282166986493       -3.51351032897650
N           -2.10260789284506        1.75194236820343        2.76443634055618
B            2.04050697542281        0.71399033462135       -3.20828794926324
N           -2.72298534366395       -1.34678636559307        2.32395534061364
B            0.65851173584128       -0.53643917624398       -4.48468016153078
N           -0.16801040772982       -3.75943863936039       -1.35539231624168
B            0.48386232071616       -2.10992327870877        3.43658538809607
N           -0.58873988916846       -1.21057012037533        3.82897426373782
B           -3.22388986448456       -1.45383231116340        1.00336979612482
N            2.67118347980715       -0.85886527171922        2.62365567983773
B            1.87810774582236        3.33877610326565       -0.10044581167283
N            2.87748615633710       -2.33204488128413       -0.79213874543110
127
 energy: -241.984814921614 gnorm: 0.005436182242 xtb: 6.7.1pre (5071a88)
O           -0.13205151593126        0.09297610883309        8.34752065228894
C            0.09269385026724       -0.42021197822254        9.42557128343064
C            0.68332118780499        0.39182927775595       10.54091088837419
C            0.03047567476628        1.54666105459187       10.94971684011356
C            0.58764885971473        2.39403906069951       11.89821423475775
C           -0.17771910598353        3.60455110307514       12.36634623281490
C           -0.79783346434872        4.37834608644086       11.23698938349837
N           -2.08044329737129        4.27740943013992       11.12907057268319
N           -2.72024275485002        4.94766167187089       10.17277910731081
C           -2.17419514488438        5.81337516054036        9.24876968786383
O           -2.88537326301606        6.40119964016810        8.45941659397232
C           -0.71671379968536        5.92535723957909        9.35329354207896
C           -0.02727467947416        6.76125874132853        8.47363962207909
C            1.34042322612659        6.88139528791912        8.56569180139924
C            2.03770382882362        6.15576615598880        9.53057935476305
C            1.37272585234775        5.32334576339872       10.40234590168414
C           -0.02119686623917        5.19867138507963       10.33812971729214
C            1.83526483700183        2.08689673618252       12.42721227739528
C            2.50976557132999        0.94538078173969       12.03083766086892
C            1.92526812707034        0.11284196920998       11.09699520540274
F            2.59630122832173       -0.99850184317620       10.71734682172841
N           -0.17479029344597       -1.71773238439130        9.68903418955066
C           -0.71842619397153       -2.53883996356205        8.62123315637188
C           -0.31846173063756       -3.99321782385618        8.82281728311435
N           -0.84782887433039       -4.47370577054130       10.08483025942333
C           -1.01871842639664       -5.78026342406102       10.41156587845879
O           -1.36460410325548       -6.12130685295173       11.52793183430587
C           -0.76702303697580       -6.76011361031621        9.30236402040279
C           -0.24984312843327       -8.11695786640152        9.66672861164749
C            0.64521734281025       -7.14475118175069        8.96203917204794
C           -1.07656845979261       -3.46439166604663       11.10092879543348
C           -0.03617984455002       -2.35998863316744       10.97985424303360
H           -0.93004241363393        1.78126389909685       10.51609379893356
H            0.47286304749040        4.25630514826852       12.95229277234595
H           -0.99771342309157        3.27089806463138       13.00713939489784
H           -3.72544375999530        4.81156293792064       10.16033366903967
H           -0.60088224821332        7.29957268116189        7.73446156007846
H            1.87648351538509        7.53297685248798        7.89214746695570
H            3.11208518007564        6.25018149292491        9.59406535970230
H            1.92514864731722        4.75725683972295       11.13617408017509
H            2.28711042251610        2.74141783318693       13.15768213304702
H            3.47863921911256        0.69512527006034       12.43323428661282
H           -1.81174871931865       -2.45429965444233        8.60150222473625
H           -0.33607119651152       -2.15157939532706        7.67400338189832
H            0.77686154853916       -4.07661573395243        8.81459148650316
H           -0.70848212070637       -4.59243806352083        7.99839988463197
H           -1.48372734352706       -6.68581259951191        8.49185364766690
H           -0.07256128525237       -8.29830168560604       10.71631526909902
H           -0.61736436182981       -8.97544404668982        9.12683974124033
H            0.88650203285833       -7.32009092876582        7.92372528672033
H            1.44700083820805       -6.68934127796149        9.52416554575510
H           -2.08357789846238       -3.04222481215553       10.99400618432249
H           -1.01648427973248       -3.95859942653601       12.07333430530974
H           -0.17861121832087       -1.62371944166248       11.77618615253136
H            0.96616700809328       -2.79573956191059       11.08685316446235
B            3.45917140356137       -1.45699889047435        1.63113721879941
N            3.45469168673685        1.12764982827165        0.94569623549159
B            2.53880443221129        2.36278343236115       -1.25371256272574
N            2.29310259099283       -0.63963292092734       -2.72680418599634
B            0.68950004006332       -3.56572927383962        2.70461741393830
N           -2.94290655618220       -2.66132972127919        1.71252994999625
B           -1.04027767138036        4.08481867742524        1.84268349868310
N           -0.61958886986752        0.02025498293703       -3.93804382251665
B           -0.47304471450201        1.44822288510640       -4.08517086801710
N            1.21028979306571       -3.78744432760656       -1.73901541053607
B           -3.84417672614539        2.20950417530715       -0.48681029690974
N           -2.77255152408324        2.76433438950196       -1.20441484177433
B            1.40524474805574        0.82236179470393       -4.88391446559531
N           -0.23741159454250        3.36278795713394        2.84240264060345
B            0.89877058928930       -2.87754181144686       -2.81160239582974
N           -0.49176324521236        3.76728558405920       -1.00168579562792
B           -0.80707377963847        2.18077110675122        3.29385473801330
N            1.65323904390819       -1.27972965938586        3.50306143697747
B           -0.24815183473044        3.47205921460932       -2.37139752372569
N            1.30402320545662        0.06183699217537        3.81559829870273
B           -1.59673232099758       -0.55782475486071       -3.08010640105626
N           -3.83245776554203        1.77527612642497        0.83768043421039
B            0.33573937539394        4.49319821388416        1.19367658916834
N            0.04213371271376       -0.02026475690012        4.45947523922833
B           -2.70983793873511        2.22645116168172        1.60954255649160
N            3.77294784267127       -0.13273889910840       -0.76122705210643
B           -2.25395178577452       -3.64209223333312        1.00851675923199
N            1.05441218861288        3.73034659820852        2.24416873341570
B           -1.82627850436592       -0.78336423984959        3.22345375854789
N           -2.43624689935496       -3.60323057130202       -0.45009450134576
B            3.01857759411451       -1.07252732487379       -1.49932332427339
N           -3.15604795914356       -1.25379251692012       -0.37981992532144
B            2.03328574829892        2.91999077342671        1.57008088148221
N           -0.50666205864985       -2.89840966733095       -2.43032788641565
B           -1.67291515295501       -2.11120741635126       -2.48880101837963
N            0.58997760228687        3.96431093154746       -0.10146270264558
B            1.09037647202858        2.96279315179236       -3.17536963962304
N            0.07644884281597       -4.36353221078730        1.72263059995653
B           -1.78427877052282        3.45288021840892       -0.39893946128623
N           -2.01452457313875        3.41853510610947        1.03986738875615
B            1.46491854873303       -4.21319219017944        1.49918845698106
N           -0.79591665791371        1.05549623652800        4.19207085429550
B           -2.66534009196998       -2.40160413570207       -1.17264759090155
N           -1.07543702986281       -4.48897587012162        0.99174986193143
B           -2.50165628460054        0.49251390151052       -2.10235618301233
N            2.35193474799267       -3.88834838929837        0.45392585218835
B            3.91189562096448       -0.20378548620607        0.73060632509962
N            1.92847157509334        1.95901912244166       -2.45898006639379
B            1.00111061823292        2.25851868426123       -4.61609790743813
N           -4.18430757118742        0.82841358011076       -0.34008601405496
B           -1.33794236195388        2.45575156536672       -3.10709325668661
N           -2.35847840397062        1.93402615379862       -2.29832510686876
B            3.07290381412017       -2.64635846271315        0.60274270148795
N            2.33590724708357       -3.67412022126784       -0.96999945608918
B            2.21707086561508        0.54255395623904        2.81541265479546
N           -2.02217607838800        0.60479753472976        3.59907426703108
B           -1.10105654471134       -4.18437592411284       -0.44025057910572
N           -3.21516761690885        0.04162584470348       -0.95187526309580
B            3.44657901269390        1.25820884942712       -0.50782894307592
N            2.58145004928666        1.63013310129250        1.94324928043157
B            1.47211485332933       -1.55194211857795       -3.51252592397147
N           -2.10320706703979        1.75107853064144        2.76669723517882
B            2.04045951261789        0.71484871469699       -3.20649362397197
N           -2.72330509203359       -1.34877181301894        2.32526922907459
B            0.65856233236931       -0.53529081087306       -4.48341698480935
N           -0.16790985512273       -3.75937793178226       -1.35513675167343
B            0.48360231838321       -2.11172372354571        3.43743390863927
N           -0.58904538807581       -1.21254503295911        3.83091352682091
B           -3.22395408870390       -1.45502260531911        1.00451482351475
N            2.67128537223089       -0.86027135718534        2.62482320783376
B            1.87782044127950        3.33842736252073       -0.09771333013532
N            2.87748274179391       -2.33210521817808       -0.79152211626120
127
 energy: -241.985021196868 gnorm: 0.004375420199 xtb: 6.7.1pre (5071a88)
O           -0.14634978510154        0.11417140384914        8.34885648855971
C            0.08631149307576       -0.40512136674678        9.42253049421647
C            0.68526742852253        0.40043518829620       10.53621697632285
C            0.03029914317402        1.55076088120762       10.95406695389294
C            0.58706873865596        2.39524705603421       11.90524445645573
C           -0.18469532670201        3.60101044755970       12.37516767190447
C           -0.80439684192237        4.37029295096773       11.24183970016488
N           -2.08557595123073        4.26946493462780       11.13025462946528
N           -2.72197733023744        4.93502285440206       10.16598025587234
C           -2.17139910002386        5.80181269389771        9.24727019657299
O           -2.87668297991261        6.39210164979707        8.45390750211589
C           -0.71373877883841        5.91302002625300        9.35570381498982
C           -0.02079572570797        6.74647839238617        8.47708627231829
C            1.34776559005153        6.85786216676059        8.56877032131468
C            2.04177698525769        6.12510284255479        9.53003437501460
C            1.37243127263448        5.29773363821776       10.40348226426106
C           -0.02206104972728        5.18424714525730       10.34101451048433
C            1.83598421307331        2.08777571462692       12.42984578455346
C            2.51357775344234        0.95164330286184       12.02319446323402
C            1.93117633293939        0.12269675126371       11.08441197937590
F            2.60508910889331       -0.98199634947307       10.69472375615129
N           -0.18367007442880       -1.70290121407105        9.68106569590904
C           -0.73183096410747       -2.52355095420478        8.61464762679216
C           -0.32979265041172       -3.97702102306230        8.81671229534643
N           -0.86732624479046       -4.46153299669001       10.07492148782258
C           -1.01104389001917       -5.77077336663192       10.40614968770546
O           -1.33690051938764       -6.11611452255572       11.52687267296449
C           -0.75721585200255       -6.74784923585959        9.29495615584209
C           -0.25603235813600       -8.11162516467414        9.65835445749896
C            0.65798088637295       -7.14241741186666        8.97424176056571
C           -1.08249024410108       -3.45088603971501       11.09418796811446
C           -0.03481827992002       -2.35360406797492       10.96722832465116
H           -0.93215395889413        1.78348203624786       10.52473274998628
H            0.45976587825164        4.25691656196132       12.96297936783150
H           -1.00422965344978        3.26192724330049       13.01335840554096
H           -3.72701974655098        4.79839382029475       10.14595401909697
H           -0.58906617985851        7.28970511845970        7.73757108156561
H            1.88663265325764        7.50795158545210        7.89621746309455
H            3.11719507720997        6.20960123315922        9.58943629246266
H            1.92339443153399        4.72753347788854       11.13459598642247
H            2.28796364180958        2.73710700076027       13.16460748048366
H            3.48385746744677        0.70167915461797       12.42276929499825
H           -1.82470549793447       -2.43923928323609        8.59976899247897
H           -0.35357966030148       -2.13709701771008        7.66592798575204
H            0.76519868199676       -4.05639003210626        8.81809618062093
H           -0.71053337084693       -4.57609127149041        7.98955465757742
H           -1.45942173915585       -6.66271157690760        8.47334447963922
H           -0.09667670423671       -8.30160294909480       10.70930506912068
H           -0.62145129449887       -8.96307525661295        9.10581884858617
H            0.91324069661064       -7.31278524808232        7.93835923992817
H            1.45404830297988       -6.69641089565899        9.55178233685814
H           -2.08629037615685       -3.02129127500578       10.99174304098873
H           -1.02077463710610       -3.94506329919340       12.06617382831600
H           -0.16108895785603       -1.62116954609176       11.76792879235018
H            0.96453778144498       -2.79739361119943       11.05871650111285
B            3.45926318128839       -1.45815601283204        1.63233307433865
N            3.45459156884563        1.12681844441705        0.94817648289075
B            2.53872468778476        2.36296402776558       -1.25065824463799
N            2.29302723551694       -0.63878921433631       -2.72511620122952
B            0.68929125114636       -3.56757329573862        2.70498309973113
N           -2.94350286659068       -2.66311171829002        1.71329036954885
B           -1.04059037892809        4.08385485682206        1.84640519477269
N           -0.61954701999695        0.02151323929042       -3.93612193386883
B           -0.47298230983034        1.44952201551055       -4.08254610666736
N            1.21033885896711       -3.78728071068407       -1.73882172569519
B           -3.84428396639806        2.20924965495844       -0.48412647805372
N           -2.77260872508777        2.76444834608932       -1.20134596648238
B            1.40524782462011        0.82415649881116       -4.88159140312722
N           -0.23797014847726        3.36152079233239        2.84618279663480
B            0.89880616828664       -2.87673271955253       -2.81090983376371
N           -0.49195691799037        3.76746753639906       -0.99817780418110
B           -0.80778520290126        2.17938118678548        3.29715126742983
N            1.65269014830568       -1.28182941962231        3.50368792577557
B           -0.24828538476376        3.47281489431911       -2.36801231357312
N            1.30380511834743        0.05960193875342        3.81726034403204
B           -1.59658282156730       -0.55695651023896       -3.07830844690960
N           -3.83248571541038        1.77444897013154        0.84023951285278
B            0.33549964371176        4.49227041465072        1.19754809680879
N            0.04196970978913       -0.02255495025379        4.46156442369952
B           -2.70995765579853        2.22541788116570        1.61227741510231
N            3.77287103194751       -0.13278838827493       -0.75930801179776
B           -2.25414404500257       -3.64331473435571        1.00874057387404
N            1.05394060310359        3.72876241472823        2.24773322356592
B           -1.82632226359179       -0.78552472051736        3.22476331262535
N           -2.43625215955366       -3.60361370060902       -0.44986899976597
B            3.01848962843578       -1.07223676343928       -1.49783268636544
N           -3.15596641759128       -1.25419748836112       -0.37833577115601
B            2.03283499317404        2.91865749092559        1.57342515203202
N           -0.50659518172840       -2.89773280755424       -2.42960628994178
B           -1.67290958619939       -2.11060596780575       -2.48780577275209
N            0.58976484735146        3.96398326889416       -0.09783897476592
B            1.09031342398395        2.96382147084425       -3.17203563253557
N            0.07636640062948       -4.36486705116273        1.72250413623813
B           -1.78443867225253        3.45280507329633       -0.39558610291867
N           -2.01474452934696        3.41784685994961        1.04328483693558
B            1.46480716721987       -4.21425165752853        1.49918056438349
N           -0.79620480686906        1.05310073592604        4.19402380603392
B           -2.66536549677495       -2.40165050615138       -1.17181987200183
N           -1.07552736549300       -4.49004059079000        0.99157094342072
B           -2.50140061532456        0.49292962677268       -2.09998676725030
N            2.35193239833685       -3.88894786575456        0.45413497331461
B            3.91199251190711       -0.20447059592378        0.73245529892884
N            1.92836594204514        1.95971108764605       -2.45608640295025
B            1.00118489665002        2.26016938626673       -4.61306569775052
N           -4.18417499796940        0.82808545521503       -0.33767265010490
B           -1.33793143522484        2.45669408860566       -3.10412539259824
N           -2.35837205410190        1.93453430063852       -2.29552028568700
B            3.07288709515618       -2.64702495580224        0.60343748048437
N            2.33588692716447       -3.67411407944884       -0.96970537707457
B            2.21729731326162        0.54077396484507        2.81768247565985
N           -2.02211334167681        0.60242048122914        3.60040878794033
B           -1.10106059122702       -4.18477700273312       -0.44028700921142
N           -3.21487126513389        0.04153762024569       -0.94969957574806
B            3.44653339483653        1.25807853192689       -0.50528943281301
N            2.58137478132314        1.62880070783982        1.94605248585654
B            1.47213398666702       -1.55082585859036       -3.51127757593093
N           -2.10384754704474        1.74971847452315        2.76964920079209
B            2.04041669479902        0.71589459421164       -3.20421639666578
N           -2.72359188567499       -1.35098209503754        2.32681880804828
B            0.65862661090729       -0.53374897931387       -4.48176395000670
N           -0.16785039601593       -3.75926216085666       -1.35486304828937
B            0.48336827108496       -2.11385337421397        3.43841028192377
N           -0.58936077731391       -1.21493146613431        3.83311421699697
B           -3.22405559028881       -1.45633633844513        1.00586419464020
N            2.67126479721191       -0.86194542689520        2.62627206562244
B            1.87752128214869        3.33794761659685       -0.09424182966678
N            2.87743090410986       -2.33215911913489       -0.79067495426004
127
 energy: -241.985211733749 gnorm: 0.004758615641 xtb: 6.7.1pre (5071a88)
O           -0.16046017836111        0.13289682609521        8.34748298349613
C            0.08002346766451       -0.39035258973702        9.41746532895136
C            0.68645357783961        0.41035688656051       10.53066409536737
C            0.02937729287427        1.55589418275664       10.95806295265643
C            0.58408329862724        2.39669626499010       11.91325919569047
C           -0.19214852019783        3.59880662261308       12.38530866454180
C           -0.81171978268717        4.36318748424378       11.24862108250562
N           -2.09146090094190        4.26376728292351       11.13303371136864
N           -2.72352012899115        4.92577118781633       10.16186116491372
C           -2.16834525809838        5.79072924524132        9.24655211177245
O           -2.86729089774924        6.38188691521003        8.44767024867082
C           -0.70989151228246        5.89997823385332        9.35890384312546
C           -0.01253472965602        6.72810013913288        8.47985444221207
C            1.35726674989606        6.82879416872779        8.57044948833486
C            2.04661692310929        6.09119463294774        9.53042193291808
C            1.37190820033970        5.27177298688447       10.40756336884012
C           -0.02283990524287        5.16962336989064       10.34630072836553
C            1.83418984873605        2.08930701282903       12.43437368713012
C            2.51661959943426        0.96076627181205       12.01472830218021
C            1.93736233131794        0.13600846455183       11.06959243731736
F            2.61587138337522       -0.96022882146484       10.66621902205568
N           -0.19072402878054       -1.68827350305123        9.67189365816880
C           -0.74505040885519       -2.50596849626876        8.60633771633670
C           -0.34587785602947       -3.96076086134367        8.80571597529795
N           -0.88644484543111       -4.44869266157277       10.06178087093266
C           -1.00280040113892       -5.75954426896252       10.39779115243919
O           -1.30913946611649       -6.10679074296817       11.52317232129381
C           -0.74480643180422       -6.73524309229266        9.28567193388914
C           -0.26273006438090       -8.10642623788520        9.64904300460725
C            0.67280992003724       -7.14210112565414        8.98766456842773
C           -1.08661582476305       -3.43870220901079       11.08573272736622
C           -0.03399884112257       -2.34573163450613       10.95378798398510
H           -0.93459348840936        1.78694873301745       10.53198853372795
H            0.44969988748608        4.25865162303385       12.97123905172339
H           -1.00982181345958        3.25665711829098       13.02413358888324
H           -3.72835231425595        4.78854100959792       10.13407214029526
H           -0.57534934202883        7.27557982653972        7.73959091616789
H            1.89989878783125        7.47400787463393        7.89651098829450
H            3.12290013243979        6.16488061309460        9.58645094296030
H            1.92064742311836        4.69943649741770       11.13817940660043
H            2.28477446042163        2.73207863374206       13.17614150678949
H            3.48971204776182        0.71352748011704       12.40936284826689
H           -1.83741282856515       -2.41784265695648        8.59420402226904
H           -0.36749560632651       -2.12115880139700        7.65656796739834
H            0.74827255347639       -4.04094417721788        8.80918982525182
H           -0.72593189438881       -4.55595473021174        7.97670958647417
H           -1.42991799647604       -6.64038774922133        8.45096131352765
H           -0.12368312201540       -8.30731458755544       10.70078474662929
H           -0.62719394100047       -8.94927252602971        9.08234826119271
H            0.94560166076450       -7.30781353357063        7.95548604940087
H            1.46167989307078       -6.70720367404178        9.58343034835318
H           -2.08862838274322       -3.00369902650765       10.99319618148671
H           -1.01799686692492       -3.93500756282800       12.05640081432639
H           -0.15019491054988       -1.61721107689843       11.75831290566128
H            0.96313142361808       -2.79452760402904       11.03440452005375
B            3.45928266407626       -1.45956096143623        1.63387329325874
N            3.45453416075524        1.12582872191377        0.95126005388993
B            2.53866555373759        2.36319674892281       -1.24688799387402
N            2.29294951519916       -0.63777508976794       -2.72304808733456
B            0.68909904733286       -3.56972871749555        2.70536001218635
N           -2.94396506406305       -2.66502627132758        1.71410740628367
B           -1.04094762785186        4.08235006805937        1.85114171763113
N           -0.61954479353859        0.02309347204187       -3.93379313087787
B           -0.47296079778713        1.45116112944352       -4.07936891192953
N            1.21035697191516       -3.78698871391099       -1.73856797641169
B           -3.84441176080048        2.20886706521926       -0.48068601801787
N           -2.77269201691651        2.76449557763881       -1.19749726531165
B            1.40525621212000        0.82636366098334       -4.87872033035053
N           -0.23845376893813        3.35959150679254        2.85081519225594
B            0.89882917476689       -2.87572063938466       -2.81010353250511
N           -0.49216503324858        3.76752699235840       -0.99377336626026
B           -0.80850687197690        2.17732069403699        3.30119046512997
N            1.65212150267898       -1.28433747944096        3.50468578399231
B           -0.24843791320714        3.47363350399996       -2.36376979309232
N            1.30350672540240        0.05690070989810        3.81947574742870
B           -1.59652452720068       -0.55586890285703       -3.07623605314060
N           -3.83251406898883        1.77325009440705        0.84346407594265
B            0.33515835374399        4.49096541195558        1.20240896409337
N            0.04170050268324       -0.02553626560944        4.46409460163153
B           -2.71006862922484        2.22390363831896        1.61578170573663
N            3.77273934793143       -0.13283888206445       -0.75692906349126
B           -2.25428782468537       -3.64465389144346        1.00899136565077
N            1.05343186954772        3.72670568145642        2.25213592871821
B           -1.82642241310923       -0.78808950639699        3.22650827198723
N           -2.43631964595809       -3.60408160252406       -0.44961898082504
B            3.01836841057010       -1.07187989819752       -1.49597326405090
N           -3.15593651590790       -1.25466551742178       -0.37662737128906
B            2.03242340594273        2.91709195904387        1.57754403052823
N           -0.50655482565267       -2.89690300347231       -2.42880824851678
B           -1.67293455189186       -2.10983275241875       -2.48663785455848
N            0.58952766473487        3.96349338573887       -0.09331842726857
B            1.09024910235566        2.96504749098276       -3.16791214167008
N            0.07630218981458       -4.36645223746380        1.72233224470185
B           -1.78458804716378        3.45249399879033       -0.39137058710105
N           -2.01490107711043        3.41665983446346        1.04756121255315
B            1.46473625250776       -4.21564031916619        1.49920226795140
N           -0.79654348867619        1.05006453753255        4.19682539054169
B           -2.66543092069091       -2.40170832915093       -1.17085645253871
N           -1.07560106862312       -4.49123938244959        0.99133436575490
B           -2.50127174527076        0.49343538221906       -2.09724558983559
N            2.35194041233833       -3.88971787521782        0.45438830378074
B            3.91200470341988       -0.20532536687182        0.73475966899787
N            1.92828228610750        1.96053496560185       -2.45252141045820
B            1.00125614972654        2.26221285821947       -4.60934834799010
N           -4.18413022141621        0.82761481695798       -0.33482310328216
B           -1.33796192711786        2.45783503808727       -3.10045511650677
N           -2.35834017328262        1.93514944827993       -2.29210397749037
B            3.07283173517717       -2.64784903707595        0.60435755747482
N            2.33583890838588       -3.67407698765255       -0.96933954824991
B            2.21736630142296        0.53863357946251        2.82042584804465
N           -2.02219092634328        0.59954734422601        3.60259275344165
B           -1.10110855311628       -4.18522128700025       -0.44037011002956
N           -3.21474149067766        0.04138415957646       -0.94724521789218
B            3.44653437070362        1.25794713833547       -0.50214406963641
N            2.58129963751537        1.62716743147359        1.94948615311972
B            1.47214193345782       -1.54943041318525       -3.50976400580643
N           -2.10444702307305        1.74775401548644        2.77328446545952
B            2.04036908062193        0.71715972887339       -3.20139295665497
N           -2.72387794532609       -1.35338414899452        2.32860744242096
B            0.65867481585299       -0.53181560354860       -4.47971787603685
N           -0.16783408953145       -3.75907230184684       -1.35457578997530
B            0.48312617001091       -2.11638022667756        3.43953817472727
N           -0.58969708313539       -1.21779832479870        3.83548711716054
B           -3.22417380020025       -1.45774632630974        1.00743455888836
N            2.67109536165891       -0.86392546873901        2.62802832732493
B            1.87723203813071        3.33739456962160       -0.08994978540685
N            2.87732632589550       -2.33220026649163       -0.78957088391170
127
 energy: -241.985407801427 gnorm: 0.005348722631 xtb: 6.7.1pre (5071a88)
O           -0.17369264351151        0.15041721964932        8.34280796950106
C            0.07381232764562       -0.37552168354541        9.40958181252510
C            0.68573683699033        0.42132899721885       10.52407355036968
C            0.02584601435942        1.56110196051572       10.96201299451450
C            0.57789632214997        2.39720628129685       11.92233426809801
C           -0.20029973340783        3.59688613767145       12.39728098005532
C           -0.81894614311148        4.35716144021228       11.25790662541352
N           -2.09781293386007        4.26063600450469       11.13821399457760
N           -2.72434726927315        4.92017719926198       10.16142778263734
C           -2.16433460167161        5.77994279273022        9.24626961898510
O           -2.85739566316955        6.37030794710393        8.44134482518419
C           -0.70482453887916        5.88545278334208        9.36224672153664
C           -0.00176437355331        6.70492496011204        8.48075789357851
C            1.36944233541463        6.79359804907030        8.56974174164739
C            2.05282010004058        6.05394835796653        9.53145916075459
C            1.37163905905351        5.24552412863984       10.41422629097741
C           -0.02329317515637        5.15467779176007       10.35370690391812
C            1.82971788374621        2.09060261115030       12.43976201720923
C            2.51795285881135        0.97109471977701       12.00549157052292
C            1.94167978449130        0.15135804003509       11.05361014659015
F            2.62580554055328       -0.93558995864552       10.63431716567494
N           -0.19571787152678       -1.67382067985631        9.66086561704958
C           -0.75828433495083       -2.48562498395782        8.59552501294921
C           -0.36652073853149       -3.94377817380834        8.78841527438193
N           -0.90311282496543       -4.43415652824598       10.04496732676404
C           -0.99184052287572       -5.74579505334114       10.38650693026021
O           -1.27840569980632       -6.09320356174900       11.51689901732111
C           -0.72919065793826       -6.72081579098134        9.27452074310701
C           -0.27025386210449       -8.09998671948324        9.63863095968576
C            0.68983703715319       -7.14303244999922        9.00257032239873
C           -1.08847688039394       -3.42709091245532       11.07477609111283
C           -0.03305235332308       -2.33618949217431       10.93889559085793
H           -0.93975837580927        1.79088187071974       10.53906302762971
H            0.44231086335425        4.25937606774581       12.97930818184126
H           -1.01587134304136        3.25452635484158       13.03881563844066
H           -3.72901298853791        4.78291778483018       10.12718183780559
H           -0.55959191441211        7.25492725557104        7.73888159501429
H            1.91691810985505        7.43063444914169        7.89207221601905
H            3.12975350698555        6.11661540091472        9.58552255155797
H            1.91686065905025        4.67294326601391       11.14708512779237
H            2.27808606748571        2.72674459209285       13.18927131703188
H            3.49491666146218        0.72818809736336       12.39327069116292
H           -1.85022026502730       -2.39022467552543        8.58561519251171
H           -0.37982302604241       -2.10193196641993        7.64509507794513
H            0.72676270039401       -4.02986890902467        8.78488200361730
H           -0.75548688865184       -4.53185066291973        7.95864327677235
H           -1.39472339647766       -6.61559527907149        8.42529325744574
H           -0.15443726021563       -8.31259231633489       10.69078377254240
H           -0.63486085932089       -8.93285608457795        9.05695287854358
H            0.98347819168957       -7.30437126498082        7.97548685490609
H            1.47004441172867       -6.72114488694619        9.61909673281492
H           -2.08997986459146       -2.98858121538710       10.99600080701083
H           -1.00941142756896       -3.92804992132031       12.04292948450998
H           -0.14406064573632       -1.61103846917097       11.74698517303904
H            0.96303709742769       -2.78752855532297       11.01266792906732
B            3.45919739728247       -1.46131682976929        1.63585155539870
N            3.45449783098990        1.12460798272499        0.95515234462982
B            2.53860906836892        2.36349922385220       -1.24214904485090
N            2.29287332566889       -0.63651411360162       -2.72047420704150
B            0.68890057759623       -3.57237390302009        2.70577456122039
N           -2.94425893597472       -2.66717805049740        1.71502841919616
B           -1.04135705997199        4.08020450114241        1.85720503810298
N           -0.61956480796715        0.02512160734846       -3.93085530408495
B           -0.47299865914262        1.45328992790666       -4.07540834354542
N            1.21036219310466       -3.78653951885200       -1.73824918070102
B           -3.84457091495895        2.20833587866184       -0.47623182932742
N           -2.77282733419310        2.76449194727030       -1.19260477073719
B            1.40524832962621        0.82910767213525       -4.87513000381404
N           -0.23887445465776        3.35683819498681        2.85654762688889
B            0.89886140421298       -2.87444952845334       -2.80914994514905
N           -0.49239924615454        3.76747767719256       -0.98816932665512
B           -0.80917932046247        2.17437780130071        3.30617495596411
N            1.65153789100845       -1.28745233746655        3.50619452616779
B           -0.24863182183370        3.47455679630059       -2.35837386700289
N            1.30309704736063        0.05351245992371        3.82234705288465
B           -1.59653198548016       -0.55447423381386       -3.07371845304485
N           -3.83257485791464        1.77161508040425        0.84758021446081
B            0.33470556664226        4.48920372242809        1.20859233483428
N            0.04131481559347       -0.02944945969490        4.46719275474743
B           -2.71020630030115        2.22182191800074        1.62030546280162
N            3.77255075548561       -0.13288421984026       -0.75393914845557
B           -2.25438393902824       -3.64620139749086        1.00926725235243
N            1.05287388588307        3.72407398733935        2.25768046986218
B           -1.82662911922279       -0.79124484688820        3.22884462648827
N           -2.43642536287420       -3.60464052184970       -0.44933813061123
B            3.01823032436396       -1.07142823207183       -1.49364746651999
N           -3.15594109692122       -1.25522096277234       -0.37460254527790
B            2.03205815643446        2.91522961473647        1.58270263614873
N           -0.50651939470111       -2.89589031643986       -2.42790738849344
B           -1.67296013782967       -2.10885007281514       -2.48524930896488
N            0.58926020263573        3.96283772144009       -0.08758653199669
B            1.09014983138392        2.96653695941911       -3.16273616526821
N            0.07623437007505       -4.36842206995435        1.72211515899670
B           -1.78475211672192        3.45192729551889       -0.38598773934952
N           -2.01503078783076        3.41492121033928        1.05297292598317
B            1.46468471796499       -4.21744776883945        1.49923855502590
N           -0.79694270698966        1.04617909841230        4.20062089336967
B           -2.66547998028372       -2.40173811054234       -1.16969555913145
N           -1.07566559198683       -4.49268381576424        0.99101857744399
B           -2.50131391596547        0.49409074168821       -2.09399285455898
N            2.35193240524908       -3.89070886221283        0.45468620720511
B            3.91191162565443       -0.20641379949734        0.73767393769309
N            1.92821802879385        1.96156590495287       -2.44804496848570
B            1.00128618843889        2.26476088394848       -4.60469645674389
N           -4.18419501252094        0.82696723790122       -0.33134599504237
B           -1.33809146063119        2.45927914938243       -3.09583862956275
N           -2.35842832064259        1.93594301216833       -2.28784548087116
B            3.07272486062735       -2.64889232518890        0.60554989859353
N            2.33577773440354       -3.67400974502119       -0.96889036213048
B            2.21722199807110        0.53599957964000        2.82381856378913
N           -2.02241933551647        0.59600612375011        3.60579079648733
B           -1.10118587670200       -4.18572961514744       -0.44049976375893
N           -3.21478471449196        0.04117577198072       -0.94435922054535
B            3.44654434187692        1.25779261015151       -0.49817882329123
N            2.58119907444938        1.62513316343030        1.95374970556441
B            1.47214665791191       -1.54765242391540       -3.50787826575946
N           -2.10497988908209        1.74502789236326        2.77777209260621
B            2.04030540349540        0.71875010123229       -3.19783431044430
N           -2.72418486897092       -1.35608757117621        2.33071315394377
B            0.65869962340197       -0.52936988228626       -4.47713584794188
N           -0.16784633842827       -3.75880701552662       -1.35427033764574
B            0.48284230987477       -2.11953281708253        3.44092666983886
N           -0.59007522059241       -1.22136721774312        3.83809133685025
B           -3.22428533949744       -1.45931995136750        1.00931117197188
N            2.67076290695328       -0.86637124789188        2.63022784415550
B            1.87695250718429        3.33677078801909       -0.08455283358740
N            2.87717257598431       -2.33223282091775       -0.78814345645188
127
 energy: -241.985622058649 gnorm: 0.005243338253 xtb: 6.7.1pre (5071a88)
O           -0.18499672206167        0.16853686336310        8.33467259179756
C            0.06797871113181       -0.35992162599352        9.39848115183295
C            0.68243060654436        0.43328543708666       10.51626243064910
C            0.01845376543068        1.56583028522962       10.96614066775227
C            0.56835153921933        2.39619984718362       11.93227749971930
C           -0.20924615519333        3.59452050021058       12.41145236001961
C           -0.82543554410725        4.35285684895046       11.27029851838033
N           -2.10431209314607        4.26111677444399       11.14703252755632
N           -2.72429443513534        4.91904859207337       10.16573537955196
C           -2.15876097694321        5.76980272151514        9.24642347111002
O           -2.84687677358112        6.35756003690924        8.43537854481067
C           -0.69825699401619        5.86871502459900        9.36502859041344
C            0.01200410075502        6.67560667221605        8.47830018575128
C            1.38442890013384        6.75188430489114        8.56576750525111
C            2.06069627704751        6.01385063675969        9.53314586264144
C            1.37200883002624        5.21958693523370       10.42332535523952
C           -0.02322646041246        5.13965847322690       10.36293306304909
C            1.82269897380775        2.09101743039811       12.44497416866070
C            2.51687014589595        0.98108787407526       11.99578529388402
C            1.94264664201927        0.16751996372736       11.03725945401982
F            2.63244602339061       -0.91030308495188       10.60171213349440
N           -0.19838839244537       -1.65918367864533        9.64711400259086
C           -0.77154803220213       -2.46247032313635        8.58160640848497
C           -0.39145561160490       -3.92564759759485        8.76396652704020
N           -0.91521672807428       -4.41765489377521       10.02463890451296
C           -0.97675534199057       -5.72952434086362       10.37207825178169
O           -1.24220482381268       -6.07628857007604       11.50796268936803
C           -0.71007494941315       -6.70403341521006        9.26129883269045
C           -0.27843867628913       -8.09161594508375        9.62696391080896
C            0.70894063530457       -7.14508787418513        9.01853078331245
C           -1.08769281353025       -3.41521355275961       11.06053131585233
C           -0.03158104313766       -2.32454977211590       10.92191203221641
H           -0.94927327330070        1.79472209148020       10.54706026070572
H            0.43668105081943        4.25731980840644       12.98978542437454
H           -1.02353272922094        3.25442865317084       13.05617040176856
H           -3.72901553402563        4.78328445373041       10.12756839068799
H           -0.54144049026821        7.22541995078449        7.73317598037475
H            1.93776813494219        7.37740690473790        7.88201489200813
H            3.13810689121996        6.06569071504418        9.58683826751195
H            1.91223782144702        4.64892552966856       11.16149703638114
H            2.26867897894400        2.72146837677145       13.20122808498480
H            3.49792580961281        0.74276198517489       12.37580028586657
H           -1.86308543073426       -2.35697621459371        8.57496247768998
H           -0.39241863449891       -2.07867052812570        7.63077802570954
H            0.70102741098763       -4.02335858114249        8.74266479920659
H           -0.80009419027163       -4.50353335566968        7.93527443495709
H           -1.35390536010564       -6.58681104711258        8.39711832346139
H           -0.18877252551323       -8.31472237251071       10.67933429062592
H           -0.64380893804351       -8.91377882853264        9.03051942964188
H            1.02585649284722       -7.30288018209430        7.99800620847942
H            1.47913318772677       -6.73781301458276        9.65739461824115
H           -2.08961927827358       -2.97511813412410       10.99690234678064
H           -0.99700752082365       -3.92264165988242       12.02505970373662
H           -0.14131869736880       -1.60172295275225       11.73305058054459
H            0.96486865382642       -2.77615612193485       10.99238352593571
B            3.45899141641782       -1.46352849873461        1.63835955945412
N            3.45444262738926        1.12307229183824        0.96004824486128
B            2.53850926480354        2.36387342327251       -1.23620245802259
N            2.29278337726991       -0.63492592452778       -2.71725599724014
B            0.68869251663744       -3.57568072018871        2.70625463071525
N           -2.94434480796117       -2.66967811356586        1.71611548856309
B           -1.04181969640004        4.07733831482961        1.86484304755240
N           -0.61963612352655        0.02769658370997       -3.92719781154391
B           -0.47312190197927        1.45601264743442       -4.07046542206547
N            1.21036163283600       -3.78590432133640       -1.73786917564847
B           -3.84476108760038        2.20762907151986       -0.47055941552679
N           -2.77302117414982        2.76444309797669       -1.18644432084343
B            1.40520599486466        0.83259557942943       -4.87063165001355
N           -0.23926229769221        3.35313544833996        2.86359833561773
B            0.89890034608714       -2.87285341955044       -2.80801059590474
N           -0.49266667903554        3.76735283162185       -0.98108373409383
B           -0.80975744403684        2.17037641879196        3.31227044035159
N            1.65096390534096       -1.29137072323253        3.50838396944531
B           -0.24885681401975        3.47566386144114       -2.35154530320586
N            1.30257994410233        0.04923225896861        3.82602660540337
B           -1.59664526419995       -0.55271189258871       -3.07067351363096
N           -3.83270572595603        1.76950846034868        0.85278441868025
B            0.33415351553471        4.48694512324353        1.21640832291884
N            0.04081659329709       -0.03450196276761        4.47101118342276
B           -2.71040721647020        2.21909539513891        1.62605372446108
N            3.77230078095376       -0.13292877434013       -0.75018960388121
B           -2.25443600171774       -3.64806349880255        1.00958109341066
N            1.05226852090200        3.72079775363122        2.26466960972207
B           -1.82697667318850       -0.79515992007288        3.23189949326522
N           -2.43655113105507       -3.60531112199284       -0.44900697864491
B            3.01807332768691       -1.07085562894097       -1.49074512276533
N           -3.15598968303625       -1.25590608349309       -0.37216671354597
B            2.03173300243258        2.91298656575878        1.58915487381670
N           -0.50649074070476       -2.89464455008362       -2.42685974767242
B           -1.67298173031490       -2.10760401410802       -2.48355336847451
N            0.58895645658458        3.96202432258641       -0.08034016804557
B            1.09001909521815        2.96842111849780       -3.15626614998487
N            0.07615578084035       -4.37090888384590        1.72185282125711
B           -1.78495575022571        3.45110311796381       -0.37917367182204
N           -2.01518185029274        3.41260459951064        1.05976508870154
B            1.46464044819006       -4.21975635625985        1.49926979489583
N           -0.79743084852039        1.04127353437435        4.20556740978634
B           -2.66551687185213       -2.40173349053441       -1.16827530105852
N           -1.07572036120304       -4.49449026949481        0.99060311955800
B           -2.50150689167309        0.49493267870278       -2.09004713906921
N            2.35188859657403       -3.89197001598232        0.45502156053711
B            3.91170611305983       -0.20780003392565        0.74134794296097
N            1.92815868127878        1.96288184308488       -2.44245811801011
B            1.00120855170880        2.26798990874150       -4.59888387448076
N           -4.18438528186508        0.82611042744962       -0.32707653923101
B           -1.33829040366213        2.46108360581619       -3.09000681386800
N           -2.35863703315704        1.93696050125849       -2.28252839627721
B            3.07256480751338       -2.65021994349482        0.60705401398152
N            2.33571252159817       -3.67391933946745       -0.96835726906072
B            2.21683193970533        0.53272276438342        2.82803500574976
N           -2.02282892972034        0.59164375937965        3.61017023976707
B           -1.10127436926535       -4.18632104413712       -0.44067029114128
N           -3.21499035408244        0.04091368669029       -0.94087405180391
B            3.44651833063068        1.25758484176459       -0.49318756908774
N            2.58103048779804        1.62258679020726        1.95903820161755
B            1.47214043088116       -1.54538925104833       -3.50551613896964
N           -2.10542912244126        1.74140281982060        2.78326070082151
B            2.04022720833303        0.72077073913154       -3.19337332498128
N           -2.72451424514928       -1.35920379156691        2.33320496526894
B            0.65870091485231       -0.52625490462063       -4.47388274389898
N           -0.16787784262253       -3.75845811114251       -1.35393888774130
B            0.48249838863160       -2.12351925924497        3.44266788820812
N           -0.59050663310442       -1.22583826274900        3.84098037634972
B           -3.22437917672419       -1.46115023558451        1.01157696711134
N            2.67028890394489       -0.86944627887834        2.63302777930019
B            1.87667862409001        3.33607019872842       -0.07777371733034
N            2.87696969709009       -2.33226576870985       -0.78633502286034
127
 energy: -241.985847823672 gnorm: 0.004809774786 xtb: 6.7.1pre (5071a88)
O           -0.19346050284262        0.18897567948728        8.32379438608762
C            0.06282683514605       -0.34302979067554        9.38464197667592
C            0.67654128005521        0.44584762751559       10.50744786188002
C            0.00734479404139        1.56988423065689       10.97042982487572
C            0.55657333050514        2.39380973029244       11.94237027056543
C           -0.21871528722245        3.59122380705139       12.42747828526483
C           -0.83059073774793        4.35096728747974       11.28564209531902
N           -2.11042181555830        4.26643539322811       11.16045825863864
N           -2.72350276361941        4.92316443952188       10.17537960015418
C           -2.15135393431484        5.76066562038540        9.24703368678424
O           -2.83573161126511        6.34444124590285        8.43032869071321
C           -0.69025294962139        5.84957379575034        9.36661228371835
C            0.02833877569079        6.63995294339325        8.47140323503422
C            1.40146500697187        6.70457534757107        8.55800956144506
C            2.07009528688489        5.97248185292567        9.53525667950363
C            1.37340588528974        5.19514248784189       10.43425121646165
C           -0.02240912077791        5.12519382358948       10.37324651750104
C            1.81413387875436        2.09027307002790       12.44895052355444
C            2.51320462200606        0.98905209811763       11.98640093445899
C            1.93963178761247        0.18273392646526       11.02167656668412
F            2.63385269492804       -0.88734264617318       10.57197664820484
N           -0.19909236965920       -1.64398219511593        9.63015254156529
C           -0.78485835064728       -2.43742191886352        8.56471907453231
C           -0.41931725340319       -3.90637527838796        8.73330642501948
N           -0.92083108725399       -4.39976114010327       10.00210478841139
C           -0.95673776619173       -5.71169041261328       10.35476254078165
O           -1.20065363233505       -6.05797456452000       11.49578232116496
C           -0.68769030344202       -6.68535959048755        9.24582544205779
C           -0.28663042414232       -8.08140424122937        9.61405351356865
C            0.72965652012887       -7.14845938082390        9.03432562425632
C           -1.08484507890671       -3.40216729752581       11.04270437677715
C           -0.02961185051856       -2.31073103460307       10.90267752808836
H           -0.96314034814026        1.79816026429382       10.55661344194353
H            0.43120669339350        4.25130707408179       13.00505289632346
H           -1.03352837737848        3.25426016336392       13.07353497957085
H           -3.72876837470117        4.79178643903454       10.13695412758203
H           -0.52119999349495        7.18591839842859        7.72050376560847
H            1.96121418383989        7.31590247257874        7.86633368380835
H            3.14780706671328        6.01477856636132        9.59022735788112
H            1.90750315539303        4.62890429271215       11.18059246432214
H            2.25825042122132        2.71666600798917       13.20969071899964
H            3.49750924929288        0.75385533206709       12.35929427930310
H           -1.87589770950910       -2.32056484358644        8.56387025897268
H           -0.40714328582509       -2.05211734752436        7.61345818136263
H            0.67200779178524       -4.02068431736057        8.68405027950870
H           -0.85710614099926       -4.47197596050295        7.90852579313845
H           -1.30846013614729       -6.55399125986006        8.36721580205523
H           -0.22523204899130       -8.31150204090316       10.66678524088607
H           -0.65275982901354       -8.89325895133529        9.00439945945458
H            1.07027459430655       -7.30429306961519        8.02147289469998
H            1.48901211318534       -6.75638689305021        9.69530136371472
H           -2.08750472218364       -2.96206800449818       10.99151462973940
H           -0.98470628300066       -3.91601186682791       12.00324641151165
H           -0.14025160082018       -1.58895437121161       11.71604727613765
H            0.96837320513065       -2.76097770132292       10.97218945852921
B            3.45865937341330       -1.46622949811643        1.64140130453692
N            3.45430728381769        1.12117425412358        0.96597698789995
B            2.53832752235614        2.36430734311094       -1.22901693198930
N            2.29267562934847       -0.63298206490805       -2.71337408945388
B            0.68847633525883       -3.57971382303666        2.70680123935150
N           -2.94421870730544       -2.67258350360880        1.71740148585007
B           -1.04232849011036        4.07380711048297        1.87401606524500
N           -0.61973451237881        0.03084036948022       -3.92276923123497
B           -0.47329679066378        1.45934637557992       -4.06448673728636
N            1.21036678273404       -3.78507181283014       -1.73745612957397
B           -3.84499172377855        2.20675744789520       -0.46366638000952
N           -2.77328714429826        2.76437536600406       -1.17899629365428
B            1.40514269774357        0.83684915972710       -4.86519483302381
N           -0.23965968506838        3.34853317663728        2.87193934006038
B            0.89894712219904       -2.87091303518977       -2.80669186068022
N           -0.49298138726086        3.76719328583740       -0.97248033280294
B           -0.81021177493969        2.16533536988363        3.31943752663923
N            1.65044143683863       -1.29617225199165        3.51134983550876
B           -0.24912204625751        3.47698811225105       -2.34324241020264
N            1.30199358531355        0.04399567634125        3.83056347442339
B           -1.59681110193155       -0.55055562564850       -3.06701321364718
N           -3.83294934468233        1.76700063854171        0.85910125660776
B            0.33353825691446        4.48425149098493        1.22588938606701
N            0.04024188222631       -0.04069859239139        4.47558391960584
B           -2.71071148043417        2.21577219561041        1.63302588314091
N            3.77200413279536       -0.13298294681062       -0.74566204161615
B           -2.25445528514618       -3.65029874820318        1.00992955950607
N            1.05164181357575        3.71694074828461        2.27317655841013
B           -1.82745349150671       -0.79987017527539        3.23564831737505
N           -2.43665840417817       -3.60608042666929       -0.44862312974065
B            3.01791579134996       -1.07016146488740       -1.48727388742766
N           -3.15609858323661       -1.25673903744761       -0.36929996919415
B            2.03141950089721        2.91032307993710        1.59694166098372
N           -0.50646881398555       -2.89315891331160       -2.42566024728558
B           -1.67299397524312       -2.10609156640155       -2.48153591715010
N            0.58860564984975        3.96106910707972       -0.07152527173072
B            1.08983387246975        2.97074735395935       -3.14848302749238
N            0.07605808760872       -4.37394924112546        1.72153451543033
B           -1.78523168181175        3.45007866644550       -0.37090126894614
N           -2.01541718243322        3.40980688132251        1.06795767102212
B            1.46458463231222       -4.22255346524554        1.49924904665594
N           -0.79801706155203        1.03535816792715        4.21162317246323
B           -2.66553676487607       -2.40168632055720       -1.16658485477964
N           -1.07576376463092       -4.49671421424262        0.99007508083461
B           -2.50185266916894        0.49597754207375       -2.08536162737798
N            2.35179908630293       -3.89349993165102        0.45536419831632
B            3.91139228763643       -0.20950914180352        0.74580065963756
N            1.92807262217744        1.96452292915369       -2.43573993029165
B            1.00103451840447        2.27192569590845       -4.59188683317534
N           -4.18470822207984        0.82505861732898       -0.32196833175987
B           -1.33854862742925        2.46325505193457       -3.08291639787035
N           -2.35896017392513        1.93822036787276       -2.27610574052866
B            3.07235710150804       -2.65184502348937        0.60884110517578
N            2.33565399810152       -3.67381179492392       -0.96776606260478
B            2.21622745611549        0.52874624604263        2.83313940632255
N           -2.02341501994040        0.58644591752323        3.61569542275129
B           -1.10134351297286       -4.18700178194477       -0.44087696077335
N           -3.21534074821567        0.04061989942470       -0.93671942142496
B            3.44638343550153        1.25728223899978       -0.48713644131701
N            2.58074637161421        1.61949093794352        1.96539032366351
B            1.47212760033920       -1.54261352889525       -3.50267052545801
N           -2.10578948126497        1.73690114607047        2.78972709865718
B            2.04011753240881        0.72325348590151       -3.18798686206696
N           -2.72484118792398       -1.36277798465487        2.33607038434885
B            0.65867364114887       -0.52245118666928       -4.46994973079623
N           -0.16791123655769       -3.75803980086986       -1.35359562403812
B            0.48209624595536       -2.12840701223530        3.44478195210649
N           -0.59098876204215       -1.23126549254135        3.84415333982822
B           -3.22445605411697       -1.46330183530473        1.01424141194759
N            2.66973206581395       -0.87321975667775        2.63651047589997
B            1.87638679804852        3.33526239007461       -0.06956486665687
N            2.87674826065721       -2.33231214355140       -0.78417469600476
127
 energy: -241.986060900889 gnorm: 0.004952540944 xtb: 6.7.1pre (5071a88)
O           -0.19952004713585        0.21297179754390        8.31213387246579
C            0.05819878585409       -0.32457716167615        9.36969359200118
C            0.66926153515501        0.45842487215020       10.49829667264390
C           -0.00524273592113        1.57363805468477       10.97464188220665
C            0.54502418950083        2.39099646809005       11.95175199243857
C           -0.22820882763842        3.58683107112452       12.44418310022982
C           -0.83422120978135        4.35130219665305       11.30253350795858
N           -2.11558756869219        4.27644973519277       11.17792433066071
N           -2.72242950037941        4.93201070857526       10.18932718178519
C           -2.14255132181866        5.75275870129808        9.24837364013918
O           -2.82401257041153        6.33205245292496        8.42655284085664
C           -0.68131595154546        5.82836245492661        9.36672750825644
C            0.04574699427753        6.59945249138516        8.46041237079363
C            1.41895905237678        6.65407815371009        8.54717866446203
C            2.08031164843765        5.93181331981549        9.53738644358566
C            1.37599189112564        5.17278355303417       10.44574451668672
C           -0.02066036828674        5.11146875830487       10.38337721650526
C            1.80584746739467        2.08857451003988       12.45134589864388
C            2.50789226192084        0.99393551107899       11.97819938533983
C            1.93380479499342        0.19538680421098       11.00775716465222
F            2.63037018342092       -0.86895917904392       10.54744978449274
N           -0.19942892535482       -1.62771699420788        9.61043854819447
C           -0.79877802541464       -2.41184015781596        8.54594922401984
C           -0.44784188074701       -3.88596125114067        8.69955541708826
N           -0.92081771606860       -4.38151073117100        9.97890954039219
C           -0.93336592525279       -5.69370863563247       10.33511173416832
O           -1.15509424627190       -6.04066140975027       11.48094732796675
C           -0.66316600041345       -6.66604171875757        9.22800512609741
C           -0.29387372587611       -8.06997037952402        9.59997029839428
C            0.75124342988309       -7.15290322556684        9.04841739693924
C           -1.08202965278240       -3.38726346703561       11.02173001993100
C           -0.02780301248520       -2.29545738755483       10.88156052801267
H           -0.97882990722576        1.80146704546546       10.56733480686809
H            0.42365073304507        4.24173576812507       13.02597287903259
H           -1.04580975791027        3.25119101265318       13.08751229993894
H           -3.72886748518747        4.80871631476531       10.15415302166064
H           -0.49995253273894        7.13824761253358        7.70122433720100
H            1.98494619209013        7.24988427777431        7.84677930640800
H            3.15821317389747        5.96667161219005        9.59456935787025
H            1.90370927135969        4.61319919243695       11.20187158602624
H            2.24915185543297        2.71230367717396       13.21435002436831
H            3.49390994096791        0.75910238080402       12.34598471135862
H           -1.88908438271428       -2.28467460892211        8.55405927144671
H           -0.42560983843837       -2.02400307439230        7.59389576291019
H            0.64108233349165       -4.01828660624175        8.61764715575109
H           -0.91812175337870       -4.43922091476752        7.88174439164537
H           -1.26039031521262       -6.51935876617790        8.33611986557492
H           -0.26155338270823       -8.30232536935379       10.65354997412244
H           -0.66007041104944       -8.87306965542478        8.97944543693764
H            1.11395651442757       -7.30922680954197        8.04363140119390
H            1.49982170015222       -6.77539684717117        9.72962271194490
H           -2.08491696445850       -2.94736027593449       10.97632902187118
H           -0.97764474699246       -3.90532377602095       11.97919904856722
H           -0.13845246298997       -1.57397321579142       11.69650515846410
H            0.97189956661595       -2.74439239300402       10.94989161723707
B            3.45823202715918       -1.46934665789015        1.64486195471838
N            3.45402474182300        1.11893166070464        0.97273115147115
B            2.53803224949469        2.36475767632893       -1.22082886191338
N            2.29256249149824       -0.63073057268092       -2.70896458564454
B            0.68825427601684       -3.58437189704550        2.70740192384843
N           -2.94397826228479       -2.67590194932685        1.71887644734285
B           -1.04287568363409        4.06984269613478        1.88432576716691
N           -0.61983996126873        0.03445835521231       -3.91771395803964
B           -0.47349641602238        1.46318308932220       -4.05766182428294
N            1.21039337185892       -3.78408137402596       -1.73705524965490
B           -3.84526502085140        2.20577163594547       -0.45584770715839
N           -2.77361847366970        2.76432933054830       -1.17053505567697
B            1.40506549422759        0.84173610485117       -4.85899901173011
N           -0.24012469172438        3.34331844259523        2.88125163922365
B            0.89900554333650       -2.86867508876986       -2.80523528582961
N           -0.49335016796150        3.76705219489778       -0.96266733320968
B           -0.81057742193801        2.15955463456006        3.32740312153197
N            1.64999040945272       -1.30174567831031        3.51499975353042
B           -0.24942677335093        3.47854121730767       -2.33376307214989
N            1.30139509436471        0.03795491182619        3.83582830308270
B           -1.59701260611681       -0.54806891663239       -3.06285829857399
N           -3.83331554021168        1.76426399168669        0.86629183859891
B            0.33291045508004        4.48129945077742        1.23668913426542
N            0.03965028082088       -0.04776242804672        4.48078537961122
B           -2.71113570118930        2.21205676928967        1.64092945397620
N            3.77169482410984       -0.13306717543424       -0.74051075809800
B           -2.25447069043742       -3.65289289256000        1.01028747926689
N            1.05102738983716        3.71271051290367        2.28294064207104
B           -1.82798806290573       -0.80524126163349        3.23986349157197
N           -2.43670941471880       -3.60691618642339       -0.44821009867870
B            3.01776658557952       -1.06937327605197       -1.48336544508227
N           -3.15627117908971       -1.25771147516482       -0.36607223289117
B            2.03105262883265        2.90726380952097        1.60580250957614
N           -0.50644350749352       -2.89145679392635       -2.42432347829187
B           -1.67298392600627       -2.10434012378106       -2.47923809896544
N            0.58819765645405        3.96000277874335       -0.06143835481372
B            1.08958418043641        2.97346205498195       -3.13965097652434
N            0.07593831762490       -4.37745030455173        1.72115133706764
B           -1.78559947711513        3.44897962352483       -0.36148211318080
N           -2.01579195861902        3.40676257085571        1.07725571278285
B            1.46449671057168       -4.22570389452710        1.49913452759171
N           -0.79867576381116        1.02866828595593        4.21844913150046
B           -2.66555671173879       -2.40160979591948       -1.16468706362174
N           -1.07580222602028       -4.49932327146942        0.98943355286483
B           -2.50223885762048        0.49719137610032       -2.08000467484825
N            2.35167156370313       -3.89523433560599        0.45567977882040
B            3.91100714170141       -0.21149826564954        0.75087553901159
N            1.92792221602669        1.96644478999050       -2.42811455674713
B            1.00079009365548        2.27644443568014       -4.58393288366300
N           -4.18511263880352        0.82387479857305       -0.31615919459001
B           -1.33883630654887        2.46573902072391       -3.07480580863662
N           -2.35933143052823        1.93968422600878       -2.26876399300593
B            3.07212408310998       -2.65371025624842        0.61080978065151
N            2.33561593617926       -3.67370422940302       -0.96716124052295
B            2.21551567017062        0.52414750135825        2.83900750622137
N           -2.02409863322029        0.58056580585515        3.62199500082507
B           -1.10136401307724       -4.18776505349530       -0.44112212834079
N           -3.21574274264597        0.04032164126199       -0.93195028960092
B            3.44608819921304        1.25685191815697       -0.48023244802303
N            2.58030719930743        1.61591488042648        1.97261763420911
B            1.47212127049040       -1.53941130908821       -3.49944428970973
N           -2.10609914806715        1.73176690348771        2.79693406448696
B            2.03998993847921        0.72612487232369       -3.18187359150831
N           -2.72513469505910       -1.36680571393375        2.33921817319516
B            0.65863029638733       -0.51808288723473       -4.46547132894148
N           -0.16792207842501       -3.75758962466834       -1.35326609479918
B            0.48166116352864       -2.13405270469674        3.44720529348525
N           -0.59150932524629       -1.23749557358645        3.84759401226992
B           -3.22454119777650       -1.46580552257152        1.01722720343893
N            2.66918333104949       -0.87761084168798        2.64061504992905
B            1.87604540490480        3.33432384452182       -0.06019840392237
N            2.87655110618617       -2.33238897796708       -0.78178437473220
127
 energy: -241.986247751161 gnorm: 0.005211488295 xtb: 6.7.1pre (5071a88)
O           -0.20367065769890        0.23870594276530        8.30176501510523
C            0.05413819700931       -0.30592814156120        9.35579707254420
C            0.66246581891313        0.46999666499010       10.48978173028566
C           -0.01594335126534        1.57763110773058       10.97793522257245
C            0.53616001914568        2.38892419242734       11.95945070356708
C           -0.23663279737966        3.58201989606424       12.45945207441790
C           -0.83629571987699        4.35353236291213       11.31875858270861
N           -2.11924222790985        4.29023879298466       11.19738691821600
N           -2.72145321272423        4.94490085515862       10.20574945320015
C           -2.13354769627985        5.74669497706207        9.25074138627573
O           -2.81235303652728        6.32194285282052        8.42428079709629
C           -0.67240443060231        5.80706569320265        9.36566253801436
C            0.06191613069873        6.55805425894411        8.44703599438514
C            1.43481375782890        6.60483100652537        8.53465487248014
C            2.09011093040571        5.89524326121114        9.53900181735805
C            1.37948794574486        5.15418099339885       10.45659306651892
C           -0.01798389667112        5.09946669034137       10.39222531039303
C            1.79928332671898        2.08628988707977       12.45286361798816
C            2.50229804570176        0.99569637355107       11.97212498816198
C            1.92743399604034        0.20456394857700       10.99633493964629
F            2.62459167706418       -0.85577203094199       10.52875109538969
N           -0.20069500750498       -1.61123920313570        9.59000975867718
C           -0.81291885168772       -2.38790502691218        8.52737962447595
C           -0.47354290011146       -3.86572943673776        8.66716236108325
N           -0.91689535898146       -4.36485910647553        9.95682773220743
C           -0.90958831905105       -5.67739013843492       10.31418565963988
O           -1.11329697890170       -6.02556212440156       11.46268940821387
C           -0.63843511941637       -6.64847567906291        9.20862143756217
C           -0.29895311449110       -8.05887765735723        9.58541802566659
C            0.77198667861069       -7.15841183641829        9.05887110382988
C           -1.08170105279503       -3.37183318770910       10.99922188606542
C           -0.02776084374740       -2.28052216005267       10.86036670313807
H           -0.99210835884648        1.80539419451675       10.57683691063861
H            0.41384015645431        4.23071882475318       13.04986822903940
H           -1.05860863942171        3.24445697441604       13.09597186437585
H           -3.72954508883945        4.83318233545167       10.17636070310693
H           -0.47986469786031        7.08748719691558        7.67807931591713
H            2.00611004938108        7.18516352906686        7.82553710783718
H            3.16806491118262        5.92566789905554        9.59868488036170
H            1.90168470294084        4.60322293736322       11.22286069219354
H            2.24275477528912        2.70776917384425       13.21714508647056
H            3.48847801579175        0.75841788928229       12.33743710795400
H           -1.90224513215121       -2.25302619471822        8.54616245574167
H           -0.44644255103255       -1.99717059064729        7.57422901137012
H            0.61133292053144       -4.01276380246233        8.55517603699213
H           -0.97251107526823       -4.40860566564002        7.85834644661024
H           -1.21304571457583       -6.48782321804626        8.30516860298102
H           -0.29337126575242       -8.28905979875525       10.63993104485961
H           -0.66436365888553       -8.85570578461081        8.95703321298928
H            1.15289494932450       -7.31804492006057        8.06164107664997
H            1.51089517191765       -6.79323548588759        9.75651659875823
H           -2.08421642329035       -2.93180731577719       10.95151273256029
H           -0.97892148614720       -3.89102387552965       11.95551352494903
H           -0.13666123852292       -1.55937932895209       11.67633608206988
H            0.97282659165482       -2.72918177815694       10.92641158551232
B            3.45775082961730       -1.47266073733165        1.64848391143005
N            3.45356698431341        1.11647699827957        0.97980165063260
B            2.53763358213141        2.36516960281945       -1.21223987796998
N            2.29246025305754       -0.62833268787826       -2.70436139728325
B            0.68804346774106       -3.58930479810970        2.70799504488738
N           -2.94373609144501       -2.67945062796905        1.72042451584202
B           -1.04343206205424        4.06577403598958        1.89498313845798
N           -0.61991776966101        0.03828751383305       -3.91239149141683
B           -0.47368351909729        1.46723346691367       -4.05047522754760
N            1.21044556974211       -3.78301428813998       -1.73671908980537
B           -3.84557654874181        2.20475123848544       -0.44771704184973
N           -2.77399176507449        2.76432167281719       -1.16169177160702
B            1.40499568719647        0.84691470545952       -4.85250293475841
N           -0.24064817101258        3.33792352860449        2.89084148133221
B            0.89907360129628       -2.86628495074479       -2.80374635386048
N           -0.49375664091718        3.76693748501824       -0.95236890713731
B           -0.81089176655653        2.15353265564889        3.33557807629052
N            1.64963372454665       -1.30769867220696        3.51904898116475
B           -0.24975396087974        3.48023582654744       -2.32381465513426
N            1.30085199571056        0.03155460321920        3.84148281146550
B           -1.59716148240771       -0.54543337370701       -3.05844263346218
N           -3.83377172810667        1.76152451601347        0.87380925648782
B            0.33232374554816        4.47833095230969        1.24800594227483
N            0.03909777747751       -0.05513428759230        4.48625199538646
B           -2.71164827814502        2.20825646398689        1.64915002100112
N            3.77141116965724       -0.13319687333447       -0.73511898975395
B           -2.25449956842767       -3.65566999704494        1.01060085093379
N            1.05048281216150        3.70844061092342        2.29326432962265
B           -1.82848531140890       -0.81089194985689        3.24414625298444
N           -2.43668956512527       -3.60775531100171       -0.44782578526101
B            3.01763424624783       -1.06855758772440       -1.47931546905449
N           -3.15649354526317       -1.25875321388197       -0.36271801699283
B            2.03061347967438        2.90398443830047        1.61509378977743
N           -0.50641744906436       -2.88966427857484       -2.42296052361904
B           -1.67296878532977       -2.10250487199948       -2.47686690249907
N            0.58774152323314        3.95885552859624       -0.05081356631721
B            1.08928703465466        2.97637399489878       -3.13040979334226
N            0.07580515636366       -4.38113366497324        1.72069869396620
B           -1.78604045803521        3.44791705543517       -0.35163052723834
N           -2.01629778324485        3.40374069949777        1.08697563576634
B            1.46437526497018       -4.22895730888290        1.49890650004172
N           -0.79934030917393        1.02169626128452        4.22547463066979
B           -2.66558399308763       -2.40152211649905       -1.16274740753312
N           -1.07584084349413       -4.50212154084607        0.98870264385627
B           -2.50260377455669        0.49848443308923       -2.07434230614061
N            2.35153137513554       -3.89704335734716        0.45592937871241
B            3.91058451429668       -0.21363341181195        0.75619056918576
N            1.92769078306361        1.96849601679853       -2.42013812372845
B            1.00052008898576        2.28122734009043       -4.57560002627489
N           -4.18554027593046        0.82265848976235       -0.31006590685715
B           -1.33911824256777        2.46836852170735       -3.06627881601518
N           -2.35969387799204        1.94124250519313       -2.26103977014902
B            3.07188938002649       -2.65567452250338        0.61279234088480
N            2.33560653930513       -3.67361488788884       -0.96660473703804
B            2.21480422679648        0.51921800128720        2.84522713475215
N           -2.02477759178693        0.57440235816872        3.62847968222251
B           -1.10132698814048       -4.18856580805885       -0.44141655911021
N           -3.21613564164969        0.04004280362758       -0.92689687572897
B            3.44563928285435        1.25630186766795       -0.47299430034878
N            2.57971581829734        1.61208857674971        1.98021357360408
B            1.47212728708681       -1.53601418917003       -3.49609076576906
N           -2.10637567222980        1.72641583414251        2.80435966440140
B            2.03984930404236        0.72916401431334       -3.17549339523061
N           -2.72535347753459       -1.37107437387355        2.34241424430478
B            0.65859414769201       -0.51346176732879       -4.46079344971884
N           -0.16789926008413       -3.75715148235297       -1.35299467505035
B            0.48124819352151       -2.14002352388705        3.44974361956864
N           -0.59202890314085       -1.24408360906588        3.85112238536860
B           -3.22466509869049       -1.46853542598932        1.02030815223683
N            2.66870586592866       -0.88230972826770        2.64505468198584
B            1.87564720615140        3.33326045779555       -0.05035511384180
N            2.87641441741586       -2.33250507342222       -0.77937460386446
127
 energy: -241.986410801344 gnorm: 0.005546378761 xtb: 6.7.1pre (5071a88)
O           -0.20962599487666        0.26736379008372        8.29331104815049
C            0.04914839873940       -0.28579184201350        9.34299894860031
C            0.65735896185097        0.48147693176492       10.48150315297528
C           -0.02315812284489        1.58280938411007       10.98057293909761
C            0.53030019230248        2.38805309231100       11.96669769265304
C           -0.24472540670895        3.57670927025268       12.47382804362850
C           -0.83805058265529        4.35551140160613       11.33405081692722
N           -2.12211162823008        4.30516764798167       11.21721700902900
N           -2.72062763674100        4.95902986540325       10.22236791751005
C           -2.12467110449959        5.74079757344324        9.25412610245358
O           -2.79986729388356        6.31311087013625        8.42275497105963
C           -0.66342224123193        5.78475972727706        9.36438902953785
C            0.07712361850505        6.51533675383958        8.43345693894891
C            1.44983426260589        6.55429215335951        8.52178883750429
C            2.09978707187144        5.85803694844173        9.53960331612131
C            1.38357096506617        5.13489911719554       10.46657623417340
C           -0.01457783429886        5.08667249050172       10.40018496973980
C            1.79465694709298        2.08378434888928       12.45503767342173
C            2.49778058555753        0.99629225380411       11.96693613720569
C            1.92282388128459        0.21236406129941       10.98533612798808
F            2.62013226895337       -0.84396830093753       10.51068496817781
N           -0.20511567392888       -1.59280174388552        9.56893752689429
C           -0.82986743644796       -2.36307368566352        8.50865215714217
C           -0.49754416038574       -3.84326113420322        8.63584343549611
N           -0.91565782670969       -4.34796005250293        9.93290028551406
C           -0.88704325047556       -5.66098039345732       10.29108440785114
O           -1.06917168140063       -6.01127449939353       11.44398694461395
C           -0.61280020414829       -6.63101664899394        9.18656258592591
C           -0.30296820308782       -8.04743037090313        9.56888913449435
C            0.79358431218386       -7.16366372698386        9.06749938604726
C           -1.08590967011172       -3.35500361874664       10.97430857893786
C           -0.02991034541492       -2.26615493475054       10.83778810452678
H           -1.00109150465437        1.81106108515748       10.58464939187465
H            0.40087727371288        4.21992956974691       13.07528590636107
H           -1.07168719522021        3.23381540259276       13.10058910004165
H           -3.73046622937432        4.86127005954859       10.19902765879682
H           -0.46009729095413        7.03544124421220        7.65477226534643
H            2.02594283220756        7.11904027773934        7.80405850993087
H            3.17785746705989        5.88499733696310        9.60100593214330
H            1.90106709816589        4.59344468919740       11.24253218304343
H            2.23885343042392        2.70160912162039       13.22165916156005
H            3.48352047505587        0.75503554021443       12.33108328027411
H           -1.91809470298849       -2.22324803706487        8.53918892252178
H           -0.47158225543447       -1.96907755622993        7.55408196304168
H            0.58238112813491       -3.99846496444892        8.50113568266416
H           -1.01723878717335       -4.37790772230374        7.83569799606246
H           -1.16355305063579       -6.45764617250538        8.27097660244510
H           -0.32473580642240       -8.27453103848556       10.62453472105731
H           -0.66697622762142       -8.83885316765325        8.93284336457828
H            1.19194093600788       -7.32810049539431        8.07750069829093
H            1.52324901557402       -6.81045020096055        9.78117774259865
H           -2.08726339471066       -2.91310130293329       10.91956352385295
H           -0.98862711567276       -3.87364402650010       11.93093541858687
H           -0.13287979975953       -1.54682062992598       11.65586879132584
H            0.96982146390912       -2.71782406583295       10.89777695310867
B            3.45724275707845       -1.47630213153506        1.65238564349615
N            3.45291298508284        1.11371710381928        0.98745047677091
B            2.53713889432313        2.36557666434331       -1.20289568359312
N            2.29237353732113       -0.62568203950750       -2.69939094453348
B            0.68780498947485       -3.59470484908841        2.70858809442095
N           -2.94368815641976       -2.68350053472136        1.72209721488570
B           -1.04406318966577        4.06148613685195        1.90647736922088
N           -0.61996515315701        0.04249685524352       -3.90663288988593
B           -0.47383468585750        1.47166705684642       -4.04264079471658
N            1.21052937560226       -3.78185503500817       -1.73645077245940
B           -3.84594429563169        2.20366879761388       -0.43898144018126
N           -2.77440164618417        2.76436758631795       -1.15210989302633
B            1.40494862364560        0.85262234558512       -4.84544921038328
N           -0.24130042529689        3.33219988313269        2.90120197444894
B            0.89915861575408       -2.86361735972166       -2.80215541814263
N           -0.49422446455289        3.76685053234717       -0.94116959147227
B           -0.81132385856406        2.14714271002930        3.34441080588429
N            1.64924349751912       -1.31426433223093        3.52343262166385
B           -0.25011619822408        3.48217130927838       -2.31300710115969
N            1.30030867590099        0.02453687254194        3.84767914492681
B           -1.59725748572106       -0.54253271285980       -3.05363280119383
N           -3.83428082557702        1.75864164833271        0.88192408290399
B            0.33171646435225        4.47520026542188        1.26030336878632
N            0.03854005941497       -0.06308499806282        4.49220606943094
B           -2.71223617765178        2.20424639356222        1.65799508262754
N            3.77115066703392       -0.13337438597231       -0.72928247934011
B           -2.25458134223809       -3.65876416399169        1.01084989988580
N            1.04992465006436        3.70389927364587        2.30455840211031
B           -1.82892537745680       -0.81711229087822        3.24859360229396
N           -2.43662297483853       -3.60866226764093       -0.44749020084943
B            3.01750287562927       -1.06767149135264       -1.47495976586653
N           -3.15672617015456       -1.25990808812981       -0.35907002906401
B            2.03002571724362        2.90031856795540        1.62521239813356
N           -0.50636975555770       -2.88765678617962       -2.42148856448605
B           -1.67293978642120       -2.10046749496878       -2.47430933883225
N            0.58719906617918        3.95754653841751       -0.03922456556415
B            1.08895332416717        2.97960683385738       -3.12035287262422
N            0.07564686879603       -4.38513116254583        1.72011619680385
B           -1.78656246184221        3.44687682675220       -0.34096024810245
N           -2.01694196846261        3.40063802116386        1.09752776172898
B            1.46420558247985       -4.23243579788570        1.49854541433920
N           -0.80001238452571        1.01410230862422        4.23283598397526
B           -2.66563913947115       -2.40144471641888       -1.16070626886321
N           -1.07590473380411       -4.50520876543328        0.98782488829572
B           -2.50284207472957        0.49990139580134       -2.06807584302581
N            2.35139168819471       -3.89899580546073        0.45612078446021
B            3.91013510158170       -0.21598530767482        0.76194042914767
N            1.92737273175360        1.97074728023701       -2.41147107111468
B            1.00028010467119        2.28649982727212       -4.56653356931394
N           -4.18592677921026        0.82136778105373       -0.30341291341576
B           -1.33937935694659        2.47127972139788       -3.05700760003186
N           -2.35999599716088        1.94294865557487       -2.25261233510758
B            3.07164920644278       -2.65780406160609        0.61485257758408
N            2.33562309544091       -3.67353677212948       -0.96608242913678
B            2.21413514932512        0.51373588270449        2.85203284257835
N           -2.02537404696314        0.56761045070017        3.63515157051378
B           -1.10124918703717       -4.18945700382500       -0.44181754297348
N           -3.21643384261961        0.03975787671804       -0.92131619271761
B            3.44506970431893        1.25564160696673       -0.46514899866773
N            2.57897146005157        1.60784916006072        1.98850838064028
B            1.47215581972527       -1.53227472586700       -3.49249394509358
N           -2.10674636703138        1.72069411423144        2.81237970048963
B            2.03970114741034        0.73249342125067       -3.16859673052355
N           -2.72556009370424       -1.37594001718250        2.34585582810815
B            0.65859470398219       -0.50837925293702       -4.45575211018097
N           -0.16783710246942       -3.75670324445639       -1.35277649972704
B            0.48083183195789       -2.14654948173453        3.45248583497800
N           -0.59259672274541       -1.25133024549801        3.85508213417838
B           -3.22486953455209       -1.47167357329409        1.02363387385885
N            2.66826653099347       -0.88749718030924        2.64993088712964
B            1.87514236133660        3.33199729875516       -0.03962515177390
N            2.87633197065293       -2.33266060434831       -0.77686972539540
