114
 energy: -221.447664242973 gnorm: 0.096977452926 xtb: 6.7.1pre (5071a88)
C           -1.04274900000000        3.22717700000000        8.64409100000000
C            0.31907600000000        2.91899500000000        9.24922300000000
C            0.20237400000000        2.27319000000000       10.60898300000000
C            0.21778000000000        0.88910200000000       10.71511200000000
C            0.34585600000000       -0.17944900000000        9.66799000000000
N            0.28134100000000       -1.41373900000000       10.45420400000000
C            0.13634600000000       -1.14503200000000       11.80033700000000
C            0.05456700000000       -2.10830600000000       12.72154300000000
C            0.12370100000000       -3.50107100000000       12.26805800000000
C            0.27181600000000       -3.79475200000000       10.89727300000000
C            0.35780500000000       -2.67678600000000        9.91200000000000
O            0.48712100000000       -2.89041900000000        8.71138500000000
C            0.33845800000000       -5.11918100000000       10.45662700000000
C            0.25687600000000       -6.14791500000000       11.38724100000000
C            0.11032800000000       -5.87834700000000       12.74641200000000
C            0.04365100000000       -4.55308900000000       13.18733900000000
O            0.32518900000000       -7.42843900000000       10.92411500000000
C            0.09510000000000        0.30397300000000       11.96909500000000
N           -0.04362900000000        0.95138000000000       13.12986400000000
C           -0.06956700000000        2.29183600000000       13.04792400000000
C            0.04456500000000        3.01307500000000       11.81715000000000
C           -0.00751500000000        4.42643400000000       11.86463500000000
C           -0.16023000000000        5.11089500000000       13.07100300000000
C           -0.26382100000000        4.38720900000000       14.24626500000000
C           -0.21925700000000        2.99812400000000       14.23092800000000
O           -0.41393500000000        5.00687100000000       15.45144400000000
H           -1.63863700000000        2.31593300000000        8.52490700000000
H           -0.92216500000000        3.68392100000000        7.65665300000000
H           -1.61416400000000        3.92064900000000        9.26949100000000
H            0.87263800000000        2.26093500000000        8.56847100000000
H            0.92539500000000        3.82954100000000        9.30854500000000
H           -0.48388800000000       -0.16600100000000        8.95469300000000
H            1.30732400000000       -0.14007900000000        9.14688200000000
H           -0.05983600000000       -1.88070900000000       13.77532600000000
H            0.45266600000000       -5.34663100000000        9.40004900000000
H            0.04650300000000       -6.68187100000000       13.47419000000000
H           -0.07081200000000       -4.35168000000000       14.25009900000000
H            0.25606200000000       -8.04080700000000       11.67477900000000
H            0.06716700000000        5.01876000000000       10.95641400000000
H           -0.19595200000000        6.19577000000000       13.06857200000000
H           -0.30521500000000        2.45228100000000       15.16704200000000
H           -0.42831600000000        5.96825200000000       15.31387400000000
B            3.45918000000000       -1.45456900000000        1.62803700000000
N            3.45640000000000        1.12990400000000        0.94004000000000
B            2.53992000000000        2.36249900000000       -1.26104700000000
N            2.29306700000000       -0.64163700000000       -2.73060300000000
B            0.69053400000000       -3.56106900000000        2.70270900000000
N           -2.93972400000000       -2.65477300000000        1.70947600000000
B           -1.03820200000000        4.08509600000000        1.83123800000000
N           -0.61934700000000        0.01765100000000       -3.94190400000000
B           -0.47371000000000        1.44532400000000       -4.09173000000000
N            1.20955900000000       -3.78679600000000       -1.73940500000000
B           -3.84450000000000        2.20944000000000       -0.49372200000000
N           -2.77286400000000        2.76356200000000       -1.21183300000000
B            1.40572500000000        0.81809100000000       -4.88931100000000
N           -0.23578900000000        3.36421500000000        2.83354400000000
B            0.89832000000000       -2.87979800000000       -2.81384900000000
N           -0.49183300000000        3.76657800000000       -1.01011900000000
B           -0.80599600000000        2.18226900000000        3.28187400000000
N            1.65611000000000       -1.27443300000000        3.50362200000000
B           -0.24848400000000        3.46993700000000       -2.37986300000000
N            1.30870300000000        0.06889800000000        3.81698100000000
B           -1.59744100000000       -0.55993400000000       -3.08468900000000
N           -3.83249600000000        1.77684200000000        0.83162400000000
B            0.33760200000000        4.49599400000000        1.18389400000000
N            0.04325600000000       -0.01395500000000        4.45665300000000
B           -2.70883700000000        2.22675100000000        1.60124200000000
N            3.77272800000000       -0.13262400000000       -0.76554100000000
B           -2.25338100000000       -3.63941200000000        1.00848200000000
N            1.05581800000000        3.73339800000000        2.23573400000000
B           -1.82562000000000       -0.77746000000000        3.21984000000000
N           -2.43676800000000       -3.60188000000000       -0.45077300000000
B            3.01865800000000       -1.07367000000000       -1.50276800000000
N           -3.15796000000000       -1.25259200000000       -0.38432100000000
B            2.03465600000000        2.92232600000000        1.56172200000000
N           -0.50744700000000       -2.90014800000000       -2.43279500000000
B           -1.67354800000000       -2.11288200000000       -2.49162100000000
N            0.59013500000000        3.96458300000000       -0.11022500000000
B            1.09031400000000        2.95964900000000       -3.18248900000000
N            0.07735000000000       -4.35923000000000        1.72128900000000
B           -1.78403400000000        3.45238400000000       -0.40822000000000
N           -2.01352000000000        3.41851500000000        1.03155300000000
B            1.46587800000000       -4.21214800000000        1.49913800000000
N           -0.79798700000000        1.06415300000000        4.19458100000000
B           -2.66624200000000       -2.40209600000000       -1.17525600000000
N           -1.07438800000000       -4.48433500000000        0.99123500000000
B           -2.50371000000000        0.49137000000000       -2.10914300000000
N            2.35272800000000       -3.88733500000000        0.45310300000000
B            3.91232700000000       -0.20235700000000        0.72592600000000
N            1.92854800000000        1.95700900000000       -2.46507700000000
B            1.00118400000000        2.25435100000000       -4.62250700000000
N           -4.18601600000000        0.82900500000000       -0.34753800000000
B           -1.33888100000000        2.45365800000000       -3.11487000000000
N           -2.35964900000000        1.93260500000000       -2.30584100000000
B            3.07306300000000       -2.64548300000000        0.60111100000000
N            2.33521300000000       -3.67367000000000       -0.97087600000000
B            2.21786300000000        0.54580300000000        2.80840700000000
N           -2.02642300000000        0.61191200000000        3.60149200000000
B           -1.10174900000000       -4.18378700000000       -0.44100700000000
N           -3.21814400000000        0.04165400000000       -0.95856600000000
B            3.44775200000000        1.25859300000000       -0.51406500000000
N            2.58208500000000        1.63297700000000        1.93645400000000
B            1.47205400000000       -1.55500100000000       -3.51561000000000
N           -2.10260100000000        1.75419400000000        2.76079900000000
B            2.04076500000000        0.71192100000000       -3.21148300000000
N           -2.72091500000000       -1.34169900000000        2.32056700000000
B            0.65864800000000       -0.53887500000000       -4.48693700000000
N           -0.16866400000000       -3.75942100000000       -1.35647200000000
B            0.48556000000000       -2.10563400000000        3.43376400000000
N           -0.58725300000000       -1.20503300000000        3.82448800000000
B           -3.22437300000000       -1.45141100000000        1.00032000000000
N            2.67132400000000       -0.85552900000000        2.62113500000000
B            1.87855700000000        3.33934800000000       -0.10642700000000
N            2.87691100000000       -2.33178300000000       -0.79356300000000
114
 energy: -221.454156288559 gnorm: 0.043677039730 xtb: 6.7.1pre (5071a88)
C           -1.04232912536256        3.22934961317522        8.64434794676780
C            0.32552327924540        2.92044432511217        9.24481981533526
C            0.20318831593241        2.26913650033092       10.59465303620902
C            0.21482158835902        0.89422775587163       10.70921801354553
C            0.34496732479939       -0.18194713472263        9.67180946176578
N            0.27979634572752       -1.41144071845540       10.46270831830939
C            0.13414401192590       -1.14810200216553       11.80859930170812
C            0.05353179525886       -2.12610840589786       12.73081571343288
C            0.12144630208987       -3.49509024916135       12.28478789912194
C            0.26970888563200       -3.77362918072789       10.91153855204806
C            0.35689237936510       -2.67037566685813        9.92223054593976
O            0.48787046385135       -2.86044055868318        8.72481104245493
C            0.33647956288479       -5.09289837373487       10.46995246006568
C            0.25627277323430       -6.13258334103239       11.38674375815986
C            0.10965572810044       -5.86396809279560       12.74641617593913
C            0.04307325526674       -4.55633093682236       13.18954367756128
O            0.32488316931814       -7.41130521016279       10.92026971534212
C            0.09055778151132        0.29776955312416       11.97417647045486
N           -0.04409070625462        0.94073863885809       13.11530690706154
C           -0.06941372024649        2.28523770960850       13.03838938854757
C            0.04557978174253        3.00684750333869       11.80262707197619
C           -0.00582144684445        4.41330276435088       11.85629781816084
C           -0.15745557865079        5.08707249202360       13.04985062752947
C           -0.26355511235806        4.37375377340022       14.24575894747089
C           -0.21964304294904        2.99440736380313       14.23453117832776
O           -0.41230565979300        5.00321270597327       15.44466455434443
H           -1.62822766350848        2.31825291241674        8.53019789917929
H           -0.92535905313251        3.68093315014406        7.66000072866009
H           -1.60518330192253        3.91598505963087        9.27683046527792
H            0.86458783592322        2.24778866712162        8.57160991432923
H            0.91511355584713        3.83874842112584        9.31981907677223
H           -0.47002421993885       -0.16684661530242        8.94296138380824
H            1.29730096829498       -0.14003256166552        9.13537550667035
H           -0.06014742248802       -1.89932041089398       13.77713451336898
H            0.44974421658455       -5.31112319321056        9.41818385606188
H            0.04699733328184       -6.67394247075009       13.46266727246618
H           -0.07072222585332       -4.35725134154447       14.24585636662976
H            0.25641472145446       -8.02896904022953       11.66149963875436
H            0.07003245366108        4.99739516229920       10.95058675824569
H           -0.19300048275073        6.16961678226423       13.05035251740667
H           -0.30477900222110        2.45266540253088       15.16453212080217
H           -0.42693099793342        5.96043773641869       15.30757402355744
B            3.45848244817485       -1.45471260488746        1.62872639443218
N            3.45616554061440        1.13015397187216        0.94043113815601
B            2.53975184275424        2.36235030232830       -1.26076891770592
N            2.29323901487067       -0.64167336447363       -2.73063492993480
B            0.69015989936729       -3.56084893699596        2.70409591457135
N           -2.93921148767152       -2.65436025630755        1.70993712624640
B           -1.03798123259257        4.08486968815734        1.83114867003177
N           -0.61951178471132        0.01754931819028       -3.94191239370893
B           -0.47347865480775        1.44518125946731       -4.09126167618997
N            1.20948349774275       -3.78669303568597       -1.73927234501346
B           -3.84432475219080        2.20939395073858       -0.49361846328893
N           -2.77282409237800        2.76367407661540       -1.21179248004002
B            1.40571342654022        0.81784543930676       -4.88924351475197
N           -0.23604330574659        3.36490016838347        2.83475213635179
B            0.89826205104933       -2.87992215180548       -2.81371925841233
N           -0.49179446677145        3.76677335502432       -1.00996664412567
B           -0.80551114722748        2.18176348641248        3.28149125198222
N            1.65594239320101       -1.27362962491183        3.50450854952200
B           -0.24832583291796        3.46969445068985       -2.37972862352568
N            1.30851011663468        0.06954813911573        3.81775311267265
B           -1.59742226838893       -0.56024449679966       -3.08444030044906
N           -3.83230974988862        1.77683343090680        0.83177734845714
B            0.33773333656683        4.49612691368082        1.18404846413692
N            0.04354800461846       -0.01314108583144        4.45816061562759
B           -2.70827404390187        2.22625601498925        1.60108148167782
N            3.77248621927731       -0.13262726720813       -0.76516031522216
B           -2.25322032682132       -3.63954472747177        1.00920890150536
N            1.05593506768943        3.73419749804135        2.23652328069667
B           -1.82491251776269       -0.77752653733073        3.22131068267319
N           -2.43674017453047       -3.60169152856336       -0.45030165030749
B            3.01856090639337       -1.07390564571444       -1.50257640858478
N           -3.15769271491696       -1.25239434377950       -0.38383511110550
B            2.03419664422762        2.92213284143470        1.56169888567624
N           -0.50760968641630       -2.90046237751034       -2.43281315837680
B           -1.67371325363267       -2.11327179991096       -2.49153464080117
N            0.59013724134175        3.96475620629893       -0.10991929961210
B            1.09040416205029        2.95951220603066       -3.18256592707405
N            0.07752676512986       -4.35883204911436        1.72195308717161
B           -1.78381770570842        3.45209965508597       -0.40816474051246
N           -2.01337949803722        3.41846393984413        1.03165654863684
B            1.46570132036413       -4.21187653915394        1.50019952525595
N           -0.79812960265390        1.06507678162000        4.19594031213899
B           -2.66594349279538       -2.40207937842185       -1.17472097726530
N           -1.07409472658980       -4.48389901767210        0.99147941360483
B           -2.50365847923367        0.49127863512994       -2.10899120695588
N            2.35243158321443       -3.88707616944798        0.45359657967797
B            3.91148001940138       -0.20256608044947        0.72642177314624
N            1.92860239226362        1.95703138590481       -2.46493046922928
B            1.00133942686333        2.25411653118168       -4.62251837324009
N           -4.18590402688608        0.82905354636086       -0.34740808488868
B           -1.33884604731665        2.45366189168979       -3.11478116096721
N           -2.35967089816536        1.93260648269936       -2.30582563280237
B            3.07263747278340       -2.64550810432994        0.60146261368402
N            2.33503452521696       -3.67372423099928       -0.97060272296813
B            2.21702566682850        0.54568749610528        2.80848491953012
N           -2.02671425575534        0.61250379300900        3.60263746354351
B           -1.10170459658509       -4.18377225515359       -0.44047197741597
N           -3.21802520255006        0.04163824968615       -0.95839680624429
B            3.44722798135488        1.25836210318354       -0.51366106936440
N            2.58183462668321        1.63343366818627        1.93687599108179
B            1.47201436233901       -1.55510147471921       -3.51545772211610
N           -2.10242441432591        1.75431560665255        2.76110093098985
B            2.04078532214845        0.71183501709184       -3.21133031129177
N           -2.72000005695261       -1.34150608419544        2.32131827107422
B            0.65854563858268       -0.53902684409043       -4.48685671181039
N           -0.16883498715285       -3.75972822730699       -1.35660659843001
B            0.48599295259099       -2.10590660952294        3.43768128416661
N           -0.58643931826359       -1.20364074429449        3.82587579617729
B           -3.22342549689465       -1.45110263683374        1.00102348617947
N            2.67019812396122       -0.85545593451945        2.62138411351035
B            1.87843581274916        3.33901712744719       -0.10620332954825
N            2.87680942646760       -2.33186095125551       -0.79356655027606
114
 energy: -221.455727401798 gnorm: 0.011048096959 xtb: 6.7.1pre (5071a88)
C           -1.04281226782051        3.22796497475414        8.64488610716494
C            0.33147710017160        2.91580383627419        9.24058516283184
C            0.20540763240770        2.25951863085937       10.58457149684352
C            0.21219929652837        0.89360426355298       10.70500283848564
C            0.34378984462278       -0.18870901763065        9.67685182666721
N            0.27783757810214       -1.40920329566125       10.47333079457950
C            0.13055546151412       -1.14649519600293       11.81697380697971
C            0.05087439468046       -2.13329847035545       12.73957546028355
C            0.11913697413046       -3.48460308466447       12.29898106348227
C            0.26791144680810       -3.75600946629286       10.92260702750001
C            0.35697604138540       -2.66695962872747        9.93161690554439
O            0.49057015631895       -2.83508367923564        8.73336929701783
C            0.33468990017443       -5.07200391323650       10.47774708803013
C            0.25573761278701       -6.12102315908653       11.38105571013374
C            0.10876256356016       -5.85424562946047       12.74433958334870
C            0.04195682695950       -4.55813748114839       13.19270613687401
O            0.32465976215596       -7.39577039040309       10.90965253387391
C            0.08529740053947        0.29371937445925       11.98152962328597
N           -0.04632320605969        0.93685261544834       13.10721774479973
C           -0.07035053445884        2.28296691138618       13.03139678281214
C            0.04682724812066        2.99820775696946       11.79322607823359
C           -0.00382744471828        4.40255866892327       11.84791997939330
C           -0.15461756033824        5.07024490927147       13.03183349331775
C           -0.26281342355597        4.36496254630276       14.24298305780790
C           -0.22021664843852        2.99231856003518       14.23503736173370
O           -0.41025622396210        5.00576165134462       15.43344106438076
H           -1.62370889995850        2.31656617631202        8.53484056058146
H           -0.92911443822502        3.67979908651797        7.66330546485459
H           -1.59601821040618        3.91073187734637        9.28571134270585
H            0.86160855108950        2.24193392398434        8.56652620684210
H            0.91131837728710        3.83651078386361        9.32435133300493
H           -0.46147534176535       -0.17937592529498        8.93566906473958
H            1.29183891153191       -0.15052047207382        9.13036991906790
H           -0.06256938271805       -1.89954036213223       13.78209975178574
H            0.44781645486755       -5.27846687391849        9.42653833623951
H            0.04723254301583       -6.67354920564372       13.44894597128501
H           -0.07180606254050       -4.35861208334319       14.24652515397628
H            0.25661914974169       -8.01927285799425       11.64273452829862
H            0.07335161596214        4.97780200273015       10.93953478270348
H           -0.19076966412496        6.15188760189815       13.03850521363542
H           -0.30437971911706        2.44784589772087       15.15931534359684
H           -0.42467012635613        5.96008637837332       15.29487140255836
B            3.45771691587599       -1.45464322883156        1.62984928271242
N            3.45606815568980        1.13043673415138        0.94121289299978
B            2.53932140040611        2.36196999742331       -1.26018874199535
N            2.29330277956157       -0.64187259225717       -2.73015957957134
B            0.68992831827925       -3.56007496797357        2.70620680843670
N           -2.93845071544086       -2.65350402601133        1.71100362785991
B           -1.03779630472626        4.08468796565226        1.83127688868665
N           -0.61966420398181        0.01723956896481       -3.94170712976175
B           -0.47346140397229        1.44480803145834       -4.09097151699667
N            1.20927731273167       -3.78657288050907       -1.73846420172803
B           -3.84404536642127        2.20932433806467       -0.49323721651566
N           -2.77271675097974        2.76373412944367       -1.21155122305522
B            1.40567276406774        0.81736761533348       -4.88891646995806
N           -0.23631067901638        3.36587198335581        2.83630323252173
B            0.89809361546525       -2.88015329739276       -2.81303967012648
N           -0.49169912429231        3.76691463014992       -1.00968514607283
B           -0.80519368717379        2.18169120187673        3.28163594965270
N            1.65567145019082       -1.27258674464777        3.50574652850106
B           -0.24817047417210        3.46961613667040       -2.37951094799782
N            1.30843128460400        0.07045087206440        3.81889047587755
B           -1.59754741348927       -0.56060466689296       -3.08409885467002
N           -3.83204102198109        1.77672932853981        0.83220381010394
B            0.33778404168735        4.49637695633573        1.18440194469149
N            0.04376043969924       -0.01209633060417        4.45974906434109
B           -2.70759808700298        2.22558426705373        1.60122802916683
N            3.77220417840205       -0.13272387082163       -0.76429717985981
B           -2.25293116742414       -3.63933213951676        1.01071634448108
N            1.05609347978601        3.73517451509178        2.23747997704974
B           -1.82451533247043       -0.77736023115715        3.22389809285514
N           -2.43668557947396       -3.60149993579718       -0.44906466365811
B            3.01837727563202       -1.07427981640516       -1.50184244315389
N           -3.15712963656725       -1.25203948940547       -0.38279134661602
B            2.03368765329337        2.92194577212254        1.56190088418172
N           -0.50791277115740       -2.90092100654017       -2.43231615294135
B           -1.67387036356533       -2.11353236619816       -2.49078594803754
N            0.59014516949653        3.96501005152877       -0.10945720439866
B            1.09043520933202        2.95922413591667       -3.18244617755503
N            0.07774940846133       -4.35799280241947        1.72360909286963
B           -1.78353016251234        3.45183782251720       -0.40795753538191
N           -2.01295524322766        3.41807607914139        1.03194975685462
B            1.46559216750864       -4.21124653807381        1.50217079160092
N           -0.79831496784420        1.06635896573983        4.19792532124303
B           -2.66575029807931       -2.40213061177923       -1.17358667898601
N           -1.07368406531698       -4.48309427589000        0.99265284057686
B           -2.50351457042527        0.49110766154697       -2.10855041501061
N            2.35199409866705       -3.88666119855485        0.45483925719227
B            3.91070149311133       -0.20268653886703        0.72734315784030
N            1.92861087238296        1.95688971632455       -2.46462073203946
B            1.00146023116008        2.25366567417335       -4.62226801629816
N           -4.18570729311775        0.82909298570418       -0.34701243169334
B           -1.33860929723361        2.45343573120638       -3.11442995678548
N           -2.35957860742532        1.93249591795528       -2.30558599917228
B            3.07219020145841       -2.64546559902287        0.60243103461307
N            2.33472881675212       -3.67386490306659       -0.96959341919487
B            2.21673109364827        0.54591429967640        2.80937215121406
N           -2.02726722179288        0.61342327579503        3.60481039041224
B           -1.10155754391530       -4.18357261682979       -0.43910829625683
N           -3.21775190490513        0.04163376063828       -0.95789213710167
B            3.44664009775426        1.25803453528934       -0.51290734426603
N            2.58160107938674        1.63395622795948        1.93759807513761
B            1.47192568163988       -1.55536470755193       -3.51485002807522
N           -2.10209418997152        1.75433563905233        2.76174030716373
B            2.04089571360761        0.71153536183687       -3.21093121537240
N           -2.71894727627400       -1.34084745472193        2.32276329121979
B            0.65846882780647       -0.53943577381325       -4.48647604707276
N           -0.16912686501219       -3.76012703280931       -1.35616577179472
B            0.48615734511850       -2.10553678483193        3.44142501128011
N           -0.58606770885677       -1.20210254025850        3.82821954915494
B           -3.22207781618055       -1.45033320988974        1.00228370533347
N            2.66920638032383       -0.85515309461868        2.62228879859316
B            1.87823562002868        3.33872089847819       -0.10572033441410
N            2.87670685248286       -2.33202774629403       -0.79298459411492
114
 energy: -221.455903692116 gnorm: 0.005545801015 xtb: 6.7.1pre (5071a88)
C           -1.04296797435968        3.22570396022275        8.64607288001048
C            0.33385100526473        2.91189959505635        9.23786559685530
C            0.20704010708667        2.25500534752832       10.58152333378579
C            0.21136051229209        0.89078342217848       10.70339792539323
C            0.34349529048922       -0.19356852851560        9.67937897481577
N            0.27661370021953       -1.40928057235984       10.47895230842897
C            0.12804773003791       -1.14506847107070       11.82065104868697
C            0.04829255946712       -2.13244550820453       12.74423720244877
C            0.11759035878233       -3.48226365240961       12.30282066362633
C            0.26730203101338       -3.75309080201646       10.92543991761918
C            0.35728347148648       -2.66756813139389        9.93589074235794
O            0.49335719274986       -2.82834989153863        8.73641877807056
C            0.33436997892158       -5.06805353556144       10.47720014276957
C            0.25541770082712       -6.11966782010900       11.37546429795120
C            0.10802660580570       -5.85505489592693       12.74088421879006
C            0.04069620591098       -4.56079391685082       13.19331012429113
O            0.32437811078822       -7.39182266051167       10.90075598709370
C            0.08272221444647        0.29308838736022       11.98402664436396
N           -0.04841941340184        0.93934744974080       13.10744804239124
C           -0.07088652302759        2.28545367239714       13.02864572093508
C            0.04786377159735        2.99557361211691       11.79023125144690
C           -0.00197320986909        4.40098633228343       11.84179778311997
C           -0.15312085274531        5.06962958371231       13.02464595382361
C           -0.26221887888130        4.36666285534043       14.23876157668671
C           -0.22061732534613        2.99447425606159       14.23249224455481
O           -0.40900764224032        5.01270066094666       15.42521700207493
H           -1.62411500325153        2.31415383437870        8.53746532907525
H           -0.93180502850398        3.67890286207885        7.66477996022626
H           -1.59282443534748        3.90789282283492        9.29040674854450
H            0.86166800787815        2.23905264145420        8.56134883237973
H            0.91400512465079        3.83166396412018        9.32168056127240
H           -0.46024777319388       -0.18834947490201        8.93574419370551
H            1.29206419206330       -0.15847244015139        9.13249291791242
H           -0.06587722355496       -1.89306911516327       13.78651885359737
H            0.44779504660473       -5.26716299742974        9.42414322784805
H            0.04681908853143       -6.67850107951784       13.44105705643700
H           -0.07333050059027       -4.36120287726549       14.24780230729878
H            0.25610823494790       -8.01832752522814       11.63111611061606
H            0.07617848366462        4.97224644599395       10.93041544415866
H           -0.18942157142585        6.15137018970073       13.03384179710261
H           -0.30498445989599        2.44621193631458       15.15501939589342
H           -0.42276267927385        5.96664479111877       15.28399385577667
B            3.45738072514000       -1.45433594770721        1.63097000779950
N            3.45610040270955        1.13067338750834        0.94202598678113
B            2.53898636816242        2.36165502111721       -1.25963426841939
N            2.29323198783781       -0.64215755275976       -2.72932988519250
B            0.68988916586006       -3.55935411289597        2.70802986741227
N           -2.93790113709225       -2.65267519398378        1.71225041546424
B           -1.03771945078481        4.08475432257013        1.83163271804263
N           -0.61972683973091        0.01677047397464       -3.94110147747422
B           -0.47340048803846        1.44430602609887       -4.09037014357121
N            1.20910535987613       -3.78656312478784       -1.73719593514420
B           -3.84386700291628        2.20934995002350       -0.49268010089334
N           -2.77263329258132        2.76372127272639       -1.21114149506884
B            1.40564647056629        0.81681224455539       -4.88838004750959
N           -0.23634362798164        3.36646604848899        2.83718736857560
B            0.89794950824014       -2.88042290526192       -2.81195465252606
N           -0.49158930735915        3.76687787670425       -1.00937134849062
B           -0.80508715372557        2.18205800677402        3.28223304976070
N            1.65545096931762       -1.27177239454441        3.50685303044478
B           -0.24804056645295        3.46943820056872       -2.37919728294079
N            1.30833068608630        0.07124894239903        3.81986416134578
B           -1.59753405694086       -0.56096324636867       -3.08329344859437
N           -3.83187922601771        1.77673209237853        0.83278324315619
B            0.33776432958581        4.49661956345913        1.18474812672778
N            0.04380673871977       -0.01122398593854        4.46107316716184
B           -2.70729848744924        2.22540105635746        1.60175099355051
N            3.77203358932709       -0.13281999993740       -0.76334816519449
B           -2.25273602716694       -3.63887988818068        1.01227102944164
N            1.05617922543180        3.73577336821047        2.23804041037404
B           -1.82437002577382       -0.77680142740696        3.22581801630854
N           -2.43662654371629       -3.60133675192595       -0.44760241474223
B            3.01824795867970       -1.07452828677327       -1.50088246278403
N           -3.15668827188619       -1.25171652412638       -0.38166935369847
B            2.03358912485532        2.92212872829242        1.56235190171436
N           -0.50815067910309       -2.90142354125816       -2.43144988757837
B           -1.67401818926251       -2.11389516434310       -2.48989550707729
N            0.59018342791172        3.96517352096346       -0.10908237589983
B            1.09049464975721        2.95897969579184       -3.18220474182296
N            0.07779993420358       -4.35732699320960        1.72541674538340
B           -1.78332585301204        3.45171134058969       -0.40761120895024
N           -2.01259438133634        3.41780930832009        1.03234545821619
B            1.46556540528254       -4.21069347454311        1.50403911791349
N           -0.79839073736980        1.06734351485265        4.19950684315339
B           -2.66560679009605       -2.40210669465946       -1.17232689575673
N           -1.07349163982898       -4.48248869719369        0.99423710707456
B           -2.50349496529173        0.49099577531226       -2.10799174561476
N            2.35169189433686       -3.88632804164815        0.45633084685447
B            3.91042978015496       -0.20257999196699        0.72829043613313
N            1.92849327917491        1.95665066312365       -2.46419184110234
B            1.00150441311232        2.25316221612359       -4.62190007522416
N           -4.18558794430029        0.82916810219293       -0.34640612021114
B           -1.33850380563394        2.45317320621666       -3.11399753548812
N           -2.35956148801803        1.93237745253248       -2.30518285835347
B            3.07195350865257       -2.64527779734496        0.60365715123852
N            2.33451209050356       -3.67396654549023       -0.96819809300731
B            2.21669585670705        0.54641653373529        2.81032046869818
N           -2.02751453011495        0.61424278682092        3.60658029266548
B           -1.10145805696118       -4.18336270869514       -0.43754842811041
N           -3.21757797696189        0.04168877638130       -0.95721373598324
B            3.44632619637770        1.25786939640132       -0.51215790296414
N            2.58153935380585        1.63438316682914        1.93831248506816
B            1.47182164975934       -1.55572085656350       -3.51393031703164
N           -2.10184107064657        1.75448078509830        2.76244134026943
B            2.04081749233317        0.71115703160612       -3.21031493653164
N           -2.71830615119721       -1.34003407486930        2.32406472625342
B            0.65842516998628       -0.53995084623703       -4.48580120546494
N           -0.16932960839209       -3.76041731134194       -1.35514693239835
B            0.48612182781550       -2.10486610608506        3.44334255965341
N           -0.58601455298971       -1.20111357715722        3.83011138873507
B           -3.22125347885859       -1.44955670137807        1.00348858518699
N            2.66889340308716       -0.85469035902912        2.62338659188221
B            1.87809336306625        3.33857830155610       -0.10522652175099
N            2.87665786794551       -2.33213205785609       -0.79194524411094
114
 energy: -221.455995471967 gnorm: 0.002404151049 xtb: 6.7.1pre (5071a88)
C           -1.04311307626710        3.22220662163197        8.64748994655212
C            0.33601126248658        2.90619050657605        9.23372546969452
C            0.20969578485226        2.25079105413153       10.57834852997616
C            0.21099611278082        0.88728396214584       10.70233305974247
C            0.34365433465776       -0.19915793932171        9.68267569230315
N            0.27525892808039       -1.41018153455182       10.48531576406461
C            0.12466968655798       -1.14436404620534       11.82469880594891
C            0.04429753363889       -2.13224469382857       12.74891274607534
C            0.11511180439585       -3.48215507263616       12.30535574011090
C            0.26645683363432       -3.75249468896638       10.92745419929016
C            0.35824351501504       -2.66915878711241        9.94054079555086
O            0.49773394730897       -2.82294950619619        8.73998212620254
C            0.33399456002464       -5.06655115089593       10.47472618485546
C            0.25455878256140       -6.12051199029828       11.36796938507854
C            0.10643312775747       -5.85841255319041       12.73532877245609
C            0.03829907405779       -4.56561875462544       13.19233898872482
O            0.32351235453653       -7.38996884749714       10.88950517046323
C            0.07979110846541        0.29293731974434       11.98627109685043
N           -0.05150670277311        0.94368192610593       13.10811233136920
C           -0.07152029815617        2.29005619746776       13.02446131558382
C            0.04980628823902        2.99451395384303       11.78601772401730
C            0.00141757686351        4.40129951227231       11.83240306318014
C           -0.15038394482882        5.07229379817975       13.01432332268885
C           -0.26102408240555        4.37232945806300       14.23052814758687
C           -0.22127706099368        2.99979332936817       14.22717265635740
O           -0.40728870450466        5.02508332291827       15.41225694596149
H           -1.62568269549445        2.31092350836033        8.54083025507924
H           -0.93596998835664        3.67667900272059        7.66602207041411
H           -1.58941274102691        3.90424958803041        9.29534614450679
H            0.86062583565242        2.23290257851914        8.55477722473971
H            0.91927279832608        3.82394093700643        9.31470866950925
H           -0.45910020623228       -0.19805917250292        8.93741326667569
H            1.29347696129323       -0.16750251096329        9.13690112433645
H           -0.07141014192478       -1.88766521156625       13.79080885458142
H            0.44842300626645       -5.25635577056293        9.41934960754862
H            0.04540943680715       -6.68573896255874       13.43126040938894
H           -0.07637602887153       -4.36722415426783       14.24779394714163
H            0.25461931212821       -8.01998211562788       11.61701643660658
H            0.08112810164001        4.96831569222480       10.91796035897606
H           -0.18650146180514        6.15423890723848       13.02486418755062
H           -0.30666874312858        2.44762440045336       15.14802714831508
H           -0.41964401410972        5.97872033457995       15.26628901319082
B            3.45704104103271       -1.45368412841159        1.63303142868146
N            3.45629298488789        1.13114734729104        0.94349099189678
B            2.53850211466109        2.36116195597710       -1.25859428558683
N            2.29315244368143       -0.64270862899989       -2.72763046319097
B            0.68982202055040       -3.55816162800871        2.71117318121718
N           -2.93711391628377       -2.65131380491791        1.71462020851349
B           -1.03759150764575        4.08502463404936        1.83232949644155
N           -0.61984090944599        0.01590620306382       -3.93984722716218
B           -0.47338994860504        1.44339097229356       -4.08931616330064
N            1.20883368692507       -3.78656176436295       -1.73465092215984
B           -3.84362484445719        2.20944665555253       -0.49158801634513
N           -2.77250631351891        2.76364898949143       -1.21030177598493
B            1.40560258456176        0.81573168864423       -4.88720419580173
N           -0.23626018309277        3.36734489569379        2.83841729292259
B            0.89771548626807       -2.88091176115573       -2.80974450098484
N           -0.49141026958800        3.76679017351350       -1.00876231191787
B           -0.80492527284568        2.18285326916629        3.28339581800293
N            1.65511460238623       -1.27034265225765        3.50875271753176
B           -0.24785738045012        3.46912461848749       -2.37856344888845
N            1.30816094490657        0.07270634983936        3.82147795548294
B           -1.59769901188929       -0.56157026775371       -3.08188959122359
N           -3.83166414456731        1.77686582722276        0.83391594807912
B            0.33774080348556        4.49709261529007        1.18533824650929
N            0.04386510858302       -0.00966906574288        4.46331462687035
B           -2.70693766829963        2.22539012089846        1.60282576056695
N            3.77184946971422       -0.13296549650955       -0.76158189515425
B           -2.25250970077885       -3.63807763289680        1.01510376845955
N            1.05630872852526        3.73667832147446        2.23882492494254
B           -1.82420489074765       -0.77562643012677        3.22881052898026
N           -2.43659701841119       -3.60110491647927       -0.44485584460627
B            3.01809623333714       -1.07490129542610       -1.49900011190063
N           -3.15620031646485       -1.25126754329792       -0.37959713740768
B            2.03360730872752        2.92265183368149        1.56318308770041
N           -0.50849620435306       -2.90217612722530       -2.42950696880620
B           -1.67416996670626       -2.11433609057200       -2.48786398970621
N            0.59028621424704        3.96550530954508       -0.10845506418103
B            1.09056344827348        2.95846476379203       -3.18161575342415
N            0.07778289124695       -4.35631035630453        1.72867538504366
B           -1.78302803780198        3.45156259885731       -0.40691276981620
N           -2.01207605306631        3.41756194778317        1.03309950351158
B            1.46551467193706       -4.20980929946158        1.50733537236423
N           -0.79849895718228        1.06900115486003        4.20209633423122
B           -2.66553610329276       -2.40210781080533       -1.16996386027451
N           -1.07330021820439       -4.48159029195425        0.99723233403698
B           -2.50343442693448        0.49073515667986       -2.10674122456215
N            2.35123887185116       -3.88577663630736        0.45914997298037
B            3.91024775528469       -0.20226327778676        0.73004415447515
N            1.92831538592237        1.95616607264766       -2.46329770181218
B            1.00156596952857        2.25217551218310       -4.62109380451681
N           -4.18546380125655        0.82933335483170       -0.34514955202352
B           -1.33831542982682        2.45258032325903       -3.11305857217088
N           -2.35950974097611        1.93207987017545       -2.30425850393846
B            3.07166331159725       -2.64488801996276        0.60601730507528
N            2.33420349085997       -3.67411571511640       -0.96549077971715
B            2.21675337181792        0.54747866799761        2.81198874242158
N           -2.02781320006934        0.61568776487134        3.60941699772168
B           -1.10136910285836       -4.18304440788135       -0.43464721943308
N           -3.21739012915885        0.04175238330435       -0.95581012499327
B            3.44595122753111        1.25766752518339       -0.51080801086742
N            2.58159204210526        1.63518094641964        1.93957756122613
B            1.47168440724007       -1.55640683779127       -3.51203344905284
N           -2.10143931260818        1.75489479998063        2.76368566188229
B            2.04075627474648        0.71044217114973       -3.20905886191232
N           -2.71744801849445       -1.33859657040474        2.32629783230558
B            0.65837575570137       -0.54093040507773       -4.48431332403925
N           -0.16964784955428       -3.76090502272612       -1.35299601697480
B            0.48604238925877       -2.10358373979044        3.44618917427203
N           -0.58599055495665       -1.19951350418461        3.83318504219291
B           -3.22023382297517       -1.44832761925986        1.00566288086562
N            2.66864944101533       -0.85374592554069        2.62539623079579
B            1.87798029324943        3.33859274982232       -0.10440657129499
N            2.87661927456936       -2.33228331867974       -0.78982715231338
114
 energy: -221.456023832717 gnorm: 0.002533668890 xtb: 6.7.1pre (5071a88)
C           -1.04327845502994        3.21992737235425        8.64765531304911
C            0.33657381328637        2.90228193281458        9.23058013816200
C            0.21118512771993        2.24921559541027       10.57642793440206
C            0.21137904329236        0.88577539345114       10.70233182778706
C            0.34433807387888       -0.20128019772685        9.68397436772347
N            0.27480134524943       -1.41098909248910       10.48760373773720
C            0.12288852346448       -1.14488356347422       11.82631166701342
C            0.04171235949876       -2.13349722738867       12.75006182083900
C            0.11327832453845       -3.48355308751060       12.30529974581057
C            0.26596582445284       -3.75337890374202       10.92756018188330
C            0.35899822544733       -2.66999803482905        9.94198168015528
O            0.50060839483167       -2.82165458988268        8.74134140052313
C            0.33388400049777       -5.06710658973607       10.47277796741641
C            0.25367939421236       -6.12197636085591       11.36424044660993
C            0.10479760319613       -5.86085820430490       12.73197285904804
C            0.03615146734472       -4.56864600232142       13.19070255786629
O            0.32264030433846       -7.39067623076313       10.88432656172884
C            0.07862773377857        0.29311516051752       11.98689508825178
N           -0.05332941694780        0.94606447539841       13.10784124409690
C           -0.07178040154845        2.29275954036217       13.02153841474814
C            0.05122205172415        2.99499941997472       11.78270231428745
C            0.00415034055480        4.40214329116483       11.82599761927963
C           -0.14802724604491        5.07489676380386       13.00700048538048
C           -0.26010961725026        4.37703346112768       14.22404766949872
C           -0.22179284311924        3.00423097378988       14.22307591562745
O           -0.40633285247678        5.03336467926550       15.40364716907099
H           -1.62715565281844        2.30919881139931        8.54229150384310
H           -0.93838370411363        3.67452522896187        7.66592041894237
H           -1.58759763785392        3.90235455480627        9.29691013923989
H            0.85863217721585        2.22713099658869        8.55122887366783
H            0.92252707684452        3.81874231507483        9.30865942965784
H           -0.45800252056670       -0.20107104672984        8.93826951242173
H            1.29478330010286       -0.17081249132878        9.13916425288241
H           -0.07513755147308       -1.88861782765519       13.79175256515268
H            0.44918833310954       -5.25296511807670        9.41672430986107
H            0.04363184573677       -6.68924027219982       13.42662865905325
H           -0.07913412654661       -4.37188617987638       14.24650042679744
H            0.25309078459408       -8.02211769977629       11.61063245808317
H            0.08518711403629        4.96738542331853       10.91061368347309
H           -0.18345002337675        6.15695702127897       13.01650721327101
H           -0.30831553822787        2.45187332345344       15.14376711036552
H           -0.41747054235733        5.98670013331187       15.25446717161785
B            3.45693683258604       -1.45311822345713        1.63469886087671
N            3.45654138042495        1.13157732407941        0.94463439127658
B            2.53826507037389        2.36085958471461       -1.25778220815259
N            2.29312325284920       -0.64316640407194       -2.72616832538885
B            0.68973915137230       -3.55728594521364        2.71357074104248
N           -2.93667935077245       -2.65035603207340        1.71657191024351
B           -1.03746389436370        4.08536028230681        1.83286414717684
N           -0.61987855828243        0.01517070533556       -3.93858755882482
B           -0.47337354853530        1.44261449620695       -4.08831838876188
N            1.20866779985230       -3.78659535163607       -1.73246986895370
B           -3.84350727614962        2.20957933633558       -0.49067174403788
N           -2.77243871972886        2.76359466336692       -1.20957575645562
B            1.40556945118417        0.81478738809788       -4.88614652046383
N           -0.23610028025977        3.36797237607912        2.83916362070820
B            0.89756791358495       -2.88131909703122       -2.80781130161645
N           -0.49128847471714        3.76672662893649       -1.00826163863505
B           -0.80479113465008        2.18357362731160        3.28432306591484
N            1.65489804566975       -1.26919953709751        3.51019108598084
B           -0.24775238628887        3.46880222830075       -2.37801492919740
N            1.30803660155110        0.07390235845812        3.82263889942980
B           -1.59769555480700       -0.56208267893865       -3.08041758525014
N           -3.83154560604085        1.77711361102434        0.83487663268623
B            0.33777802856362        4.49749229774763        1.18575455343706
N            0.04391387611888       -0.00840091667268        4.46496696778458
B           -2.70674613154993        2.22563229145227        1.60372305765112
N            3.77179748214582       -0.13304785729359       -0.76016742239575
B           -2.25243795740845       -3.63749115911095        1.01735644733482
N            1.05642034932985        3.73732193112485        2.23933195230251
B           -1.82413324094475       -0.77461071522131        3.23085860286699
N           -2.43660629666501       -3.60092806188577       -0.44263051962957
B            3.01805449407998       -1.07514987293965       -1.49744076405126
N           -3.15602615010537       -1.25098400325173       -0.37793687909596
B            2.03376873025605        2.92320477720483        1.56385180653071
N           -0.50872349092933       -2.90279181003164       -2.42779665786841
B           -1.67429341895230       -2.11479987266276       -2.48618725394139
N            0.59039670853297        3.96576433728245       -0.10799510957053
B            1.09059227218811        2.95799974904696       -3.18107619081397
N            0.07770743051316       -4.35562622636101        1.73122058497962
B           -1.78284896567524        3.45152488685302       -0.40632403356687
N           -2.01178420656706        3.41761055927973        1.03370792231754
B            1.46545511788304       -4.20918716415632        1.50988577249472
N           -0.79857942684314        1.07027392057391        4.20392400743296
B           -2.66549621044578       -2.40209534793470       -1.16803436676999
N           -1.07325938562323       -4.48101400363155        0.99966478168717
B           -2.50352060707857        0.49052082717437       -2.10566407175273
N            2.35096455903641       -3.88536460108019        0.46146156389548
B            3.91027749413541       -0.20194649668675        0.73145557838183
N            1.92819049913236        1.95576580434791       -2.46249842088360
B            1.00159024410016        2.25131157587416       -4.62037441255837
N           -4.18544885414384        0.82951102247060       -0.34402225868186
B           -1.33824000516792        2.45207020212902       -3.11225925918905
N           -2.35952492108448        1.93182711508491       -2.30342890516698
B            3.07153031970743       -2.64454764770751        0.60796751466619
N            2.33403942628505       -3.67421189247524       -0.96324050087798
B            2.21685524753770        0.54841656652825        2.81324907477786
N           -2.02796420838221        0.61682868818540        3.61135149765752
B           -1.10136614864330       -4.18285487984986       -0.43229415775721
N           -3.21738309525409        0.04180454546471       -0.95459520206753
B            3.44577416474519        1.25757492449988       -0.50974626227563
N            2.58177374632932        1.63586957964133        1.94056729995302
B            1.47160411835707       -1.55699217127436       -3.51037321455058
N           -2.10116757663122        1.75539217747832        2.76464578146484
B            2.04067939596083        0.70985141227643       -3.20794574683148
N           -2.71699765157805       -1.33752292900903        2.32799393625068
B            0.65833582902556       -0.54177129825202       -4.48295866996751
N           -0.16984345576263       -3.76125239036535       -1.35106634610082
B            0.48599397191392       -2.10254454578932        3.44822111660631
N           -0.58599528197593       -1.19831791462167        3.83537204780133
B           -3.21977801564841       -1.44751113262233        1.00738723411748
N            2.66861201979331       -0.85291997598487        2.62696269744470
B            1.87799270647261        3.33871258112499       -0.10381263130263
N            2.87662730286598       -2.33237537396964       -0.78801792809269
114
 energy: -221.456069464052 gnorm: 0.002647103687 xtb: 6.7.1pre (5071a88)
C           -1.04404983974584        3.21543603731662        8.64718041251704
C            0.33696849588505        2.89448051129474        9.22384889224208
C            0.21392596624632        2.24668067167260       10.57239405606712
C            0.21291016579273        0.88336424608797       10.70247982485586
C            0.34643129286242       -0.20423305911143        9.68535537938238
N            0.27448570241182       -1.41263310645394       10.49022423046743
C            0.11991626647856       -1.14637183416652       11.82843381539094
C            0.03667542654111       -2.13660025436845       12.75062286371572
C            0.10936178037314       -3.48680275662872       12.30400293173848
C            0.26500079333731       -3.75559444745763       10.92682867813580
C            0.36078725058374       -2.67121970732476        9.94327567588886
O            0.50633505978387       -2.82071150935060        8.74290934181708
C            0.33377391676982       -5.06876911455029       10.46909683097932
C            0.25175598565920       -6.12491551886997       11.35836022487755
C            0.10091047285652       -5.86517245282062       12.72614455963818
C            0.03115401079167       -4.57373201434125       13.18709526715144
O            0.32101473561259       -7.39295924370499       10.87658577229015
C            0.07711067825424        0.29351339888240       11.98731204684412
N           -0.05667863709315        0.95011292849004       13.10644392367794
C           -0.07222780080971        2.29729937458499       13.01576868322756
C            0.05410946786187        2.99626471167402       11.77564791520710
C            0.01015008434888        4.40366055294194       11.81351496898448
C           -0.14270144630944        5.08008261042027       12.99238669242005
C           -0.25834052733270        4.38631169020521       14.21090381482096
C           -0.22303737761035        3.01314971871263       14.21479009742926
O           -0.40496544311886        5.04852438582805       15.38730056858594
H           -1.63063889804445        2.30601844411388        8.54444880531894
H           -0.94317199146231        3.66982202066577        7.66488507899912
H           -1.58443672160954        3.89890197775646        9.29878228339950
H            0.85345068771078        2.21474590368365        8.54449017266994
H            0.92808154886951        3.80859749210845        9.29585676784734
H           -0.45506736330049       -0.20423312097852        8.93893182221310
H            1.29789171974292       -0.17530909609200        9.14245200995134
H           -0.08254515893096       -1.89369852800377       13.79222705550259
H            0.45117040466405       -5.24950796894579        9.41252816915044
H            0.03910794479974       -6.69449760834908       13.41951707113641
H           -0.08572564196840       -4.38045360644370       14.24329520421568
H            0.25000611698767       -8.02624524754927       11.60119488937493
H            0.09444642160376        4.96607165002036       10.89692317859091
H           -0.17593204581583        6.16235147649208       12.99842444705754
H           -0.31223785062513        2.46276168918069       15.13626086908551
H           -0.41343823882902        6.00115546334556       15.23232148178643
B            3.45684270106550       -1.45186571402912        1.63821483338942
N            3.45718304209552        1.13254349120942        0.94692316647613
B            2.53789955226494        2.36023042660809       -1.25620767184534
N            2.29312133521438       -0.64424675606959       -2.72304725911104
B            0.68952419524282       -3.55541630073738        2.71860127096690
N           -2.93594720516849       -2.64843256451148        1.72080477285526
B           -1.03714974697080        4.08621475806520        1.83374830868659
N           -0.61998870319201        0.01349771083240       -3.93593242874944
B           -0.47338890959174        1.44085274418095       -4.08631355288794
N            1.20832810607439       -3.78672657620799       -1.72768570476081
B           -3.84329525811061        2.20985526648373       -0.48885804964073
N           -2.77229265334564        2.76341945838332       -1.20815827925096
B            1.40549634383873        0.81258891798860       -4.88390018686116
N           -0.23567940256241        3.36934966351520        2.84038621013051
B            0.89725477278136       -2.88228426763104       -2.80356895784368
N           -0.49103803260343        3.76657338555451       -1.00738134760970
B           -0.80449733243204        2.18527080254898        3.28614111109505
N            1.65445139977544       -1.26667115519636        3.51309686270717
B           -0.24755363741461        3.46800874871213       -2.37700961612042
N            1.30775794765733        0.07657159847681        3.82486789948858
B           -1.59790306898854       -0.56327115048071       -3.07752263548972
N           -3.83131836980622        1.77777107871432        0.83681909256141
B            0.33793331032885        4.49838563180700        1.18637470589616
N            0.04402232200491       -0.00554691274530        4.46826138242075
B           -2.70640033367392        2.22639210561326        1.60549333590414
N            3.77179198703857       -0.13324148753517       -0.75723691051658
B           -2.25238745786178       -3.63630684708276        1.02218702153432
N            1.05669075771741        3.73868751200773        2.24013925558936
B           -1.82404556264254       -0.77232980752948        3.23490548312518
N           -2.43670164967748       -3.60062301381028       -0.43782717038445
B            3.01804487065257       -1.07570368261525       -1.49413350736595
N           -3.15587091782994       -1.25051541183889       -0.37441848348050
B            2.03421696174644        2.92448775443465        1.56507959842727
N           -0.50916606631251       -2.90405197558669       -2.42390729406501
B           -1.67449625654809       -2.11570553889165       -2.48235698088599
N            0.59066607104987        3.96629272946226       -0.10724556722986
B            1.09063841148354        2.95684184036564       -3.18002506179391
N            0.07750686405925       -4.35424028692806        1.73661999943622
B           -1.78251026614215        3.45150366990917       -0.40524252433502
N           -2.01126697579065        3.41796083160681        1.03481491390702
B            1.46529985642737       -4.20790606035731        1.51527751194633
N           -0.79876516737711        1.07306581666623        4.20749256194858
B           -2.66555707164433       -2.40217414628226       -1.16389432978379
N           -1.07327015880515       -4.47990288534871        1.00491072949496
B           -2.50359838783505        0.48993442391180       -2.10326996967670
N            2.35045167295982       -3.88450887408417        0.46644857543169
B            3.91049421456286       -0.20123817791080        0.73438985384741
N            1.92798747462554        1.95481418622367       -2.46087492899797
B            1.00162451441558        2.24928732741746       -4.61891835769043
N           -4.18544385024756        0.82988389331721       -0.34163806188896
B           -1.33810512355341        2.45084422032987       -3.11066259093331
N           -2.35952417301460        1.93115316543155       -2.30169297841914
B            3.07132790264218       -2.64381213677574        0.61214664739016
N            2.33374334311867       -3.67443850091779       -0.95837909702609
B            2.21710994971448        0.55053164937955        2.81575032823653
N           -2.02823613636917        0.61934575056611        3.61506999027438
B           -1.10144940566986       -4.18254969319822       -0.42721493857005
N           -3.21740774879713        0.04184168375163       -0.95195833838541
B            3.44552145156860        1.25739117319564       -0.50761611957454
N            2.58228246089187        1.63741021799292        1.94250317809478
B            1.47145954025945       -1.55837918777155       -3.50675251806820
N           -2.10063293161584        1.75668664186673        2.76652663626050
B            2.04058607833742        0.70847706021679       -3.20561996387140
N           -2.71625746153244       -1.33528809122369        2.33152377656509
B            0.65825953584200       -0.54371546764849       -4.47997505574607
N           -0.17023801020827       -3.76200549172252       -1.34675282549514
B            0.48588743793792       -2.10024809337425        3.45239167205639
N           -0.58603732771990       -1.19572651839271        3.83976255548907
B           -3.21914609652706       -1.44595820900201        1.01104261645615
N            2.66862021806843       -0.85105718886431        2.63017110973586
B            1.87814143253341        3.33906702583717       -0.10278992509542
N            2.87667740735858       -2.33259295025034       -0.78410855302496
114
 energy: -221.456110945764 gnorm: 0.002817600031 xtb: 6.7.1pre (5071a88)
C           -1.04546786298614        3.21006735326817        8.64520697944487
C            0.33715637905298        2.88442939741185        9.21431326469951
C            0.21707864211835        2.24316186050833       10.56612632038848
C            0.21529542589996        0.88034478293862       10.70166519207166
C            0.34958479672627       -0.20772207941800        9.68564016595427
N            0.27462444261029       -1.41486903588628       10.49184909773792
C            0.11673915786149       -1.14821254369054       11.82997618006112
C            0.03055978976800       -2.14032816072368       12.75007299519270
C            0.10425632497782       -3.49047786925355       12.30188457521319
C            0.26395667765454       -3.75816559451367       10.92534522893739
C            0.36330469368070       -2.67251868556569        9.94368745084750
O            0.51359964763409       -2.82047380975026        8.74382425843668
C            0.33385273364417       -5.07053831446651       10.46495759537174
C            0.24907756902993       -6.12802952848553       11.35218403169092
C            0.09500063634230       -5.86970201715016       12.71970506166996
C            0.02393400326192       -4.57895989737561       13.18267960051972
O            0.31895938102802       -7.39560532303060       10.86865236306222
C            0.07572356713515        0.29365123367171       11.98681648611011
N           -0.06061254615047        0.95458381861998       13.10336867876368
C           -0.07276297286235        2.30201383077321       13.00801204534686
C            0.05773247930873        2.99720069052426       11.76578918418236
C            0.01821485502754        4.40467089526150       11.79746502508540
C           -0.13525467305555        5.08604132362273       12.97321402919771
C           -0.25606921679077        4.39729594001524       14.19380598334996
C           -0.22470868381145        3.02393984663998       14.20376179249687
O           -0.40354494010542        5.06580589454670       15.36686428089279
H           -1.63582184297291        2.30262458057550        8.54618614403893
H           -0.94894815537985        3.66365381809120        7.66215968739096
H           -1.58015439584649        3.89542914986466        9.29958759991210
H            0.84602902424780        2.19871958786192        8.53518435070297
H            0.93411725162192        3.79564016607750        9.27906192182712
H           -0.45062832055924       -0.20734325731436        8.93801852770068
H            1.30215259118145       -0.18041417070892        9.14488081502509
H           -0.09167222451295       -1.90103628126164       13.79195319386818
H            0.45423327811183       -5.24753398236565        9.40831676527693
H            0.03173091367598       -6.69974176827540       13.41202448172609
H           -0.09554842643785       -4.38946060456314       14.23912292537747
H            0.24574112305245       -8.03044245432935       11.59160884152574
H            0.10717352394092        4.96343837021647       10.87927862087539
H           -0.16485199248976        6.16852056020527       12.97423236820123
H           -0.31752470759151        2.47796533072726       15.12731582466406
H           -0.40845549102402        6.01749348106982       15.20572305463902
B            3.45682430410227       -1.45012951720897        1.64301457484814
N            3.45813585511938        1.13390000121372        0.94994710589821
B            2.53757902248266        2.35941474159094       -1.25416707904946
N            2.29316270342371       -0.64580802947695       -2.71875207180677
B            0.68920928653098       -3.55283476051161        2.72542951454006
N           -2.93521152201752       -2.64594943300530        1.72670002534415
B           -1.03667099807947        4.08757399693399        1.83473588262740
N           -0.62009119228833        0.01108406467744       -3.93211220462083
B           -0.47342440074527        1.43830369791501       -4.08353242907607
N            1.20790199420382       -3.78699835020929       -1.72100069416403
B           -3.84306394403368        2.21024299157770       -0.48645409004054
N           -2.77210296651067        2.76315803126000       -1.20627790725585
B            1.40539484047850        0.80942593060405       -4.88080010166762
N           -0.23506289406353        3.37137679244866        2.84179728516296
B            0.89685180301177       -2.88368776621943       -2.79761322567132
N           -0.49071379167141        3.76635203198161       -1.00629624012049
B           -0.80410255316125        2.18780573570527        3.28852574124355
N            1.65387067766057       -1.26315236803735        3.51697173479938
B           -0.24731897935872        3.46681476441924       -2.37573281269826
N            1.30737966132769        0.08030042688487        3.82774162693848
B           -1.59800649294357       -0.56500399144314       -3.07321225678375
N           -3.83104723983022        1.77885183297084        0.83945158352888
B            0.33825029633167        4.49965153275104        1.18701140978673
N            0.04418551190159       -0.00150335428124        4.47253939215224
B           -2.70599441098120        2.22771775794692        1.60782665489372
N            3.77189804432434       -0.13351173546975       -0.75328510540401
B           -2.25241220539284       -3.63474958026285        1.02885335831626
N            1.05712102086437        3.74060873560315        2.24110236739076
B           -1.82398682318681       -0.76913599760680        3.24018086086763
N           -2.43686731993079       -3.60022387349141       -0.43118208881663
B            3.01810957805642       -1.07648000050151       -1.48959974606936
N           -3.15580548069369       -1.24995454580362       -0.36957124383707
B            2.03489124827877        2.92630036794575        1.56662727380616
N           -0.50974050586318       -2.90581335809680       -2.41840716663516
B           -1.67482067631699       -2.11713539934510       -2.47710312334331
N            0.59105231102269        3.96694169843595       -0.10637000562827
B            1.09068859392007        2.95510728196468       -3.17863086536409
N            0.07723114264899       -4.35238177055494        1.74398896786726
B           -1.78210089954871        3.45156228711591       -0.40387014688824
N           -2.01068003491622        3.41874581367170        1.03621423305539
B            1.46506412681002       -4.20618474914449        1.52261883834354
N           -0.79900709936653        1.07696217435280        4.21200145528929
B           -2.66565227857952       -2.40231254945447       -1.15816497140516
N           -1.07337171645479       -4.47847053795690        1.01216179814531
B           -2.50381500878427        0.48905803216905       -2.09995315119855
N            2.34986429434557       -3.88336809152342        0.47334014366819
B            3.91089590018595       -0.20025626449298        0.73835967169999
N            1.92778768769507        1.95343813761535       -2.45868158631396
B            1.00161938718673        2.24636076324740       -4.61694916652363
N           -4.18546743212988        0.83041073336778       -0.33831015734131
B           -1.33796799384353        2.44906644688921       -3.10854269740021
N           -2.35954660586498        1.93014934196499       -2.29931872377030
B            3.07114190101144       -2.64281258267702        0.61789710135223
N            2.33341398186374       -3.67476623370044       -0.95167222006492
B            2.21747498250483        0.55347488931878        2.81903365612574
N           -2.02854652125033        0.62286760429314        3.61972389079507
B           -1.10163135143524       -4.18220912613697       -0.42017562852882
N           -3.21752137916729        0.04186487601558       -0.94826190863343
B            3.44532052406446        1.25716999116545       -0.50478082537530
N            2.58306027580186        1.63956667531007        1.94503164134265
B            1.47128221126672       -1.56039540711059       -3.50171796738701
N           -2.09999106495996        1.75877012115583        2.76902993827600
B            2.04048972483164        0.70649920070884       -3.20243578927632
N           -2.71549806039297       -1.33233698393553        2.33635445327242
B            0.65814480781756       -0.54651727438552       -4.47580089838285
N           -0.17071660811136       -3.76295132093522       -1.34058013257397
B            0.48573214003885       -2.09704431410258        3.45803168793226
N           -0.58612140412061       -1.19212697910488        3.84550074125429
B           -3.21861803786995       -1.44403672735207        1.01607919817895
N            2.66866215446727       -0.84844886341634        2.63445084259075
B            1.87844565863112        3.33957503289745       -0.10154552165568
N            2.87677378362933       -2.33289923349874       -0.77869969003605
114
 energy: -221.456142466203 gnorm: 0.002317346371 xtb: 6.7.1pre (5071a88)
C           -1.04698080840459        3.20619261051980        8.64179506948945
C            0.33707412895075        2.87640725088203        9.20514934753010
C            0.21944344263595        2.23996871362092       10.55933465234686
C            0.21758134186533        0.87775927817797       10.69909281189172
C            0.35259706583481       -0.21080630432194        9.68400368930919
N            0.27528104407724       -1.41701141625552       10.49126779239426
C            0.11474920303294       -1.14950027339766       11.82956109508246
C            0.02584052165884       -2.14264471403093       12.74824633101245
C            0.09991079043569       -3.49280675394202       12.29967242599762
C            0.26328534984354       -3.76017433629302       10.92359576081287
C            0.36564082577119       -2.67376384450479        9.94281637102829
O            0.51952676680995       -2.82156796760183        8.74345075633089
C            0.33407333837483       -5.07191300001706       10.46229905325171
C            0.24650223891080       -6.13003356792639       11.34866888931780
C            0.08887816795198       -5.87232678110673       12.71568094445766
C            0.01690879961255       -4.58176110413788       13.17936494213712
O            0.31720480136606       -7.39746225652120       10.86437294372459
C            0.07509381860139        0.29333709585376       11.98468535622478
N           -0.06342077039017        0.95760506244238       13.09902419111794
C           -0.07306402034876        2.30483614723237       13.00059514582478
C            0.06072567320837        2.99721798122051       11.75651815984403
C            0.02532182036620        4.40464265044695       11.78388985418948
C           -0.12839453332597        5.09019409902366       12.95692808316739
C           -0.25402461012879        4.40509560351006       14.17912628729471
C           -0.22600426733257        3.03174107584357       14.19359417789299
O           -0.40256882517929        5.07743447942316       15.35010460320156
H           -1.64070297400753        2.30059471355705        8.54636821985760
H           -0.95336135044031        3.65845677573553        7.65796144484375
H           -1.57639624457222        3.89376847429974        9.29805745073173
H            0.83948130419443        2.18612540976937        8.52614238456936
H            0.93810245164449        3.78527680973718        9.26446889660050
H           -0.44638565600425       -0.21002128328990        8.93512361069001
H            1.30602276236332       -0.18471838829881        9.14484003470682
H           -0.09880637743659       -1.90635981690591       13.79053954298699
H            0.45732653505257       -5.24852525578070        9.40606455862610
H            0.02356718060844       -6.70248761746255       13.40764909824968
H           -0.10536842495546       -4.39412479304271       14.23571012260801
H            0.24173605706044       -8.03278947993991       11.58654066566557
H            0.11853824254815        4.96029839196590       10.86427006956464
H           -0.15427341035951        6.17276212081791       12.95385761953790
H           -0.32203142402914        2.49063335401747       15.11963620224588
H           -0.40445996010469        6.02842656580517       15.18546816698248
B            3.45692353962802       -1.44852043084361        1.64742988325549
N            3.45904945333410        1.13516146205933        0.95262981989777
B            2.53747084742565        2.35869811717492       -1.25238578481491
N            2.29324912778256       -0.64733840266362       -2.71476876529409
B            0.68893156188356       -3.55042437376885        2.73167050213833
N           -2.93484868732632       -2.64385072645152        1.73227744885931
B           -1.03620394044858        4.08904968451803        1.83542608518184
N           -0.62021956505310        0.00878798550471       -3.92856816026039
B           -0.47348276366727        1.43588025046535       -4.08100048190009
N            1.20753973179285       -3.78734482214651       -1.71468562341651
B           -3.84289055249831        2.21057851001340       -0.48432447536425
N           -2.77192396208678        2.76287681906848       -1.20459926308669
B            1.40530785490325        0.80636547332114       -4.87790497344373
N           -0.23449252586924        3.37344515468881        2.84285839629516
B            0.89649805675230       -2.88507255731943       -2.79197671945232
N           -0.49043737186011        3.76611598744838       -1.00540718053319
B           -0.80377243788374        2.19040593342007        3.29063952945855
N            1.65338654866486       -1.25987842365570        3.52047378778237
B           -0.24713556315226        3.46560604694968       -2.37465146650368
N            1.30705676224729        0.08378263278219        3.83025704692479
B           -1.59828931502794       -0.56667307462880       -3.06940204490566
N           -3.83083290285101        1.78001469587720        0.84185103667607
B            0.33863320842275        4.50086883804137        1.18739104535733
N            0.04435328570143        0.00234888645151        4.47622965113381
B           -2.70570327710550        2.22924185075168        1.60989999183123
N            3.77211241028323       -0.13377421259200       -0.74969651373394
B           -2.25251519052428       -3.63338233248456        1.03509657305676
N            1.05757289750143        3.74246030161443        2.24187479984218
B           -1.82398860977887       -0.76612719024139        3.24477378771229
N           -2.43708408974643       -3.59992003493807       -0.42494264037052
B            3.01824639546843       -1.07722361814845       -1.48540045534732
N           -3.15589125626463       -1.24955950447482       -0.36502706011028
B            2.03552425366420        2.92798785630575        1.56792516650904
N           -0.51019150337596       -2.90728274668636       -2.41298481941185
B           -1.67506818144434       -2.11834395466311       -2.47196443556491
N            0.59140611237835        3.96742884181016       -0.10569473440766
B            1.09073752925811        2.95334592752415       -3.17736936928218
N            0.07700033630944       -4.35069662906485        1.75077568606982
B           -1.78178908840799        3.45171561637888       -0.40270992781907
N           -2.01027388633225        3.41978608187170        1.03739651390702
B            1.46484029463824       -4.20462786456933        1.52934590415210
N           -0.79918088655023        1.08062469048153        4.21571131572162
B           -2.66587308203154       -2.40253964932128       -1.15279289423093
N           -1.07354365214658       -4.47723643747541        1.01894912875054
B           -2.50385387851034        0.48813465395141       -2.09669618365448
N            2.34946411011164       -3.88237017492690        0.47975780559038
B            3.91135116093091       -0.19935043021322        0.74197406493188
N            1.92771584276495        1.95209025245186       -2.45668581869773
B            1.00159489831761        2.24352242783999       -4.61514672499427
N           -4.18545965387498        0.83087960813573       -0.33519540126113
B           -1.33788816246948        2.44734603785824       -3.10666107316897
N           -2.35951229841493        1.92910163494286       -2.29708886812825
B            3.07106961710180       -2.64191738889073        0.62323688960543
N            2.33318018243409       -3.67508133166179       -0.94543950045792
B            2.21782641951257        0.55619936783073        2.82193448274911
N           -2.02874229317249        0.62618601097513        3.62353789281000
B           -1.10187238475333       -4.18197606235852       -0.41357245895239
N           -3.21758740092199        0.04182397341041       -0.94469356134377
B            3.44529885960037        1.25699507903760       -0.50223859021065
N            2.58381509433825        1.64157839049566        1.94724584154046
B            1.47113826076545       -1.56237904503212       -3.49698843090130
N           -2.09952854491610        1.76104416485699        2.77130668105997
B            2.04048258463971        0.70458024414067       -3.19950492261795
N           -2.71508778337766       -1.32975935737841        2.34085711773887
B            0.65803316120611       -0.54921689860683       -4.47182738376986
N           -0.17109711897110       -3.76370716700727       -1.33457082334138
B            0.48557740743941       -2.09402740881388        3.46312989138619
N           -0.58621954984393       -1.18875480424063        3.85048868592489
B           -3.21848242808973       -1.44250943978427        1.02079408834170
N            2.66872900906882       -0.84601163476799        2.63829808036749
B            1.87880194123038        3.34003180488108       -0.10053221393382
N            2.87689101548036       -2.33318887463695       -0.77364570120758
114
 energy: -221.456176514245 gnorm: 0.001604900384 xtb: 6.7.1pre (5071a88)
C           -1.04859242451071        3.20356025410100        8.63653415463458
C            0.33679690765368        2.86990536041789        9.19525080020341
C            0.22135231403185        2.23692195921075       10.55111785330274
C            0.21984230378025        0.87531760073669       10.69404691090633
C            0.35568489895895       -0.21403906139460        9.68009695831180
N            0.27646972495406       -1.41936022712215       10.48839774967926
C            0.11364839955231       -1.15037887601778       11.82684938345745
C            0.02193505208953       -2.14362312178098       12.74495634475722
C            0.09584627564983       -3.49400746781417       12.29715292006077
C            0.26293181861559       -3.76200570317767       10.92151608881474
C            0.36806138644304       -2.67547586361108        9.94066799382193
O            0.52486856724653       -2.82435327569025        8.74181160086519
C            0.33448540018455       -5.07341959090490       10.46100451866128
C            0.24371834841290       -6.13138391223293       11.34764470291502
C            0.08180370278564       -5.87333526264605       12.71385390015650
C            0.00928160564805       -4.58241464459721       13.17688130475338
O            0.31551177913680       -7.39894898494512       10.86360437459292
C            0.07505910675959        0.29260695595668       11.98027075963792
N           -0.06542595144814        0.95948304975079       13.09270526979869
C           -0.07310287741102        2.30620611209922       12.99231966263224
C            0.06346815051464        2.99648507627693       11.74672144857175
C            0.03218030221638        4.40382936813653       11.77121902834108
C           -0.12148056641236        5.09291988752225       12.94196495457465
C           -0.25190106971012        4.41034459598151       14.16525248912703
C           -0.22696920568083        3.03706984605000       14.18293191876894
O           -0.40175199527038        5.08458330074355       15.33508008690862
H           -1.64562922823697        2.29981198679672        8.54507606504274
H           -0.95693678523549        3.65371766947406        7.65166332829521
H           -1.57281176394674        3.89396224963282        9.29381413101132
H            0.83346175206263        2.17612706503017        8.51608606973106
H            0.94077384198383        3.77677901564566        9.25036444786115
H           -0.44202674871866       -0.21315911911908        8.92982452625858
H            1.30989122527003       -0.18897559058492        9.14226466504842
H           -0.10475837165505       -1.90922462046732       13.78756614668995
H            0.46082700865327       -5.25242444032293        9.40556305688901
H            0.01360443102901       -6.70301915226421       13.40612170881029
H           -0.11629873605920       -4.39470246319870       14.23276633894697
H            0.23746698103914       -8.03386149121777       11.58574202655731
H            0.12949243220524        4.95672543818310       10.85030598054723
H           -0.14338175340496        6.17547347523773       12.93578484630760
H           -0.32608704718018        2.50095959989128       15.11160821882036
H           -0.40090231548468        6.03516727031389       15.16918147780886
B            3.45714594097338       -1.44684443643651        1.65198804630566
N            3.45999595541491        1.13646410078228        0.95526799928356
B            2.53753941047340        2.35795271977106       -1.25069378759241
N            2.29336818385766       -0.64906683192098       -2.71064268090892
B            0.68866577931410       -3.54786162109485        2.73810318201002
N           -2.93482688848574       -2.64181910260977        1.73818458856645
B           -1.03569831157732        4.09085839355193        1.83586365700207
N           -0.62029001909111        0.00625600499856       -3.92469889996340
B           -0.47355035935196        1.43320863749638       -4.07838490119330
N            1.20721272051633       -3.78787029601608       -1.70797458015661
B           -3.84277693582818        2.21093326051868       -0.48222064682352
N           -2.77176341719837        2.76256473555990       -1.20294948502386
B            1.40522550979377        0.80295598656034       -4.87491558982632
N           -0.23391626728357        3.37586339514488        2.84367463304201
B            0.89617596646490       -2.88665121055522       -2.78598298884168
N           -0.49018239427287        3.76581505262503       -1.00465587429429
B           -0.80347330217565        2.19344235684568        3.29271025890374
N            1.65296181929175       -1.25644268923438        3.52406232463338
B           -0.24700336899081        3.46422256818448       -2.37368816443290
N            1.30678028561044        0.08745394460687        3.83275125605548
B           -1.59835261645225       -0.56851019496792       -3.06505577059942
N           -3.83066349366345        1.78143003598702        0.84429988439213
B            0.33912163594644        4.50219521451613        1.18750347662754
N            0.04455458120379        0.00650591086227        4.47976997666989
B           -2.70549531540025        2.23117462193921        1.61194815271322
N            3.77243600768277       -0.13408475944151       -0.74605649795970
B           -2.25270116215170       -3.63197967140800        1.04167109158530
N            1.05810419940554        3.74450823686704        2.24251006144737
B           -1.82402634274154       -0.76289443615664        3.24922993862750
N           -2.43733621653767       -3.59961384363417       -0.41836326811980
B            3.01845087405679       -1.07805989042966       -1.48104024561388
N           -3.15606552424865       -1.24920293073240       -0.36025598316729
B            2.03616693490613        2.92973967117610        1.56909055002487
N           -0.51058385694751       -2.90880441544087       -2.40711899019702
B           -1.67536056145938       -2.11978887423520       -2.46661888546805
N            0.59175749817618        3.96778109595645       -0.10518587623593
B            1.09076755460135        2.95129155734353       -3.17613273833756
N            0.07677754340312       -4.34893749266389        1.75783053927771
B           -1.78153768324425        3.45197035226033       -0.40165889572147
N           -2.00998687871751        3.42120911877135        1.03847035757983
B            1.46459731043011       -4.20302187069732        1.53629544355589
N           -0.79926470846649        1.08453812596854        4.21901726597733
B           -2.66609113835768       -2.40279496340184       -1.14713518653326
N           -1.07381050861178       -4.47599632676452        1.02612014330645
B           -2.50399558956441        0.48710545504406       -2.09329761988897
N            2.34920019894966       -3.88141076711050        0.48649053259216
B            3.91188553923446       -0.19842056039775        0.74564654270535
N            1.92773293860582        1.95056421295940       -2.45468079878864
B            1.00153440975496        2.24035198481303       -4.61332778050072
N           -4.18545007287884        0.83137949624389       -0.33192448517806
B           -1.33788039888921        2.44546400290598       -3.10484321134625
N           -2.35950249877294        1.92792222292087       -2.29481257541897
B            3.07109826301711       -2.64103272573369        0.62881939322496
N            2.33301630997214       -3.67545222680744       -0.93891710980712
B            2.21821593074152        0.55903495677653        2.82479975737309
N           -2.02881681160791        0.62974191502535        3.62696045075516
B           -1.10217784099621       -4.18178648134554       -0.40659042108562
N           -3.21768970281114        0.04176325341227       -0.94089569179865
B            3.44543642706389        1.25682385975068       -0.49971404024031
N            2.58460914977745        1.64368846313665        1.94939042978172
B            1.47100292001122       -1.56461094248414       -3.49202742298516
N           -2.09920569306249        1.76382772831881        2.77363433787919
B            2.04050881591475        0.70243902677131       -3.19649791879004
N           -2.71495861625313       -1.32718791898098        2.34557107483483
B            0.65789974834045       -0.55221358887444       -4.46763681243007
N           -0.17140383743310       -3.76433197273891       -1.32797892201625
B            0.48540926717931       -2.09079877809736        3.46829370550880
N           -0.58632932393186       -1.18515825093350        3.85533192712861
B           -3.21866074110103       -1.44110403339164        1.02573375985060
N            2.66883380134320       -0.84344901507585        2.64218780281060
B            1.87921534043806        3.34043295862112       -0.09966454650552
N            2.87703275017140       -2.33351578326114       -0.76833346111828
114
 energy: -221.456236916600 gnorm: 0.002916706609 xtb: 6.7.1pre (5071a88)
C           -1.05120631904859        3.20078854522789        8.62417336963573
C            0.33631410419444        2.86077992370043        9.17590783904476
C            0.22438399150481        2.23181233828863       10.53379115974016
C            0.22359641281078        0.87104851811671       10.68061434066073
C            0.36113686544802       -0.22046765191417        9.66936136710052
N            0.27922087861251       -1.42402733157686       10.47984431490601
C            0.11265176717618       -1.15147912352594       11.81809335295007
C            0.01577723372115       -2.14326600234358       12.73690911594662
C            0.08878247703101       -3.49450032998173       12.29222054908054
C            0.26265913465573       -3.76531687178192       10.91754026249128
C            0.37259474575205       -2.67999693418643        9.93507868589720
O            0.53393625919846       -2.83226931043676        8.73712870779910
C            0.33542690179495       -5.07699800477389       10.46089415500521
C            0.23826282267879       -6.13332229522740       11.34964589901092
C            0.06757987375543       -5.87284123967340       12.71402551940420
C           -0.00541294910971       -4.58053098767342       13.17373758816578
O            0.31229470832904       -7.40159501842072       10.86781773910197
C            0.07556490030944        0.29086625042535       11.96825962237049
N           -0.06804798228721        0.96120208538123       13.07799563832180
C           -0.07274115961177        2.30692482893101       12.97532228980669
C            0.06817411443147        2.99434613365752       11.72782685750911
C            0.04402686643884        4.40164018836276       11.74914035985964
C           -0.10917068936424        5.09558110317877       12.91687570992353
C           -0.24776666791519        4.41589949864258       14.14121626058146
C           -0.22806574793280        3.04270243541735       14.16255485562240
O           -0.40000546673062        5.09133478420386       15.31003855519249
H           -1.65417053637339        2.30030204808145        8.54061354617249
H           -0.96222771823070        3.64586069963133        7.63686060430942
H           -1.56645087998693        3.89726273458654        9.28188191213330
H            0.82412322093302        2.16241648063337        8.49576363023292
H            0.94448985549592        3.76460505424382        9.22520483098616
H           -0.43427250081782       -0.22043877539220        8.91648789882059
H            1.31674099503631       -0.19705873009899        9.13372333495290
H           -0.11411866220674       -1.90916063472249       13.77948070066292
H            0.46767003952834       -5.26297213308193        9.40721013638905
H           -0.00702303278213       -6.70080369920749       13.40774168401053
H           -0.13760855880592       -4.38971706241895       14.22828595438732
H            0.22909560952937       -8.03465484945141       11.59090831626631
H            0.14811493436717        4.95047300989007       10.82637878021455
H           -0.12400363637309        6.17802956319842       12.90722602447706
H           -0.33237395419799        2.51405442327386       15.09512863817086
H           -0.39466675670833        6.04173441318591       15.14458643618075
B            3.45768023494927       -1.44365255099073        1.66059782523490
N            3.46167319993712        1.13888773629407        0.96003850892776
B            2.53785133589905        2.35647705584084       -1.24774227935639
N            2.29358436295756       -0.65259394278581       -2.70286135616392
B            0.68823960795075       -3.54286994785034        2.75031715807893
N           -2.93526299059956       -2.63812170607278        1.74959524927684
B           -1.03474441786578        4.09470251738976        1.83624482445880
N           -0.62050908902980        0.00123476086347       -3.91752069037158
B           -0.47372954649830        1.42791550142418       -4.07362037765271
N            1.20662389484694       -3.78915624149855       -1.69501744119787
B           -3.84258237580921        2.21156483787710       -0.47847649718182
N           -2.77144674324095        2.76189551968079       -1.20005710127839
B            1.40507044365695        0.79615629549381       -4.86932166844071
N           -0.23290425454191        3.38091194391240        2.84482171082321
B            0.89559071521870       -2.88990268821172       -2.77444350118173
N           -0.48970957888415        3.76511486711306       -1.00355612839241
B           -0.80298409171310        2.19972718691086        3.29640821183684
N            1.65232015198427       -1.24986366175902        3.53093365638410
B           -0.24675300781304        3.46138786434979       -2.37216344817324
N            1.30641076979681        0.09451486064480        3.83745852948013
B           -1.59881006915501       -0.57216914744179       -3.05723772230297
N           -3.83038007931641        1.78434274995784        0.84878555584811
B            0.34013777330283        4.50482383631754        1.18725759400902
N            0.04498260581918        0.01464757784341        4.48613071334823
B           -2.70519577897739        2.23527841201531        1.61560891219636
N            3.77311736240685       -0.13476314990983       -0.73929052467752
B           -2.25313178496014       -3.62929933182303        1.05436173246469
N            1.05917144640314        3.74864010275907        2.24343075916890
B           -1.82410405752386       -0.75656580125914        3.25729394925636
N           -2.43789569933170       -3.59911423156428       -0.40565864277296
B            3.01884839024815       -1.07978081528377       -1.47276572206350
N           -3.15647580192556       -1.24863639621538       -0.35110128179460
B            2.03729266455181        2.93303613811889        1.57100163437013
N           -0.51118412386927       -2.91145095401045       -2.39544820978826
B           -1.67583901510036       -2.12238390193566       -2.45606825040687
N            0.59239299180054        3.96823358667227       -0.10455153601748
B            1.09087840488860        2.94707763866237       -3.17398710197904
N            0.07639172423633       -4.34552272330908        1.77131510500132
B           -1.78113534314478        3.45255773906155       -0.39998481546291
N           -2.00958603433450        3.42431763945525        1.04019619146060
B            1.46414331019841       -4.19994277671002        1.54949640128403
N           -0.79921808769384        1.09218268010486        4.22448886065661
B           -2.66667273883152       -2.40341958710486       -1.13626013401223
N           -1.07440711110993       -4.47363335678668        1.03998529090599
B           -2.50393006866400        0.48496805998876       -2.08664828039197
N            2.34888738194888       -3.87972530345542        0.49937274109015
B            3.91289440532800       -0.19667438922339        0.75247304785931
N            1.92789450266959        1.94743280886661       -2.45105686029119
B            1.00137461282267        2.23399767251141       -4.61005780845560
N           -4.18533479141873        0.83229461316980       -0.32580815679029
B           -1.33789432061728        2.44171690285950       -3.10163459450118
N           -2.35937696597041        1.92546722119961       -2.29058642686505
B            3.07125867194627       -2.63943454280603        0.63947935331895
N            2.33275885690498       -3.67624197973976       -0.92645366207345
B            2.21898611282014        0.56441698399198        2.83005724682040
N           -2.02873453514821        0.63668688644921        3.63274875987958
B           -1.10282936723368       -4.18148196466277       -0.39310925228279
N           -3.21773328771579        0.04155946964312       -0.93354746764914
B            3.44589685288880        1.25649246227603       -0.49512877532510
N            2.58603322004780        1.64770121538472        1.95322569356530
B            1.47074682254357       -1.56916563730689       -3.48258721444071
N           -2.09882630025386        1.76969630778959        2.77797585991035
B            2.04064800072112        0.69811446486612       -3.19091044225176
N           -2.71508927076368       -1.32240317878861        2.35462048159186
B            0.65762127938471       -0.55820668151363       -4.45963637448513
N           -0.17190044320491       -3.76530758072913       -1.31496426805784
B            0.48511039003167       -2.08449499720474        3.47794924648002
N           -0.58650760507857       -1.17813521609202        3.86412350375311
B           -3.21933077766993       -1.43862390834968        1.03519462106161
N            2.66907966243910       -0.83854798291787        2.64947402942680
B            1.88000427973245        3.34105818276913       -0.09830268040485
N            2.87728361746540       -2.33419409958683       -0.75815680778331
114
 energy: -221.456287199475 gnorm: 0.003602543456 xtb: 6.7.1pre (5071a88)
C           -1.05231793963501        3.19970747126386        8.61384915168140
C            0.33633661966171        2.85557450945375        9.16105181924935
C            0.22661855266822        2.22843845457152       10.51994627372753
C            0.22586280614738        0.86798128347094       10.66864837893371
C            0.36471255611961       -0.22560416859554        9.65978962301724
N            0.28119841226069       -1.42766989115742       10.47226054355830
C            0.11196058464812       -1.15224118979713       11.80974065775866
C            0.01137617253620       -2.14204848640011       12.73024868047454
C            0.08367308925460       -3.49417265159315       12.28857278489339
C            0.26243382754011       -3.76794833479183       10.91486995776364
C            0.37584030807496       -2.68455722607852        9.93049308861999
O            0.54038929043557       -2.83961685024903        8.73323816467637
C            0.33598178667050       -5.08055042805864       10.46192103790793
C            0.23399808259272       -6.13492209621367       11.35279128024246
C            0.05687091838077       -5.87155939705062       12.71573895204581
C           -0.01624323977227       -4.57801670826158       13.17211500219155
O            0.30950891047204       -7.40402887945238       10.87363323904458
C            0.07581962903397        0.28969632508513       11.95735157745873
N           -0.06966038444596        0.96179893694110       13.06569927822056
C           -0.07226505661988        2.30713200876829       12.96151047223518
C            0.07150071534532        2.99273972475116       11.71325852985836
C            0.05196229389839        4.40011842131566       11.73304802647575
C           -0.10082013709626        5.09629983005855       12.89954205839208
C           -0.24448813659116        4.41813774727235       14.12421195777213
C           -0.22835649120331        3.04487738230020       14.14714746601817
O           -0.39796669260899        5.09422314875948       15.29243132481601
H           -1.65947593854772        2.30149218596825        8.53633447759017
H           -0.96534214876269        3.64057120105360        7.62446377376310
H           -1.56161465337425        3.90090683894779        9.27112235830058
H            0.81894432297236        2.15480484422478        8.47982371037196
H            0.94747032658579        3.75745276909242        9.20698741433110
H           -0.42914470345223       -0.22699035503282        8.90520226515566
H            1.32135273467098       -0.20334239404180        9.12576942183667
H           -0.12073935583703       -1.90562538664294       13.77212332859239
H            0.47249795371652       -5.27103681685707        9.40945385113041
H           -0.02259337149756       -6.69792280271976       13.41084480870066
H           -0.15322623717145       -4.38385612569604       14.22551247628825
H            0.22246441802299       -8.03545009283765       11.59773383914315
H            0.16017953160861        4.94692883577387       10.80951515344183
H           -0.11122574264557        6.17870611584094       12.88879607765545
H           -0.33589371046103        2.51915893197709       15.08106612416091
H           -0.38968763088795        6.04472024922891       15.12763843868487
B            3.45804020343632       -1.44122556751088        1.66712008158852
N            3.46273569932590        1.14065889818346        0.96353878713194
B            2.53807639958774        2.35528146599863       -1.24566621888840
N            2.29366078085678       -0.65542010704224       -2.69703239835470
B            0.68797702260299       -3.53897271561951        2.75966584270386
N           -2.93570715809728       -2.63521363609760        1.75827356439397
B           -1.03404249864200        4.09778966486162        1.83634239658910
N           -0.62059076570884       -0.00277456815865       -3.91201438386432
B           -0.47383308854011        1.42368031841818       -4.07007981593910
N            1.20619394620593       -3.79036231219378       -1.68514515274882
B           -3.84243926497096        2.21206952366364       -0.47574418164623
N           -2.77122831270065        2.76138783724496       -1.19801851111524
B            1.40496240634099        0.79076328461234       -4.86520171662167
N           -0.23220560862670        3.38498846467580        2.84557371345555
B            0.89517580216284       -2.89254015314117       -2.76567695573986
N           -0.48934623425652        3.76451590816239       -1.00291865862418
B           -0.80263089284724        2.20472084594475        3.29907161218709
N            1.65197999194346       -1.24483993631319        3.53636671396739
B           -0.24655948429046        3.45914773859705       -2.37119551765684
N            1.30629631952890        0.09992668875951        3.84123142848832
B           -1.59872670220997       -0.57504790861102       -3.05078505398748
N           -3.83016974512080        1.78662923291762        0.85209604154560
B            0.34090504448983        4.50687810373847        1.18684757198183
N            0.04534309697379        0.02095617619823        4.49091737861176
B           -2.70495219141793        2.23850209080600        1.61826037843342
N            3.77353737245942       -0.13534338777086       -0.73423934248689
B           -2.25345828745225       -3.62714308340772        1.06408023698193
N            1.05997485142163        3.75192900658780        2.24396906644733
B           -1.82408381005286       -0.75163318125754        3.26332374970568
N           -2.43828686835848       -3.59867008648620       -0.39594532623991
B            3.01906104933319       -1.08118807501382       -1.46652037425130
N           -3.15667759555916       -1.24811059260775       -0.34415877420764
B            2.03804082495891        2.93550235937124        1.57230461418183
N           -0.51160897191733       -2.91358397344583       -2.38660752679570
B           -1.67629250807926       -2.12468572810987       -2.44831256986437
N            0.59285188662694        3.96850482462437       -0.10425585012779
B            1.09096996841211        2.94372730086174       -3.17252457075414
N            0.07609853161165       -4.34279629696653        1.78165736805462
B           -1.78082671554615        3.45298921471176       -0.39889975369779
N           -2.00926184566175        3.42673982092479        1.04132716900348
B            1.46380598024494       -4.19752303952835        1.55958283399408
N           -0.79901556453483        1.09813940171924        4.22834249455047
B           -2.66696643939862       -2.40382209217085       -1.12797283524509
N           -1.07486523367437       -4.47169652546967        1.05064823293597
B           -2.50412584295038        0.48335404628028       -2.08184381841347
N            2.34867135375551       -3.87851565409639        0.50918446304834
B            3.91351460585139       -0.19537047862648        0.75756379368247
N            1.92800142615377        1.94491530101483       -2.44844942795137
B            1.00125433410906        2.22895026281324       -4.60773110589689
N           -4.18524818630503        0.83301938547740       -0.32125713189206
B           -1.33788967915313        2.43875560650180       -3.09934952757118
N           -2.35934545716008        1.92357797646977       -2.28755347833254
B            3.07135503814977       -2.63825869629208        0.64759566440738
N            2.33253789429082       -3.67690952700474       -0.91695712561145
B            2.21957459369650        0.56849668093083        2.83403050052370
N           -2.02852706326081        0.64207820966751        3.63697320744319
B           -1.10330050672965       -4.18119009293645       -0.38277351875080
N           -3.21780762497350        0.04144082457069       -0.92807945268926
B            3.44623049917043        1.25620743877117       -0.49177518582969
N            2.58697088808804        1.65072677839121        1.95604558687870
B            1.47051785904106       -1.57280422508053       -3.47550868033877
N           -2.09861120110508        1.77434307353900        2.78123346676070
B            2.04067998353301        0.69466860128240       -3.18676048430739
N           -2.71521746377539       -1.31867963330054        2.36152629854400
B            0.65737612576316       -0.56298182369662       -4.45370926646928
N           -0.17224192744117       -3.76594913488973       -1.30494064404764
B            0.48494481525426       -2.07959857270345        3.48530718802997
N           -0.58656516086102       -1.17265643886693        3.87075275898391
B           -3.21974099943211       -1.43659594476124        1.04236484755456
N            2.66928180530720       -0.83481942005039        2.65504706609517
B            1.88052087797405        3.34140402093995       -0.09741255345830
N            2.87740134942903       -2.33475070359901       -0.75041007464118
114
 energy: -221.456377461233 gnorm: 0.003909062696 xtb: 6.7.1pre (5071a88)
C           -1.05291111546444        3.19909145392616        8.59572525453527
C            0.33690445149271        2.84872552990430        9.13665202049924
C            0.23002081531750        2.22334995320918       10.49660843657051
C            0.22889832939954        0.86313652028696       10.64742911680519
C            0.36986112703705       -0.23412824193792        9.64261432463235
N            0.28428045718479       -1.43374246943163       10.45858675345318
C            0.11085621746432       -1.15349206504791       11.79430123882974
C            0.00447187220902       -2.13913829397143       12.71868720570524
C            0.07560839814401       -3.49293624650283       12.28272139008527
C            0.26200501360784       -3.77233665354346       10.91088243212724
C            0.38088805092775       -2.69310204087496        9.92255015731603
O            0.55041780477877       -2.85320352366446        8.72652521297300
C            0.33663038296426       -5.08711786617660       10.46475424220451
C            0.22685635163790       -6.13755576573411       11.35964832029001
C            0.03964028855359       -5.86845215921920       12.72019503290294
C           -0.03341935154979       -4.57272696174765       13.17030538385264
O            0.30437324775944       -7.40846772178909       10.88600909675596
C            0.07603809370044        0.28794981470529       11.93773024921467
N           -0.07183683117654        0.96201897451160       13.04444383348788
C           -0.07131290937837        2.30702398955954       12.93810294838527
C            0.07646132867984        2.99000734768784       11.68914069429816
C            0.06342653331153        4.39756561446465       11.70743825588913
C           -0.08850219539712        5.09598277011101       12.87287637112888
C           -0.23900353843323        4.41973409529199       14.09775309806356
C           -0.22814677477201        3.04635520775142       14.12217271065785
O           -0.39364295302424        5.09664322012867       15.26518946539466
H           -1.66671402107152        2.30452371745604        8.52798274740226
H           -0.96881569814592        3.63274368298315        7.60284112010082
H           -1.55331312616975        3.90819874536187        9.25140993124855
H            0.81264604732941        2.14510639718634        8.45355600966379
H            0.95247554715817        3.74773292391866        9.17850597040499
H           -0.42175175563264       -0.23834922416461        8.88560952186447
H            1.32806205677405       -0.21349423107288        9.11108490441151
H           -0.13113363949025       -1.89672945356296       13.75882118422785
H            0.47985559161624       -5.28426389925657        9.41420738670817
H           -0.04763965714600       -6.69184782806576       13.41795439965944
H           -0.17785647178486       -4.37229560619680       14.22167520167437
H            0.21116402693809       -8.03680571024363       11.61214184606701
H            0.17715842599543        4.94230529555646       10.78333500862955
H           -0.09278822894465        6.17835362039518       12.86158628684659
H           -0.34000487890765        2.52275625067821       15.05678051700154
H           -0.38114048268206        6.04738196022961       15.10158523365805
B            3.45856945379657       -1.43723921012125        1.67781609046332
N            3.46421023063491        1.14347562973111        0.96910813312090
B            2.53844638188486        2.35320565777076       -1.24247967991439
N            2.29371380493762       -0.66027083829886       -2.68756655301393
B            0.68762923142168       -3.53243278766015        2.77511866383556
N           -2.93653406836938       -2.63036411480891        1.77259119174203
B           -1.03292307063457        4.10303135484132        1.83619995546546
N           -0.62090437075262       -0.00946428851295       -3.90343277814961
B           -0.47402162390078        1.41664012357559       -4.06456914325973
N            1.20547362182956       -3.79260100149228       -1.66888112927061
B           -3.84213597870550        2.21284524781785       -0.47148070527436
N           -2.77084464263949        2.76049542217146       -1.19493707822920
B            1.40477508963908        0.78162100307765       -4.85859463667600
N           -0.23113311066377        3.39196115581515        2.84660559847488
B            0.89449224537116       -2.89711388696962       -2.75129568427656
N           -0.48874168921424        3.76346476968860       -1.00218749087695
B           -0.80205604536982        2.21316409363211        3.30320829681586
N            1.65162360207643       -1.23653980282585        3.54559701059606
B           -0.24621609548402        3.45532743825536       -2.36990302211634
N            1.30632969807825        0.10889434146975        3.84769632680443
B           -1.59930455784888       -0.57985117673814       -3.04126790704524
N           -3.82977137571589        1.79038306345450        0.85731654482546
B            0.34214164201280        4.51032270610042        1.18583271492899
N            0.04597664630335        0.03149731644521        4.49872902902985
B           -2.70449595162971        2.24386795079491        1.62237798541366
N            3.77409682788929       -0.13639031864564       -0.72605652306432
B           -2.25399022126265       -3.62351354003383        1.08018301536120
N            1.06125739052400        3.75748744188256        2.24456474611191
B           -1.82395719744241       -0.74339000136369        3.27311387804497
N           -2.43898220100880       -3.59799583668517       -0.37985734510758
B            3.01929699553161       -1.08363518207879       -1.45631236452561
N           -3.15699184497069       -1.24728827703883       -0.33275254233701
B            2.03912932998124        2.93951302477589        1.57420605028374
N           -0.51218261333362       -2.91682153605083       -2.37172754877613
B           -1.67682167564839       -2.12800909715509       -2.43505757602504
N            0.59358546738599        3.96890502875612       -0.10407511475751
B            1.09115523353332        2.93800095491273       -3.17035203068615
N            0.07563191429215       -4.33817265159082        1.79878380104963
B           -1.78031773339141        3.45370022386489       -0.39742311116620
N           -2.00869890327150        3.43075909870743        1.04288555924381
B            1.46327562129303       -4.19345600543749        1.57624339605517
N           -0.79849212088534        1.10812578539312        4.23429578235133
B           -2.66763300663412       -2.40461253230433       -1.11431055454030
N           -1.07560331114679       -4.46837968738566        1.06833343425428
B           -2.50395778277174        0.48056690207433       -2.07385616617226
N            2.34832967642577       -3.87662461812685        0.52533410479378
B            3.91436629089431       -0.19327310736386        0.76580561447379
N            1.92820758798332        1.94058808337171       -2.44437388949674
B            1.00112031794203        2.22040462525565       -4.60411055259687
N           -4.18499080433413        0.83416176781024       -0.31401427444621
B           -1.33789547548126        2.43379014441711       -3.09587079627151
N           -2.35916211734164        1.92032343922415       -2.28273105642702
B            3.07146851518816       -2.63637456384588        0.66095390658611
N            2.33210800704881       -3.67808012050888       -0.90131158442662
B            2.22052194339690        0.57520225339089        2.84051160658882
N           -2.02801627855691        0.65107618389566        3.64368908046873
B           -1.10409128340933       -4.18070226916104       -0.36566752742520
N           -3.21771802354071        0.04116796063075       -0.91913990447788
B            3.44675725136577        1.25567349713433       -0.48644838696188
N            2.58831446451727        1.65566993178961        1.96052159158845
B            1.47010806689835       -1.57904036321670       -3.46394746234021
N           -2.09831147519269        1.78215923371778        2.78645525178712
B            2.04076697382529        0.68880096681997       -3.18011231749944
N           -2.71546801188192       -1.31248910502655        2.37292002893509
B            0.65695259177223       -0.57104811099482       -4.44402534757842
N           -0.17281494343453       -3.76700276511946       -1.28833709241241
B            0.48476909667616       -2.07141158390291        3.49745645401193
N           -0.58655245635956       -1.16346874224000        3.88158428065980
B           -3.22033186864414       -1.43318135326741        1.05415110033781
N            2.66964095648535       -0.82866470566018        2.66425303371796
B            1.88128412384157        3.34185145724426       -0.09620310769892
N            2.87748680736796       -2.33572322118054       -0.73765778851926
114
 energy: -221.456512597961 gnorm: 0.003687436680 xtb: 6.7.1pre (5071a88)
C           -1.05207379305135        3.19832090036062        8.56674973708227
C            0.33877236621291        2.83887785205874        9.09916379579496
C            0.23526934078906        2.21574460970796       10.46051092774611
C            0.23306518798952        0.85570777664076       10.61439433652739
C            0.37699317485850       -0.24721439205253        9.61557899570804
N            0.28836492085107       -1.44318087852931       10.43707955333894
C            0.10854752400517       -1.15569296212923       11.76977585654974
C           -0.00645685340404       -2.13442734373807       12.70062264706597
C            0.06314316611260       -3.49088276920981       12.27379171806400
C            0.26065892998049       -3.77925288305027       10.90511938125891
C            0.38787799268399       -2.70695200659302        9.91025374960928
O            0.56510770975634       -2.87507955989025        8.71630514109803
C            0.33668812324645       -5.09775855622108       10.46948675207425
C            0.21554307163096       -6.14170572670090       11.37069191449608
C            0.01415381593819       -5.86321224432010       12.72756293829540
C           -0.05880102100949       -4.56422374552035       13.16785574255557
O            0.29549383927512       -7.41585202537748       10.90645005830025
C            0.07586842056939        0.28556056531142       11.90679582715592
N           -0.07503160313194        0.96216002364281       13.01139001687513
C           -0.06973189976303        2.30694987369025       12.90164676212884
C            0.08367730910431        2.98591698397357       11.65172672797460
C            0.07940943196043        4.39374304354849       11.66807817899969
C           -0.07113592949797        5.09468695907161       12.83249929634887
C           -0.23042987438719        4.42144270720575       14.05778533114925
C           -0.22708516114877        3.04793469826597       14.08410411149683
O           -0.38574221771286        5.10026759380808       15.22384490065851
H           -1.67561123897271        2.30929067172302        8.51317759137619
H           -0.97210909307042        3.62124779370418        7.56875914785209
H           -1.53992867716582        3.91905140735010        9.21951262450280
H            0.80534626483703        2.13139114950254        8.41353063994746
H            0.96098021742538        3.73370392364697        9.13586193888299
H           -0.41159369634356       -0.25564191777094        8.85543514048856
H            1.33737844685601       -0.22898657581653        9.08770373817017
H           -0.14744532347239       -1.88195117427198       13.73769326596978
H            0.48958407770014       -5.30344230317324        9.42173826651286
H           -0.08411430513494       -6.68181675362693       13.42962986707289
H           -0.21368839948728       -4.35451365436809       14.21612414622820
H            0.19337619620156       -8.03913816457921       11.63594805127117
H            0.20030555891999        4.93642007521167       10.74367518878758
H           -0.06739681648000        6.17707086060563       12.82064910997462
H           -0.34450397030601        2.52532595798462       15.01856865857832
H           -0.36730543414143        6.05115974139429       15.06083850907172
B            3.45918908525219       -1.43106382029962        1.69437099621432
N            3.46610371054087        1.14771399166092        0.97761524310790
B            2.53890296135047        2.34992720008463       -1.23769487155391
N            2.29360787072279       -0.66789310935323       -2.67302381959765
B            0.68716133646317       -3.52216734907989        2.79914223594860
N           -2.93765669173503       -2.62255089401123        1.79462691553723
B           -1.03120328063710        4.11116473224843        1.83585952540573
N           -0.62123567793376       -0.02007126147586       -3.88999002126112
B           -0.47431329723543        1.40545557775690       -4.05609579730667
N            1.20437495811378       -3.79635766237557       -1.64381171227112
B           -3.84163154133439        2.21411513145841       -0.46497354675077
N           -2.77026865921636        2.75915699372320       -1.19035566517407
B            1.40444341154688        0.76730388532479       -4.84852940019435
N           -0.22950469468061        3.40289158869809        2.84820340467720
B            0.89346870539553       -2.90436617870532       -2.72912800758539
N           -0.48777609047397        3.76185782024046       -1.00126670906166
B           -0.80109279390539        2.22626811468601        3.30943383997507
N            1.65131775144015       -1.22368008308450        3.56037075394869
B           -0.24563986069147        3.44940678667033       -2.36809390965673
N            1.30665844712249        0.12280991151271        3.85821358346892
B           -1.59930426238287       -0.58741856228465       -3.02543037191684
N           -3.82909883304933        1.79618173969633        0.86527390229382
B            0.34400229961368        4.51569664738488        1.18408356931046
N            0.04700387704170        0.04790123488230        4.51099543503001
B           -2.70365011699973        2.25207564135572        1.62859396977524
N            3.77469116664916       -0.13806785693969       -0.71347851795279
B           -2.25477690346941       -3.61770205180760        1.10509071752467
N            1.06316567651690        3.76615841712721        2.24527902467625
B           -1.82359609913753       -0.73053404779266        3.28831529876560
N           -2.43994320073731       -3.59677712222915       -0.35499111621147
B            3.01943181506573       -1.08749986104375       -1.44058022360946
N           -3.15727466128112       -1.24579205966752       -0.31521467751973
B            2.04068229599719        2.94568855270991        1.57703411301004
N           -0.51311539658218       -2.92226394183826       -2.34910859848144
B           -1.67786022324154       -2.13389113057990       -2.41529104823948
N            0.59473536694313        3.96962450076307       -0.10399580776952
B            1.09144805195223        2.92906746654548       -3.16718536800905
N            0.07489099903392       -4.33080814246054        1.82540373449391
B           -1.77945178716035        3.45472216380877       -0.39532786126802
N           -2.00767174145451        3.43683122030499        1.04510864755058
B            1.46247035400962       -4.18702958334822        1.60212831236063
N           -0.79750346034449        1.12372829723109        4.24344694547936
B           -2.66828890604225       -2.40562813284126       -1.09321485718665
N           -1.07668761493588       -4.46298738921065        1.09576405142588
B           -2.50430599149222        0.47636650654100       -2.06204782958248
N            2.34771656388971       -3.87374502017260        0.55029737731882
B            3.91539050367213       -0.19006538350045        0.77846985834322
N            1.92839231374213        1.93376158985423       -2.43819478217562
B            1.00085053314816        2.20697851570638       -4.59866651439292
N           -4.18465962898278        0.83601228283683       -0.30294507099728
B           -1.33781452124442        2.42597797317876       -3.09059701591025
N           -2.35904389257626        1.91536494779291       -2.27555215102176
B            3.07148989427479       -2.63345636428862        0.68161749982394
N            2.33134650638281       -3.67994711007768       -0.87709282913629
B            2.22191291326731        0.58556935521057        2.85061178704572
N           -2.02708166597957        0.66509110565049        3.65416922556523
B           -1.10523264613257       -4.17981325623347       -0.33916477073318
N           -3.21776108900307        0.04085797360006       -0.90562151079766
B            3.44742660961746        1.25480107032551       -0.47832999085327
N            2.59012874797866        1.66324368853466        1.96738922435413
B            1.46939567513414       -1.58884043350612       -3.44622261476757
N           -2.09776061160614        1.79419674649814        2.79441784584725
B            2.04070619377808        0.67958988987352       -3.16991741239096
N           -2.71565054495766       -1.30268022233548        2.39051514724372
B            0.65624364154753       -0.58374628365174       -4.42930877912515
N           -0.17369592632660       -3.76863680595749       -1.26273113055379
B            0.48464828844043       -2.05863635107205        3.51645536747880
N           -0.58637448384355       -1.14910836439534        3.89848083076649
B           -3.22086533325004       -1.42752016973304        1.07228115549189
N            2.67019313188150       -0.81912313980347        2.67865229969278
B            1.88237980798568        3.34251091781725       -0.09447603132312
N            2.87741688530003       -2.33725056561164       -0.71793577964051
114
 energy: -221.456664465350 gnorm: 0.003110047847 xtb: 6.7.1pre (5071a88)
C           -1.04894269559688        3.19655554465509        8.53091512324082
C            0.34235199891494        2.82670180797899        9.05447713147747
C            0.24172880276183        2.20649022151286       10.41750617809481
C            0.23768468881876        0.84661908322491       10.57552973566261
C            0.38464147321296       -0.26291528770862        9.58363802707088
N            0.29209026853364       -1.45456589622052       10.41180064658495
C            0.10468186094723       -1.15867191384692       11.74078000581354
C           -0.02024397437841       -2.12908433254787       12.67919604381019
C            0.04790103300855       -3.48864571475299       12.26318838145828
C            0.25775777595148       -3.78761570912411       10.89855756144590
C            0.39487892025391       -2.72370481539894        9.89595765976313
O            0.58135872122493       -2.90136243860517        8.70472286142812
C            0.33513057954891       -5.11051970759758       10.47481966926983
C            0.20152563802313       -6.14665733793393       11.38317436979677
C           -0.01473075490704       -5.85695536740078       12.73570553557093
C           -0.08770422763529       -4.55439940299395       13.16470122462868
O            0.28357093407623       -7.42490517196708       10.93056130809847
C            0.07494179137785        0.28294421910396       11.87010592343585
N           -0.07893366158662        0.96270202065152       12.97218905736849
C           -0.06773330386079        2.30735839815001       12.85792447352601
C            0.09198887369184        2.98115767576817       11.60664462559949
C            0.09695351260006        4.38924259020622       11.62030816501958
C           -0.05193585871401        5.09302904191508       12.78355807284142
C           -0.21999453060774        4.42399340160930       14.00981727868191
C           -0.22502626411104        3.05047827113216       14.03876576324225
O           -0.37495170394916        5.10639241118676       15.17373164103735
H           -1.68314451536870        2.31406668097972        8.49258078682092
H           -0.97352877573205        3.60780079498088        7.52757695387190
H           -1.52318981135183        3.92980091112549        9.18007000384482
H            0.79904412005443        2.11470737418124        8.36654543732955
H            0.97229953609671        3.71664368313902        9.08574315804263
H           -0.40075841392296       -0.27580841799916        8.82031838594990
H            1.34737417567353       -0.24780451139119        9.05989131035289
H           -0.16768245316892       -1.86497470220170       13.71244186306395
H            0.49856971700795       -5.32440034791346        9.43023310372688
H           -0.12442466836155       -6.66984172878207       13.44281804315567
H           -0.25361477704095       -4.33471156391857       14.20936195884201
H            0.17186693744466       -8.04198379426109       11.66412749001853
H            0.22512076627086        4.92995010555985       10.69574708814750
H           -0.04001978076181        6.17543452278494       12.77049258439915
H           -0.34801923328969        2.52784835334593       14.97245488596288
H           -0.34996158053595        6.05705875080997       15.00943002303785
B            3.45966349517721       -1.42358527452821        1.71441787949981
N            3.46794116293946        1.15270653914148        0.98785539499699
B            2.53935306371751        2.34594947179929       -1.23197087252260
N            2.29331401842451       -0.67714054115152       -2.65549955909410
B            0.68668928344511       -3.50961526484221        2.82828562624705
N           -2.93864864024607       -2.61285546497652        1.82120123335289
B           -1.02917023187109        4.12083797447596        1.83542918866546
N           -0.62193311041936       -0.03281680995852       -3.87446239088551
B           -0.47464931615771        1.39202142379457       -4.04610406195977
N            1.20297913364576       -3.80101764184322       -1.61364741820766
B           -3.84084338142509        2.21555722753352       -0.45721117530999
N           -2.76948313232215        2.75746487444924       -1.18497076393926
B            1.40402201056938        0.74995949675040       -4.83642980608732
N           -0.22757432278514        3.41610003203767        2.85026739650952
B            0.89216139515336       -2.91322247004055       -2.70248429587991
N           -0.48656886755747        3.75995193481104       -1.00029691184194
B           -0.79981872360468        2.24194333073679        3.31681472581115
N            1.65120364782009       -1.20814630355872        3.57882722220799
B           -0.24484454146275        3.44220594054889       -2.36601115621197
N            1.30733337574361        0.13962535755098        3.87158229720774
B           -1.60043532973148       -0.59651120904053       -3.00798811457139
N           -3.82812389447862        1.80294368701800        0.87471512429415
B            0.34612468453023        4.52217969586116        1.18189358255092
N            0.04827449907137        0.06773865495312        4.52612082045403
B           -2.70241869583856        2.26165883865969        1.63595651958970
N            3.77509287624933       -0.14011764370493       -0.69829710634690
B           -2.25563515623129       -3.61058020522424        1.13523284300834
N            1.06531517184375        3.77660225280411        2.24597707475291
B           -1.82299072228999       -0.71499769110029        3.30688862388513
N           -2.44113997346411       -3.59534408076666       -0.32489200861020
B            3.01934420156155       -1.09219017974534       -1.42159523512877
N           -3.15756629601720       -1.24400434770649       -0.29406121109783
B            2.04239650960316        2.95311264808604        1.58042738322564
N           -0.51419650455068       -2.92850980276497       -2.32157986641305
B           -1.67880737708586       -2.14018437985425       -2.39070520303308
N            0.59614669954740        3.97068456027243       -0.10403206143293
B            1.09187282011805        2.91829415634742       -3.16347422072715
N            0.07402369930739       -4.32172290494627        1.85769364814041
B           -1.77830436391018        3.45585661995931       -0.39293609691113
N           -2.00622571869476        3.44382598062405        1.04765026289374
B            1.46155391336599       -4.17913262397334        1.63353185721761
N           -0.79619184236145        1.14265820786844        4.25467647612638
B           -2.66935656244686       -2.40700182615272       -1.06773146335399
N           -1.07786013487137       -4.45626589889644        1.12893957464452
B           -2.50404267853457        0.47118205292555       -2.04760548883363
N            2.34683899926763       -3.87026528739552        0.58040409501937
B            3.91628549514791       -0.18622784018122        0.79374979323793
N            1.92859431821163        1.92548643287223       -2.43082432926519
B            1.00067261169037        2.19072890440573       -4.59218061193260
N           -4.18413022069089        0.83817595810580       -0.28981050849201
B           -1.33763219075037        2.41648735774626       -3.08431597516498
N           -2.35870411627412        1.90927467879381       -2.26694310856147
B            3.07128736853410       -2.62987572454695        0.70658402398439
N            2.33024422503536       -3.68215962152573       -0.84782361848801
B            2.22344521619154        0.59807745866921        2.86296168284461
N           -2.02587704898718        0.68203606254573        3.66713624742536
B           -1.10657914913971       -4.17867070898521       -0.30712723931282
N           -3.21755525748804        0.04040010795770       -0.88938633397282
B            3.44802781667444        1.25370102641462       -0.46856296367304
N            2.59199552196020        1.67229489118957        1.97569610888143
B            1.46845340635358       -1.60075371376069       -3.42487608994802
N           -2.09689151279484        1.80843011768861        2.80387831214049
B            2.04061988372426        0.66843450658704       -3.15766483496315
N           -2.71557018514280       -1.29065213967816        2.41178889430729
B            0.65536599268961       -0.59910330816266       -4.41158908457811
N           -0.17488450447922       -3.77082325940841       -1.23203892304694
B            0.48467579556137       -2.04312174914759        3.53967899311933
N           -0.58598165798482       -1.13166272237951        3.91912477091792
B           -3.22109690244492       -1.42043097774898        1.09416135239231
N            2.67082031234904       -0.80756404973683        2.69627146242686
B            1.88360261474220        3.34330154293059       -0.09245870511840
N            2.87709188392730       -2.33906403892377       -0.69410521758026
