108
 energy: -224.003696649515 gnorm: 0.080863865093 xtb: 6.7.1pre (5071a88)
F            5.96692400000000       -0.11139400000000        9.01692400000000
C            5.09446900000000        0.51336100000000        8.17756000000000
F            5.36153600000000        1.84478400000000        8.28924600000000
C            3.65158700000000        0.17380000000000        8.46055100000000
C            2.63103800000000        1.08456800000000        8.15414400000000
C            1.29227300000000        0.76343600000000        8.39536300000000
C            0.94201000000000       -0.47615100000000        8.95349000000000
C            1.96527100000000       -1.39385600000000        9.23935000000000
C            3.30321500000000       -1.07320600000000        8.99641900000000
C           -0.50767300000000       -0.87925200000000        9.20366800000000
C           -1.41274900000000        0.25844900000000        9.67421500000000
C           -1.15489700000000        0.86854100000000       10.91564900000000
C           -1.98284800000000        1.88280000000000       11.37878000000000
F           -1.72588900000000        2.45592700000000       12.56139300000000
C           -3.07981300000000        2.29969100000000       10.64008600000000
C           -3.34991300000000        1.69766600000000        9.41007500000000
C           -2.51028800000000        0.69892000000000        8.89521800000000
N           -2.87657600000000        0.06637600000000        7.69817700000000
C           -1.80643900000000       -0.64701300000000        7.00202100000000
C           -2.30662900000000       -1.70033500000000        6.03888600000000
O           -3.03564000000000       -1.54648000000000        5.07386300000000
N           -1.74250800000000       -2.89055300000000        6.49140100000000
N           -1.02755300000000       -2.78238900000000        7.65959100000000
C           -1.08059800000000       -1.51982100000000        7.97823800000000
F            5.47022300000000        0.16143600000000        6.91717100000000
H            2.87639400000000        2.05592500000000        7.72563500000000
H            0.53068100000000        1.50056600000000        8.14640900000000
H            1.72597900000000       -2.37492800000000        9.64864700000000
H            4.07603600000000       -1.80576600000000        9.22708600000000
H           -0.53125100000000       -1.64037800000000        9.99673900000000
H           -0.31523800000000        0.55592200000000       11.53074800000000
H           -3.72651400000000        3.07932200000000       11.02957700000000
H           -4.23062300000000        2.01239700000000        8.85485500000000
H           -3.45024300000000        0.63264200000000        7.07625800000000
H           -1.11429500000000        0.03070100000000        6.49290000000000
H           -1.91945700000000       -3.79570900000000        6.07055000000000
B            3.45918000000000       -1.45456900000000        1.62803700000000
N            3.45640000000000        1.12990400000000        0.94004000000000
B            2.53992000000000        2.36249900000000       -1.26104700000000
N            2.29306700000000       -0.64163700000000       -2.73060300000000
B            0.69053400000000       -3.56106900000000        2.70270900000000
N           -2.93972400000000       -2.65477300000000        1.70947600000000
B           -1.03820200000000        4.08509600000000        1.83123800000000
N           -0.61934700000000        0.01765100000000       -3.94190400000000
B           -0.47371000000000        1.44532400000000       -4.09173000000000
N            1.20955900000000       -3.78679600000000       -1.73940500000000
B           -3.84450000000000        2.20944000000000       -0.49372200000000
N           -2.77286400000000        2.76356200000000       -1.21183300000000
B            1.40572500000000        0.81809100000000       -4.88931100000000
N           -0.23578900000000        3.36421500000000        2.83354400000000
B            0.89832000000000       -2.87979800000000       -2.81384900000000
N           -0.49183300000000        3.76657800000000       -1.01011900000000
B           -0.80599600000000        2.18226900000000        3.28187400000000
N            1.65611000000000       -1.27443300000000        3.50362200000000
B           -0.24848400000000        3.46993700000000       -2.37986300000000
N            1.30870300000000        0.06889800000000        3.81698100000000
B           -1.59744100000000       -0.55993400000000       -3.08468900000000
N           -3.83249600000000        1.77684200000000        0.83162400000000
B            0.33760200000000        4.49599400000000        1.18389400000000
N            0.04325600000000       -0.01395500000000        4.45665300000000
B           -2.70883700000000        2.22675100000000        1.60124200000000
N            3.77272800000000       -0.13262400000000       -0.76554100000000
B           -2.25338100000000       -3.63941200000000        1.00848200000000
N            1.05581800000000        3.73339800000000        2.23573400000000
B           -1.82562000000000       -0.77746000000000        3.21984000000000
N           -2.43676800000000       -3.60188000000000       -0.45077300000000
B            3.01865800000000       -1.07367000000000       -1.50276800000000
N           -3.15796000000000       -1.25259200000000       -0.38432100000000
B            2.03465600000000        2.92232600000000        1.56172200000000
N           -0.50744700000000       -2.90014800000000       -2.43279500000000
B           -1.67354800000000       -2.11288200000000       -2.49162100000000
N            0.59013500000000        3.96458300000000       -0.11022500000000
B            1.09031400000000        2.95964900000000       -3.18248900000000
N            0.07735000000000       -4.35923000000000        1.72128900000000
B           -1.78403400000000        3.45238400000000       -0.40822000000000
N           -2.01352000000000        3.41851500000000        1.03155300000000
B            1.46587800000000       -4.21214800000000        1.49913800000000
N           -0.79798700000000        1.06415300000000        4.19458100000000
B           -2.66624200000000       -2.40209600000000       -1.17525600000000
N           -1.07438800000000       -4.48433500000000        0.99123500000000
B           -2.50371000000000        0.49137000000000       -2.10914300000000
N            2.35272800000000       -3.88733500000000        0.45310300000000
B            3.91232700000000       -0.20235700000000        0.72592600000000
N            1.92854800000000        1.95700900000000       -2.46507700000000
B            1.00118400000000        2.25435100000000       -4.62250700000000
N           -4.18601600000000        0.82900500000000       -0.34753800000000
B           -1.33888100000000        2.45365800000000       -3.11487000000000
N           -2.35964900000000        1.93260500000000       -2.30584100000000
B            3.07306300000000       -2.64548300000000        0.60111100000000
N            2.33521300000000       -3.67367000000000       -0.97087600000000
B            2.21786300000000        0.54580300000000        2.80840700000000
N           -2.02642300000000        0.61191200000000        3.60149200000000
B           -1.10174900000000       -4.18378700000000       -0.44100700000000
N           -3.21814400000000        0.04165400000000       -0.95856600000000
B            3.44775200000000        1.25859300000000       -0.51406500000000
N            2.58208500000000        1.63297700000000        1.93645400000000
B            1.47205400000000       -1.55500100000000       -3.51561000000000
N           -2.10260100000000        1.75419400000000        2.76079900000000
B            2.04076500000000        0.71192100000000       -3.21148300000000
N           -2.72091500000000       -1.34169900000000        2.32056700000000
B            0.65864800000000       -0.53887500000000       -4.48693700000000
N           -0.16866400000000       -3.75942100000000       -1.35647200000000
B            0.48556000000000       -2.10563400000000        3.43376400000000
N           -0.58725300000000       -1.20503300000000        3.82448800000000
B           -3.22437300000000       -1.45141100000000        1.00032000000000
N            2.67132400000000       -0.85552900000000        2.62113500000000
B            1.87855700000000        3.33934800000000       -0.10642700000000
N            2.87691100000000       -2.33178300000000       -0.79356300000000
108
 energy: -224.012499026325 gnorm: 0.030627394938 xtb: 6.7.1pre (5071a88)
F            5.93230134487530       -0.11206758458764        9.01323709260362
C            5.06781036529363        0.50965053821237        8.17956518311184
F            5.33244247685383        1.83123359121351        8.29048393917652
C            3.62997160126974        0.17032298056788        8.46046334767715
C            2.61945912622233        1.07734883865316        8.15559627370789
C            1.29213286174450        0.75427233291524        8.39838029645678
C            0.94835730271207       -0.47609368241489        8.95297534605360
C            1.96619282453318       -1.38519231332425        9.23495440143357
C            3.29354764508771       -1.07017799454461        8.99296442848919
C           -0.49589854787577       -0.87717639164960        9.21760259269844
C           -1.39723583406949        0.26925740388448        9.66122634978169
C           -1.14908525360451        0.86709336890149       10.89318568807507
C           -1.97932427933130        1.87077505047588       11.36118861133957
F           -1.71801181442999        2.44276622285599       12.55067079045683
C           -3.07769280513123        2.29046199417253       10.63242702594888
C           -3.33702406744031        1.69676457684163        9.41145741610721
C           -2.50260744834124        0.69709613907989        8.90153997579489
N           -2.85664283187721        0.07648557088838        7.70870824562789
C           -1.81007606630445       -0.64859498951593        7.00995077137594
C           -2.33540143775024       -1.71150058090035        6.05726652671138
O           -3.08406472729170       -1.58916295237155        5.11787592380100
N           -1.74608250117966       -2.87400962405702        6.49502950197770
N           -1.03357781908886       -2.73945784959374        7.65867771856478
C           -1.05765481279329       -1.49774915523391        7.98354428040473
F            5.44750917332909        0.16092324450159        6.92782134559205
H            2.86766335550784        2.04163368820381        7.73180584431254
H            0.52918156570385        1.48211806007785        8.15761554471454
H            1.72462371327026       -2.35613075375108        9.64559314785422
H            4.06706382779667       -1.79043919635868        9.22619526856047
H           -0.49935041352348       -1.63985041933862       10.00711289590914
H           -0.31426539329712        0.54981993980846       11.50236689196388
H           -3.72019987225241        3.06724110685708       11.02131039672301
H           -4.20541643855477        2.01072704064880        8.84851350579268
H           -3.44622018073794        0.62518557804233        7.09339226249913
H           -1.12098235702727        0.01998097827649        6.47458668256452
H           -1.90404182429356       -3.78351314130677        6.08546098353538
B            3.46223503634287       -1.45411405595462        1.62726469768158
N            3.45742158958125        1.13048267997803        0.93890739791611
B            2.53972212133506        2.36251936704403       -1.26171215188828
N            2.29274314459704       -0.64151094670747       -2.73092609216646
B            0.69201003273064       -3.55977268706237        2.70152698458633
N           -2.93620480655811       -2.65181986675970        1.70750514801348
B           -1.03706436368604        4.08563432204799        1.82928876879561
N           -0.61956383296074        0.01770198682366       -3.94216594495465
B           -0.47370841726791        1.44526640298239       -4.09177646388396
N            1.20988881414619       -3.78692898524922       -1.73969916267364
B           -3.84401955941192        2.20969761924338       -0.49442513071576
N           -2.77264698796743        2.76420552597440       -1.21268246201696
B            1.40554955177501        0.81779939609878       -4.88972722170495
N           -0.23477788638086        3.36511076142891        2.83283196697099
B            0.89845776882484       -2.87995557369819       -2.81414729821141
N           -0.49172068811629        3.76717547681560       -1.01089862876746
B           -0.80363915409924        2.18244325115000        3.27763493179949
N            1.66202660769154       -1.27367927539204        3.50448895688178
B           -0.24844490855375        3.47021159203917       -2.38070368361191
N            1.31656454569238        0.07034987960958        3.82043067367573
B           -1.59755551882994       -0.56013913187429       -3.08491376450770
N           -3.83095529764331        1.77692368166184        0.83077680063630
B            0.33875156839281        4.49697505509486        1.18274531595716
N            0.04801931978742       -0.01268971004207        4.45631281192357
B           -2.70688214372888        2.22619243164093        1.59903382706697
N            3.77286422272495       -0.13217426557767       -0.76648030497719
B           -2.25268231154551       -3.63783194775912        1.00878228829030
N            1.05687550336145        3.73433960537040        2.23515187938739
B           -1.83417039184229       -0.77997532643591        3.22920279471381
N           -2.43590993722725       -3.60156914117501       -0.45067293391910
B            3.01866253334565       -1.07343645735019       -1.50338145678491
N           -3.15690810606541       -1.25173745110440       -0.38626081711221
B            2.03534149935190        2.92241520824973        1.56082610110743
N           -0.50722553080360       -2.90053859321184       -2.43310177231261
B           -1.67352814159653       -2.11345039754414       -2.49236301690380
N            0.59034269703087        3.96506490539968       -0.11097741062260
B            1.09031595887255        2.95979530103985       -3.18323888622807
N            0.07786300098934       -4.35873156757407        1.72137693026359
B           -1.78387581039439        3.45309806930562       -0.40950080752709
N           -2.01268014175567        3.41906166410372        1.03054699221588
B            1.46660274944966       -4.21155921012006        1.49853553251121
N           -0.79651499122044        1.06739205917055        4.19688177805220
B           -2.66584443832701       -2.40198970220321       -1.17583487948804
N           -1.07391745245109       -4.48432981922755        0.99167923704140
B           -2.50413224377407        0.49192273826496       -2.11045497815571
N            2.35312115494387       -3.88673523627354        0.45255855980731
B            3.91381801735008       -0.20163073825781        0.72471184564562
N            1.92809385020327        1.95711353711721       -2.46546230907662
B            1.00126160101637        2.25414971738055       -4.62302438466186
N           -4.18531320986130        0.82946271841461       -0.34818760271026
B           -1.33898356585115        2.45420072150401       -3.11571048764510
N           -2.35967153768651        1.93327564273953       -2.30675072943641
B            3.07386848535235       -2.64496224010513        0.60057153140789
N            2.33557234235673       -3.67344044639090       -0.97130085502281
B            2.22438847886153        0.54658177275737        2.80918926640043
N           -2.02637793464320        0.61551782219625        3.60285407587186
B           -1.10132765798952       -4.18362782909248       -0.44076159743983
N           -3.21805825214360        0.04215611347499       -0.96009771069884
B            3.44822531401819        1.25901878889751       -0.51509766462885
N            2.58375176998286        1.63343284862557        1.93562514363676
B            1.47194519600823       -1.55506643043078       -3.51603570199442
N           -2.09985082981998        1.75502325813249        2.75912044404614
B            2.04061667669350        0.71198944161771       -3.21200207853783
N           -2.71879116967363       -1.34012246093267        2.31738535439832
B            0.65831364724350       -0.53900213061588       -4.48731512930647
N           -0.16831473651832       -3.75960823520707       -1.35665883140372
B            0.49003400419287       -2.10256335139348        3.42845799950261
N           -0.58266097797850       -1.20460185086870        3.82298084956145
B           -3.22139461756212       -1.44855702456533        0.99892228317575
N            2.67689461871004       -0.85412502159445        2.62184302937148
B            1.87872285765444        3.33969923332848       -0.10734179491256
N            2.87703181332006       -2.33146610510298       -0.79401554910183
108
 energy: -224.014782462108 gnorm: 0.012762791218 xtb: 6.7.1pre (5071a88)
F            5.89849567096754       -0.11004943993775        9.00987299202241
C            5.04270758459424        0.51017177217284        8.17904180401539
F            5.30191424909229        1.82443851587088        8.28876457394593
C            3.60816222616272        0.16992085126493        8.45770787398744
C            2.60394799538420        1.07755276255106        8.15256976861766
C            1.28261977003753        0.75297845675696        8.40060229648751
C            0.94818896383166       -0.47442060037979        8.95449100129746
C            1.96220209885539       -1.38157798764679        9.23642461133210
C            3.28433527595325       -1.06911391529112        8.99215942740927
C           -0.49215024347106       -0.87684612976590        9.21942719873968
C           -1.38843411047391        0.26997294184935        9.65603105330337
C           -1.13976538747267        0.86413731411662       10.88249437782446
C           -1.96774062803249        1.86490627850774       11.35198855116181
F           -1.70288982996874        2.43289351417445       12.54915631661903
C           -3.06889676450254        2.28818046975496       10.63024188190322
C           -3.32102497384437        1.70169791990129        9.41048195247538
C           -2.49233354994245        0.69826566340730        8.90191945400792
N           -2.83600396924721        0.09412852574488        7.70964563382267
C           -1.81346954787905       -0.64893504191746        7.01232865693543
C           -2.35936391747770       -1.72900042288157        6.07769926022278
O           -3.13675553692679       -1.63239175716590        5.16255389728856
N           -1.74778548301988       -2.87232064499568        6.50629694346128
N           -1.02284531859833       -2.72161831210040        7.65658933682635
C           -1.04181519451704       -1.48991657250210        7.98218754671634
F            5.42215657702872        0.16159831919047        6.93346879398609
H            2.85564581356930        2.03737375743330        7.73057126120236
H            0.51360577326149        1.47186632518668        8.16580800626399
H            1.71659789979265       -2.34720870197328        9.64846901425261
H            4.06195805927027       -1.77983210493015        9.22428496209741
H           -0.48209158890781       -1.63870250026318       10.00680499548335
H           -0.30100355077114        0.54800788632564       11.48212358426130
H           -3.71024784448870        3.06052876777759       11.02239603933521
H           -4.18084969346242        2.01270965988862        8.83782451310260
H           -3.44897537435807        0.62190116399148        7.10263351509465
H           -1.12945996669302        0.00318872113241        6.44065476443575
H           -1.88760584017107       -3.78758639829945        6.10869407442673
B            3.46409562402190       -1.45311319386175        1.62667019847340
N            3.45807393843575        1.13080021312864        0.93756636979033
B            2.54020486957714        2.36271667727608       -1.26337745410512
N            2.29252182447645       -0.64136828221657       -2.73200595629815
B            0.69363954054223       -3.55729111205801        2.70082345000257
N           -2.92887202481944       -2.64689135816432        1.70701357890566
B           -1.03522975612483        4.08583241038032        1.82710925087998
N           -0.61991849583540        0.01770057093383       -3.94325023611650
B           -0.47393169792271        1.44515421773131       -4.09279639702273
N            1.21033253369857       -3.78686756572716       -1.74006104660248
B           -3.84301793648624        2.20991184531436       -0.49454593442534
N           -2.77209229039831        2.76453627516420       -1.21341670491076
B            1.40524103249261        0.81743035738354       -4.89082511504335
N           -0.23266358497904        3.36603654689778        2.83188331342586
B            0.89851689468224       -2.88012261808374       -2.81462598928100
N           -0.49122599354913        3.76742322842739       -1.01208410777476
B           -0.80095928149765        2.18306894800242        3.27473473463121
N            1.66712051055673       -1.27288053422223        3.50798899772898
B           -0.24834637821816        3.47055417001219       -2.38211888827602
N            1.32326884262212        0.07206082682795        3.82564822615308
B           -1.59803057727319       -0.56021446993163       -3.08610360616573
N           -3.82851420407694        1.77633971122937        0.83057743633635
B            0.34044909083885        4.49784916860917        1.18101155656067
N            0.05265460361604       -0.01048194922299        4.45858127543058
B           -2.70430404687598        2.22475558184008        1.59824150094990
N            3.77299906902024       -0.13163366183307       -0.76792543762180
B           -2.25083669377450       -3.63593094028436        1.00991918737148
N            1.05881237270241        3.73550109269412        2.23397328929313
B           -1.83698803691694       -0.77878021599498        3.23630827441105
N           -2.43469240084441       -3.60083246348874       -0.44981484185789
B            3.01889847475165       -1.07299236559919       -1.50477580393091
N           -3.15641972062817       -1.25075708134429       -0.38761051416083
B            2.03681503246993        2.92258536012872        1.55962589137455
N           -0.50700389359564       -2.90062560006918       -2.43313232645270
B           -1.67337168221534       -2.11346140426464       -2.49254717587836
N            0.59101810429921        3.96514388981562       -0.11229372127112
B            1.09027027284642        2.95983414635671       -3.18461028291649
N            0.07911542762747       -4.35735001738100        1.72160820386637
B           -1.78300934705680        3.45300941453316       -0.41071646735783
N           -2.01077142238318        3.41825905875134        1.02988761846584
B            1.46794701439501       -4.20997389114028        1.49820989205144
N           -0.79435499872550        1.07163341774004        4.20192786588389
B           -2.66541763017862       -2.40174840133540       -1.17579336425132
N           -1.07259048700968       -4.48425688223083        0.99229000250384
B           -2.50473299628000        0.49230080713176       -2.11210495764796
N            2.35397241731959       -3.88546295807272        0.45199888465009
B            3.91504384055274       -0.20111654659898        0.72305696828218
N            1.92799133851083        1.95726468246712       -2.46671380733143
B            1.00130217877482        2.25386498089709       -4.62415934124267
N           -4.18452265754117        0.82999027600124       -0.34856004111515
B           -1.33899495479058        2.45447430581331       -3.11684980099899
N           -2.35978175158788        1.93381169141078       -2.30796696850533
B            3.07462499124926       -2.64355255354986        0.59969165685640
N            2.33608611212230       -3.67275209173356       -0.97181718252591
B            2.22880881086591        0.54715234111679        2.80983066417817
N           -2.02524566117215        0.61877307610847        3.60771220725707
B           -1.10063767041198       -4.18339619823022       -0.44029235126479
N           -3.21837134708452        0.04254526676195       -0.96190341280620
B            3.44885356171938        1.25955592621438       -0.51643986341010
N            2.58513070330185        1.63363072294008        1.93494789880564
B            1.47163943220828       -1.55520174037143       -3.51681247706747
N           -2.09668362067723        1.75502500859439        2.75951418633341
B            2.04043962009663        0.71199946476052       -3.21328841067119
N           -2.71038941151886       -1.33549490558095        2.31377126539152
B            0.65793037114011       -0.53926504710157       -4.48822204717402
N           -0.16789817180891       -3.75982969913569       -1.35690774185321
B            0.49334886885237       -2.09996750678272        3.42837371426536
N           -0.57875964138052       -1.20341668429445        3.82516793023836
B           -3.21666296701733       -1.44436094010697        0.99836444369450
N            2.68032701704037       -0.85279209191120        2.62271544699790
B            1.87930954701301        3.33946226519677       -0.10881665629249
N            2.87741090464170       -2.33070502961651       -0.79497788417870
108
 energy: -224.015591968294 gnorm: 0.010373039610 xtb: 6.7.1pre (5071a88)
F            5.87821436788567       -0.10305869196998        9.00561896944179
C            5.02584477475427        0.51577581277144        8.17497335553624
F            5.28045047833741        1.82779826921349        8.28299011789821
C            3.59229635499999        0.17347498610409        8.45395286818682
C            2.58925986460573        1.08158474026279        8.14804480105752
C            1.26973625237215        0.75376889270037        8.39872517634642
C            0.94418563694231       -0.47456148837364        8.95410828426295
C            1.95719400131349       -1.38149936027728        9.23815964390414
C            3.27762329311020       -1.06669408946087        8.99170843600300
C           -0.49375898100975       -0.87932930385081        9.21781526010022
C           -1.38375321256665        0.26840465016605        9.65423566484416
C           -1.12968298555779        0.86242904635716       10.87969573075099
C           -1.95548182843708        1.86255985634418       11.35089167481466
F           -1.68640318669638        2.42809323866907       12.55156685078994
C           -3.05742257580125        2.29068230578254       10.63219819041685
C           -3.30786355943449        1.71000572523265        9.40967861507412
C           -2.48409827830552        0.70236694521821        8.89897858136715
N           -2.82249379578185        0.11006850390850        7.70498113582549
C           -1.82127237152676       -0.65562032333526        7.01063464205108
C           -2.38082240511607       -1.74992347106028        6.09314407912178
O           -3.18129421137187       -1.66883700252703        5.19610974034472
N           -1.74719019615880       -2.88221243428948        6.51424693247863
N           -1.01389816879740       -2.72288823471340        7.65652286714791
C           -1.03867553706765       -1.49121447908209        7.98020570621019
F            5.40374487981162        0.16555718917906        6.93120243058053
H            2.84223737715687        2.03969592756805        7.72446991880488
H            0.49375773141813        1.46654375673496        8.16874800569449
H            1.70922552781090       -2.34482025862028        9.65397769734381
H            4.06050957274085       -1.77102331941566        9.22285004781613
H           -0.47983625099151       -1.64095205760815       10.00452042587431
H           -0.28735005145890        0.54502866086697       11.47331730700226
H           -3.69666766650306        3.06236601947609       11.02741431743640
H           -4.16174894383253        2.02334211737168        8.82954700441311
H           -3.45542450063501        0.62038918477382        7.10466326031481
H           -1.13852110142869       -0.02340880433720        6.41100829193593
H           -1.87115688220777       -3.80271359068917        6.12415947431359
B            3.46442595278777       -1.45189966224363        1.62645706534269
N            3.45803992074287        1.13098556074201        0.93626322287816
B            2.54108525894994        2.36302711051671       -1.26527978212894
N            2.29248414583896       -0.64125161232840       -2.73327757568846
B            0.69524045534017       -3.55418036322217        2.70111967951563
N           -2.92045308537020       -2.64177737298663        1.70810319676226
B           -1.03301717408515        4.08568965537569        1.82568398811836
N           -0.62043628791284        0.01742592340103       -3.94410798928492
B           -0.47439627911456        1.44481793166968       -4.09376735138971
N            1.21084060079951       -3.78673065497513       -1.74015273932706
B           -3.84168606982824        2.21007259455055       -0.49370483581462
N           -2.77132862783901        2.76453868941781       -1.21351804984910
B            1.40462297483682        0.81690355301600       -4.89210714909375
N           -0.22973436429379        3.36682584303776        2.83116170695798
B            0.89860443017379       -2.88018987164051       -2.81481102543197
N           -0.49033630525997        3.76712008373195       -1.01311867321241
B           -0.79800077430242        2.18415405299219        3.27405315878324
N            1.67059909180339       -1.27172218981552        3.51244542324200
B           -0.24804223950191        3.47044874395923       -2.38340351233858
N            1.32781277848386        0.07393646439015        3.83081914342066
B           -1.59839292375730       -0.56041643593985       -3.08666471294488
N           -3.82550451406879        1.77542722900195        0.83128529848859
B            0.34223177418335        4.49861632753003        1.17937185501049
N            0.05673814959894       -0.00768792805838        4.46252439342416
B           -2.70133636188532        2.22322637822305        1.59889013882123
N            3.77310965240148       -0.13119749808321       -0.76923940702737
B           -2.24829490868697       -3.63419549282215        1.01153352619923
N            1.06114100539328        3.73676089046490        2.23257246194692
B           -1.83410074711287       -0.77506338515829        3.24056681222886
N           -2.43334156116232       -3.59987865690704       -0.44834453860769
B            3.01914435533523       -1.07254273539441       -1.50616839224242
N           -3.15585110258015       -1.24981180146214       -0.38766070448694
B            2.03840542591825        2.92301536155204        1.55820153289736
N           -0.50683236804199       -2.90077782023236       -2.43290965843542
B           -1.67328064254537       -2.11367789936057       -2.49241478504333
N            0.59211068851805        3.96517135646324       -0.11366993166844
B            1.09037226057029        2.95972995686573       -3.18617360786772
N            0.08078385537137       -4.35521090948458        1.72247850522587
B           -1.78160599929309        3.45232850400305       -0.41133705983349
N           -2.00816362999969        3.41671415567452        1.02980073656692
B            1.46950008234592       -4.20770836017625        1.49871384686357
N           -0.79141337393140        1.07575665584963        4.20774600670472
B           -2.66483235723406       -2.40141336841878       -1.17500626560663
N           -1.07071489152903       -4.48387595742666        0.99333607965649
B           -2.50554893593974        0.49256841461139       -2.11340862993892
N            2.35492590994308       -3.88402449945127        0.45184909770420
B            3.91543754103783       -0.20070069798637        0.72171351717048
N            1.92835132389746        1.95739416366874       -2.46830006311458
B            1.00097831545905        2.25339991603758       -4.62548502921499
N           -4.18372126922307        0.83043305901846       -0.34812887095739
B           -1.33916330495435        2.45454234522761       -3.11779536377874
N           -2.36005938223524        1.93418336536379       -2.30885267128793
B            3.07524894722545       -2.64197443894931        0.59894922081691
N            2.33666218801563       -3.67205119385139       -0.97203353906224
B            2.23060720324140        0.54786606320595        2.81020583235146
N           -2.02289234986503        0.62150683918039        3.61408037845613
B           -1.09966363721762       -4.18303911025629       -0.43937438278509
N           -3.21875501827135        0.04284686982840       -0.96305642975525
B            3.44949106594355        1.26002905990745       -0.51780813162702
N            2.58575393105034        1.63382712943623        1.93421241699361
B            1.47135540710672       -1.55536152231170       -3.51757893950564
N           -2.09334662825246        1.75496808936169        2.76137422280474
B            2.04042069141607        0.71195517926000       -3.21482709040578
N           -2.69924380509981       -1.32990461836194        2.31137439530438
B            0.65735657072852       -0.53970706069032       -4.48907350460771
N           -0.16736568018412       -3.75983974298732       -1.35674724349565
B            0.49545174611740       -2.09783564449549        3.43195586931491
N           -0.57586050838526       -1.20153036978425        3.83026352540082
B           -3.21178523565628       -1.44044121643649        0.99896360412680
N            2.68138259014256       -0.85149855138572        2.62345284072943
B            1.88051427511484        3.33962957517455       -0.11051264392272
N            2.87780935621483       -2.32990436771563       -0.79587692495197
108
 energy: -224.016228090814 gnorm: 0.008204740432 xtb: 6.7.1pre (5071a88)
F            5.86148872504468       -0.08653669804688        8.99742628559227
C            5.00796752019656        0.52819161466420        8.16601526847684
F            5.25691199866859        1.84063090652656        8.26994399750891
C            3.57503845087182        0.18112507267786        8.44743191984165
C            2.56965981552477        1.08681205732038        8.13983857432813
C            1.25163930202156        0.75305441977089        8.39318478504660
C            0.93700916726458       -0.47742254498122        8.95158900147764
C            1.95176904893092       -1.38174431244549        9.23945314862503
C            3.27061524936492       -1.06043461301851        8.99028073369318
C           -0.49921257994169       -0.88551796954583        9.21514002005210
C           -1.38236221583961        0.26360732172488        9.65392625995697
C           -1.11936566389874        0.85787695066866       10.87923560063059
C           -1.93894538534508        1.86166306333542       11.35126441234948
F           -1.66413548593722        2.42473518264026       12.55391757673187
C           -3.03897351166571        2.29843736435635       10.63381715535174
C           -3.29191832132764        1.72379591664552        9.40823438572932
C           -2.47648330552782        0.70837702185482        8.89456164307914
N           -2.80965201293166        0.12989773660146        7.69636070256939
C           -1.83679510090480       -0.67193965655407        7.00911018028796
C           -2.40818242218280       -1.78016020312295        6.11061380083852
O           -3.23251252938922       -1.71296993175559        5.23488744230013
N           -1.74714322544548       -2.90154775631340        6.52190349730188
N           -1.00476996928707       -2.73281486849749        7.65661474925212
C           -1.04392143536277       -1.49896537055299        7.97908405606112
F            5.38400429943024        0.17473317177512        6.92231178587249
H            2.82128379486545        2.04451617662533        7.71352610697815
H            0.46683562723174        1.45789413362831        8.16616334001470
H            1.70355783373522       -2.34381726155989        9.65954860464306
H            4.06062856594430       -1.75743967617607        9.22077327407207
H           -0.48497912043995       -1.64781475884370       10.00119918810080
H           -0.27454395339777        0.53573621744463       11.46754370598499
H           -3.67395957248896        3.07195867238372       11.03258934084178
H           -4.13986375950010        2.04447348228285        8.82237568490619
H           -3.46380965049268        0.62007482690261        7.10366181917989
H           -1.15122114977774       -0.06972172376968        6.38012720688249
H           -1.85328790579246       -3.82810085175131        6.14009653141149
B            3.46387599581112       -1.45005037292209        1.62655801066925
N            3.45722861348731        1.13123057345168        0.93452067393506
B            2.54268101688374        2.36369037613542       -1.26793754880521
N            2.29248594310046       -0.64116698791879       -2.73484249840166
B            0.69754848781145       -3.54946141149983        2.70264754466479
N           -2.90826105796669       -2.63491443727473        1.71081868170063
B           -1.02946891530092        4.08542649632717        1.82456365999107
N           -0.62144225868959        0.01681132659831       -3.94485646757653
B           -0.47539126174002        1.44414674246606       -4.09487314759069
N            1.21145889576933       -3.78652584276129       -1.73970354853792
B           -3.83947629087022        2.21012123840087       -0.49140300541970
N           -2.77003493613836        2.76418616546609       -1.21279881942189
B            1.40341411671362        0.81593775935720       -4.89370066841798
N           -0.22484263687891        3.36801739785078        2.83058599567606
B            0.89860279236041       -2.88027285253708       -2.81448094469578
N           -0.48880882715018        3.76647475698918       -1.01421341727654
B           -0.79329496636978        2.18627876270541        3.27499146059291
N            1.67462915597514       -1.26953519571296        3.51901169672378
B           -0.24749842197677        3.46995905207826       -2.38481108696360
N            1.33308324886621        0.07687966627988        3.83805095833415
B           -1.59938678791074       -0.56083606841061       -3.08718736287557
N           -3.82064693613848        1.77398949099251        0.83329601503708
B            0.34489062076328        4.49982093012700        1.17737488762089
N            0.06239673752145       -0.00322486047664        4.46923707798661
B           -2.69669238666087        2.22146894322004        1.60095675053012
N            3.77322524323409       -0.13067691506550       -0.77079489838911
B           -2.24439530257840       -3.63215111076537        1.01426502394530
N            1.06479128290229        3.73891755329884        2.23074955412270
B           -1.82570122678075       -0.76822917837927        3.24375947128025
N           -2.43155610988182       -3.59881887291434       -0.44560227502687
B            3.01949797921041       -1.07204458621823       -1.50780431802029
N           -3.15513140570653       -1.24892168058517       -0.38666191369284
B            2.04094321652425        2.92428168498691        1.55635329823638
N           -0.50670892591041       -2.90090027691067       -2.43184358917325
B           -1.67318094819262       -2.11382924697346       -2.49124331262635
N            0.59396452996225        3.96534798977378       -0.11542174838401
B            1.09055167365447        2.95941991240460       -3.18828721054867
N            0.08332988218418       -4.35163449212663        1.72465400010048
B           -1.77925885377276        3.45115088590525       -0.41152884988543
N           -2.00390816260979        3.41441596599564        1.03026761753402
B            1.47174753966327       -4.20406426851975        1.50046148918033
N           -0.78652444493706        1.08154114573013        4.21625873183518
B           -2.66431121894421       -2.40135626213539       -1.17319881495314
N           -1.06777767971085       -4.48320056414808        0.99557713193893
B           -2.50653847591184        0.49265217737577       -2.11423262890351
N            2.35619810608487       -3.88207419352806        0.45226799670510
B            3.91515663398906       -0.20003520901220        0.72029527793987
N            1.92926975298995        1.95763619077297       -2.47053581506721
B            1.00009395737621        2.25251096968913       -4.62723614893065
N           -4.18248238403352        0.83081818345282       -0.34636899835983
B           -1.33949917275181        2.45425846971295       -3.11847733437122
N           -2.36043521576691        1.93434662632947       -2.30926546768755
B            3.07599535721012       -2.63986002864191        0.59834321952668
N            2.33739744703759       -3.67120126018826       -0.97176085117397
B            2.23152340616782        0.54932037345314        2.81068763141424
N           -2.01850299619865        0.62534808621744        3.62341898499245
B           -1.09814921823208       -4.18261556905140       -0.43736758525007
N           -3.21924762361499        0.04297508633712       -0.96362684068096
B            3.45030737017986        1.26062555196528       -0.51969578861936
N            2.58607511023160        1.63440207590229        1.93316640269417
B            1.47085646454127       -1.55566965407146       -3.51823532914034
N           -2.08822182038327        1.75554200549813        2.76493639877474
B            2.04045675141940        0.71183129033099       -3.21678846454140
N           -2.68194770036681       -1.32174297835837        2.30851391344853
B            0.65628810605539       -0.54053609310695       -4.48982754197637
N           -0.16664733660217       -3.75976142125189       -1.35580389840944
B            0.49814095307164       -2.09489766817288        3.43872456760769
N           -0.57200564149848       -1.19814961822604        3.83883566512610
B           -3.20547638721994       -1.43589690877698        1.00060553942747
N            2.68144544846964       -0.84941944259954        2.62435643159188
B            1.88257412935980        3.34017552157782       -0.11280009000212
N            2.87835784659579       -2.32892600880630       -0.79675431706032
108
 energy: -224.016553842896 gnorm: 0.006216294522 xtb: 6.7.1pre (5071a88)
F            5.85438524460552       -0.06413463768040        8.98700946685619
C            4.99492275813928        0.54365893620518        8.15475405144024
F            5.23820922687056        1.85865247375529        8.25308135957613
C            3.56342927722971        0.19010809405459        8.44014188561489
C            2.55275262219336        1.08986764692739        8.13023353146883
C            1.23640291059859        0.74906827768397        8.38485144691309
C            0.93008832994959       -0.48256101512044        8.94724620134502
C            1.94939239154176       -1.38116684936068        9.23843326444635
C            3.26658220121312       -1.05193617717507        8.98730414731469
C           -0.50508378990261       -0.89374433265826        9.21326072934168
C           -1.38397769568063        0.25770634200632        9.65364566467207
C           -1.11478919284241        0.85058692809519       10.87947154206530
C           -1.92580260106040        1.86158204604708       11.35069727962264
F           -1.64635640989909        2.42372230853281       12.55275163908206
C           -3.02109710913153        2.30763603777703       10.63147505644057
C           -3.27922257852772        1.73584393294320        9.40507587062212
C           -2.47219933101431        0.71255878941398        8.89028563680068
N           -2.80232912464523        0.14353847287538        7.68805218796121
C           -1.85269342249354       -0.69140446417980        7.01046089952839
C           -2.43136796413811       -1.80623688043546        6.12452511924680
O           -3.27007313309745       -1.74614396248395        5.26374492872515
N           -1.74976061474686       -2.92058965980355        6.52645322319803
N           -1.00069652254223       -2.74517799554993        7.65666857028250
C           -1.05381221511185       -1.51023788039328        7.98001443671759
F            5.36986565060818        0.18694370478640        6.91020514736080
H            2.79941186888272        2.04813250935276        7.70081178290838
H            0.44560097930554        1.44727894393598        8.15671424992172
H            1.70496480545759       -2.34317640161974        9.66186100417965
H            4.06197618171627       -1.74314000776497        9.21897413432835
H           -0.49165146422448       -1.65638699142444        9.99955789497626
H           -0.27170746299799        0.52092711054852       11.46668645741403
H           -3.64958218420043        3.08681548403836       11.03074858860635
H           -4.12329243302347        2.06623720661014        8.81826995641784
H           -3.46850008938822        0.62045682378415        7.10032172216197
H           -1.16181887578581       -0.11530729689227        6.36350596031024
H           -1.84671402681698       -3.85056337931264        6.15064575421764
B            3.46325489453938       -1.44820809122395        1.62708438984184
N            3.45602362714091        1.13153236997484        0.93309471244143
B            2.54425517049415        2.36448826551893       -1.27002259260554
N            2.29234343437692       -0.64121738788268       -2.73566465359783
B            0.69990423029300       -3.54510934356588        2.70512722503931
N           -2.89828286447068       -2.62976099519850        1.71437654635756
B           -1.02578042917848        4.08538484328179        1.82461167932826
N           -0.62257478522904        0.01584630852658       -3.94441877239917
B           -0.47659873142347        1.44314779948999       -4.09498931986589
N            1.21194588547434       -3.78639244149561       -1.73840024231563
B           -3.83714790783257        2.20995521969405       -0.48797705964590
N           -2.76864441024481        2.76360784199036       -1.21102142879304
B            1.40186553588057        0.81476117682842       -4.89459420680561
N           -0.21972480939398        3.36928524747419        2.83069178049179
B            0.89847737549107       -2.88045072527661       -2.81329931218251
N           -0.48719179143093        3.76594237978712       -1.01458875976104
B           -0.78825485534954        2.18861002723788        3.27751121497455
N            1.67806117854962       -1.26688856318223        3.52447374471996
B           -0.24696825311759        3.46926203906138       -2.38538857886045
N            1.33744080318036        0.07984618059800        3.84424801478687
B           -1.60016819509738       -0.56155672270861       -3.08613638665228
N           -3.81573815078816        1.77280610307545        0.83639375520746
B            0.34752427468455        4.50119678635422        1.17613181349596
N            0.06753626631404        0.00097538974115        4.47591479807416
B           -2.69190588474257        2.22054962387986        1.60383023447629
N            3.77332995015952       -0.13021801400352       -0.77185285709642
B           -2.24082979639440       -3.63068419029299        1.01732171929475
N            1.06850072479605        3.74132012077451        2.22952065524171
B           -1.81659204268471       -0.76213841386755        3.24585870119486
N           -2.43005268105982       -3.59831817217043       -0.44229008658937
B            3.01972251107219       -1.07173769352691       -1.50863497778980
N           -3.15404333552874       -1.24852678290630       -0.38447896679074
B            2.04362963464439        2.92615343280841        1.55501673957388
N           -0.50675062564669       -2.90129981527370       -2.43007651386831
B           -1.67336073614574       -2.11450616470319       -2.48947232086220
N            0.59597282927127        3.96589734082120       -0.11657346009592
B            1.09060477754231        2.95898405330624       -3.18985147661079
N            0.08578736513656       -4.34807978233872        1.72773233063495
B           -1.77685238539849        3.45016446624817       -0.41082021165736
N           -1.99963608880050        3.41278698085751        1.03139717841024
B            1.47389254278909       -4.20057234519499        1.50311429147302
N           -0.78151253523485        1.08639210346617        4.22360676336016
B           -2.66383313822928       -2.40168057636009       -1.17063801576532
N           -1.06498938579477       -4.48242537831269        0.99870092179109
B           -2.50740713902074        0.49245559320207       -2.11367073406781
N            2.35737915031664       -3.88049111755415        0.45346351647823
B            3.91452170202969       -0.19921494024137        0.71949068318977
N            1.93024369405629        1.95789067204712       -2.47222500678650
B            0.99869875568087        2.25140109366004       -4.62840190988093
N           -4.18106354055344        0.83086283636061       -0.34317001502679
B           -1.33988906383645        2.45360066117177       -3.11809728868878
N           -2.36073127686156        1.93414832196506       -2.30843545640171
B            3.07677998650505       -2.63814988817905        0.59852520594276
N            2.33806501674727       -3.67061373961641       -0.97069380433014
B            2.23189899700470        0.55132925638012        2.81145625491576
N           -2.01396381149798        0.62896809737776        3.63151662738404
B           -1.09664129922788       -4.18237499818322       -0.43454207907723
N           -3.21937217092568        0.04284848828070       -0.96259850173393
B            3.45102128189958        1.26117017928786       -0.52126881812415
N            2.58627381037718        1.63540660220783        1.93233543602723
B            1.47021629312309       -1.55611310614534       -3.51809876768125
N           -2.08296443245286        1.75693712443282        2.76877642777573
B            2.04033823071000        0.71162191091073       -3.21799592406886
N           -2.66723664079349       -1.31513367973985        2.30713029381593
B            0.65495907005354       -0.54159252155821       -4.48976786233819
N           -0.16599736046920       -3.75967447013887       -1.35391871355428
B            0.50099688700866       -2.09190565810144        3.44478982423155
N           -0.56842217628628       -1.19469099310578        3.84686165932211
B           -3.20078188800040       -1.43314615948367        1.00310335581594
N            2.68129010194460       -0.84706557724671        2.62518516054286
B            1.88480431272801        3.34120561089137       -0.11453950354192
N            2.87888911008698       -2.32821923770729       -0.79682886182654
108
 energy: -224.016742064945 gnorm: 0.004486415431 xtb: 6.7.1pre (5071a88)
F            5.85220179513206       -0.03816417460788        8.97517508546767
C            4.98507295031347        0.56075631155003        8.14202316734814
F            5.22181280088097        1.87892672850854        8.23427272287554
C            3.55625433374898        0.19956016336420        8.43143828472846
C            2.53891936992774        1.09121113324847        8.11840044918742
C            1.22467386657694        0.74319079308221        8.37390959770344
C            0.92465519007105       -0.48822156253373        8.94125716616774
C            1.94998387723898       -1.37912235319863        9.23522284755662
C            3.26533265274953       -1.04209947934481        8.98257260488207
C           -0.50926032008546       -0.90232631728516        9.21147536279951
C           -1.38627598975193        0.25152675536418        9.65211976544391
C           -1.11495444150592        0.84145801122137       10.87897345307837
C           -1.91675870643255        1.86128611797391       11.34794249056015
F           -1.63463240673513        2.42317831568944       12.54836100353700
C           -3.00554398788815        2.31621213142501       10.62459327696717
C           -3.26889787091622        1.74446252421856        9.39901257451127
C           -2.46941128115543        0.71417992964959        8.88554477535416
N           -2.79803378361482        0.15016179791620        7.68066241047514
C           -1.86542598290662       -0.70959251576579        7.01307114071082
C           -2.44948225431540       -1.82617130099478        6.13491400513762
O           -3.29740157242229       -1.76963790848007        5.28394726370989
N           -1.75498791251766       -2.93642232655328        6.52892801269463
N           -1.00086339592219       -2.75693239704487        7.65641248879029
C           -1.06320891578275       -1.52217780110694        7.98137787472233
F            5.36001098150990        0.20130195833033        6.89699492048740
H            2.77827183571910        2.05028062119143        7.68576566721247
H            0.43043155382940        1.43617083492895        8.14185290583067
H            1.71232407074363       -2.34162392142332        9.66166542838282
H            4.06429931118952       -1.72867898632476        9.21699945800265
H           -0.49518061384926       -1.66408555651747        9.99909907052280
H           -0.27682459804661        0.50326979994273       11.46862473915437
H           -3.62658499702564        3.10318841161451       11.02138352013976
H           -4.11041724936846        2.08428670805633        8.81377372220850
H           -3.47010036705694        0.61966760008212        7.09558573819285
H           -1.16926035994325       -0.15309892301251        6.35596928309272
H           -1.85244522850490       -3.86786208146772        6.15804220084612
B            3.46317088661565       -1.44649040673688        1.62813193192992
N            3.45478829243626        1.13183009040120        0.93226128122374
B            2.54563595513198        2.36532102546408       -1.27118482438174
N            2.29195627329914       -0.64144079871381       -2.73542547976730
B            0.70233623736680       -3.54169501098340        2.70843513758081
N           -2.89159667474623       -2.62686638435805        1.71888047945741
B           -1.02229573631401        4.08559491218748        1.82586747889220
N           -0.62391566104719        0.01461430011826       -3.94291490073374
B           -0.47790393935147        1.44191520581016       -4.09393633572501
N            1.21226479087713       -3.78631718629170       -1.73605220654891
B           -3.83489072702941        2.20947929805857       -0.48357038634037
N           -2.76726542176030        2.76281476305196       -1.20814548752474
B            1.40006089173179        0.81344039116919       -4.89442124312581
N           -0.21496359833080        3.37047635695098        2.83161756990713
B            0.89817263889406       -2.88080632547233       -2.81112941221529
N           -0.48570539740656        3.76567597146231       -1.01400424764245
B           -0.78327635515731        2.19065925190268        3.28113974589142
N            1.68102046507690       -1.26420021618894        3.52853276647323
B           -0.24658338398875        3.46850633283766       -2.38489020971508
N            1.34105193328634        0.08247103107770        3.84919462424597
B           -1.60125854363063       -0.56255533023800       -3.08419652800265
N           -3.81135735161521        1.77198343595566        0.84054555690376
B            0.34995934322374        4.50260109054156        1.17594468820466
N            0.07184543055578        0.00433305429370        4.48203667939372
B           -2.68748479693778        2.22041985573594        1.60741192919419
N            3.77346288715359       -0.12980396717732       -0.77224912112940
B           -2.23792724673757       -3.62985134992351        1.02101815815997
N            1.07196695563489        3.74364189817221        2.22922842508955
B           -1.80922578230483       -0.75814738752240        3.24848975470278
N           -2.42895027348765       -3.59852282489642       -0.43816069568242
B            3.01979713348767       -1.07161239910980       -1.50841717998486
N           -3.15259155607210       -1.24870543779623       -0.38091517638125
B            2.04630927580461        2.92828751618663        1.55451527833184
N           -0.50691252248097       -2.90176017027717       -2.42720709582438
B           -1.67366771094236       -2.11523578482176       -2.48643627422441
N            0.59791958937639        3.96676597308266       -0.11680310409257
B            1.09041728051766        2.95845275446605       -3.19047392407391
N            0.08809513700712       -4.34510500029569        1.73158464246618
B           -1.77467274373892        3.44949141742964       -0.40908685577628
N           -1.99584021651916        3.41200775786343        1.03330737869562
B            1.47595139410356       -4.19771411552123        1.50646950606855
N           -0.77696059247429        1.08980937653163        4.22938177014486
B           -2.66353612108607       -2.40242796864765       -1.16705257669343
N           -1.06254844425276       -4.48169686944516        1.00279942981785
B           -2.50759548553831        0.49182377530862       -2.11122118898319
N            2.35857562821633       -3.87937917766801        0.45549502509728
B            3.91405063518550       -0.19831221396346        0.71938302686100
N            1.93103478365766        1.95809599172303       -2.47297352345087
B            0.99697961385341        2.25016137984709       -4.62860678586203
N           -4.17940902025160        0.83047573636909       -0.33856951547686
B           -1.34025865011463        2.45257397783224       -3.11644402634533
N           -2.36073832467252        1.93346568499739       -2.30609798719459
B            3.07770038862678       -2.63688103509058        0.59967680699041
N            2.33867290271607       -3.67025538193430       -0.96872212037618
B            2.23243259470808        0.55362654884495        2.81279324818366
N           -2.00997906441479        0.63198084232646        3.63797940855337
B           -1.09528742640578       -4.18239326128957       -0.43076090019032
N           -3.21881033775780        0.04239052139845       -0.95960645092995
B            3.45166604703730        1.26167994544548       -0.52220363202732
N            2.58667937852823        1.63667975842757        1.93206900080677
B            1.46939979011371       -1.55673687020643       -3.51691113769316
N           -2.07805330220764        1.75877994332798        2.77276192948070
B            2.04001037988709        0.71130823117644       -3.21812617845366
N           -2.65707595024792       -1.31092628949058        2.30796246647628
B            0.65344382196664       -0.54281968059294       -4.48863131477572
N           -0.16548059497174       -3.75972498318249       -1.35095143091694
B            0.50408061426084       -2.08921176788326        3.44964761994338
N           -0.56520765546962       -1.19186216581623        3.85374796764928
B           -3.19790146856081       -1.43227383215024        1.00678176726297
N            2.68156936263588       -0.84467602909667        2.62619704878901
B            1.88692286202753        3.34248107330595       -0.11538108658643
N            2.87943512913925       -2.32776888998988       -0.79588246250692
108
 energy: -224.016876247741 gnorm: 0.003724243710 xtb: 6.7.1pre (5071a88)
F            5.85068423130123       -0.00975155935869        8.96212218601265
C            4.97644463787985        0.57938305389957        8.12775541114850
F            5.20524678324620        1.90048343005573        8.21440017302517
C            3.55114344995714        0.20966020311596        8.42027438202727
C            2.52679954746334        1.09210809882037        8.10327063747997
C            1.21500451032773        0.73684508214584        8.35993192222365
C            0.92067260972484       -0.49330449409476        8.93333528548291
C            1.95262142099739       -1.37538123566180        9.23019538958860
C            3.26595670343803       -1.03101530170463        8.97596415484113
C           -0.51140518504936       -0.91071462295752        9.20891453221750
C           -1.38794461811865        0.24507040253301        9.64907276577255
C           -1.11761939311052        0.83146956284976       10.87724123849039
C           -1.91085383800704        1.86006978873510       11.34302646734418
F           -1.62791790289330        2.42145785615165       12.54208498999150
C           -2.99214851298546        2.32348333810686       10.61410490101222
C           -3.25917432598028        1.75056465182953        9.38974386276704
C           -2.46640796203051        0.71397976179363        8.87966234294377
N           -2.79473313254688        0.15157222161866        7.67381882129389
C           -1.87413880057234       -0.72498594733601        7.01489893302571
C           -2.46388521202359       -1.84145793212083        6.14265297728471
O           -3.31719098449248       -1.78679381558280        5.29740320330223
N           -1.76247213556198       -2.94957940145852        6.53059521591923
N           -1.00461709064698       -2.76812134257510        7.65627581886198
C           -1.07061977714950       -1.53398647275723        7.98224195448465
F            5.35275422477555        0.21795960018861        6.88315255488804
H            2.75781552351290        2.05153610493934        7.66671125658019
H            0.41849892226947        1.42529699944204        8.12270376905990
H            1.72347143240504       -2.33824261929717        9.66049610368374
H            4.06766036141386       -1.71321309988100        9.21432266846581
H           -0.49432834887008       -1.67035228439010        9.99870522671171
H           -0.28610276632211        0.48506590894841       11.47150013913434
H           -3.60584875859833        3.11875383758095       11.00640173930222
H           -4.09826336883660        2.09849680687992        8.80597499513353
H           -3.46902669587904        0.61790686634399        7.08963168786959
H           -1.17308568909888       -0.18261258008049        6.35153782985905
H           -1.86734923695794       -3.88167761243117        6.16394272960780
B            3.46393714607146       -1.44497008533855        1.62976071025774
N            3.45378415947949        1.13205781176398        0.93215559000276
B            2.54681573584558        2.36612807010076       -1.27127003963554
N            2.29126573030477       -0.64182683320623       -2.73406028978864
B            0.70495756048486       -3.53943284579687        2.71258293120501
N           -2.88788812049198       -2.62590086053140        1.72451396247379
B           -1.01919611480183        4.08603679900277        1.82824335637121
N           -0.62523631377066        0.01308878337240       -3.93997044991435
B           -0.47925817354310        1.44039747019868       -4.09152505307697
N            1.21249242984836       -3.78634937337957       -1.73261563783632
B           -3.83291021997699        2.20877739817014       -0.47823595973356
N           -2.76605623240499        2.76189444256181       -1.20415455669533
B            1.39802494612232        0.81188937742065       -4.89310262030849
N           -0.21084168945151        3.37156038527302        2.83341276629628
B            0.89774145714834       -2.88137501923121       -2.80791357515211
N           -0.48449622517490        3.76563656230360       -1.01234504043664
B           -0.77860446438073        2.19228819200220        3.28552998622434
N            1.68370307146884       -1.26183282008866        3.53158234503388
B           -0.24647164881886        3.46774292716666       -2.38323068490081
N            1.34425890114600        0.08455558484773        3.85318243537373
B           -1.60190100626097       -0.56383689397704       -3.08034231886361
N           -3.80784584010044        1.77155142063635        0.84577123226672
B            0.35212428590820        4.50391714356744        1.17690064973142
N            0.07551091732224        0.00676479723225        4.48758614104478
B           -2.68376057839382        2.22088071105349        1.61178603567925
N            3.77364704037771       -0.12943202929257       -0.77192865230821
B           -2.23566087598215       -3.62951421085424        1.02569591267365
N            1.07506856433657        3.74565383123754        2.22998645061530
B           -1.80389937819622       -0.75623190634063        3.25215928609016
N           -2.42808806101222       -3.59920516173488       -0.43298815855216
B            3.01970165323525       -1.07160691058715       -1.50713507222876
N           -3.15092672514962       -1.24927593677583       -0.37593705471061
B            2.04883368442224        2.93031508281254        1.55495802334436
N           -0.50720138399369       -2.90256654536213       -2.42337937196331
B           -1.67422181579792       -2.11648958495134       -2.48247401173793
N            0.59966533488562        3.96779953781342       -0.11597285628198
B            1.08989130133619        2.95775847138907       -3.18994252530527
N            0.09037020381159       -4.34293583308844        1.73615736077458
B           -1.77287375750791        3.44907733903470       -0.40624879461883
N           -1.99274667410885        3.41195231212274        1.03614418798841
B            1.47805552617154       -4.19564279130715        1.51043278810623
N           -0.77293627202712        1.09188559160958        4.23392358970603
B           -2.66310943260663       -2.40332560976983       -1.16223475308050
N           -1.06039478436520       -4.48105056201375        1.00791738527881
B           -2.50762732817818        0.49084727731146       -2.10714704313352
N            2.35993544821256       -3.87867589064376        0.45837590506772
B            3.91410997756857       -0.19741946765263        0.71996510953974
N            1.93149755583242        1.95818110770445       -2.47253592780103
B            0.99501455130531        2.24867360068428       -4.62763650254442
N           -4.17768393483090        0.82978753587247       -0.33264559814550
B           -1.34068404996969        2.45124568373979       -3.11348104312917
N           -2.36063176195726        1.93241618171560       -2.30229407339657
B            3.07885546671205       -2.63595438388346        0.60178904871693
N            2.33930546464269       -3.67007514296800       -0.96583513077599
B            2.23353904388855        0.55587069339991        2.81479502297695
N           -2.00654067041650        0.63419799167294        3.64316629439009
B           -1.09405825744722       -4.18260236645550       -0.42593053462135
N           -3.21781251691003        0.04169929962373       -0.95476448250151
B            3.45236112304304        1.26217349205544       -0.52232827283965
N            2.58745973380245        1.63799677880387        1.93255949659539
B            1.46842052042140       -1.55756371906643       -3.51466316052100
N           -2.07373857482602        1.76070590203916        2.77709204826130
B            2.03937312166167        0.71087030389885       -3.21704785938847
N           -2.65103356152213       -1.30888767300943        2.31111825018552
B            0.65174784346831       -0.54432177714195       -4.48645174101595
N           -0.16502761570924       -3.75992288627245       -1.34683957035434
B            0.50742271479135       -2.08718363465582        3.45398762500434
N           -0.56217850296044       -1.18993595051374        3.85981572353027
B           -3.19635946458409       -1.43272477581100        1.01182501035831
N            2.68258917729878       -0.84250099229533        2.62764477563362
B            1.88879043612974        3.34381138181401       -0.11519336721002
N            2.87999057614244       -2.32749105331494       -0.79389291913201
108
 energy: -224.017006346028 gnorm: 0.004344510165 xtb: 6.7.1pre (5071a88)
F            5.84702895276270        0.02422897310461        8.94620750542146
C            4.96648050780881        0.60204128256276        8.10986955346101
F            5.18475073085370        1.92585114127350        8.19107744328245
C            3.54531581243907        0.22197626556921        8.40448543116669
C            2.51327542328877        1.09353332920664        8.08196741323865
C            1.20445806311473        0.73009288533425        8.34069036218981
C            0.91722539417652       -0.49788627086827        8.92232890558582
C            1.95666953680177       -1.36943766946038        9.22327686275935
C            3.26755704634203       -1.01710133893616        8.96682905546995
C           -0.51213250128139       -0.91995670854660        9.20477564534374
C           -1.38871649244765        0.23717398310377        9.64438306824526
C           -1.12123785853849        0.81995151012324       10.87409212612578
C           -1.90623141180555        1.85726404726682       11.33582727131180
F           -1.62393432607015        2.41713119589336       12.53454967167547
C           -2.97859171720340        2.33020224249593       10.60002277627181
C           -3.24747171393069        1.75619385988044        9.37649927005483
C           -2.46187128295027        0.71259038504167        8.87164537064590
N           -2.79084082955475        0.14996074851094        7.66604236064125
C           -1.87989284811884       -0.73938645922953        7.01465138783328
C           -2.47648009747415       -1.85556885309799        6.14837258034622
O           -3.33352650213232       -1.80227060811348        5.30672907529750
N           -1.77277285280678       -2.96298985481794        6.53264704134746
N           -1.01177315676354       -2.78086607733001        7.65669764512730
C           -1.07667702527323       -1.54702087518981        7.98214077864186
F            5.34583362064721        0.23914476298308        6.86672957091426
H            2.73492842570733        2.05252410674752        7.63984158142162
H            0.40522545774849        1.41316739136041        8.09743227277763
H            1.73766014823334       -2.33205994359651        9.65939498835365
H            4.07253879713854       -1.69366961706741        9.21030215748936
H           -0.48937104182713       -1.67647697564827        9.99732548106388
H           -0.29742086877934        0.46556269299657       11.47431814478728
H           -3.58485946487902        3.13404946038252       10.98643163696130
H           -4.08275420890868        2.11194531908168        8.79222891119844
H           -3.46435320616359        0.61640740280445        7.08134165863950
H           -1.17391393729031       -0.20845921812725        6.34656862705034
H           -1.89068474814351       -3.89575322384093        6.17101332920413
B            3.46584229124163       -1.44351061395569        1.63219474647904
N            3.45310123859998        1.13222768970375        0.93284271932531
B            2.54795570665929        2.36694633911978       -1.27025941272524
N            2.29023550674758       -0.64240833289367       -2.73139122054386
B            0.70825280006024       -3.53808454253939        2.71809922622124
N           -2.88612758926029       -2.62639605183009        1.73216735021789
B           -1.01623731401741        4.08671751669150        1.83188042373178
N           -0.62694974488561        0.01112484174466       -3.93567321186223
B           -0.48083226378910        1.43845500415778       -4.08753078539855
N            1.21270978823787       -3.78648604331553       -1.72764455674984
B           -3.83107386366279        2.20778080761990       -0.47150919689898
N           -2.76495529051370        2.76073749458775       -1.19866622080891
B            1.39549053122993        0.81009123090257       -4.89040059814082
N           -0.20704227127547        3.37268615671277        2.83631427932382
B            0.89713623263756       -2.88224147779535       -2.80323077811336
N           -0.48353317309442        3.76571127741647       -1.00937480841864
B           -0.77391630326900        2.19371742721235        3.29092710597685
N            1.68664334617418       -1.25974243634179        3.53441247889642
B           -0.24663854273824        3.46688285510329       -2.38020028118219
N            1.34777377802893        0.08625705902801        3.85700705520094
B           -1.60297225251284       -0.56555833878444       -3.07517811149080
N           -3.80493363482668        1.77135424786719        0.85257060973091
B            0.35424965470613        4.50517412936266        1.17910480752392
N            0.07930439913585        0.00863614843535        4.49323544169773
B           -2.68046795172097        2.22171679410309        1.61745565480197
N            3.77397233398898       -0.12906252383105       -0.77080926278320
B           -2.23361112560097       -3.62958665215185        1.03227044996229
N            1.07809980316917        3.74743323848821        2.23193043100890
B           -1.79956808493527       -0.75572234037138        3.25731321232493
N           -2.42727728287014       -3.60038827804367       -0.42589941730990
B            3.01951338761858       -1.07167219056805       -1.50466940250871
N           -3.14917557195229       -1.25033985241100       -0.36892558415946
B            2.05137528376752        2.93217018852942        1.55646374397950
N           -0.50756162485486       -2.90356646837899       -2.41780220364048
B           -1.67484149273031       -2.11788210676031       -2.47645725083396
N            0.60129644625368        3.96890287854849       -0.11392245233776
B            1.08903020712207        2.95689690477437       -3.18805591687862
N            0.09308476091080       -4.34141578429263        1.74202939648557
B           -1.77136490986077        3.44882131576406       -0.40199918032753
N           -1.99012369979692        3.41241431716183        1.04031236228302
B            1.48063145318827       -4.19415206130081        1.51546268970930
N           -0.76882655466818        1.09311035939475        4.23818370452608
B           -2.66271699775973       -2.40455097041518       -1.15543437530709
N           -1.05809432331271       -4.48045348100129        1.01473963285738
B           -2.50709020865549        0.48936060889881       -2.10079306614338
N            2.36177314858492       -3.87820207702251        0.46246403397370
B            3.91494366966997       -0.19646486625201        0.72130343747450
N            1.93167033291159        1.95809202414977       -2.47081744855406
B            0.99264103197477        2.24692370221331       -4.62525575893309
N           -4.17574138076034        0.82877041326275       -0.32496002932953
B           -1.34120758580103        2.44951400555880       -3.10890707191966
N           -2.36034114740946        1.93084919686756       -2.29662816205981
B            3.08048659343756       -2.63516037383924        0.60505094650669
N            2.34009222835608       -3.66998213876591       -0.96169319001193
B            2.23566658189418        0.55804077028127        2.81772788221845
N           -2.00298156708010        0.63576661329490        3.64814631727500
B           -1.09276372500953       -4.18301943858240       -0.41937036931569
N           -3.21625969742972        0.04063984702137       -0.94757554910861
B            3.45330148878127        1.26275432211413       -0.52156845710665
N            2.58883823214124        1.63932816833901        1.93399934869993
B            1.46716259267501       -1.55869678849886       -3.51102882880601
N           -2.06965664501693        1.76261027091910        2.78242418143079
B            2.03843548564986        0.71025974055494       -3.21467714262557
N           -2.64746586202128       -1.30842794696707        2.31692675095648
B            0.64969764085125       -0.54617487147389       -4.48287402466326
N           -0.16453539764021       -3.76036065769639       -1.34103448580619
B            0.51142205453147       -2.08575425580798        3.45895098566793
N           -0.55874494435959       -1.18869483691027        3.86615800623061
B           -3.19550200221939       -1.43412822074970        1.01894536454875
N            2.68470383722300       -0.84048385984031        2.62990741071655
B            1.89050279282847        3.34508419327834       -0.11389439330466
N            2.88065654160148       -2.32727951163654       -0.79065594320745
108
 energy: -224.017172978233 gnorm: 0.005625945932 xtb: 6.7.1pre (5071a88)
F            5.83939094335163        0.06932779775188        8.92449112193309
C            4.95275927056502        0.63264999429786        8.08486733050657
F            5.15609265060202        1.95929886707881        8.15993918956227
C            3.53646427118049        0.23877855754003        8.38078527592196
C            2.49507029909456        1.09609978245350        8.04990550824901
C            1.19017704264821        0.72219444722648        8.31223800449523
C            0.91353881608412       -0.50235551917777        8.90617439741917
C            1.96224819561402       -1.36016495676947        9.21370990856766
C            3.26979702928309       -0.99771587883164        8.95376380750663
C           -0.51181577537986       -0.93153369461480        9.19812955946033
C           -1.38847245148788        0.22640348183409        9.63741343279429
C           -1.12525669583909        0.80545521020247       10.86904179230016
C           -1.90174834104310        1.85191316026067       11.32550191762547
F           -1.62164566031736        2.40859089901175       12.52548639115186
C           -2.96258658621018        2.33699732056573       10.58098545307909
C           -3.23123488501176        1.76276753734313        9.35743498411074
C           -2.45447410826410        0.71006397918254        8.85990319398918
N           -2.78498950897330        0.14611787120769        7.65538670757727
C           -1.88292131817917       -0.75503850159295        7.01113777346089
C           -2.48864041714882       -1.87125163918667        6.15222633237214
O           -3.34774257832711       -1.81874519054433        5.31250376141365
N           -1.78760201320681       -2.97968324577735        6.53621339973731
N           -1.02421151497632       -2.79789245634672        7.65880840996216
C           -1.08260220476399       -1.56332681410690        7.98090791477427
F            5.33735783397316        0.26840006960857        6.84436579179484
H            2.70550878676717        2.05340876509351        7.59906743756007
H            0.38634561284023        1.39721661773825        8.06156788457030
H            1.75569005000988       -2.32139937549417        9.65908161145996
H            4.07992750919933       -1.66559549999151        9.20422433816485
H           -0.48010499308091       -1.68393920353053        9.99399856757735
H           -0.31045265041121        0.44278139702090       11.47655178539287
H           -3.56067706192463        3.15021568370527       10.96008254654863
H           -4.05986935858611        2.12733203488953        8.76926714025000
H           -3.45378038255354        0.61642979913864        7.06828941172683
H           -1.17128992003947       -0.23485067904754        6.33940809374593
H           -1.92411824232414       -3.91335017530642        6.18152160818813
B            3.46939524428219       -1.44198998104928        1.63593396308061
N            3.45291108143866        1.13238019514363        0.93462895787946
B            2.54921221930779        2.36779536574491       -1.26779632527536
N            2.28874183288664       -0.64330016007787       -2.72689148174910
B            0.71286081985366       -3.53752831608243        2.72595570556564
N           -2.88576732536205       -2.62816546867162        1.74313331928628
B           -1.01314362870982        4.08775008778976        1.83739364300564
N           -0.62914672658020        0.00834485632649       -3.92884592744884
B           -0.48283957101406        1.43567323645840       -4.08111081287257
N            1.21302627718410       -3.78682632133912       -1.72028007454966
B           -3.82939610767895        2.20646154430039       -0.46232655621721
N           -2.76404215924679        2.75925857545417       -1.19074897199920
B            1.39205286794094        0.80768461346423       -4.88573248911818
N           -0.20318849768149        3.37406803605363        2.84094850584774
B            0.89632152318493       -2.88356627158222       -2.79622996015021
N           -0.48287719116923        3.76577591593203       -1.00445833082803
B           -0.76881049480880        2.19522197722212        3.29801424016339
N            1.69047272339011       -1.25781067969326        3.53777697041691
B           -0.24730232872693        3.46576289536529       -2.37518279827133
N            1.35231511957639        0.08773799582755        3.86141749336716
B           -1.60385054734092       -0.56797378019695       -3.06662932515799
N           -3.80246480841663        1.77139342508634        0.86205816330521
B            0.35656563090798        4.50639763021502        1.18301761784994
N            0.08407844367334        0.01025205352205        4.49979008043197
B           -2.67735875003857        2.22292320553365        1.62538192715112
N            3.77454145246838       -0.12868574250622       -0.76853839674814
B           -2.23138395066457       -3.63000786430313        1.04203341098092
N            1.08139861537895        3.74907759002401        2.23552241151960
B           -1.79512319766737       -0.75615080613394        3.26457971646856
N           -2.42621655200457       -3.60202782089310       -0.41562963043633
B            3.01927339125522       -1.07181328007371       -1.50056205036974
N           -3.14731165732065       -1.25192766947307       -0.35875026195066
B            2.05413468525453        2.93382806620302        1.55944796663888
N           -0.50807211326082       -2.90524529438078       -2.40973117372472
B           -1.67573495265158       -2.12013995756744       -2.46777223948836
N            0.60286199915921        3.96994938879651       -0.11015322546235
B            1.08758403193688        2.95562457385410       -3.18420833898369
N            0.09677715352209       -4.34043556335844        1.75023618276407
B           -1.77012176057736        3.44863871771825       -0.39553865922385
N           -1.98779216518716        3.41338013110518        1.04667713266595
B            1.48417363009065       -4.19312095801307        1.52242651114956
N           -0.76387174114056        1.09381777385745        4.24309388166664
B           -2.66204437096862       -2.40609826065622       -1.14542812760170
N           -1.05518959789575       -4.47977407117895        1.02442113634109
B           -2.50664827444465        0.48726771602354       -2.09148056122456
N            2.36446600513524       -3.87784342276284        0.46851708701009
B            3.91688748473299       -0.19536480094186        0.72373610923609
N            1.93148127475241        1.95768874635261       -2.46729208336090
B            0.98958332159742        2.24457073359386       -4.62081613434881
N           -4.17358415745679        0.82742262620477       -0.31434528804441
B           -1.34204456949442        2.44712630872843       -3.10194489045152
N           -2.36012271439538        1.92864620327959       -2.28824766922484
B            3.08294498743320       -2.63436121517761        0.61000638452786
N            2.34120394759244       -3.66996322038256       -0.95556482182865
B            2.23944571762491        0.56019499821178        2.82214418212040
N           -1.99846910254721        0.63676400364854        3.65395705253382
B           -1.09114017020213       -4.18364150781981       -0.40993508932392
N           -3.21435689683072        0.03914265240564       -0.93707151256043
B            3.45471964042541        1.26349981238475       -0.51959330720122
N            2.59117465002129        1.64073269757744        1.93684450086639
B            1.46545095605324       -1.56031660528640       -3.50535133194420
N           -2.06541381921891        1.76453793458298        2.78973859149147
B            2.03695996784795        0.70932174390529       -3.21049546827612
N           -2.64528936879765       -1.30931376691877        2.32634276529430
B            0.64693622925389       -0.54874956413339       -4.47727283593404
N           -0.16384521118974       -3.76110194683578       -1.33251972234645
B            0.51669835488090       -2.08482377995309        3.46567004904620
N           -0.55417530581341       -1.18791525451460        3.87390431342921
B           -3.19484004950355       -1.43631011105949        1.02930131861809
N            2.68853610543742       -0.83852414001461        2.63362136125217
B            1.89212065314885        3.34618696352954       -0.11109236460721
N            2.88154115421191       -2.32708483121195       -0.78559519962505
108
 energy: -224.017415708285 gnorm: 0.006636217640 xtb: 6.7.1pre (5071a88)
F            5.82587036690179        0.13144878164067        8.89352825552801
C            4.93279495904841        0.67522413618654        8.04867854636582
F            5.11484285217495        2.00514476044749        8.11584502793942
C            3.52233707399847        0.26236489491681        8.34538710276662
C            2.46903090017991        1.10014460168355        8.00168866081487
C            1.16955049230511        0.71223233072028        8.26998247524011
C            0.90912181644219       -0.50688824133681        8.88255748895497
C            1.96969849131130       -1.34601276244320        9.20063036622246
C            3.27244279162589       -0.96986196049169        8.93516172737674
C           -0.51045954868831       -0.94661828304638        9.18793068476831
C           -1.38694036508247        0.21154627449217        9.62721121724365
C           -1.12928302041966        0.78677126925101       10.86128193605091
C           -1.89681516831179        1.84296540505613       11.31080155786948
F           -1.62096123426474        2.39431778964216       12.51423316760576
C           -2.94249847063339        2.34383639826581       10.55527110789911
C           -3.20820796553821        1.77090450998648        9.33039817793068
C           -2.44278669116097        0.70607864655667        8.84253695112592
N           -2.77559767942559        0.14006164968609        7.63970576592952
C           -1.88219197952987       -0.77358200881989        7.00261724925475
C           -2.50028067524362       -1.89020257043594        6.15317023866307
O           -3.35972401939830       -1.83750949494148        5.31354940427511
N           -1.80924105548611       -3.00232350435547        6.54287543056060
N           -1.04446256311123       -2.82150659382325        7.66429123558117
C           -1.08901544516068       -1.58446124718234        7.97813045186889
F            5.32544288355303        0.30929777074882        6.81216207196290
H            2.66557272778982        2.05382686669988        7.53721291989610
H            0.35786164617261        1.37443459472611        8.00976871367226
H            1.77841875619783       -2.30392158325345        9.66026678917854
H            4.09090936875212       -1.62393093404379        9.19529700259286
H           -0.46593406511847       -1.69390752260985        9.98756726177682
H           -0.32498575344579        0.41523447499764       11.47733778186788
H           -3.53125707915263        3.16745805513593       10.92568691715682
H           -4.02593567462048        2.14608664651409        8.73356736606821
H           -3.43384247091290        0.61928472747557        7.04723744455023
H           -1.16391448331259       -0.26433558044973        6.32852066254080
H           -1.96975697437055       -3.93717950038993        6.19840346426001
B            3.47519898181948       -1.44036279953097        1.64165286575835
N            3.45360675261725        1.13257191011723        0.93808492696247
B            2.55069823456011        2.36858420273607       -1.26322720485184
N            2.28670709652020       -0.64467691553325       -2.71979738255815
B            0.71947671667243       -3.53777513806572        2.73728561740872
N           -2.88650668865945       -2.63126599236881        1.75894077495841
B           -1.00978666426181        4.08920959233129        1.84557971281232
N           -0.63231809946255        0.00454303767652       -3.91876792777873
B           -0.48562546480194        1.43185463924710       -4.07138205057703
N            1.21350384048489       -3.78749157563992       -1.70943694154556
B           -3.82795638282240        2.20466446206386       -0.44957008261972
N           -2.76345225851244        2.75728894978495       -1.17933474176996
B            1.38723487738006        0.80435651055923       -4.87825477349766
N           -0.19907525442833        3.37587001830359        2.84818465181760
B            0.89519634252751       -2.88557629906905       -2.78586316104413
N           -0.48269352800784        3.76559110139054       -0.99674357225432
B           -0.76312844709474        2.19699433447075        3.30752118453631
N            1.69585806082182       -1.25600144331358        3.54250670941592
B           -0.24871728064792        3.46410922248199       -2.36734117553333
N            1.35853287619638        0.08909767159021        3.86712391040992
B           -1.60561325966080       -0.57129777414186       -3.05466666801302
N           -3.80041067985755        1.77156300864038        0.87540994238637
B            0.35920328587743        4.50747067888372        1.18931159647241
N            0.09065513078018        0.01178453188317        4.50797626872555
B           -2.67432677858318        2.22441345269255        1.63660174150843
N            3.77549297226303       -0.12835616749444       -0.76450648577466
B           -2.22859643579318       -3.63083118091670        1.05659190301131
N            1.08517052958956        3.75054122138446        2.24145168194190
B           -1.78973719068477       -0.75724091199748        3.27484421680982
N           -2.42471605913719       -3.60426890450701       -0.40061958740210
B            3.01904781335671       -1.07207716910178       -1.49411731353550
N           -3.14549305676954       -1.25428599437584       -0.34398742718469
B            2.05721400509375        2.93511593032616        1.56456443609066
N           -0.50871023519114       -2.90753231801880       -2.39766202339027
B           -1.67669940798285       -2.12286049786831       -2.45446363829480
N            0.60428306577648        3.97063743579003       -0.10393024199448
B            1.08532304800182        2.95361279535891       -3.17749225848138
N            0.10201633709205       -4.34007414658710        1.76203251238795
B           -1.76926489741749        3.44845434967209       -0.38591014728699
N           -1.98574976059645        3.41481678808302        1.05628411643491
B            1.48920040645961       -4.19261021990023        1.53236751251410
N           -0.75739202420543        1.09421756575828        4.24959627731476
B           -2.66128311321326       -2.40827136632070       -1.13072982038808
N           -1.05121585986722       -4.47895281537932        1.03834111743738
B           -2.50591329787248        0.48426943915323       -2.07770864933350
N            2.36840261952077       -3.87755282839420        0.47750025754840
B            3.92037923078215       -0.19407996928639        0.72782233648369
N            1.93086556466779        1.95671915379782       -2.46115484588238
B            0.98557290659226        2.24130557930600       -4.61338856313190
N           -4.17114876484910        0.82560539943650       -0.29961382184684
B           -1.34353370320641        2.44389975411510       -3.09167085284895
N           -2.36003185403555        1.92551232615899       -2.27598089270739
B            3.08660416876899       -2.63349403273579        0.61739159101504
N            2.34277046338249       -3.67004445482432       -0.94651901203806
B            2.24564486946777        0.56228930900209        2.82877008570848
N           -1.99222881630868        0.63708664810393        3.66166041495229
B           -1.08898581993431       -4.18456205256012       -0.39624785022562
N           -3.21200000366657        0.03696135902821       -0.92189925603685
B            3.45691709731393        1.26444681365723       -0.51580949111209
N            2.59493153678819        1.64221295874388        1.94179192153819
B            1.46311334689270       -1.56268257563884       -3.49667634311737
N           -2.06081274211712        1.76638461765841        2.80009521086505
B            2.03483358982417        0.70784986799919       -3.20376799807437
N           -2.64393102418062       -1.31165899427339        2.34076831931036
B            0.64311488197000       -0.55235208672106       -4.46858919866564
N           -0.16285998907316       -3.76235522964864       -1.32006929983438
B            0.52386341205108       -2.08433009206646        3.47520985896875
N           -0.54776344918000       -1.18746514458312        3.88411491536597
B           -3.19398365143035       -1.43927934267768        1.04431757666372
N            2.69487513389511       -0.83662038876554        2.63965561955303
B            1.89359440531624        3.34687036384998       -0.10613261873034
N            2.88275659832152       -2.32691397611494       -0.77792008909485
108
 energy: -224.017739290555 gnorm: 0.006632766521 xtb: 6.7.1pre (5071a88)
F            5.80633169473885        0.20813110341934        8.85336385426844
C            4.90658945453915        0.72775938752599        8.00149121432508
F            5.06197668610008        2.06115559412186        8.05861090054739
C            3.50264938235502        0.29167532307688        8.29902069442890
C            2.43571552481797        1.10504283757240        7.93819736128460
C            1.14305494960830        0.70039747253374        8.21491588170639
C            0.90417561772971       -0.51089587550367        8.85226390820717
C            1.97834095686554       -1.32699978955670        9.18476908690099
C            3.27478339797844       -0.93410472875023        8.91164941683357
C           -0.50809812023122       -0.96397336564728        9.17443987879178
C           -1.38405806456321        0.19378394753714        9.61398240669561
C           -1.13239764662817        0.76571497626453       10.85075180449537
C           -1.89178559349295        1.83086871130480       11.29216070384308
F           -1.62228237132687        2.37557661042852       12.50101863821241
C           -2.91997691570193        2.34925223917331       10.52451735752243
C           -3.17977249659358        1.77938449275304        9.29691459840711
C           -2.42707782478482        0.70067249044521        8.81982037700162
N           -2.76222013976564        0.13251734815956        7.61868184829726
C           -1.87624543501073       -0.79400491741327        6.98841532327381
C           -2.50940560235025       -1.91114284027251        6.14987249379450
O           -3.36575199164088       -1.85619500852464        5.30730049863086
N           -1.83792630480569       -3.03041084051305        6.55408425221499
N           -1.07326192853158       -2.85051581929008        7.67492698891179
C           -1.09577546533258       -1.60883701403703        7.97388644557021
F            5.30945692353187        0.35946361105481        6.76990219163252
H            2.61674577244549        2.05267500404202        7.45510607647451
H            0.32012997690473        1.34452679091246        7.94354051687519
H            1.80343637654234       -2.27905562922346        9.66332848221684
H            4.10479653988327       -1.56889363204637        9.18363600912287
H           -0.44821211993735       -1.70576154847616        9.97765134727144
H           -0.33871271881778        0.38581702653894       11.47524957966278
H           -3.49932562092221        3.18285140828607       10.88633157949343
H           -3.98271411368315        2.16583709061289        8.68697789834504
H           -3.40284415352448        0.62600921530378        7.01711732698154
H           -1.15091955500525       -0.29527180269264        6.31385311956274
H           -2.02255816583268       -3.96633574744857        6.22250913518333
B            3.48300313582521       -1.43885678235828        1.64933968908637
N            3.45567832924579        1.13287986825424        0.94346743549639
B            2.55215848998576        2.36898040009509       -1.25640616001576
N            2.28427024531137       -0.64655933225648       -2.71019267726267
B            0.72789558847312       -3.53876168272428        2.75173745707024
N           -2.88762488981784       -2.63505395343047        1.77885390698313
B           -1.00648517344345        4.09091653250839        1.85628922676060
N           -0.63625295735509       -0.00023266386623       -3.90528411044441
B           -0.48917110395348        1.42697943203029       -4.05842093248381
N            1.21416626088707       -3.78867083015623       -1.69548842755146
B           -3.82719053769011        2.20259539883214       -0.43365736814322
N           -2.76354079167173        2.75499827473498       -1.16476583211542
B            1.38117174288597        0.80032403326987       -4.86801021874272
N           -0.19499417929934        3.37798033583899        2.85813439096321
B            0.89383158482668       -2.88824552944758       -2.77239094323362
N           -0.48322686990787        3.76485071864893       -0.98625445748761
B           -0.75754023205594        2.19896963988685        3.31896043026061
N            1.70291162110932       -1.25452116892302        3.54907901098150
B           -0.25101069055698        3.46189101979355       -2.35675817681040
N            1.36629385649589        0.09030359716313        3.87419618806306
B           -1.60738900543628       -0.57543980011773       -3.03831997560755
N           -3.79904384462347        1.77177002960390        0.89217397516113
B            0.36193846919500        4.50802471329807        1.19795043456495
N            0.09910116626564        0.01321234033380        4.51748021773538
B           -2.67167174148798        2.22586041248573        1.65079039225907
N            3.77677892924790       -0.12822300999691       -0.75850523921316
B           -2.22516081127162       -3.63190197156050        1.07559819072705
N            1.08912777701247        3.75150813881540        2.24974502062269
B           -1.78317164111852       -0.75842630606794        3.28766053001621
N           -2.42260778642805       -3.60672201918250       -0.38136105472905
B            3.01890524997944       -1.07252762515022       -1.48541688369036
N           -3.14401256975230       -1.25707438168856       -0.32523706868929
B            2.06032855757982        2.93563050668288        1.57192049409787
N           -0.50953547687538       -2.91078217294318       -2.38228168251897
B           -1.67792780262771       -2.12664684203745       -2.43760114397335
N            0.60522774370501        3.97040210831509       -0.09520049079552
B            1.08226885287629        2.95085473936782       -3.16777837829250
N            0.10862506570869       -4.34048511932638        1.77719006987595
B           -1.76904629022653        3.44809090560347       -0.37330968941841
N           -1.98423622013435        3.41639912797826        1.06906607773845
B            1.49551162364484       -4.19282088470134        1.54507978382523
N           -0.74951357183922        1.09454358209161        4.25802149096957
B           -2.66019385142491       -2.41080352315769       -1.11183197581687
N           -1.04624841493533       -4.47802399709123        1.05603729090880
B           -2.50589658876654        0.48070680164119       -2.06048724893277
N            2.37337341451360       -3.87735009496705        0.48924510939748
B            3.92533380816548       -0.19279627887329        0.73367711815894
N            1.92968071273283        1.95498555824432       -2.45234706232526
B            0.98072096548877        2.23732259185754       -4.60293815629655
N           -4.16898274078865        0.82355373240988       -0.28138326344985
B           -1.34578204676450        2.43999173797341       -3.07837339329038
N           -2.36056459262574        1.92176834891292       -2.26044195621670
B            3.09129257379912       -2.63266365219832        0.62701245355538
N            2.34470187051447       -3.67032306764430       -0.93478898555517
B            2.25426387751416        0.56395368729496        2.83753590150000
N           -1.98426795071439        0.63659547782080        3.67154071833337
B           -1.08633093179136       -4.18570747301085       -0.37872825837951
N           -3.20996245221876        0.03432711974016       -0.90299872537441
B            3.45982824354081        1.26544661463412       -0.51000594875878
N            2.60015933408551        1.64355513795151        1.94901197929151
B            1.46021323000307       -1.56571146888943       -3.48516697869874
N           -2.05628995246848        1.76775058790556        2.81332178893672
B            2.03200837776288        0.70577226924694       -3.19456738477617
N           -2.64278311380712       -1.31509868549609        2.35964141338219
B            0.63834150716723       -0.55681443293493       -4.45697907456012
N           -0.16157170012981       -3.76412167499859       -1.30410485621284
B            0.53264703376030       -2.08421878983073        3.48736128967041
N           -0.53954047763252       -1.18721716590570        3.89645016659883
B           -3.19238172979049       -1.44235098177942        1.06332200268311
N            2.70370684439703       -0.83506231974167        2.64822233341676
B            1.89461722283051        3.34666258895393       -0.09888560728166
N            2.88420751933294       -2.32685754940689       -0.76781238894643
108
 energy: -224.018082842176 gnorm: 0.006039278630 xtb: 6.7.1pre (5071a88)
F            5.78364806990715        0.28826897006088        8.80773338140833
C            4.87719028506735        0.78208216812881        7.94846639984293
F            5.00494493954592        2.11855670883686        7.99363276855275
C            3.47999471816857        0.32229340685695        8.24813874076736
C            2.39985180463801        1.10941255534425        7.86864355941098
C            1.11465529402466        0.68805212868799        8.15536791629834
C            0.89932281097915       -0.51346906355336        8.81991460315338
C            1.98661533930012       -1.30521461263622        9.16836855783347
C            3.27591553547180       -0.89503471629843        8.88626957427159
C           -0.50506137309976       -0.98029202817659        9.15968912336537
C           -1.38043950344295        0.17657121617262        9.59950247021357
C           -1.13382383608464        0.74630361722851       10.83870286836273
C           -1.88740454621423        1.81809502236046       11.27217267389737
F           -1.62517188143966        2.35729256365383       12.48667981077804
C           -2.89906742063501        2.35172176916184       10.49359109729173
C           -3.15125018845553        1.78582907932190        9.26260251241079
C           -2.40999119938087        0.69454759864249        8.79490293024788
N           -2.74606175409471        0.12536632452582        7.59446788275506
C           -1.86581446582962       -0.81412009766036        6.97060236122650
C           -2.51447342722985       -1.93146229837370        6.14269764083567
O           -3.36453535427852       -1.87212418446319        5.29419412483939
N           -1.87059942118012       -3.06016071834707        6.57010302726306
N           -1.10630056573379       -2.87954132342208        7.69038185854432
C           -1.10202654028305       -1.63211177763956        7.96890423832356
F            5.29000742975382        0.41037109101871        6.72164177644265
H            2.56603830888548        2.04897617546517        7.36448669207737
H            0.27897279830521        1.31092633651676        7.87285252373459
H            1.82624019276655       -2.24927516135129        9.66759514973823
H            4.11879622342354       -1.50743797232947        9.17028400629985
H           -0.43046338153685       -1.71725201015417        9.96549587005298
H           -0.34872318304494        0.35976994523538       11.46960831334588
H           -3.47066450149278        3.19299265987697       10.84893727324886
H           -3.93834311257693        2.18209119346971        8.63833446289396
H           -3.36409808955869        0.63539437897171        6.98116857220418
H           -1.13426967797970       -0.32512683989733        6.29682053204618
H           -2.07166487442001       -3.99694433103920        6.25225972651853
B            3.49125422782271       -1.43772570754984        1.65803783220991
N            3.45921131232378        1.13338672630023        0.95027354157814
B            2.55328517578804        2.36871012260318       -1.24821156736086
N            2.28197684622850       -0.64873521625558       -2.69947045624635
B            0.73691409466445       -3.53988609753336        2.76716665975774
N           -2.88735409306566       -2.63819120057582        1.79976072225218
B           -1.00367204346915        4.09230389009550        1.86805547584179
N           -0.64061613186391       -0.00501333752695       -3.89075587159508
B           -0.49313887421418        1.42204408738496       -4.04436746293409
N            1.21492650340387       -3.79029109316643       -1.68054282446373
B           -3.82724624538412        2.20042943573718       -0.41676600552989
N           -2.76439963729521        2.75260650039694       -1.14911508729007
B            1.37477144331496        0.79611277970672       -4.85647917462818
N           -0.19126219118721        3.37995845548398        2.86963568892265
B            0.89242975240058       -2.89120318187166       -2.75782270327719
N           -0.48444170800700        3.76324491901661       -0.97441895043634
B           -0.75290328826380        2.20083152021938        3.33071189527044
N            1.71105378696430       -1.25345073021322        3.55756429891803
B           -0.25389235563750        3.45916602078286       -2.34494001212613
N            1.37466545142156        0.09146814370843        3.88230282737465
B           -1.61017670930139       -0.57962258905905       -3.02163711581776
N           -3.79816663094705        1.77150326796524        0.90991457192433
B            0.36436010200164        4.50773939466650        1.20770677273344
N            0.10860215375488        0.01457751247288        4.52735742003618
B           -2.66949208043304        2.22654394922305        1.66600490820146
N            3.77817265412894       -0.12840453983291       -0.75115659505231
B           -2.22111184628999       -3.63298933583095        1.09636491203134
N            1.09276111304248        3.75176105625267        2.25922708101062
B           -1.77580357784303       -0.75885939538388        3.30141517961728
N           -2.42006959465885       -3.60898627065713       -0.36062563825816
B            3.01898361235555       -1.07317505293601       -1.47570416713054
N           -3.14325899536844       -1.25987333983286       -0.30534488679115
B            2.06309902371612        2.93520969368543        1.58054194857378
N           -0.51030814126586       -2.91406765391533       -2.36544034518781
B           -1.67887276149120       -2.13003115648232       -2.41886633747940
N            0.60545189300200        3.96886301557498       -0.08514842283621
B            1.07888405933051        2.94758635703320       -3.15645244620309
N            0.11569919643782       -4.34149992929351        1.79371323904429
B           -1.76949997217302        3.44729114362676       -0.35953644696768
N           -1.98326426043618        3.41734296123333        1.08331453575999
B            1.50220811072424       -4.19366520405840        1.55889692811483
N           -0.74112844839178        1.09523111348446        4.26820291517823
B           -2.65929649288410       -2.41358940615409       -1.09156758559626
N           -1.04080796662711       -4.47727827395366        1.07494279287283
B           -2.50632129871622        0.47705934365277       -2.04227965160244
N            2.37852166591030       -3.87722185362968        0.50210048566839
B            3.93077623680698       -0.19179116893077        0.74063708894118
N            1.92814722548410        1.95260530052845       -2.44211749970662
B            0.97582007832017        2.23317800658200       -4.59102580387622
N           -4.16754187397800        0.82145369124612       -0.26241734129014
B           -1.34872925254714        2.43606803741561       -3.06410646683946
N           -2.36178776627686        1.91794677669427       -2.24396554770406
B            3.09618444596596       -2.63200324582010        0.63749118996911
N            2.34665538645600       -3.67081484601931       -0.92206380372296
B            2.26394564805696        0.56490315854008        2.84729094798568
N           -1.97557930769054        0.63556417978569        3.68330745759623
B           -1.08349368444255       -4.18700716275758       -0.35991637616673
N           -3.20879067507627        0.03152266931840       -0.88345445220900
B            3.46297886591559        1.26621955702298       -0.50283791675103
N            2.60614282735095        1.64451225318732        1.95762238727328
B            1.45724680689079       -1.56897639433990       -3.47243095021256
N           -2.05232803205982        1.76817812430204        2.82781087427851
B            2.02901381627240        0.70329698613223       -3.18421765658330
N           -2.64062114194378       -1.31844663547424        2.37986622963656
B            0.63332380994194       -0.56141160253517       -4.44390327678001
N           -0.16018249118731       -3.76629655425075       -1.28706804428732
B            0.54184893433739       -2.08410858010500        3.50047637532857
N           -0.53047582351129       -1.18687020514590        3.90940101271276
B           -3.18956551828492       -1.44461873630503        1.08338342648264
N            2.71362192405796       -0.83404968603867        2.65840964639594
B            1.89502109236930        3.34539176187343       -0.09029845493127
N            2.88569718299913       -2.32700530365797       -0.75675994413380
108
 energy: -224.018370570759 gnorm: 0.006418076890 xtb: 6.7.1pre (5071a88)
F            5.76209094625966        0.36404972132472        8.75977502721408
C            4.84783753295252        0.83252101017808        7.89444258805855
F            4.95070623857345        2.17163049796203        7.92577803933754
C            3.45781295936676        0.35128527673415        8.19904233995019
C            2.36536189356255        1.11257613199786        7.80217805738025
C            1.08762939575490        0.67596034124539        8.09930544865588
C            0.89458191677595       -0.51507539434796        8.78975047116773
C            1.99401656496464       -1.28307401475021        9.15313177694399
C            3.27606412067887       -0.85656079890824        8.86174659093034
C           -0.50212321112517       -0.99417616830395        9.14586632522876
C           -1.37727579931264        0.16198975095993        9.58563550892183
C           -1.13411661849153        0.72986786737580       10.82687670873992
C           -1.88320173041088        1.80708351738108       11.25344853549178
F           -1.62722667910803        2.34368893129118       12.47163761800511
C           -2.88102159528986        2.35248495324338       10.46560262144096
C           -3.12674350212930        1.79000654712878        9.23184254828968
C           -2.39448302419305        0.68882675483731        8.77114026926634
N           -2.72906095729959        0.12083644791781        7.56969745069262
C           -1.85587863580844       -0.83468667732271        6.95391610166734
C           -2.51941136771083       -1.95198125763225        6.13650661521396
O           -3.36197124793626       -1.88760036911353        5.28134195329387
N           -1.90333457352827       -3.08872390652405        6.58884796878800
N           -1.13723713066845       -2.90473262025774        7.70724195256896
C           -1.10837920054393       -1.65260041336849        7.96451182090092
F            5.26787869900053        0.45587411484937        6.67133526888086
H            2.51759467254815        2.04353504561593        7.27754340817612
H            0.24001496760801        1.27746790624624        7.80647438324239
H            1.84633282659246       -2.21855747841224        9.67212661608956
H            4.13101113373726       -1.44664329991206        9.15682036060810
H           -0.41547703434390       -1.72717824181982        9.95361497782595
H           -0.35553740403864        0.33729695793978       11.46209833342265
H           -3.44640715494234        3.19977849497431       10.81672883382371
H           -3.90007160051359        2.19485212492646        8.59619120773714
H           -3.32547771591330        0.64381473678780        6.94514108825901
H           -1.11872045817662       -0.35769318611931        6.27916829301215
H           -2.11133316068808       -4.02699707610852        6.28410626752902
B            3.49818516127591       -1.43678049824372        1.66663449807638
N            3.46342051298562        1.13413926479276        0.95735799125834
B            2.55399189788853        2.36791348829771       -1.24020299887925
N            2.28012444094477       -0.65089798769036       -2.68930244818278
B            0.74540528453764       -3.54001532784011        2.78155809166348
N           -2.88353183641923       -2.63922416052908        1.81871891685714
B           -1.00089809136367        4.09289486705328        1.87941217007628
N           -0.64459956900686       -0.00936137912887       -3.87659962817454
B           -0.49722192889698        1.41750215087905       -4.03115632558595
N            1.21582340308455       -3.79221851767738       -1.66668260114601
B           -3.82755212059625        2.19832982337246       -0.40046439309807
N           -2.76556219901543        2.75025996661890       -1.13421855425971
B            1.36879569731551        0.79211997551600       -4.84557540044253
N           -0.18718367746451        3.38146873905635        2.88114507640415
B            0.89129066038107       -2.89404510456654       -2.74413632171822
N           -0.48568677834852        3.76090676949209       -0.96299706856713
B           -0.74866677844184        2.20244945069281        3.34189303593966
N            1.71970149219637       -1.25223175836062        3.56785763777174
B           -0.25678433650705        3.45620124653575       -2.33369100561288
N            1.38300389904619        0.09311987630551        3.89151941427297
B           -1.61235889843876       -0.58346425205851       -3.00513195250914
N           -3.79663736177446        1.77038746191216        0.92674479506355
B            0.36662387788992        4.50691416882889        1.21706646744835
N            0.11839432272186        0.01634645113809        4.53756690070003
B           -2.66690961871854        2.22611749353693        1.68069278215048
N            3.77934604472067       -0.12877561055789       -0.74364213105882
B           -2.21632181700503       -3.63376375598489        1.11590336377675
N            1.09631707623954        3.75175678867837        2.26833129941619
B           -1.76773449787657       -0.75778459251773        3.31491010660774
N           -2.41709668788486       -3.61068567157075       -0.34125363965446
B            3.01923781572671       -1.07395334913812       -1.46645547296499
N           -3.14270491131646       -1.26210776646979       -0.28708492410897
B            2.06586475230881        2.93458402164247        1.58896233448310
N           -0.51094669759761       -2.91748800484819       -2.34987695587290
B           -1.67977263718790       -2.13370919382324       -2.40190136038862
N            0.60543704447692        3.96650336098454       -0.07541588093423
B            1.07561411012600        2.94424025130183       -3.14565374906310
N            0.12244940477740       -4.34226666979004        1.80964772707289
B           -1.76988749200750        3.44576504910821       -0.34640188885668
N           -1.98179455898464        3.41695766506980        1.09714371978318
B            1.50854532829729       -4.19439080831602        1.57227417057093
N           -0.73278373584939        1.09687213559467        4.28015365054290
B           -2.65815348150679       -2.41621751112049       -1.07278404187041
N           -1.03528325589728       -4.47692065457964        1.09266071274074
B           -2.50813492090621        0.47392588240309       -2.02620298890018
N            2.38311506017369       -3.87703130124660        0.51433727952649
B            3.93540155960764       -0.19107533042934        0.74764891647293
N            1.92659135732029        1.95006516381404       -2.43235773591907
B            0.97108141001597        2.22924546332771       -4.57977218620354
N           -4.16684481847521        0.81945769118332       -0.24465830060645
B           -1.35201801607976        2.43251117635900       -3.05081034593504
N           -2.36384417096824        1.91466161971552       -2.22892336120349
B            3.10052173756733       -2.63143338988053        0.64744296123461
N            2.34850283346831       -3.67147993124261       -0.91004024511162
B            2.27285264052225        0.56563726497069        2.85677643426496
N           -1.96721092532752        0.63505554301327        3.69700147472130
B           -1.08053470809442       -4.18835528733134       -0.34225749637350
N           -3.20895303698135        0.02896171288911       -0.86619312153520
B            3.46573711811217        1.26663497073998       -0.49560898800812
N            2.61190323301614        1.64527570242999        1.96617174556683
B            1.45456540516559       -1.57203099697818       -3.46034005686701
N           -2.04830316123322        1.76800975051318        2.84224307344833
B            2.02615663084103        0.70074611679376       -3.17437979128144
N           -2.63552254269346       -1.31991550272086        2.39794002883077
B            0.62863573364435       -0.56564144442197       -4.43133958314835
N           -0.15872561472276       -3.76854453346722       -1.27128901719822
B            0.55065000326308       -2.08322291291127        3.51311202737546
N           -0.52143793543281       -1.18585227803337        3.92204550002443
B           -3.18528284117929       -1.44546432166528        1.10169572298356
N            2.72271340618278       -0.83309251457951        2.66877383364927
B            1.89532628032040        3.34368940518007       -0.08190762162257
N            2.88711595782821       -2.32733283799096       -0.74635665468593
108
 energy: -224.018618313254 gnorm: 0.006602781048 xtb: 6.7.1pre (5071a88)
F            5.74379875737295        0.43103451247121        8.71025944968925
C            4.82065066733804        0.87651870145203        7.84156182761196
F            4.90344268442854        2.21750970842462        7.85840727451875
C            3.43834799662146        0.37755780221740        8.15436914313839
C            2.33469874075783        1.11462467980886        7.74317800744886
C            1.06414192822174        0.66478800200461        8.05040273590586
C            0.89037214261904       -0.51576947074984        8.76367353379172
C            2.00084974882077       -1.26136215831954        9.13973332279407
C            3.27591532802347       -0.82037924231411        8.83923315076129
C           -0.49915856545433       -1.00504954898643        9.13398958554819
C           -1.37490268095868        0.15081870864731        9.57317626070875
C           -1.13419354060449        0.71706590081437       10.81594089735155
C           -1.87932486785913        1.79905526965528       11.23690552905023
F           -1.62814337591769        2.33584514589958       12.45634854642468
C           -2.86656705444911        2.35216006242580       10.44143945747597
C           -3.10815211063503        1.79165442106951        9.20612535042602
C           -2.38204611498224        0.68364899002670        8.75038661247335
N           -2.71292582764623        0.11812511948025        7.54682354425551
C           -1.84931363238420       -0.85548879788046        6.94134234185594
C           -2.52608318444649       -1.97270020728514        6.13427963887242
O           -3.36206320401432       -1.90409440070351        5.27326270806198
N           -1.93255580992344       -3.11395486372755        6.60774829707341
N           -1.16216130520928       -2.92485136592417        7.72279634751250
C           -1.11434064137267       -1.66989179632620        7.96137997516200
F            5.24404580248629        0.49385666141195        6.62083381860645
H            2.47361852113859        2.03721613669850        7.20017798140862
H            0.20683613637018        1.24684824003373        7.74812576283716
H            1.86495774268572       -2.18869070486729        9.67620386064757
H            4.14084810936245       -1.39022645597366        9.14406536082832
H           -0.40320057064062       -1.73454814564782        9.94363342744418
H           -0.36074070894157        0.31897087522671       11.45409701408426
H           -3.42713519540765        3.20413721577673       10.78980781426119
H           -3.87138850339325        2.20379645867155        8.56363867068948
H           -3.29286302250458        0.64773430572926        6.91330690209899
H           -1.10770738547570       -0.39273610211445        6.26333907154438
H           -2.14147773637523       -4.05472733831679        6.31494648903214
B            3.50316156560464       -1.43586719661931        1.67460864427148
N            3.46772792574952        1.13512251645415        0.96411052885438
B            2.55425747444822        2.36679148997935       -1.23310629996110
N            2.27884542358711       -0.65288526522898       -2.68034122253384
B            0.75282561550152       -3.53888459429924        2.79399131840446
N           -2.87607280479796       -2.63818673469601        1.83467492017792
B           -0.99800886239455        4.09254091463515        1.88965600127501
N           -0.64818946105938       -0.01290049229745       -3.86444576851343
B           -0.50114805289857        1.41381090557208       -4.01990827487925
N            1.21681362005273       -3.79421606115098       -1.65469027830189
B           -3.82753392358411        2.19612927332923       -0.38557441950263
N           -2.76652781307895        2.74783644155926       -1.12095600172291
B            1.36375905191373        0.78860918317475       -4.83608437945359
N           -0.18256407030602        3.38233969385179        2.89172982551790
B            0.89049399246602       -2.89657208064284       -2.73216152055572
N           -0.48653991733433        3.75812858105113       -0.95285861487304
B           -0.74433351030590        2.20364869625704        3.35223167843220
N            1.72833761660520       -1.25058819484918        3.57935736399688
B           -0.25922019632644        3.45315928540586       -2.32382957896334
N            1.39090202946413        0.09539565733623        3.90155025193018
B           -1.61518643089447       -0.58674700922070       -2.99200652667332
N           -3.79395043603644        1.76826541071946        0.94174567129116
B            0.36874997871668        4.50588819129834        1.22534342515598
N            0.12776052553121        0.01853526074398        4.54789909909594
B           -2.66357805374800        2.22460728757068        1.69410642225972
N            3.78021311147085       -0.12919760822096       -0.73656706405793
B           -2.21098031410064       -3.63432340655427        1.13291703746242
N            1.09985650242617        3.75179861082532        2.27628106088364
B           -1.75985963850935       -0.75556327132860        3.32792018759985
N           -2.41400897518814       -3.61211524988016       -0.32437456009482
B            3.01964355436651       -1.07482196032496       -1.45823126221406
N           -3.14206937222673       -1.26394952755265       -0.27149667565695
B            2.06882398286443        2.93429658573052        1.59643136890207
N           -0.51122937148600       -2.92020060296502       -2.33598782729560
B           -1.68019471719446       -2.13644185482824       -2.38675293090921
N            0.60553894026049        3.96398295806327       -0.06681758988744
B            1.07279830447538        2.94117637474694       -3.13648704779253
N            0.12850784855812       -4.34252367564343        1.82400676122688
B           -1.76982308176951        3.44355053452637       -0.33477682588836
N           -1.97951581651412        3.41521421463397        1.10952118099430
B            1.51421234572200       -4.19472667223199        1.58445022896322
N           -0.72492129502678        1.09933959359588        4.29328398838709
B           -2.65724212174438       -2.41893074965017       -1.05664340266968
N           -1.02995839237512       -4.47720466242707        1.10818663612351
B           -2.50997040517818        0.47116993852760       -2.01259890748009
N            2.38690873957419       -3.87680337597033        0.52517501779054
B            3.93872875722640       -0.19056377069317        0.75422798280332
N            1.92527591284837        1.94775057664365       -2.42401450668260
B            0.96676980381671        2.22580511306278       -4.57023791169041
N           -4.16643856283126        0.81736125703685       -0.22899882120606
B           -1.35524353597263        2.42941935894298       -3.03931517066966
N           -2.36611107536881        1.91182156852961       -2.21605937292185
B            3.10401457438603       -2.63093938485408        0.65636929272555
N            2.35021523081851       -3.67224911139991       -0.89941930221752
B            2.28004455031792        0.56656025281443        2.86535422868502
N           -1.95996027750337        0.63557847805344        3.71215871845128
B           -1.07758893856637       -4.18982964607940       -0.32678246211901
N           -3.20975956040485        0.02653442776540       -0.85193187272135
B            3.46775263849333        1.26667113290881       -0.48897353467406
N            2.61692398405629        1.64604887361346        1.97387249134811
B            1.45239159200371       -1.57470984148370       -3.44963358885610
N           -2.04389346658930        1.76759560396456        2.85587419952691
B            2.02383169877369        0.69834638158817       -3.16579074524714
N           -2.62790926242826       -1.31917592774042        2.41264951670033
B            0.62469786473701       -0.56917200521376       -4.42002431416494
N           -0.15729437865323       -3.77076278113157       -1.25767704335750
B            0.55866139482166       -2.08137362100666        3.52433611914799
N           -0.51298047865758       -1.18411534768156        3.93349374132448
B           -3.18014582956843       -1.44528248227225        1.11725650452403
N            2.73006577797176       -0.83186522742413        2.67843020219299
B            1.89586505428489        3.34217141942973       -0.07448282075489
N            2.88849714904823       -2.32780996913379       -0.73721188067938
108
 energy: -224.018874016149 gnorm: 0.006021602787 xtb: 6.7.1pre (5071a88)
F            5.72844279615388        0.49312890148983        8.65390208991999
C            4.79462061950293        0.91692459262720        7.78504766852321
F            4.86085434985352        2.25906221984649        7.78646938662498
C            3.42117025331616        0.40313560612858        8.11004912313530
C            2.30637972130902        1.11573751619260        7.68655842036303
C            1.04323132024627        0.65383736315979        8.00462975857601
C            0.88692232195838       -0.51542302367479        8.73989016472496
C            2.00847437667619       -1.23790225136060        9.12753397316644
C            3.27639535904567       -0.78360088760639        8.81713730701578
C           -0.49541642067038       -1.01347748847763        9.12360555370629
C           -1.37293531831778        0.14251618935785        9.56125023136428
C           -1.13497806246545        0.70731215449398       10.80515488671572
C           -1.87648501267115        1.79368473111942       11.22134804098220
F           -1.62947986706328        2.33254754011452       12.44015650932107
C           -2.85563205110392        2.35090641392576       10.41895792437964
C           -3.09482046489505        1.79085817053789        9.18313793448777
C           -2.37207808612660        0.67876732598810        8.73152055749181
N           -2.69726067832140        0.11580900690916        7.52536740559411
C           -1.84608349184853       -0.87742476770767        6.93297255963205
C           -2.53514308922251       -1.99491714237905        6.13722641883917
O           -3.36484451938632       -1.92310360044808        5.27044280350594
N           -1.95908088372752       -3.13725655625647        6.62753079038469
N           -1.18272686394723       -2.94229669714029        7.73831434834604
C           -1.11985270958037       -1.68565093962024        7.96003439691915
F            5.21727977464472        0.52698798565134        6.56555215683323
H            2.43107115363215        2.02965214453334        7.12591457346070
H            0.17813886145758        1.21770088638644        7.69272835545588
H            1.88561216196529       -2.15694873955321        9.68105151707869
H            4.14971344045397       -1.33431438230476        9.13173759418573
H           -0.39133679992366       -1.73881563413316        9.93599080700351
H           -0.36624842677806        0.30429733100507       11.44597046870620
H           -3.41260511634396        3.20662188983441       10.76484838282308
H           -3.85154946841698        2.20897782482148        8.53777303112811
H           -3.26600586262788        0.64645725354673        6.88469874824153
H           -1.10075885315630       -0.43162308845469        6.24938210425719
H           -2.16671285632316       -4.08126168159916        6.34585011924565
B            3.50663705419002       -1.43488084887142        1.68251689221049
N            3.47228633359103        1.13636583235787        0.97097288746475
B            2.55400206028978        2.36534512607019       -1.22643216186037
N            2.27801203469456       -0.65481013510262       -2.67188370326767
B            0.75961717609470       -3.53664184149881        2.80524569827202
N           -2.86516296143856       -2.63542001493679        1.84870686614584
B           -0.99471874921967        4.09124191220528        1.89962930382355
N           -0.65108020854970       -0.01607414322557       -3.85266939662959
B           -0.50503167098857        1.41051919045639       -4.00957130074720
N            1.21807974353316       -3.79641781614049       -1.64366332304799
B           -3.82702082244971        2.19366181282699       -0.37088443641907
N           -2.76719561810520        2.74515369804488       -1.10825695703374
B            1.35949937533924        0.78524282589246       -4.82734911610670
N           -0.17709741148690        3.38250984091643        2.90198614136439
B            0.89014816732416       -2.89894605357809       -2.72097951921312
N           -0.48690251927532        3.75500353695580       -0.94327651881212
B           -0.73926595055929        2.20430736343952        3.36274730618024
N            1.73737182102316       -1.24840599942049        3.59246718672132
B           -0.26127011999854        3.44998883159737       -2.31460200628833
N            1.39880825644800        0.09832401560094        3.91289793955300
B           -1.61703049102484       -0.58982638599918       -2.97903191125780
N           -3.78999565532319        1.76518674160249        0.95615984645229
B            0.37092547210643        4.50476028437563        1.23323223644680
N            0.13692640437483        0.02101875587272        4.55896254677210
B           -2.65931168687899        2.22215130764949        1.70736422895296
N            3.78087081335739       -0.12962502625339       -0.72949296322486
B           -2.20493161630361       -3.63478675880265        1.14839576410870
N            1.10366634176766        3.75194325598816        2.28366317029632
B           -1.75245817982386       -0.75269582063882        3.34164752576816
N           -2.41054371096465       -3.61338093656898       -0.30892332329152
B            3.02021162752584       -1.07584872214172       -1.45036790148481
N           -3.14089929033307       -1.26548062577465       -0.25747406288339
B            2.07233048743068        2.93455286279086        1.60345316663600
N           -0.51116096078345       -2.92294915234080       -2.32328390586451
B           -1.68050242864862       -2.13961087277394       -2.37346236711720
N            0.60596871515091        3.96158195496717       -0.05874662255357
B            1.07017834939305        2.93828437635061       -3.12846622499132
N            0.13423990877311       -4.34236697311094        1.83759518036474
B           -1.76914487911346        3.44054741167252       -0.32371097726380
N           -1.97624448485308        3.41220879318825        1.12129931017434
B            1.51960574052308       -4.19477265555071        1.59616194371034
N           -0.71721548764773        1.10231805744857        4.30804648395922
B           -2.65588046475563       -2.42164224401984       -1.04203859753313
N           -1.02460176916977       -4.47825807910799        1.12255943816697
B           -2.51265395841928        0.46865366433341       -2.00082192623203
N            2.39026734760835       -3.87663344260128        0.53533489571967
B            3.94106707607486       -0.19016581597097        0.76084971307599
N            1.92396886235346        1.94562881897961       -2.41651579287818
B            0.96245870171460        2.22249346158302       -4.56184040240898
N           -4.16619529745364        0.81498389186259       -0.21403821542091
B           -1.35842273303070        2.42644768179261       -3.02861665137613
N           -2.36874686630116        1.90927157350076       -2.20437785450078
B            3.10697649137635       -2.63053961780294        0.66501619849794
N            2.35208643942740       -3.67320931761054       -0.88943209910622
B            2.28583830385290        0.56789876108345        2.87359428892313
N           -1.95376636273481        0.63723383371983        3.72956946501967
B           -1.07438726079034       -4.19152291908976       -0.31244056082564
N           -3.21121982555664        0.02413811049164       -0.83951234379458
B            3.46898368589170        1.26630672874837       -0.48249038903055
N            2.62150709625718        1.64697157092535        1.98117676970049
B            1.45067333663783       -1.57718678317406       -3.43959086377527
N           -2.03874933407912        1.76714453706966        2.86969943838795
B            2.02177553975693        0.69596358961676       -3.15773544021050
N           -2.61850015385437       -1.31640753518692        2.42522901496255
B            0.62137112357266       -0.57236191948893       -4.40932092609737
N           -0.15566372574574       -3.77296920923474       -1.24518758960506
B            0.56643204739798       -2.07861002709253        3.53465225045924
N           -0.50466591793959       -1.18175968248372        3.94388999460166
B           -3.17436145414227       -1.44441583281535        1.13120052590345
N            2.73608070071029       -0.83019960589440        2.68783790785008
B            1.89681844639290        3.34103864506760       -0.06751695282728
N            2.89003833847935       -2.32847700963329       -0.72860133382859
108
 energy: -224.019142872687 gnorm: 0.005482033118 xtb: 6.7.1pre (5071a88)
F            5.71512324012532        0.55727574832701        8.58551709513274
C            4.76822319148338        0.95850549173525        7.71931291455442
F            4.81810669731417        2.30153570376646        7.70407427571510
C            3.40506936108573        0.43071753214597        8.06031682912654
C            2.27780278790058        1.11618604744956        7.62431923264949
C            1.02285339816171        0.64202684617407        7.95530583513866
C            0.88434927790788       -0.51404201594096        8.71528867603347
C            2.01843512828409       -1.21007202270858        9.11559504236838
C            3.27859350766161       -0.74250249578979        8.79327384686317
C           -0.49013401919535       -1.02074925311803        9.11389484261932
C           -1.37066442260487        0.13557739098022        9.54872818973395
C           -1.13761431762154        0.69901091166739       10.79372902732025
C           -1.87566290752997        1.78990805178875       11.20494099956457
F           -1.63366832052007        2.33083663923481       12.42266870216893
C           -2.84747071243713        2.34945994408136       10.39486079850070
C           -3.08435919897722        1.78867271488862        9.15896934505415
C           -2.36294579343443        0.67391983511664        8.71246882307149
N           -2.68102788887002        0.11224773775729        7.50403345793574
C           -1.84470203881997       -0.90123132144148        6.92737988143420
C           -2.54601952058161       -2.01990822163077        6.14494205434242
O           -3.36963306277374       -1.94640744299577        5.27186199490194
N           -1.98515891155211       -3.16151344982383        6.64987458063552
N           -1.20211176727956       -2.96087560605418        7.75605110931691
C           -1.12473691891162       -1.70240678348644        7.96092974754235
F            5.18698991131140        0.55996573819479        6.50056402564323
H            2.38558035677483        2.02012116464788        7.04391481037459
H            0.15063418080671        1.18751331899691        7.63193947134141
H            1.91223654322979       -2.11975513574166        9.68853848473175
H            4.15991902700497       -1.27346794600944        9.11938008014292
H           -0.37654524577289       -1.73982006110853        9.93084196510334
H           -0.37466505034042        0.29166527213543       11.43872939281580
H           -3.40175289964768        3.20873899416499       10.73681372614968
H           -3.83702725456009        2.21159046729517        8.51240230447059
H           -3.24247104639874        0.64124036007084        6.85683856149434
H           -1.09538363703549       -0.47508302072440        6.23650986881414
H           -2.19610053228252       -4.10879063654146        6.37971026815061
B            3.50971197580724       -1.43374269449739        1.69116001102038
N            3.47717737856102        1.13776378124516        0.97853254568028
B            2.55326590971327        2.36363688900056       -1.21933313925210
N            2.27741622410262       -0.65683620488654       -2.66279130077722
B            0.76665270842414       -3.53392535893997        2.81673491288272
N           -2.85222474686194       -2.63224711200398        1.86310922766115
B           -0.99082945641464        4.08924162876823        1.91049671102579
N           -0.65380047599967       -0.01919856903227       -3.84052812441569
B           -0.50903509074714        1.40737709412832       -3.99886121648701
N            1.21972895634892       -3.79879829200154       -1.63202468497584
B           -3.82570502945221        2.19050979860150       -0.35488716965368
N           -2.76732883169251        2.74183300235973       -1.09459268037703
B            1.35564411673740        0.78171801101134       -4.81817440013973
N           -0.17074787731517        3.38203899537178        2.91271601166644
B            0.89017266732074       -2.90143181284215       -2.70913227593703
N           -0.48676094599838        3.75176846451857       -0.93312955160690
B           -0.73286181849952        2.20436609636317        3.37476135924702
N            1.74714944601433       -1.24580603539039        3.60722880511038
B           -0.26303400860298        3.44660283252317       -2.30480022008267
N            1.40728819019512        0.10161846147553        3.92586810914723
B           -1.61940430390758       -0.59307967085600       -2.96666055741241
N           -3.78497811360073        1.76130609803255        0.97167049728015
B            0.37333884889809        4.50371111943363        1.24180072662613
N            0.14611447276698        0.02342798568354        4.57129090584361
B           -2.65420094517710        2.21913389851934        1.72195012136904
N            3.78161228277276       -0.13001351135720       -0.72180526710354
B           -2.19816386924225       -3.63552414949153        1.16433411911728
N            1.10798868659257        3.75218781027726        2.29144795451398
B           -1.74578464563428       -0.75015371084211        3.35735069442755
N           -2.40673314712672       -3.61512195166767       -0.29280231156952
B            3.02099132853926       -1.07708475872239       -1.44183500179631
N           -3.13903033245399       -1.26742902610414       -0.24290262958730
B            2.07662227208107        2.93540690959751        1.61084171894783
N           -0.51057953746064       -2.92538426093225       -2.30952926949488
B           -1.68031171391739       -2.14243841123963       -2.35906764161974
N            0.60692815010101        3.95972470533406       -0.05022598562254
B            1.06748036714749        2.93545402922365       -3.12056863100606
N            0.14035513457702       -4.34213314191802        1.85170795231314
B           -1.76784207674447        3.43692083216994       -0.31181534833894
N           -1.97212015970858        3.40843571534994        1.13372788001772
B            1.52544456102392       -4.19478620734073        1.60851032997943
N           -0.70925583317923        1.10508915091461        4.32439978578416
B           -2.65437508902444       -2.42487901661658       -1.02690828161260
N           -1.01884096179276       -4.48017062210659        1.13760373094416
B           -2.51463945876766        0.46567713585155       -1.98812852694630
N            2.39392202953905       -3.87667462854939        0.54596770682413
B            3.94319936342349       -0.18976007073300        0.76819051681747
N            1.92252001541657        1.94365082895439       -2.40888693060160
B            0.95781391661379        2.21901316994452       -4.55344750513507
N           -4.16549529192153        0.81188595768708       -0.19793461138983
B           -1.36155370426985        2.42317938791654       -3.01721085834305
N           -2.37116344064687        1.90632721410739       -2.19188769633275
B            3.11006302823349       -2.63025283328388        0.67447783486464
N            2.35446465087828       -3.67437535895934       -0.87886090976077
B            2.29102934761718        0.56975350339835        2.88238479570870
N           -1.94827475029768        0.63967969105608        3.74947713876403
B           -1.07072867243998       -4.19364621410549       -0.29741387876925
N           -3.21226049822704        0.02124754731227       -0.82634485084217
B            3.46957455405634        1.26557530361180       -0.47547374250870
N            2.62612666153581        1.64811800647357        1.98882774214401
B            1.44925129299092       -1.57979412033123       -3.42892758494217
N           -2.03270180905838        1.76688000114106        2.88494822018108
B            2.01990382016068        0.69345782491755       -3.14916707479517
N           -2.60901451266429       -1.31267267358982        2.43812436217746
B            0.61839619103626       -0.57556125575247       -4.39788459376826
N           -0.15367113664092       -3.77534552951112       -1.23201210817830
B            0.57470333770186       -2.07541675750491        3.54511345573722
N           -0.49598429585124       -1.17923040736950        3.95371143023391
B           -3.16866257201238       -1.44396248131366        1.14572603452728
N            2.74165205711273       -0.82807730001595        2.69769241632336
B            1.89829798502471        3.34047176061367       -0.06018300586229
N            2.89203708237025       -2.32932799051419       -0.71937545884946
108
 energy: -224.019402964059 gnorm: 0.005408909588 xtb: 6.7.1pre (5071a88)
F            5.70429749954616        0.61102747718512        8.50551263832327
C            4.74389239444475        0.99336598728274        7.64694009061320
F            4.78088689277264        2.33571062311795        7.61715481455277
C            3.39131285842312        0.45592744854167        8.00804029813936
C            2.25366270363924        1.11523597325865        7.56256295833627
C            1.00683230665212        0.63211524946496        7.90828416197678
C            0.88358275405861       -0.50881219979023        8.69185729727434
C            2.02834611634599       -1.17831102064270        9.10334956009075
C            3.28081408120493       -0.70109305539336        8.76713941643003
C           -0.48296083302798       -1.02283861477820        9.10570141810883
C           -1.36762776654408        0.13308864198290        9.53684022278999
C           -1.14140807984011        0.69691958748110       10.78231304358849
C           -1.87936411998031        1.78944687114186       11.18913660025947
F           -1.64341729719292        2.33273759802157       12.40585001239237
C           -2.84754344953113        2.34596780253005       10.37314662477774
C           -3.08068574105753        1.78320972877959        9.13735710106642
C           -2.35606469643461        0.66958990014293        8.69542986277824
N           -2.66533324582521        0.10771749863145        7.48515345031344
C           -1.84328719477353       -0.92247361057746        6.92428823947642
C           -2.55453656949925       -2.04364840657468        6.15567053535213
O           -3.37075113425185       -1.97077082580878        5.27451389474980
N           -2.00740221352182       -3.18277575627546        6.67564762724661
N           -1.21768829408395       -2.97604921907648        7.77699153576821
C           -1.12718228338343       -1.71600739027658        7.96483919649881
F            5.15368961493869        0.58686082862015        6.42756383249749
H            2.34560016028587        2.00711997275519        6.96264457096339
H            0.12950431425696        1.16112438625932        7.57497591882756
H            1.93861664994031       -2.07673566858871        9.69540957086528
H            4.16820809548703       -1.21365637605319        9.10326460679414
H           -0.35909788610405       -1.73378805866817        9.92827266089374
H           -0.38291340832335        0.28924870150785       11.43161981177663
H           -3.40295003840753        3.20558320676910       10.71121824817225
H           -3.83322617193303        2.20549891912389        8.49094021400808
H           -3.22402050819793        0.63229854380041        6.83255333826099
H           -1.09098107628412       -0.51525715722634        6.22613426599335
H           -2.22348736505479       -4.13204456556660        6.41583512175516
B            3.51230798779277       -1.43293970745296        1.69985106624684
N            3.48269568186291        1.13912565597528        0.98664756070003
B            2.55152910998844        2.36135275564037       -1.21192142605154
N            2.27735963822614       -0.65879171028415       -2.65365939920899
B            0.77348686221690       -3.53149108711369        2.82705406932339
N           -2.83798974335613       -2.62885054453218        1.87621516690368
B           -0.98700425775585        4.08638326217400        1.92164607671954
N           -0.65553501848314       -0.02196131502923       -3.82808626438640
B           -0.51279619591046        1.40467637154268       -3.98823638839962
N            1.22194507578682       -3.80135293773336       -1.62095689203902
B           -3.82406971221146        2.18694379264903       -0.33884564945687
N           -2.76722186321857        2.73819674794931       -1.08088137233163
B            1.35276923608847        0.77853786518517       -4.80909391518340
N           -0.16454538739497        3.38048067082051        2.92327373143783
B            0.89091153397003       -2.90380517373689       -2.69765504756992
N           -0.48640510926602        3.74859350457102       -0.92282516324237
B           -0.72613737729817        2.20329505360097        3.38716335267483
N            1.75712964401461       -1.24372376561472        3.62281986552392
B           -0.26455262832215        3.44341648673351       -2.29483707937301
N            1.41579678704775        0.10441425698819        3.93954028826334
B           -1.62017745524064       -0.59618737058250       -2.95337445061142
N           -3.77991793366941        1.75685103955735        0.98707454562143
B            0.37556823668511        4.50241933306941        1.25083546567682
N            0.15441447754541        0.02483405457483        4.58319544014694
B           -2.64927618715744        2.21544671136159        1.73688346788273
N            3.78261166947928       -0.13046630052299       -0.71383290872276
B           -2.19112560419426       -3.63653686410303        1.17928527388151
N            1.11216317855151        3.75189666911369        2.29944393545739
B           -1.74078279053939       -0.74831940505292        3.37342535053125
N           -2.40247246922806       -3.61691403461992       -0.27759579857309
B            3.02221160662944       -1.07851001751056       -1.43325952045747
N           -3.13675687813330       -1.26951293230626       -0.22931963595198
B            2.08109754256588        2.93616663318570        1.61838391215469
N           -0.50934646922947       -2.92789695294273       -2.29649448358591
B           -1.67975916968915       -2.14586328667259       -2.34599440486079
N            0.60805961049856        3.95829354122309       -0.04146762515512
B            1.06471495416932        2.93302274354330       -3.11307458604718
N            0.14650020146289       -4.34239561641226        1.86471810198525
B           -1.76631526355839        3.43279894917111       -0.29969198136040
N           -1.96792593830359        3.40393896539963        1.14616816624875
B            1.53140948795597       -4.19532271097388        1.62005060237578
N           -0.70190579101924        1.10685522367365        4.34100195206337
B           -2.65209162940322       -2.42799775883878       -1.01267339486045
N           -1.01307581226144       -4.48315398483553        1.15170345255344
B           -2.51703944864398        0.46273784883593       -1.97625809405686
N            2.39783660005301       -3.87716400505144        0.55594831346820
B            3.94528778955618       -0.18962643725242        0.77589444909821
N            1.92051375644064        1.94180501882056       -2.40137276085953
B            0.95309478700943        2.21579696760894       -4.54543620863487
N           -4.16484403837778        0.80836638441353       -0.18212804670492
B           -1.36445664710798        2.41999354920290       -3.00574529811844
N           -2.37359325811040        1.90348937708446       -2.17963077924000
B            3.11322153659570       -2.63035692508017        0.68386352111043
N            2.35747017622903       -3.67580098498412       -0.86881466378506
B            2.29537237092735        0.57128110397330        2.89101507010216
N           -1.94416315660332        0.64215571017177        3.77045655162663
B           -1.06670832879407       -4.19604780486266       -0.28322614202314
N           -3.21343810512354        0.01819857731215       -0.81391228316418
B            3.46917872543440        1.26424006112657       -0.46805332953715
N            2.63058774689352        1.64890429376703        1.99654923141627
B            1.44849836249564       -1.58220033282394       -3.41851317756346
N           -2.02684094628310        1.76624853629135        2.90059297131713
B            2.01822732234632        0.69097846101820       -3.14053475205803
N           -2.60075778949002       -1.30829842212985        2.45019210232697
B            0.61626683594424       -0.57833313245349       -4.38659641384510
N           -0.15114948099932       -3.77764935985710       -1.21938331526930
B            0.58268040083680       -2.07262954363543        3.55462632616981
N           -0.48761060378178       -1.17720371325420        3.96091144040102
B           -3.16337860737775       -1.44373464696531        1.15930941354252
N            2.74653236731237       -0.82628789452823        2.70737686578757
B            1.89984103005075        3.34006900926938       -0.05261277688164
N            2.89455869611761       -2.33041252787326       -0.71038343331290
108
 energy: -224.019634830058 gnorm: 0.007792816838 xtb: 6.7.1pre (5071a88)
F            5.69273310183711        0.68354955006167        8.41720869977508
C            4.71564211000344        1.03898365624980        7.56365575210671
F            4.73112193469650        2.38296631596870        7.51472424610852
C            3.37437515407460        0.48679105901864        7.94516021424722
C            2.22199601708528        1.11409128302591        7.48376456362488
C            0.98436959169772        0.61878483481499        7.84747661117968
C            0.88215188355735       -0.50491606192975        8.66330422419606
C            2.04168099524226       -1.14211057690858        9.09135944802199
C            3.28569756165789       -0.65194508984236        8.73881373377605
C           -0.47534782577803       -1.02854011986255        9.09688798377957
C           -1.36364279007817        0.12722680158082        9.52363258873165
C           -1.14708938366706        0.69034496567523       10.77057003061430
C           -1.88361743406902        1.78709783274423       11.17057765919926
F           -1.65528863234703        2.32989593229983       12.38833392428842
C           -2.84383015460657        2.34645887859439       10.34514988568725
C           -3.07090289781658        1.78217777392869        9.10867636566380
C           -2.34563584174348        0.66589887431860        8.67462004533319
N           -2.64619803976419        0.10390366963687        7.46278472745713
C           -1.84172122475951       -0.94910821113930        6.92020335211975
C           -2.56621166236257       -2.07451816719419        6.16946736115969
O           -3.37736563217166       -2.00559944409767        5.28256797225017
N           -2.03204801988579       -3.21146742526521        6.70508686560108
N           -1.23615446097023       -2.99815423935363        7.80139645770394
C           -1.13076196991764       -1.73578993312727        7.97070260847982
F            5.11817683080492        0.62140210227665        6.34547403827054
H            2.29375502295803        1.99225883482864        6.85815603925185
H            0.09849753699740        1.12779936485450        7.50103562968636
H            1.97362825267547       -2.02719766173726        9.70991590577438
H            4.18275514109878       -1.14169593170590        9.08927244109642
H           -0.33652410349916       -1.72857996687496        9.92692149554113
H           -0.39626677606784        0.28028672330299       11.42797878894627
H           -3.39873499586138        3.20960305949204       10.67586379948485
H           -3.82036663220007        2.20610941967059        8.45800138324384
H           -3.20245146158189        0.62554682815577        6.80483283992303
H           -1.08286790374325       -0.56602036740514        6.21268638909642
H           -2.26470684370073       -4.16225536130114        6.45891265707731
B            3.51640808522702       -1.43179141670283        1.70998110100628
N            3.48739070019268        1.14007247300080        0.99542587795873
B            2.55015099002959        2.35934798678491       -1.20345638906866
N            2.27706547284185       -0.66100577048237       -2.64285025531955
B            0.78180202582287       -3.52958137523027        2.84000359723837
N           -2.82548597584338       -2.62712477434597        1.89323558426367
B           -0.98239755364736        4.08411876843047        1.93447383504305
N           -0.65767272700581       -0.02563122463085       -3.81371196165118
B           -0.51666326394157        1.40112718687537       -3.97541114159546
N            1.22451203132960       -3.80380123786502       -1.60721907423489
B           -3.82163084467644        2.18283269937454       -0.32015970540598
N           -2.76649156918916        2.73400689232120       -1.06466433173898
B            1.34929958233565        0.77461589723515       -4.79829322097643
N           -0.15779958867021        3.37927629574258        2.93481129440364
B            0.89170452208319       -2.90660857897094       -2.68373503214508
N           -0.48576710790159        3.74598393296629       -0.91092187656838
B           -0.71788329960638        2.20262344407123        3.40197114173344
N            1.76756216714622       -1.24163149177200        3.63892368382234
B           -0.26605833938474        3.44017517223485       -2.28311940741647
N            1.42547692001529        0.10688753168961        3.95467762968748
B           -1.62136223554439       -0.60010556013458       -2.93810181183054
N           -3.77470890410911        1.75278654362830        1.00542708507746
B            0.37847198607742        4.50183053806499        1.26131212143671
N            0.16326077735860        0.02612192247893        4.59681992623701
B           -2.64396607720129        2.21257360898135        1.75430080782532
N            3.78422128443415       -0.13081927928512       -0.70502855087009
B           -2.18388424002727       -3.63785170908046        1.19738121857537
N            1.11715600848936        3.75209352690412        2.30884793606647
B           -1.73477765405196       -0.74723663969909        3.39088527877795
N           -2.39802061955546       -3.61952633955193       -0.25902158601412
B            3.02362676657568       -1.07996840923809       -1.42313864282663
N           -3.13395466956442       -1.27260285447929       -0.21240781688803
B            2.08609490085009        2.93725862099300        1.62707337268145
N           -0.50789233700872       -2.93063315728883       -2.28045850870530
B           -1.67898993843461       -2.14954242916329       -2.32949392291636
N            0.60982997256689        3.95781848510751       -0.03136515326606
B            1.06162078975085        2.93038550452405       -3.10418945948695
N            0.15390481217623       -4.34245499556000        1.87999073101981
B           -1.76442832613387        3.42903046669707       -0.28541454924035
N           -1.96350011304583        3.40036924591972        1.16053071644812
B            1.53860782090887       -4.19558932904780        1.63363337559344
N           -0.69346205057261        1.10801029775126        4.35793308055852
B           -2.64963183811377       -2.43164058329420       -0.99511807095844
N           -1.00652396365048       -4.48591467513659        1.16894306183641
B           -2.51812402571515        0.45885791992005       -1.96071760394873
N            2.40311096388364       -3.87773467960648        0.56793436311072
B            3.94834927023707       -0.18919484973227        0.78466026827386
N            1.91841790931846        1.93991570314489       -2.39250548713029
B            0.94777452419856        2.21183990067767       -4.53577925924410
N           -4.16303812729099        0.80431372572610       -0.16308648402885
B           -1.36712651828398        2.41597701729795       -2.99184906207823
N           -2.37515769234925        1.89968702408282       -2.16429655285852
B            3.11753804255306       -2.63029583930735        0.69504563243023
N            2.36119018005942       -3.67717215709477       -0.85666676727910
B            2.30066493860023        0.57313971898221        2.90128337276180
N           -1.93888321391670        0.64444182282935        3.79202405466154
B           -1.06216711123733       -4.19864477239316       -0.26600648389302
N           -3.21312022267944        0.01446896125198       -0.79749771518416
B            3.46903606771200        1.26300495460643       -0.45976435565605
N            2.63533157673818        1.64979129850400        2.00535633197207
B            1.44757296766590       -1.58515949278137       -3.40613272907211
N           -2.02015568146971        1.76641236696253        2.91837153212845
B            2.01637386613482        0.68824067469629       -3.13038409861191
N           -2.59335976633420       -1.30490766808609        2.46548952170183
B            0.61370288066543       -0.58195111564120       -4.37344566745960
N           -0.14814617448617       -3.78004542528343       -1.20367319140778
B            0.59184869919088       -2.07036547448844        3.56669232230509
N           -0.47850999362217       -1.17554257400215        3.97019755056749
B           -3.15906353983262       -1.44511029193970        1.17640658431974
N            2.75240890314724       -0.82423869639600        2.71824888619295
B            1.90182752340884        3.34008621695312       -0.04397375703870
N            2.89764392656386       -2.33137968236704       -0.69951892223666
108
 energy: -224.019873094132 gnorm: 0.006421040278 xtb: 6.7.1pre (5071a88)
F            5.68653975872956        0.71698908279920        8.33845673084910
C            4.69792074021129        1.05965306242809        7.49545929014440
F            4.70322607875568        2.40241055980242        7.43722026845293
C            3.36435505827734        0.50357991533579        7.89688875406778
C            2.20574625642587        1.11159432727400        7.43043853271605
C            0.97405117081913        0.61379008023880        7.80952345348059
C            0.88329493475509       -0.49534503638271        8.64419913207724
C            2.04922274619714       -1.11182991475666        9.07957080886303
C            3.28762142231547       -0.61870363411094        8.71241747893531
C           -0.46767172658924       -1.02383409340762        9.09249284681587
C           -1.35983898905574        0.12986043129017        9.51573173136216
C           -1.15159951886964        0.69565710136991       10.76256127764535
C           -1.89348040716483        1.79030604093803       11.15836769931976
F           -1.67145245877368        2.33404589779216       12.37707693066634
C           -2.85362151959813        2.34435470033966       10.32961681239687
C           -3.07369461833581        1.77695840065947        9.09309200171645
C           -2.34187559057653        0.66349285485884        8.66325699716481
N           -2.63384546701877        0.09992700648920        7.45070747587012
C           -1.83931559661602       -0.96321702993011        6.91985639555206
C           -2.56874327161057       -2.09314134876272        6.18145259457340
O           -3.37552287159114       -2.03143830473422        5.28940745141658
N           -2.04225937391012       -3.22639301422502        6.73129836645117
N           -1.24287630588389       -3.00643928779491        7.82355261977746
C           -1.12930934987558       -1.74321381863358        7.97855723476036
F            5.08808917036625        0.63615123409608        6.27591079023078
H            2.26699179078566        1.97665492953288        6.78789746374963
H            0.08434875908964        1.11122686769484        7.45846851069000
H            1.99303391884606       -1.98428890937277        9.71454091567404
H            4.18912166834822       -1.09414235177293        9.06836216260642
H           -0.31728026811246       -1.71446725413264        9.92791441366041
H           -0.40275634371197        0.29050102836918       11.42485818550851
H           -3.41419466491200        3.20508121033706       10.65617086452033
H           -3.82481332938439        2.19433267721392        8.43920770283718
H           -3.19413723674367        0.61566668609382        6.79100533774757
H           -1.07862116253035       -0.59373436846155        6.20814597328115
H           -2.28707345229050       -4.17631756143082        6.49376355795580
B            3.51944612740238       -1.43180513226309        1.71708539933658
N            3.49150019883517        1.14035973372511        1.00238087079415
B            2.54785355515597        2.35699687211446       -1.19665561250420
N            2.27779424022535       -0.66242320914288       -2.63511249750771
B            0.78797403225725       -3.52935695677979        2.84764703499125
N           -2.81607002266301       -2.62656234085841        1.90397631040084
B           -0.97958241228934        4.08160329325518        1.94399777195877
N           -0.65834306936705       -0.02742758695826       -3.80385849720351
B           -0.51898651949977        1.39952665642380       -3.96635536638786
N            1.22724824567539       -3.80560912747834       -1.59830264786659
B           -3.81980314133496        2.17933527573489       -0.30709351372350
N           -2.76589824154751        2.73068885311349       -1.05302587624216
B            1.34808190351738        0.77254572249782       -4.79046996177969
N           -0.15380299471057        3.37700586540416        2.94280797388751
B            0.89327312799006       -2.90840750911354       -2.67446337308518
N           -0.48544166245881        3.74422340931606       -0.90194833874623
B           -0.71229120418543        2.20070828437222        3.41253353604959
N            1.77524011843893       -1.24168660759553        3.65087473028454
B           -0.26706633743333        3.43822130428729       -2.27426606504032
N            1.43253411187165        0.10712195670418        3.96598775165554
B           -1.62204220157435       -0.60246232723411       -2.92864974505391
N           -3.77167287785436        1.74926753456331        1.01824516329041
B            0.38015635596006        4.50093286232673        1.26963953976451
N            0.16857217284284        0.02510346867781        4.60513193827620
B           -2.64101592944617        2.20972730753256        1.76689481567926
N            3.78621396862055       -0.13128546869738       -0.69841858520495
B           -2.17842973899783       -3.63942245934102        1.20913792343037
N            1.12027247146770        3.75119490298876        2.31622655047246
B           -1.73179221714864       -0.74750915546598        3.40231412442837
N           -2.39424074265608       -3.62169247445904       -0.24694941936014
B            3.02555188706495       -1.08117955095938       -1.41600514067688
N           -3.13203452994710       -1.27547532239983       -0.20148342872534
B            2.08933337616438        2.93716035560795        1.63376448236146
N           -0.50572507383788       -2.93189841249086       -2.26934986684345
B           -1.67721563748158       -2.15133818259883       -2.31787889872587
N            0.61093717049899        3.95763246009144       -0.02347123173652
B            1.05923600275738        2.92902238823045       -3.09770748180603
N            0.15962656768089       -4.34348546580439        1.88909094897474
B           -1.76329299541768        3.42606626112607       -0.27480082239868
N           -1.96096675864318        3.39726399742287        1.17100265663254
B            1.54422905563271       -4.19673764949297        1.64183104679857
N           -0.68803963376599        1.10702220378700        4.36934658128049
B           -2.64742904057591       -2.43437935511126       -0.98363752153107
N           -1.00158525074473       -4.48914062829701        1.17981876874065
B           -2.51801673570401        0.45598461948838       -1.94975484092967
N            2.40775031653482       -3.87887090304044        0.57537436772667
B            3.95104844846021       -0.18942545357298        0.79133511855546
N            1.91616003426987        1.93859442451183       -2.38593449777840
B            0.94428629754726        2.20964836093732       -4.52883538604911
N           -4.16170967380101        0.80085796362996       -0.15026394563322
B           -1.36884853376985        2.41346670083308       -2.98179689877384
N           -2.37590938394084        1.89696539313770       -2.15329893745374
B            3.12125902590210       -2.63093020528272        0.70254290738921
N            2.36485283407507       -3.67842204691243       -0.84898475221418
B            2.30390148927714        0.57316062465902        2.90832432134085
N           -1.93604485919443        0.64500641284922        3.80736224980939
B           -1.05839228818827       -4.20089877499988       -0.25502498579009
N           -3.21256117464158        0.01139842324794       -0.78631299186097
B            3.46785996237407        1.26124358957728       -0.45319254911870
N            2.63852341553462        1.64941551457040        2.01194715710558
B            1.44790968437617       -1.58690567091605       -3.39763188022619
N           -2.01621655439241        1.76559643766662        2.93116530962508
B            2.01547819347890        0.68637528381490       -3.12304866012941
N           -2.58987354847213       -1.30282851137032        2.47555520160489
B            0.61298586587310       -0.58372773903461       -4.36406063358192
N           -0.14511627246264       -3.78169345367589       -1.19322756603956
B            0.59801463504871       -2.07006005256572        3.57407625111252
N           -0.47241884919986       -1.17558406944307        3.97343168604344
B           -3.15671771269364       -1.44694122911477        1.18751009795234
N            2.75631226756503       -0.82394721527427        2.72579489998849
B            1.90285427499261        3.33968046335643       -0.03716744511499
N            2.90074343389037       -2.33233410078741       -0.69227338847728
108
 energy: -224.020113745845 gnorm: 0.005595905389 xtb: 6.7.1pre (5071a88)
F            5.67790124010608        0.75458660448661        8.24991051835215
C            4.67705116642444        1.08167626736039        7.41692596510849
F            4.67048700696244        2.42345883745560        7.34671563383135
C            3.35151307758965        0.52133341697440        7.84054642636940
C            2.18585151162403        1.10865471395937        7.36782285028855
C            0.96063141858725        0.60929702088505        7.76537673480578
C            0.88459009971833       -0.48302110161542        8.62276328731493
C            2.05759400567321       -1.07759409632630        9.06666894752130
C            3.28980443138335       -0.58179899546984        8.68220077030109
C           -0.45902591764729       -1.01671673684792        9.08820805830549
C           -1.35522177578775        0.13436789589253        9.50747782645046
C           -1.15572042773302        0.70397046546474       10.75396276615434
C           -1.90584922308975        1.79460455935749       11.14456976745575
F           -1.69140658942437        2.33966767405895       12.36505515509628
C           -2.86577033316008        2.34253976511742       10.31263042153524
C           -3.07607514547341        1.77207466746385        9.07579500781246
C           -2.33694311067116        0.66172601457039        8.65042153210054
N           -2.61944177984143        0.09644363910354        7.43727806837524
C           -1.83422006414901       -0.97865786899188        6.91876360185594
C           -2.56980169566676       -2.11438138785281        6.19526718904415
O           -3.37344875993279       -2.06277295533028        5.29988121259440
N           -2.05046548355486       -3.24358548532574        6.76254319307398
N           -1.24924027608663       -3.01433891274598        7.85064010106908
C           -1.12663708966271       -1.74985282113904        7.98792595390081
F            5.05384351452695        0.64989559784290        6.19662231166943
H            2.23645362061288        1.95812407798035        6.70473062251023
H            0.06526401078899        1.09316629458299        7.41116098916148
H            2.01284524385193       -1.93454808051470        9.72235609086245
H            4.19755614813433       -1.04019512035668        9.04331478415918
H           -0.29557061892670       -1.69705231838719        9.92878580383069
H           -0.40789514778458        0.30554798535651       11.42117066570825
H           -3.43387258560973        3.19923982591302       10.63558240064579
H           -3.82724749284734        2.18058398152390        8.41657038587991
H           -3.18426753065100        0.60521661667646        6.77594367174996
H           -1.07162515405615       -0.62346565580185        6.20274208210037
H           -2.30742719268095       -4.19207401531031        6.53569643669640
B            3.52385302838659       -1.43226119463057        1.72507984310061
N            3.49517578652025        1.13999564651094        1.01016260171399
B            2.54564704694682        2.35438846470144       -1.18845566026006
N            2.27888165853680       -0.66394722067608       -2.62626431834835
B            0.79525073911107       -3.53034055335131        2.85664696006481
N           -2.80886468876957       -2.62771918073203        1.91652162075984
B           -0.97694941723427        4.07950804821035        1.95470511602837
N           -0.65850835081674       -0.02976927584199       -3.79170357734044
B           -0.52105561562455        1.39729763069293       -3.95539101610350
N            1.23061273269595       -3.80747410385338       -1.58818788466247
B           -3.81837356515734        2.17580323071442       -0.29284517827991
N           -2.76559459421929        2.72742656827630       -1.03995383090977
B            1.34674542126724        0.77036328384546       -4.78126103197035
N           -0.15029651568445        3.37479430203798        2.95178143377691
B            0.89532203207318       -2.91039226916981       -2.66400181703273
N           -0.48552256822954        3.74254203858075       -0.89148189080041
B           -0.70713587547746        2.19889955956534        3.42379075884597
N            1.78316593170916       -1.24288051664966        3.66293661274605
B           -0.26838667496267        3.43636973451629       -2.26389529681604
N            1.44007060872747        0.10609057945010        3.97797164232141
B           -1.62037457474858       -0.60519007929908       -2.91465274066390
N           -3.76953603554413        1.74617561899875        1.03258203444645
B            0.38193666099154        4.49995256024826        1.27934470441719
N            0.17432443198822        0.02312945797502        4.61366197438009
B           -2.63858156482288        2.20728884652421        1.78049125918728
N            3.78914215160752       -0.13196405186088       -0.69092116551255
B           -2.17294592718965       -3.64142575727058        1.22224994579604
N            1.12339910884610        3.75001048450260        2.32521745329503
B           -1.72728521940685       -0.74838152696760        3.41289253765749
N           -2.38984822158104       -3.62401439634932       -0.23364110353768
B            3.02808564782892       -1.08238771774804       -1.40789912163252
N           -3.13009606814678       -1.27877196765593       -0.18892144179323
B            2.09206350252066        2.93616613823617        1.64185850454282
N           -0.50327246788479       -2.93422228070833       -2.25764056140516
B           -1.67546037467158       -2.15482373750443       -2.30606510436894
N            0.61175762497565        3.95697306912197       -0.01400410441850
B            1.05664263075795        2.92740187769906       -3.08932459837373
N            0.16620206790986       -4.34485699356615        1.89901052085312
B           -1.76261682963753        3.42349242007775       -0.26272976133403
N           -1.95918175130789        3.39490926367490        1.18297360676276
B            1.55062037609263       -4.19821896187897        1.65073381168757
N           -0.68196878414692        1.10512109946965        4.38018215190173
B           -2.64418883979244       -2.43694908469033       -0.97056438605787
N           -0.99603549108126       -4.49199588902497        1.19187160149749
B           -2.51873271485534        0.45305405149749       -1.93764519080409
N            2.41357052876024       -3.88034546511081        0.58378357973844
B            3.95471045369647       -0.18984977061555        0.79895117544372
N            1.91365442040852        1.93683592708543       -2.37770409273998
B            0.94088528573480        2.20725861684176       -4.52003021795952
N           -4.16026466928214        0.79736926930460       -0.13604648166025
B           -1.37049663600768        2.41075910519980       -2.97015313152020
N           -2.37667442790558        1.89409752666668       -2.14071237797593
B            3.12609513024909       -2.63184095720791        0.71080579098757
N            2.36918953917663       -3.67973677756791       -0.84036862470663
B            2.30809808460738        0.57211900194893        2.91647810995107
N           -1.93165068223979        0.64397765826043        3.82152022624243
B           -1.05408514562200       -4.20321561569925       -0.24291627993120
N           -3.21186008879944        0.00819424720230       -0.77337501079769
B            3.46710028264728        1.25933820083266       -0.44552668912919
N            2.64173488385215        1.64830141178985        2.01981896950701
B            1.44854292025036       -1.58874970213573       -3.38799559879449
N           -2.01271685859958        1.76444918015944        2.94469054431204
B            2.01447939368018        0.68431667460313       -3.11449764663876
N           -2.58687758645243       -1.30278070488655        2.48743942295781
B            0.61228717613522       -0.58581395947929       -4.35356620829018
N           -0.14133913672837       -3.78329784195050       -1.18135044553322
B            0.60477079281771       -2.07094263732788        3.58272279696671
N           -0.46594569617575       -1.17655803477237        3.97798265632815
B           -3.15466613091632       -1.44979514051372        1.20023118537636
N            2.76130752479232       -0.82453353113541        2.73439731243756
B            1.90346715417766        3.33846390260990       -0.02892206943868
N            2.90438492768085       -2.33330916970748       -0.68400904222709
108
 energy: -224.020201612355 gnorm: 0.003360075798 xtb: 6.7.1pre (5071a88)
F            5.67757470558358        0.75148048834580        8.24036172401456
C            4.67605952497064        1.07845252185846        7.40786340671574
F            4.67075416928833        2.42043068894664        7.33632191940427
C            3.35056106502150        0.51944777213320        7.83368497674658
C            2.18421525000510        1.10770432504196        7.36274301731383
C            0.95930582563583        0.61065048410036        7.76377023115642
C            0.88532992123682       -0.47968088432981        8.62289533298692
C            2.05887038817132       -1.07523290651247        9.06520450575579
C            3.29066324894923       -0.58079850718450        8.67792519049440
C           -0.45758509356838       -1.01408905555313        9.08887803598922
C           -1.35537667292404        0.13559482674788        9.50803294549130
C           -1.15542223530214        0.70620526689628       10.75411720940613
C           -1.90868011939878        1.79498215687257       11.14451648286618
F           -1.69437996648500        2.34151465642297       12.36460011146897
C           -2.86938009257966        2.34164807416802       10.31248448081940
C           -3.07866383107560        1.77057647475232        9.07588910937751
C           -2.33838533720829        0.66052302138256        8.65084753635297
N           -2.62097793550847        0.09390305276138        7.43825465168142
C           -1.83280111274924       -0.98011123392566        6.91914205019713
C           -2.56871757424466       -2.11739022277502        6.19900853740389
O           -3.37761614782054       -2.06869692320132        5.30930723672583
N           -2.04555679110668       -3.24534144247216        6.76612398356207
N           -1.24381080958624       -3.01281634156707        7.85272060837313
C           -1.12377939127282       -1.74821201162007        7.98845308337107
F            5.05136097650511        0.64493200318731        6.18773452534088
H            2.23466126701163        1.95514765868622        6.69757236730598
H            0.06289906439750        1.09333689821583        7.41048269446887
H            2.01368596689878       -1.92992069768624        9.72318230949008
H            4.19933419223029       -1.03758363082745        9.03853252934780
H           -0.29362365751328       -1.69435167059604        9.92918181783928
H           -0.40554574942325        0.30965907254123       11.42063905184689
H           -3.43893703596744        3.19769872175676       10.63576447073422
H           -3.82790437123293        2.17935593153935        8.41509227172206
H           -3.18745574780802        0.60065965733734        6.77741814712623
H           -1.07185745730360       -0.62371107899516        6.20216189967635
H           -2.30276256535424       -4.19417710323963        6.54316323244635
B            3.52447038005048       -1.43239016255419        1.72608589384809
N            3.49452293063781        1.13967413280436        1.01101036995008
B            2.54636632230293        2.35456253042334       -1.18729281688777
N            2.27953790586408       -0.66382220984820       -2.62526390524354
B            0.79519737817066       -3.53084297145664        2.85779052535446
N           -2.81162826408274       -2.62864830651168        1.91732174421935
B           -0.97715934298718        4.08060878683242        1.95499169495281
N           -0.65803565251418       -0.02950259919133       -3.79145124695755
B           -0.52007141228509        1.39751746700469       -3.95467622611816
N            1.23085533665772       -3.80706794741056       -1.58724026377552
B           -3.81840473359887        2.17644690073182       -0.29315088460408
N           -2.76535485955625        2.72808967844244       -1.03984834983089
B            1.34750944632762        0.77062124117106       -4.78022550047748
N           -0.15087456782420        3.37567470294586        2.95223044646288
B            0.89571739065837       -2.91018356632230       -2.66322809235604
N           -0.48535335234348        3.74299935157234       -0.89084814604675
B           -0.70806481602168        2.19986837962534        3.42380203944036
N            1.78252475998883       -1.24327437233446        3.66280949332116
B           -0.26785005126180        3.43676810656652       -2.26320002155601
N            1.43958287397762        0.10559759083317        3.97817030291762
B           -1.62054290253267       -0.60482892604430       -2.91507748159230
N           -3.77013033632843        1.74723276628374        1.03254571761726
B            0.38214792052165        4.50040803460451        1.27998514634089
N            0.17394237794676        0.02304705139685        4.61359042418539
B           -2.63906232364014        2.20853027012740        1.78023888895694
N            3.78990685914482       -0.13199775834524       -0.68988541069563
B           -2.17365244718951       -3.64139101986983        1.22267992852533
N            1.12329400442452        3.75038347411798        2.32623625022945
B           -1.72607570816761       -0.74795465848243        3.41079311292516
N           -2.39001286591599       -3.62386684439095       -0.23334792309077
B            3.02862769475295       -1.08219491965438       -1.40684150174526
N           -3.13044461048182       -1.27869360391592       -0.18852978614029
B            2.09156854182933        2.93588868350560        1.64294637089250
N           -0.50288537417078       -2.93370518968952       -2.25681292636896
B           -1.67479731367010       -2.15388386303162       -2.30494896168967
N            0.61181906050212        3.95688755218128       -0.01308735316417
B            1.05748756153996        2.92749384241263       -3.08797266444188
N            0.16601426061966       -4.34461636554595        1.89960904044653
B           -1.76268527177435        3.42449984814989       -0.26246863642403
N           -1.95971328085901        3.39630815935855        1.18327945514731
B            1.55041001150764       -4.19806619768380        1.65144839735572
N           -0.68211078987126        1.10513687332459        4.37902287150932
B           -2.64435472331402       -2.43673095969288       -0.97016705607741
N           -0.99623195092033       -4.49105543000463        1.19238670910772
B           -2.51745641075906        0.45339451212999       -1.93674343126847
N            2.41386081864052       -3.88033976520167        0.58480667463462
B            3.95514842594205       -0.18981169893453        0.80003917140703
N            1.91432122093283        1.93676025686206       -2.37641953859845
B            0.94217084988602        2.20753946583858       -4.51878097888476
N           -4.15984046372243        0.79799878394799       -0.13622249947601
B           -1.36970027573618        2.41118703474226       -2.96964553907025
N           -2.37574119880086        1.89437657290525       -2.14015291888505
B            3.12651135494236       -2.63187562857183        0.71173289329582
N            2.36931508336430       -3.67950550639109       -0.83939610677051
B            2.30843139448615        0.57172461124529        2.91745195312420
N           -1.93083116107067        0.64333687347571        3.81932128768818
B           -1.05416460385946       -4.20278217790962       -0.24246463871954
N           -3.21111148244331        0.00859346359722       -0.77273345808665
B            3.46781478010620        1.25950478804086       -0.44447335632764
N            2.64143432505501        1.64810071718892        2.02089744538174
B            1.44918786075967       -1.58857323375114       -3.38705790210351
N           -2.01341572106735        1.76506027194800        2.94433296411230
B            2.01521181222546        0.68443145910405       -3.11351564009090
N           -2.58765907030350       -1.30392878792854        2.48791347103191
B            0.61300846172612       -0.58560398782859       -4.35270730947611
N           -0.14109472106335       -3.78289878268392       -1.18055457207321
B            0.60454909086210       -2.07138356630356        3.58360318535200
N           -0.46632917895536       -1.17664443623587        3.97902634539950
B           -3.15538137109033       -1.45016647378847        1.20053012420371
N            2.76163312225653       -0.82485895691970        2.73534984636155
B            1.90344790411671        3.33818556918895       -0.02783070540698
N            2.90461821696789       -2.33313997330640       -0.68289712024237
108
 energy: -224.020396835375 gnorm: 0.003815865333 xtb: 6.7.1pre (5071a88)
F            5.67741355479896        0.74182980739172        8.20288860381843
C            4.67305898125509        1.06775418209875        7.37266617540046
F            4.67240298343793        2.41012052866897        7.29503250231304
C            3.34805853779813        0.51473783169812        7.80867665708377
C            2.17997782872956        1.10479239851887        7.34231383248691
C            0.95645796207518        0.61470594585945        7.75559543901392
C            0.88861304907889       -0.46905465326549        8.62201528236921
C            2.06345245801364       -1.06564790517937        9.06140128989720
C            3.29365004256215       -0.57619865623538        8.66320311660466
C           -0.45178816838881       -1.00481977933510        9.09200909116477
C           -1.35518277135331        0.14072683109354        9.50959005943771
C           -1.15441307849344        0.71570385508019       10.75386891788381
C           -1.91753838189530        1.79828644173322       11.14318481863479
F           -1.70588438514239        2.34870395263429       12.36272375591262
C           -2.88178911554982        2.33888643835041       10.31108754682736
C           -3.08752782415808        1.76543191212859        9.07537673323186
C           -2.34288372628922        0.65675911490220        8.65224527211202
N           -2.62701425769313        0.08414251948690        7.44277843837743
C           -1.82975879744499       -0.98610153226238        6.92246214112504
C           -2.56635690620623       -2.12977263079029        6.21411429922770
O           -3.39286547787415       -2.09156598243524        5.34176854092273
N           -2.02725383771397       -3.25312532895788        6.77947711373744
N           -1.22508839505111       -3.00919208487029        7.86243464628987
C           -1.11370355070549       -1.74356951687537        7.99208421658506
F            5.04195881833972        0.62683430465741        6.15332486170615
H            2.22975791346674        1.94575138669523        6.66975845364657
H            0.05685086931267        1.09551783675287        7.40783447314931
H            2.01706635459665       -1.91410429964074        9.72613351448929
H            4.20518422888226       -1.02969440228054        9.02031835333618
H           -0.28604796423775       -1.68421906382709        9.93218928680871
H           -0.39839770528966        0.32601437937862       11.41825136901011
H           -3.45691329979179        3.19160424482612       10.63536405776084
H           -3.83447141260538        2.17159317859100        8.41110503834091
H           -3.20024278530298        0.58343385178065        6.78320621668471
H           -1.07569070786016       -0.62480699624777        6.20151710911239
H           -2.28432793471220       -4.20404951386043        6.56926271157465
B            3.52677982869207       -1.43274247376931        1.73007315687187
N            3.49200268310118        1.13851100312824        1.01429144870989
B            2.54940346768841        2.35557903192573       -1.18300386774973
N            2.28182025848692       -0.66326787979289       -2.62137961840319
B            0.79469804857891       -3.53269253093127        2.86201794111879
N           -2.82301601687401       -2.63256098341103        1.92023991330821
B           -0.97786113504537        4.08465805978093        1.95625458242884
N           -0.65523361915394       -0.02878363314586       -3.78898540946606
B           -0.51606526162167        1.39797336018586       -3.95156317017659
N            1.23175269010207       -3.80552521031153       -1.58368402635070
B           -3.81852193826266        2.17907203521125       -0.29416164013454
N           -2.76437645700912        2.73074131243047       -1.03936987240515
B            1.35065940362613        0.77152328705583       -4.77636783870603
N           -0.15299301880733        3.37878493018818        2.95409249836085
B            0.89731383194314       -2.90932032718734       -2.66033335617584
N           -0.48448476208076        3.74481521614691       -0.88842007509482
B           -0.71134504828555        2.20304930447736        3.42394063198482
N            1.77994090968829       -1.24449345967297        3.66210856378684
B           -0.26569349687988        3.43839275958670       -2.26054699167119
N            1.43761470695766        0.10394088575149        3.97879554855876
B           -1.61739026449800       -0.60349638513023       -2.91185445981314
N           -3.77230182835667        1.75145679525670        1.03248713480963
B            0.38298043954767        4.50205866874839        1.28255545253110
N            0.17212307327736        0.02264820481992        4.61350489988461
B           -2.64068841928186        2.21324515228802        1.77922770689882
N            3.79252900837620       -0.13196093257602       -0.68592729061407
B           -2.17659304146221       -3.64097972289397        1.22394726196332
N            1.12287604590445        3.75173735840123        2.33017364894098
B           -1.72336755340849       -0.74774114220202        3.40464764169182
N           -2.39056209911338       -3.62280218498211       -0.23251040912400
B            3.03044181891397       -1.08137533027688       -1.40268142545600
N           -3.13089187933518       -1.27772204923118       -0.18673571605689
B            2.08999072046642        2.93513494154420        1.64713598891260
N           -0.50170514731345       -2.93298140884904       -2.25498132274306
B           -1.67332339232462       -2.15286479979474       -2.30328971931461
N            0.61223387541528        3.95667544795569       -0.00957906119518
B            1.06073649569963        2.92794299052189       -3.08297181366990
N            0.16496881728395       -4.34365453632424        1.90181826373495
B           -1.76272054552841        3.42823147118435       -0.26144582687902
N           -1.96149446538171        3.40155914509696        1.18439863168700
B            1.54937745848283       -4.19752031806681        1.65411594162326
N           -0.68316809617523        1.10482465856955        4.37449838822350
B           -2.64375675828740       -2.43500063259676       -0.96870816400656
N           -0.99727068772984       -4.48719064635147        1.19420598039273
B           -2.51467994292928        0.45501668036899       -1.93433596461767
N            2.41468644052401       -3.88025548870036        0.58873094831760
B            3.95670939587438       -0.18962060051273        0.80418256315751
N            1.91693500906856        1.93669941616872       -2.37155955141071
B            0.94701037781190        2.20850053288847       -4.51412829104864
N           -4.15838451797950        0.80055703320456       -0.13655306217183
B           -1.36643388165190        2.41264920539457       -2.96755822657142
N           -2.37263026463854        1.89572621144370       -2.13823536236771
B            3.12785812933933       -2.63189592798315        0.71550203922831
N            2.36971254350500       -3.67853902743041       -0.83561061732347
B            2.30964269817022        0.57056734373763        2.92133146370589
N           -1.92852003199483        0.64089386881230        3.81085262998867
B           -1.05450151338184       -4.20087524365646       -0.24088864213141
N           -3.20868620166973        0.01050760776817       -0.77031477819501
B            3.47066989597292        1.26038188068398       -0.44043714742754
N            2.64041515358024        1.64757339219748        2.02506275916422
B            1.45164357119219       -1.58779356479097       -3.38364390308270
N           -2.01590126604557        1.76727370197457        2.94287132454091
B            2.01779450210182        0.68497461635609       -3.10957492097729
N           -2.59222170980271       -1.30901944731369        2.49092682037015
B            0.61586007594219       -0.58491881714635       -4.34985437920439
N           -0.14021972087358       -3.78116074107098       -1.17769844422245
B            0.60370521055063       -2.07290568866922        3.58661203170082
N           -0.46813525612727       -1.17727089022826        3.98297362011685
B           -3.15831903960561       -1.45153142303073        1.20206746367887
N            2.76284750616152       -0.82582698627257        2.73902055050285
B            1.90361951550714        3.33739282869507       -0.02365612092669
N            2.90534257277947       -2.33238950180283       -0.67848789013421
108
 energy: -224.020516092409 gnorm: 0.005257433969 xtb: 6.7.1pre (5071a88)
F            5.67920605032580        0.73449892972603        8.16385122206671
C            4.67089966235828        1.05877577245196        7.33740152444983
F            4.67421082560806        2.40102166563655        7.25264103283329
C            3.34690793701323        0.51236697902123        7.78525733584781
C            2.17750310661750        1.10264465048642        7.32232525939082
C            0.95557848892360        0.61813096673119        7.74698472323103
C            0.89188852905409       -0.46041745179898        8.62023262977702
C            2.06784407249404       -1.05620621733998        9.05784984266728
C            3.29641912718925       -0.57152366600403        8.64902412847067
C           -0.44640915979455       -0.99654019274237        9.09511427425069
C           -1.35429712920542        0.14619442307121        9.51052529452158
C           -1.15401817820564        0.72556991932324       10.75301006319593
C           -1.92435721772175        1.80331839554975       11.14124726597843
F           -1.71591777219588        2.35672578162758       12.36038994483826
C           -2.89278817488292        2.33687170970310       10.30941140643734
C           -3.09628462686645        1.76024507530593        9.07497321465274
C           -2.34690513779305        0.65371440141953        8.65382336964094
N           -2.63288583212444        0.07474464031853        7.44794339562178
C           -1.82975369187454       -0.99230155580296        6.92745427666101
C           -2.56477699519618       -2.14266687945680        6.22844740252474
O           -3.40321799252619       -2.11347960222789        5.36753981619485
N           -2.01162903852892       -3.26143087436920        6.79216959629255
N           -1.20918716330440       -3.00789501176155        7.87262030645292
C           -1.10567764996383       -1.74102182047817        7.99721059358831
F            5.03155793137844        0.61004339472245        6.11851997019700
H            2.22588825036112        1.93816482336732        6.64289612369749
H            0.05378463309462        1.09766849718841        7.40317292638639
H            2.02191929985707       -1.89969100976073        9.72879301818215
H            4.20988508557765       -1.02319733959302        9.00343428537145
H           -0.27823305977694       -1.67388837022977        9.93638375575179
H           -0.39390866016925        0.34198516118281       11.41617924367693
H           -3.47264894274905        3.18641005646633       10.63370501518661
H           -3.84542233896069        2.16094508840492        8.40983267854702
H           -3.21282293275857        0.56718259188312        6.78911477981821
H           -1.08218473189668       -0.62723114911434        6.20222336676353
H           -2.26772226467570       -4.21472476222062        6.59173238339567
B            3.52851814353379       -1.43280859074228        1.73414844577952
N            3.48990232845446        1.13764864507810        1.01768611581000
B            2.55263295265457        2.35693027356451       -1.17897255349642
N            2.28388846587682       -0.66265974635605       -2.61753909985148
B            0.79396822776585       -3.53416729495944        2.86596355287898
N           -2.83336362192036       -2.63634405466958        1.92308622598172
B           -0.97838602141037        4.08784929347148        1.95774949085826
N           -0.65278386862771       -0.02782621386973       -3.78746337274694
B           -0.51215497495001        1.39880931025402       -3.94891058610754
N            1.23246230615596       -3.80395203587746       -1.58016630262224
B           -3.81810538915923        2.18123970476571       -0.29501266417214
N           -2.76296907836081        2.73294019827104       -1.03886366152654
B            1.35398421026370        0.77250617604535       -4.77268226977696
N           -0.15481948322708        3.38115662440830        2.95616723990924
B            0.89874011363232       -2.90844256145434       -2.65750428821794
N           -0.48320371528906        3.74644999459160       -0.88610844679685
B           -0.71397542609300        2.20520334184949        3.42458659101720
N            1.77732950263955       -1.24515651304338        3.66180754386165
B           -0.26325258841711        3.43977530005568       -2.25801310012341
N            1.43546706807988        0.10284384122718        3.97952890795591
B           -1.61623570241240       -0.60221129984576       -2.91155708395484
N           -3.77380374343900        1.75500152804977        1.03234930142626
B            0.38370801222358        4.50338240825822        1.28521731000248
N            0.16986814389092        0.02234771286963        4.61411585833167
B           -2.64184671442558        2.21710152059407        1.77848012501490
N            3.79454399935194       -0.13169776760362       -0.68197911812358
B           -2.17922508752458       -3.64045252146764        1.22527422180353
N            1.12239570576901        3.75275670562190        2.33387233475079
B           -1.72314405833995       -0.74901210283583        3.40173654849333
N           -2.39127269005826       -3.62195283356793       -0.23137714929370
B            3.03190976097954       -1.08055553150314       -1.39848051285772
N           -3.13057276308735       -1.27677462109036       -0.18441104803121
B            2.08895104416044        2.93484885856927        1.65110828110017
N           -0.50043876701843       -2.93142610856976       -2.25250315490066
B           -1.67149089060522       -2.15042749528402       -2.30035482378425
N            0.61299160390813        3.95682611132014       -0.00629724502191
B            1.06411732051444        2.92856052000424       -3.07851609007951
N            0.16384082570944       -4.34287056223520        1.90415471618144
B           -1.76229631775132        3.43135719663227       -0.26042065008743
N           -1.96265037066032        3.40580056344555        1.18541158760726
B            1.54836125352335       -4.19711079515299        1.65686864891727
N           -0.68488906998353        1.10421029263900        4.37101449665168
B           -2.64355738223792       -2.43354988278686       -0.96701126614879
N           -0.99834988145732       -4.48377678307841        1.19614933352489
B           -2.51042649676769        0.45620081367917       -1.93119040965493
N            2.41511337423150       -3.88006045075630        0.59259191769270
B            3.95793342565944       -0.18936004850501        0.80828238375754
N            1.91991598858401        1.93706082899681       -2.36713258792265
B            0.95175135254730        2.20958053461026       -4.50996047198373
N           -4.15660652108326        0.80262025554647       -0.13676429668981
B           -1.36312769839809        2.41398528322604       -2.96560883678171
N           -2.36916594513924        1.89673295430715       -2.13626704859710
B            3.12870962526644       -2.63172100700806        0.71950171860991
N            2.36996952672444       -3.67750301264268       -0.83178708327629
B            2.31029495362272        0.57004086800647        2.92520928800024
N           -1.92769074393323        0.63896410216543        3.80403794430588
B           -1.05485344027454       -4.19913041227396       -0.23915335521433
N           -3.20553410006142        0.01211347503610       -0.76748015189556
B            3.47345043437055        1.26145627601493       -0.43644080295716
N            2.63961251072322        1.64741906233409        2.02907320645822
B            1.45399397395151       -1.58702275286133       -3.38027820746354
N           -2.01789756330200        1.76895890316110        2.94176048227244
B            2.02065842612722        0.68571560486367       -3.10571018052014
N           -2.59784963666016       -1.31405753484099        2.49514284819845
B            0.61884511289011       -0.58404160045311       -4.34699790398497
N           -0.13961726025450       -3.77964870121575       -1.17498601205759
B            0.60277435486369       -2.07410048658562        3.58950878909538
N           -0.47014131979475       -1.17807534032859        3.98665558871845
B           -3.16108372648363       -1.45290543412910        1.20425366914878
N            2.76353913453410       -0.82629759736390        2.74262061740347
B            1.90428023430954        3.33728399171451       -0.01971706964892
N            2.90591533241921       -2.33158740086710       -0.67404089175586
108
 energy: -224.020644450146 gnorm: 0.004945730431 xtb: 6.7.1pre (5071a88)
F            5.68292869356034        0.72850243531749        8.11994324981559
C            4.66916309053510        1.05040696517467        7.29913112190017
F            4.67607973448086        2.39207166953764        7.20552202156689
C            3.34683532706624        0.51152570079534        7.76114122504718
C            2.17595598298599        1.10067234076138        7.30123902314623
C            0.95592525348818        0.62104439890814        7.73705880381389
C            0.89541453693846       -0.45241936906528        8.61735039629200
C            2.07284909955732       -1.04583285994648        9.05362447502426
C            3.29960048291892       -0.56596140332817        8.63397448622856
C           -0.44090643462487       -0.98809241054451        9.09827571310596
C           -1.35282282027782        0.15239551707217        9.51103216961761
C           -1.15386334444955        0.73667675760442       10.75150630977996
C           -1.93008580723388        1.81029878379671       11.13863999668288
F           -1.72437986761308        2.36714175737242       12.35676137514810
C           -2.90377305657760        2.33533346202176       10.30746084631799
C           -3.10639310166296        1.75402760631111        9.07509989517326
C           -2.35139516788300        0.65060094099752        8.65591987075900
N           -2.63903896530370        0.06463586141580        7.45400204985479
C           -1.83205687552205       -0.99948680347153        6.93427859458934
C           -2.56328181525052       -2.15729651261323        6.24332679398612
O           -3.40860123561846       -2.13673720081277        5.38922065669665
N           -1.99725750060434       -3.27071492596757        6.80595540396305
N           -1.19398294030942       -3.00807265662725        7.88395050893431
C           -1.09880368739606       -1.73992758397467        8.00416162293459
F            5.01897510780451        0.59266499204565        6.08045341360495
H            2.22187246014431        1.93107978645240        6.61504374087969
H            0.05259888465269        1.09941643008775        7.39573738776216
H            2.02931566816919       -1.88463598543488        9.73095924518373
H            4.21443108294483       -1.01653073400051        8.98632487716282
H           -0.26919838003634       -1.66181563857878        9.94191238004036
H           -0.39046668833867        0.35940388743461       11.41410540820307
H           -3.48814542736078        3.18182378509342       10.63082857473788
H           -3.86088698400356        2.14696684327073        8.41097875298161
H           -3.22612810663740        0.54998194553552        6.79579713270891
H           -1.09069317818449       -0.63221455987905        6.20407670052557
H           -2.25117291079802       -4.22653972108951        6.61347302624531
B            3.52954920653443       -1.43268225115703        1.73872913985510
N            3.48795205291556        1.13698005383395        1.02164517279356
B            2.55624211047890        2.35866161312149       -1.17471261909105
N            2.28586109539271       -0.66193488576937       -2.61342630596334
B            0.79271777641293       -3.53539923975165        2.86999561195238
N           -2.84311611804246       -2.63961810270303        1.92554020546758
B           -0.97883367638147        4.09037819451637        1.95970644015471
N           -0.64944837604339       -0.02695171702930       -3.78489203721698
B           -0.50791035924201        1.39955895272637       -3.94598311924306
N            1.23317433157695       -3.80245677031600       -1.57652432564867
B           -3.81738603374523        2.18348646526952       -0.29569413421610
N           -2.76120729233358        2.73511600172826       -1.03824480374096
B            1.35778190676032        0.77352798224746       -4.76888792873144
N           -0.15663948000281        3.38294002014429        2.95875978027814
B            0.90031753066633       -2.90746530781753       -2.65447537275752
N           -0.48143997985892        3.74810559860783       -0.88364545283138
B           -0.71637020606905        2.20655805552479        3.42596181222232
N            1.77420866329331       -1.24543742807811        3.66207118708461
B           -0.26039141202317        3.44118821253988       -2.25532099663082
N            1.43271145892283        0.10211230089178        3.98055553039125
B           -1.61258797681520       -0.60089381527175       -2.90832798659214
N           -3.77501717977576        1.75838845640899        1.03219923705040
B            0.38433903028561        4.50440358900623        1.28829589873431
N            0.16682862469945        0.02210918093412        4.61555185954674
B           -2.64284103444834        2.22042574593396        1.77808336463434
N            3.79597022232402       -0.13124835186935       -0.67756759554803
B           -2.18180226731097       -3.63947909207994        1.22644344245475
N            1.12170091814412        3.75342676233941        2.33775249325309
B           -1.72487840075325       -0.75129290296780        3.40112116692654
N           -2.39184214089090       -3.62068569723500       -0.23026290047701
B            3.03307122806415       -1.07970629474156       -1.39386031958633
N           -3.12928799541840       -1.27517601171618       -0.18190318655648
B            2.08824642113848        2.93491099511840        1.65537853136940
N           -0.49926063021847       -2.93057919127571       -2.25069266105221
B           -1.67017489915953       -2.14944736947920       -2.29892380286477
N            0.61414082865300        3.95734124062941       -0.00289247303760
B            1.06784011455199        2.92934950194597       -3.07413514579830
N            0.16235098180296       -4.34219073388575        1.90679080269875
B           -1.76135202440611        3.43401599195000       -0.25917656970015
N           -1.96329880910367        3.40929150584540        1.18652268647740
B            1.54709394459944       -4.19681311235865        1.66000996081232
N           -0.68749814403075        1.10327643039356        4.36855932613848
B           -2.64239774311042       -2.43145434784300       -0.96528761324747
N           -0.99970994766284       -4.48047259392876        1.19821500019840
B           -2.50730570472297        0.45764717812443       -1.92878454080612
N            2.41501860023905       -3.87974195299964        0.59674809412307
B            3.95871573113573       -0.18906551082325        0.81284180085373
N            1.92337638568404        1.93781946505164       -2.36258922409028
B            0.95656856736001        2.21066988896998       -4.50580902086690
N           -4.15490996123242        0.80474732280581       -0.13677376891321
B           -1.35943397664186        2.41525908628092       -2.96351357206535
N           -2.36585779767996        1.89801334486478       -2.13451399352801
B            3.12898622521863       -2.63138317831750        0.72407047361139
N            2.37016259662635       -3.67644465220859       -0.82761172522781
B            2.31023403105928        0.56998139052255        2.92951700735247
N           -1.92831063795029        0.63745271446118        3.79861553067064
B           -1.05512576292699       -4.19723431934284       -0.23726033630279
N           -3.20256820899375        0.01401119295271       -0.76480589387478
B            3.47627103335616        1.26274386041559       -0.43198257111457
N            2.63882908886520        1.64752771753683        2.03340914437475
B            1.45646913022581       -1.58614065178118       -3.37682635895332
N           -2.01974355604687        1.77021678697181        2.94102517517410
B            2.02372853927152        0.68669332666986       -3.10147024379279
N           -2.60447434946196       -1.31876775671137        2.50017528896846
B            0.62217468128190       -0.58314126297355       -4.34426012219669
N           -0.13907543073116       -3.77805070809692       -1.17229097308914
B            0.60135037174783       -2.07517044465397        3.59278752964581
N           -0.47267611119057       -1.17904509886462        3.99037839898635
B           -3.16356270152150       -1.45373384647786        1.20666254470765
N            2.76346324596105       -0.82644258846217        2.74655063713428
B            1.90541750955668        3.33774026455616       -0.01552728171797
N            2.90626203156674       -2.33072370441201       -0.66918954948612
108
 energy: -224.020811997409 gnorm: 0.003762114404 xtb: 6.7.1pre (5071a88)
F            5.68896470824794        0.72246505893647        8.06177082056578
C            4.66700905800331        1.04096133407336        7.24991975203505
F            4.67807816952458        2.38143829094311        7.14369861009471
C            3.34756755521168        0.51195497161984        7.73138083071499
C            2.17446679755912        1.09848980405728        7.27507701585515
C            0.95696645819949        0.62385915026418        7.72367829016283
C            0.89966239933726       -0.44335518542782        8.61261072051384
C            2.07949610310926       -1.03236388542113        9.04745593612211
C            3.30386351962625       -0.55816589473305        8.61477150090403
C           -0.43421347512676       -0.97779899019715        9.10224369021828
C           -1.35055790600157        0.16043505886474        9.51135263184437
C           -1.15342583786948        0.75142091647243       10.74895735881499
C           -1.93568379425372        1.82076552142224       11.13479072310527
F           -1.73165425690048        2.38296499947524       12.35046459286812
C           -2.91714538917688        2.33380332424859       10.30510149730872
C           -3.12032780239323        1.74504105135668        9.07627024406581
C           -2.35754570785356        0.64648882514451        8.65916658436140
N           -2.64638243310952        0.05185365742226        7.46200645851897
C           -1.83655993360528       -1.00921973630045        6.94449203825885
C           -2.56088315406114       -2.17647462566862        6.26125511673971
O           -3.40832713364397       -2.16574500718987        5.40912991107178
N           -1.98164179063014       -3.28259547435083        6.82410686829198
N           -1.17663676503660       -3.00960371542487        7.89894171210906
C           -1.09181507712182       -1.74009638783898        8.01466220083666
F            5.00073808795689        0.57082541049177        6.03126958294156
H            2.21608294116822        1.92319857708726        6.58124818765734
H            0.05242155714137        1.10097236333423        7.38387084953734
H            2.04109513412475       -1.86592615474125        9.73226532927867
H            4.21985901624095       -1.00813238467492        8.96505756693576
H           -0.25699865206617       -1.64532479352547        9.95008738708729
H           -0.38623615451210        0.38241035648455       11.41136617779575
H           -3.50706424526328        3.17670447439594       10.62651099669379
H           -3.88396199691256        2.12661848618404        8.41525115703251
H           -3.24218415813299        0.52854815681485        6.80458352810873
H           -1.10157680088644       -0.64162531925007        6.20794349813828
H           -2.23106949342499       -4.24145678643012        6.63860431447493
B            3.52963675188277       -1.43237700110063        1.74489242089763
N            3.48594597879105        1.13646418119375        1.02726338530316
B            2.56087186606604        2.36101029626905       -1.16919059559285
N            2.28818841656216       -0.66096338730363       -2.60815363230211
B            0.79052480204331       -3.53645746591907        2.87487031133468
N           -2.85286117398862       -2.64242426994166        1.92788841146232
B           -0.97936268655850        4.09231427335051        1.96259956690661
N           -0.64528583624137       -0.02561543551874       -3.78224324644325
B           -0.50254791436766        1.40086188507526       -3.94269062415844
N            1.23394164093247       -3.80078099794951       -1.57200881282526
B           -3.81598641135850        2.18599004522603       -0.29646653915141
N           -2.75856254949021        2.73742156427693       -1.03748008720121
B            1.36290008140982        0.77492773917030       -4.76413732490356
N           -0.15889374219619        3.38418952935595        2.96253088218120
B            0.90225885197640       -2.90622807930573       -2.65060483054196
N           -0.47877905153038        3.74997091503992       -0.88053162612670
B           -0.71905233154899        2.20716706490523        3.42861553950049
N            1.76979608461556       -1.24535084467857        3.66344297456793
B           -0.25638153084350        3.44272357325330       -2.25190767410676
N            1.42859371008290        0.10168493421554        3.98238881821691
B           -1.60916878315354       -0.59920654292609       -2.90624000818980
N           -3.77598935398575        1.76178567231506        1.03179288610996
B            0.38484413266654        4.50515520435223        1.29248406270436
N            0.16225218724571        0.02194661990465        4.61834800619238
B           -2.64386535884123        2.22331513632901        1.77812556356725
N            3.79689413448462       -0.13057939236548       -0.67156216605321
B           -2.18457694957173       -3.63799065540692        1.22787769139627
N            1.12047934739057        3.75368552525193        2.34258291385949
B           -1.72884123225029       -0.75448128975974        3.40278520499077
N           -2.39252391200937       -3.61910929787034       -0.22874703340968
B            3.03414166869034       -1.07874909928569       -1.38781046619372
N           -3.12717333747316       -1.27301122016144       -0.17890116917101
B            2.08771539358087        2.93531440358249        1.66093343439293
N           -0.49767672438399       -2.92904648520173       -2.24802919310503
B           -1.66819040330417       -2.14730935339122       -2.29646748108315
N            0.61595310938010        3.95842194068509        0.00130694170064
B            1.07283927647918        2.93052136468110       -3.06899525587088
N            0.16020254995323       -4.34163635051307        1.91038038524660
B           -1.75962890492692        3.43650055366079       -0.25744884092298
N           -1.96345882168589        3.41215491433913        1.18796515136752
B            1.54529835969523       -4.19663226086526        1.66434854720817
N           -0.69166679795863        1.10194341581949        4.36750998407088
B           -2.64110538910060       -2.42899606842750       -0.96320360803714
N           -1.00155891985518       -4.47713532739289        1.20089240133786
B           -2.50267899009600        0.45930144409948       -1.92578846714510
N            2.41419238627669       -3.87922103334806        0.60208846526218
B            3.95894511429854       -0.18872404237199        0.81903125555048
N            1.92824053383277        1.93919610558670       -2.35705656575400
B            0.96260883578471        2.21214930064841       -4.50091448327236
N           -4.15284637230430        0.80710718008312       -0.13692206565894
B           -1.35464443217648        2.41681137615406       -2.96102919926135
N           -2.36157405977575        1.89954249514878       -2.13256315827004
B            3.12849351541379       -2.63083342402137        0.73020654928544
N            2.37025059650614       -3.67522766967191       -0.82218898519914
B            2.30911866173622        0.57038838127555        2.93522163582659
N           -1.93088657663088        0.63630760597632        3.79473225504601
B           -1.05541582596376       -4.19510414421653       -0.23473017276008
N           -3.19873405854708        0.01623619580537       -0.76181073156805
B            3.47952964175680        1.26437351336316       -0.42593594469763
N            2.63785868584436        1.64790091523739        2.03907334405383
B            1.45958961747057       -1.58503956489722       -3.37244984072022
N           -2.02183381096319        1.77100536766660        2.94079177713611
B            2.02794266011287        0.68814773249325       -3.09602236718656
N           -2.61285135491077       -1.32323649022742        2.50650586913719
B            0.62662032995495       -0.58185038395838       -4.34077429976557
N           -0.13862149050102       -3.77638211742678       -1.16909814232951
B            0.59876109014979       -2.07618937429131        3.59715993321008
N           -0.47644842498235       -1.18020859382491        3.99477562166647
B           -3.16603967862299       -1.45403670361756        1.20954445747864
N            2.76221633626092       -0.82630372075099        2.75177235687427
B            1.90726954954406        3.33888701223432       -0.01014805448804
N            2.90641874574640       -2.32972373791637       -0.66294899268692
108
 energy: -224.020994017018 gnorm: 0.003986876837 xtb: 6.7.1pre (5071a88)
F            5.69554410625540        0.71556888824246        7.99032348389417
C            4.66324102648600        1.03015651269758        7.19030248769062
F            4.67922579971247        2.36897554987457        7.06833860638149
C            3.34795415091301        0.51279162711837        7.69545302676737
C            2.17159878356848        1.09615235455588        7.24427691763667
C            0.95718473291511        0.62701559500418        7.70750630045013
C            0.90423389215803       -0.43265400764279        8.60624781046954
C            2.08751386051109       -1.01634904810154        9.03847627400694
C            3.30892850565811       -0.54853631088919        8.59056155708412
C           -0.42637859281791       -0.96577592873698        9.10695749237613
C           -1.34774399836056        0.16988196795358        9.51168681910803
C           -1.15168762863453        0.76969715335743       10.74523584305726
C           -1.94117153485244        1.83415973699048       11.12961851795370
F           -1.73659306149181        2.40452770087678       12.34095550912541
C           -2.93305427920573        2.33176442675601       10.30258998663420
C           -3.13784296834743        1.73304330869295        9.07866152728362
C           -2.36526593275985        0.64099508682551        8.66337588856281
N           -2.65426086409794        0.03669579373383        7.47118789898627
C           -1.84123230746462       -1.02125174329641        6.95725744786174
C           -2.55614945438942       -2.19936458725045        6.28124387385765
O           -3.40195006869074       -2.19967420563839        5.42695520203590
N           -1.96451124929742       -3.29651924516450        6.84676583994559
N           -1.15710292689116       -3.01174796742830        7.91742764561111
C           -1.08425869844204       -1.74095025609172        8.02813798065090
F            4.97642482770257        0.54458432405278        5.97173790100241
H            2.20727227186699        1.91440400587036        6.54212259466126
H            0.05127347358506        1.10231717716310        7.36865086646507
H            2.05638005171452       -1.84360237210844        9.73192764513727
H            4.22634348608567       -0.99759944900102        8.93855463643646
H           -0.24191743148141       -1.62495987700301        9.96024373343717
H           -0.37898759865727        0.41152239550798       11.40719973686442
H           -3.53002078182363        3.17036501186745       10.62157308512478
H           -3.91227020205647        2.10099177105091        8.42189641206554
H           -3.25977490500940        0.50338203539041        6.81491496989985
H           -1.11204672527008       -0.65503140931350        6.21381862128229
H           -2.20692781100699       -4.25869022359272        6.66717845258748
B            3.52847742667195       -1.43207486471269        1.75272407060878
N            3.48409680583343        1.13611564779835        1.03483644902349
B            2.56610057531659        2.36356768294073       -1.16215049958482
N            2.29088741449593       -0.65980712725837       -2.60170732469363
B            0.78721781637068       -3.53718313947275        2.88048687238053
N           -2.86087237399444       -2.64360247532621        1.92956571557602
B           -0.98000903150876        4.09346352399101        1.96655244536374
N           -0.63982028588413       -0.02400137706693       -3.77835844380784
B           -0.49619809573943        1.40246943185506       -3.93872234126967
N            1.23491327485059       -3.79927186969327       -1.56675918855274
B           -3.81418547130146        2.18887986590911       -0.29706948352296
N           -2.75535038814981        2.73991179866368       -1.03640377327222
B            1.36919350568771        0.77648391257803       -4.75840376835058
N           -0.16156974635040        3.38478328438120        2.96760353374462
B            0.90472651923927       -2.90481599242071       -2.64584391353095
N           -0.47545244896738        3.75195381481130       -0.87661938207178
B           -0.72213098581773        2.20712598877239        3.43266246992620
N            1.76412618369806       -1.24505115002566        3.66649751805764
B           -0.25150526341816        3.44438386900678       -2.24764915673129
N            1.42312383551734        0.10149751297198        3.98552763404862
B           -1.60375740551766       -0.59713622836995       -2.90211203102965
N           -3.77681562827961        1.76503894826821        1.03134067541560
B            0.38513366210764        4.50557219847990        1.29786663079943
N            0.15630847378285        0.02188188322473        4.62263016080023
B           -2.64502407613568        2.22546880980812        1.77895339579191
N            3.79727792714607       -0.12987278283915       -0.66372140380575
B           -2.18728630031801       -3.63598290170044        1.22948355038250
N            1.11870091200219        3.75346248105152        2.34845078106783
B           -1.73405785672325       -0.75719908403778        3.40592679817273
N           -2.39292290061074       -3.61689470499689       -0.22709274684657
B            3.03517125812888       -1.07781815926306       -1.38034088948540
N           -3.12464506767764       -1.27007319430574       -0.17611783530954
B            2.08720180507906        2.93583904586665        1.66795721091195
N           -0.49578315892323       -2.92783067663506       -2.24526872890877
B           -1.66599370362939       -2.14572706556219       -2.29459309505003
N            0.61828274192189        3.95996849243951        0.00642033709758
B            1.07882487437608        2.93188599063123       -3.06292883298634
N            0.15736138116575       -4.34125569549031        1.91486986765434
B           -1.75725397628887        3.43860975191415       -0.25500334349979
N           -1.96316485053703        3.41408243640305        1.19000398065402
B            1.54289517184153       -4.19656803840423        1.66997211267479
N           -0.69717345428099        1.10061168721264        4.36883466160578
B           -2.63906014289469       -2.42589805951058       -0.96109303329502
N           -1.00383662915725       -4.47419850619178        1.20400891646538
B           -2.49866370684791        0.46152321957688       -1.92341826885660
N            2.41257694607788       -3.87853536867818        0.60863404561311
B            3.95846190257157       -0.18845823382021        0.82710032766172
N            1.93415171640669        1.94097522856606       -2.35032579111841
B            0.96961041833370        2.21376034328529       -4.49509936264541
N           -4.15105218180441        0.80989918320960       -0.13710709117340
B           -1.34904738116290        2.41865569330895       -2.95808341729553
N           -2.35707290692560        1.90164975160593       -2.13065938471419
B            3.12715818474790       -2.63019675116926        0.73782001971164
N            2.37033407301638       -3.67410273241079       -0.81555948209128
B            2.30681413421452        0.57099912761241        2.94238334331040
N           -1.93526978087389        0.63577675589007        3.79364324396186
B           -1.05560427940760       -4.19286835381623       -0.23168810775940
N           -3.19525811603115        0.01897771727195       -0.75935895126557
B            3.48290985769746        1.26602588167730       -0.41805751888694
N            2.63662413186453        1.64835090133201        2.04625784181154
B            1.46335714680476       -1.58375791734114       -3.36716358337717
N           -2.02426985650384        1.77129254567246        2.94148803736874
B            2.03294625414466        0.68992874075944       -3.08927311367053
N           -2.62151609718118       -1.32605519632215        2.51279136952061
B            0.63202464645007       -0.58040527128010       -4.33658703764871
N           -0.13809014406870       -3.77475601595707       -1.16550572009259
B            0.59468573820782       -2.07699791162378        3.60255623979331
N           -0.48151894128432       -1.18122062489020        3.99974955295085
B           -3.16803887052452       -1.45311203614292        1.21213164258731
N            2.75961510170661       -0.82608527024963        2.75849864739918
B            1.90960269650420        3.34043097734401       -0.00341873611927
N            2.90640804264518       -2.32877614130572       -0.65543691003488
108
 energy: -224.021177721862 gnorm: 0.005232572542 xtb: 6.7.1pre (5071a88)
F            5.70013617993061        0.70811486354075        7.91405434107039
C            4.65708031552164        1.01889642882179        7.12683347212382
F            4.67810698636849        2.35578592770193        6.98821723489682
C            3.34682706579733        0.51349876362189        7.65666332782792
C            2.16667786687576        1.09399645376380        7.21195955192836
C            0.95576147308202        0.63046166483187        7.69049903816677
C            0.90857519815875       -0.42127805985516        8.59902605719004
C            2.09575975969962       -0.99980546820327        9.02747398723733
C            3.31377053354935       -0.53837388624019        8.56350529407727
C           -0.41806676449551       -0.95342290547977        9.11201063247786
C           -1.34469180688494        0.17951544172507        9.51207252578144
C           -1.14829442126876        0.78956686704610       10.74055649713444
C           -1.94580355480521        1.84873527543950       11.12337209314649
F           -1.73876146034633        2.42920704787302       12.32913597477688
C           -2.94945994608882        2.32908152016847       10.30006580973468
C           -3.15608142232313        1.71949791066465        9.08162978048001
C           -2.37302341993159        0.63466551337122        8.66772160290112
N           -2.66115424364115        0.02094116460667        7.48010309185773
C           -1.84394049622227       -1.03400331127821        6.97059697274362
C           -2.54845454610130       -2.22280220678851        6.30083888500926
O           -3.39004302914478       -2.23416843786020        5.44178752696942
N           -1.94687884304203       -3.31070639865167        6.87144335355587
N           -1.13753611257009       -3.01385923525635        7.93770413992683
C           -1.07630561161011       -1.74195624123472        8.04275498869987
F            4.94851086140417        0.51698279864332        5.90881732104969
H            2.19570882236346        1.90569651368447        6.50177382894016
H            0.04814268802375        1.10399206041532        7.35349945906257
H            2.07245364989056       -1.82042616065199        9.72941403344722
H            4.23304641903212       -0.98634833665173        8.90824264509619
H           -0.22580883036613       -1.60352652733745        9.97085959273220
H           -0.36866040672120        0.44388614844074       11.40134682712000
H           -3.55449093777706        3.16267888440263       10.61695495816053
H           -3.94109038830385        2.07325888200725        8.42939493530551
H           -3.27602104626446        0.47740312857471        6.82515199568110
H           -1.11926585275519       -0.66958528539603        6.22125721926925
H           -2.18043157605359       -4.27605800894777        6.69605314691501
B            3.52610394501841       -1.43194563101800        1.76153610991485
N            3.48273922546954        1.13594387543543        1.04381028426002
B            2.57100121293845        2.36569161745883       -1.15410794521446
N            2.29380401035402       -0.65864865964378       -2.59459825198080
B            0.78302263760978       -3.53745130381875        2.88617321491374
N           -2.86541994042947       -2.64272914157977        1.93034690451447
B           -0.98078116530403        4.09368383811718        1.97110891771462
N           -0.63429838270157       -0.02208920119106       -3.77469509137123
B           -0.48966138444629        1.40444851263962       -3.93468130299428
N            1.23596217887622       -3.79816910262997       -1.56128305864635
B           -3.81218204965432        2.19167318346938       -0.29749897479960
N           -2.75196893727750        2.74219305601076       -1.03515760928035
B            1.37595668823035        0.77819742727794       -4.75208155016007
N           -0.16439676068076        3.38464457677251        2.97343256525105
B            0.90740815801495       -2.90343323288016       -2.64062488314254
N           -0.47196552181821        3.75374157230868       -0.87221926531507
B           -0.72544500253318        2.20655478070700        3.43752500599381
N            1.75787424412753       -1.24470284691190        3.67125944776817
B           -0.24630859711838        3.44593435226446       -2.24289032578985
N            1.41693432362749        0.10151459187757        3.99002684975161
B           -1.59943568706149       -0.59493184547081       -2.89958125339353
N           -3.77734702077864        1.76753183838412        1.03082595359076
B            0.38512932780213        4.50566322874495        1.30393622606218
N            0.14972562837665        0.02188100161122        4.62791048845579
B           -2.64620424871068        2.22648765288646        1.78045726656058
N            3.79723940257632       -0.12935292473892       -0.65462109050835
B           -2.18954863336263       -3.63399738841531        1.23124332686175
N            1.11656642287031        3.75283336485741        2.35487812375334
B           -1.73968473355743       -0.75848421534609        3.40990285940782
N           -2.39310471150400       -3.61455519105958       -0.22542010324052
B            3.03618891435799       -1.07710371019355       -1.37210733252358
N           -3.12261375431707       -1.26708319890364       -0.17410311567059
B            2.08662138818974        2.93625999937996        1.67586801985716
N           -0.49360046281915       -2.92626438371386       -2.24188285937402
B           -1.66324081734542       -2.14334191742564       -2.29200394090778
N            0.62072306492362        3.96166839677793        0.01208310276934
B            1.08517578924058        2.93333774593227       -3.05640961369844
N            0.15411607765797       -4.34117575679517        1.91971228108415
B           -1.75464128342180        3.44014800113202       -0.25209814761047
N           -1.96256988366485        3.41480634860465        1.19247393872444
B            1.54008031030027       -4.19665066729392        1.67632047642469
N           -0.70335253451641        1.09976466307568        4.37285985551061
B           -2.63736736935257       -2.42306293372976       -0.95925542754032
N           -1.00624794207063       -4.47242458072002        1.20714877578747
B           -2.49444759466640        0.46383814207446       -1.92129607086946
N            2.41038342178916       -3.87783923504275        0.61576975968508
B            3.95733319372229       -0.18839114744376        0.83644089145612
N            1.94028403604022        1.94278052979398       -2.34300821850732
B            0.97689702177709        2.21550773519860       -4.48884068397542
N           -4.14973849699609        0.81268886699997       -0.13754794821948
B           -1.34330749446660        2.42067283450966       -2.95497296591694
N           -2.35257534556980        1.90391369226020       -2.12887446204614
B            3.12514896165786       -2.62966214578926        0.74612773445982
N            2.37038504681018       -3.67330742665187       -0.80837960324329
B            2.30356144391667        0.57152569270355        2.95032412863611
N           -1.94090925321131        0.63603257330952        3.79596823027107
B           -1.05580128580834       -4.19103201266310       -0.22851214485213
N           -3.19240625403968        0.02168368355542       -0.75779766313530
B            3.48583843212511        1.26727578825848       -0.40895993447979
N            2.63518264090026        1.64867899767720        2.05440732257659
B            1.46738598640871       -1.58248492198445       -3.36128309874583
N           -2.02690891640380        1.77110866558916        2.94316496897806
B            2.03828758080298        0.69172616510988       -3.08190908597479
N           -2.62888555634160       -1.32644334055739        2.51774040254987
B            0.63784469028663       -0.57879169248676       -4.33176379158585
N           -0.13758172834951       -3.77360021997562       -1.16188012850591
B            0.58940992953712       -2.07737460320995        3.60815703632966
N           -0.48745243458802       -1.18176865829691        4.00468157116566
B           -3.16938698027349       -1.45111970027319        1.21390390983221
N            2.75591429539309       -0.82595576889209        2.76622426150088
B            1.91193786225512        3.34191006409736        0.00411673336212
N            2.90632856818689       -2.32812213949848       -0.64742114505524
108
 energy: -224.021391526148 gnorm: 0.005943465031 xtb: 6.7.1pre (5071a88)
F            5.70150404058339        0.69967617151450        7.83190668474012
C            4.64751960417516        1.00674986260248        7.05821612995239
F            4.67340026309733        2.34141888438294        6.90241830822630
C            3.34332650978475        0.51363101186958        7.61354495071501
C            2.15887054062792        1.09208694039584        7.17738654011230
C            0.95217275124389        0.63475625365247        7.67294605837568
C            0.91284130228061       -0.40877022337780        8.59107389165379
C            2.10435083455873       -0.98284231352466        9.01378289671625
C            3.31818783647108       -0.52800063027572        8.53221324030596
C           -0.40887652821963       -0.94051671390486        9.11756118230147
C           -1.34118238941184        0.18943634809049        9.51252772534155
C           -1.14302048060243        0.81133231247401       10.73478203985620
C           -1.94969950806480        1.86449474378746       11.11572746497913
F           -1.73877869397771        2.45713437479730       12.31476396841544
C           -2.96631789999753        2.32553864666462       10.29720214704250
C           -3.17455014742852        1.70429321765451        9.08479902322544
C           -2.38030548839809        0.62732932215466        8.67198287077452
N           -2.66665737635572        0.00418444842089        7.48869700021664
C           -1.84342162221701       -1.04744080697237        6.98411745244791
C           -2.53668477430231       -2.24664165694260        6.32008651006512
O           -3.37281236450366       -2.26935237334992        5.45530452605392
N           -1.92757277927665       -3.32517231440062        6.89843404819885
N           -1.11713455914925       -3.01559877188945        7.96015877666379
C           -1.06701349790975       -1.74274597767293        8.05835274508717
F            4.91652538203569        0.48808299902571        5.84151921433942
H            2.18058716019093        1.89687174638357        6.45919327432398
H            0.04216867948424        1.10645503395602        7.33958499084578
H            2.08906405120979       -1.79617519131248        9.72435536563844
H            4.24005357068064       -0.97434178248812        8.87231720269087
H           -0.20834353992797       -1.58100268599731        9.98181531533549
H           -0.35497234257398        0.47997650441742       11.39337031969944
H           -3.58047828265242        3.15321770135349       10.61251013541035
H           -3.96960789501696        2.04321657675093        8.43705014627958
H           -3.29052966534380        0.44995197407801        6.83512295471794
H           -1.12228896018853       -0.68403520681363        6.23027234662792
H           -2.15056000593741       -4.29358291027727        6.72601080422745
B            3.52246260690499       -1.43212397018826        1.77162855111218
N            3.48192625634469        1.13588008368655        1.05454654500683
B            2.57535368369971        2.36714330701153       -1.14471963538977
N            2.29710889005431       -0.65752470244907       -2.58655028720081
B            0.77767331103287       -3.53726614646922        2.89194074028971
N           -2.86624332839700       -2.63953188897187        1.93008067021228
B           -0.98173242159869        4.09306406149934        1.97637800364798
N           -0.62822464967696       -0.01995062098477       -3.77034740934290
B           -0.48274617582541        1.40666664808270       -3.93019305192927
N            1.23718931150046       -3.79756198481998       -1.55546856624055
B           -3.81016546203552        2.19451119319327       -0.29761296865772
N           -2.74859198475898        2.74441604114065       -1.03360672620745
B            1.38337301500820        0.77993293430763       -4.74492145262570
N           -0.16738911405833        3.38381073497917        2.98012359688098
B            0.91048210200744       -2.90207373193139       -2.63478897207171
N           -0.46842394188376        3.75532543692539       -0.86708736917568
B           -0.72919022445743        2.20557265040931        3.44316225897259
N            1.75096082180261       -1.24443235605371        3.67805051599143
B           -0.24089807753791        3.44745404455425       -2.23740883634394
N            1.40995333709798        0.10167067095796        3.99627924830686
B           -1.59450987823070       -0.59250734930079       -2.89636570497856
N           -3.77767793924318        1.76935662851695        1.03039734877313
B            0.38483791009880        4.50551303996344        1.31091728005567
N            0.14241949311246        0.02187540947750        4.63425408232799
B           -2.64748723836955        2.22647979706988        1.78270645078635
N            3.79695645554599       -0.12912911702609       -0.64388382267555
B           -2.19146941074134       -3.63209415057904        1.23308380249033
N            1.11411231753798        3.75187985722688        2.36217923079499
B           -1.74577858646793       -0.75799342675634        3.41465063813274
N           -2.39295223103498       -3.61184744786991       -0.22390635116041
B            3.03735318989365       -1.07666278673579       -1.36284651257279
N           -3.12123201957419       -1.26385036177829       -0.17311103984292
B            2.08586993847411        2.93645587000626        1.68494408057222
N           -0.49113682575426       -2.92489731005541       -2.23827611597953
B           -1.66020561541897       -2.14121010488266       -2.28969577816753
N            0.62316146841368        3.96337879394629        0.01862647199921
B            1.09178017908243        2.93478798962291       -3.04911114273399
N            0.15026759020706       -4.34138526393466        1.92483908952757
B           -1.75188906071315        3.44115517947361       -0.24857670235956
N           -1.96178660106684        3.41444508278934        1.19554945031954
B            1.53665741858131       -4.19688490845963        1.68346464125677
N           -0.71030201728799        1.09963144167358        4.37988309248938
B           -2.63561032065028       -2.42021237490767       -0.95783439581501
N           -1.00893029654822       -4.47194780277251        1.21019024104187
B           -2.49127366095178        0.46649707613323       -1.92005218736366
N            2.40761143518272       -3.87720863707692        0.62369666582335
B            3.95560909613710       -0.18863751848237        0.84742692557426
N            1.94638508382770        1.94445377834988       -2.33473879212280
B            0.98465115974992        2.21729423935823       -4.48182267269103
N           -4.14918863041222        0.81564399697126       -0.13815818863401
B           -1.33744128174194        2.42291588799372       -2.95154723028255
N           -2.34840311517509        1.90656498266683       -2.12724730882117
B            3.12248650036814       -2.62933806144489        0.75533529463501
N            2.37045421938069       -3.67293209492818       -0.80047510404610
B            2.29928756742335        0.57177605400268        2.95924875884309
N           -1.94786339822411        0.63719019475245        3.80188840620189
B           -1.05606775814939       -4.18957020463779       -0.22529239256947
N           -3.19079832983514        0.02453369712953       -0.75746058914264
B            3.48815945903284        1.26793911333221       -0.39828413008922
N            2.63343405820035        1.64877049029976        2.06386200080295
B            1.47181913857952       -1.58117238062160       -3.35461035563912
N           -2.02992309933378        1.77062763849176        2.94598274154668
B            2.04383383000438        0.69342280722705       -3.07363517608934
N           -2.63472736253430       -1.32412427265585        2.52102446781130
B            0.64417888407241       -0.57708163972770       -4.32617146022775
N           -0.13699807647056       -3.77285825413783       -1.15816303688337
B            0.58276428591862       -2.07729340036650        3.61393002037617
N           -0.49439719760821       -1.18171944029414        4.00955052867254
B           -3.17011860566555       -1.44785010388334        1.21463335016227
N            2.75103339366153       -0.82603848099782        2.77524019703127
B            1.91413360969506        3.34310646068933        0.01275949612452
N            2.90627019482268       -2.32784753282023       -0.63870067017011
108
 energy: -224.021660212512 gnorm: 0.005651672786 xtb: 6.7.1pre (5071a88)
F            5.69868723792389        0.69008095923031        7.73803469064680
C            4.63302023306114        0.99309335068065        6.97917398411406
F            4.66336100260530        2.32515499196727        6.80502042122384
C            3.33642768260951        0.51314143583480        7.56239696711234
C            2.14698536605680        1.09059694784287        7.13792420408359
C            0.94588678136557        0.64055162773575        7.65389836473363
C            0.91751456521574       -0.39429756718462        8.58173878701218
C            2.11396032380220       -0.96473191905643        8.99583761122574
C            3.32221635047238       -0.51702552275151        8.49360184907967
C           -0.39784437133448       -0.92629573136029        9.12381407825648
C           -1.33667927064309        0.20017101467243        9.51281170865715
C           -1.13547669699617        0.83622995393054       10.72725935030725
C           -1.95284180564711        1.88236264250717       11.10561800624473
F           -1.73726431547222        2.48977809874130       12.29657243248940
C           -2.98390807968273        2.32102694697670       10.29303057791041
C           -3.19336667152368        1.68673434093091        9.08752379323335
C           -2.38683681438418        0.61846391435457        8.67590184038411
N           -2.67075841283889       -0.01500050680748        7.49727967167304
C           -1.83865251498120       -1.06224503706278        6.99790113588204
C           -2.51959793591378       -2.27204520931734        6.34004949516476
O           -3.35015777222698       -2.30729303087135        5.46990154203328
N           -1.90454178020436       -3.34079458693233        6.92908462627791
N           -1.09414655597741       -3.01693460738168        7.98609590776241
C           -1.05497093387796       -1.74317320744720        8.07535450371430
F            4.87809052809588        0.45675700916156        5.76488221026578
H            2.16020895330131        1.88773112417181        6.41131347261876
H            0.03239447935513        1.11058366743174        7.32754720299877
H            2.10712820096041       -1.76996644617901        9.71533052601412
H            4.24780444750004       -0.96127996739437        8.82638660434484
H           -0.18819084677130       -1.55628503437447        9.99343736486448
H           -0.33741673732787        0.52160955135011       11.38235075453214
H           -3.60850675627636        3.14153532475016       10.60723978066352
H           -3.99853188117532        2.00909686306407        8.44426284930341
H           -3.30383128098500        0.41875821213006        6.84498263264604
H           -1.12074568399297       -0.69774557353344        6.24101849946229
H           -2.11489529587524       -4.31232200392950        6.75903430788737
B            3.51734908574397       -1.43273724300822        1.78397468821687
N            3.48170131062923        1.13585581377155        1.06810745412415
B            2.57911330183763        2.36774913523874       -1.13300018529434
N            2.30121264086578       -0.65641558520805       -2.57664636153126
B            0.77063901468254       -3.53664421714262        2.89822755539248
N           -2.86331718807387       -2.63391258316109        1.92895162358985
B           -0.98299888495611        4.09165644362340        1.98282398661987
N           -0.62144062561714       -0.01732130251782       -3.76530918590278
B           -0.47504722397780        1.40940412896570       -3.92481570687287
N            1.23868369531291       -3.79739748798229       -1.54865679552144
B           -3.80805446205302        2.19746377164463       -0.29727929100151
N           -2.74506347642583        2.74669252291435       -1.03147337362341
B            1.39203411380133        0.78188591726084       -4.73608333976814
N           -0.17073120448223        3.38224430946456        2.98819711098199
B            0.91418255432169       -2.90064568057591       -2.62769223979152
N           -0.46467965384792        3.75671692945482       -0.86057985935653
B           -0.73379402129631        2.20421474661414        3.44993114239142
N            1.74299148013956       -1.24436536580561        3.68767383057858
B           -0.23491672529506        3.44904862672815       -2.23055531081207
N            1.40177105311113        0.10189561976044        4.00511499669961
B           -1.58980152778852       -0.58972932982499       -2.89360171593243
N           -3.77782389002214        1.77053510619157        1.03018568614471
B            0.38424875930279        4.50520600836773        1.31955608701424
N            0.13388446619182        0.02174911044547        4.64210035371501
B           -2.64900392143803        2.22552420166625        1.78591731296223
N            3.79668698113913       -0.12929225723553       -0.63041967770209
B           -2.19328910095177       -3.63041679489329        1.23529382781843
N            1.11126107092992        3.75065903004502        2.37123590852123
B           -1.75296596117637       -0.75560147702317        3.42067792548108
N           -2.39259990876936       -3.60876435884582       -0.22233138006078
B            3.03891294463688       -1.07652098630255       -1.35159053060572
N           -3.12071707617977       -1.26039041516033       -0.17302419925006
B            2.08483227077154        2.93635202719375        1.69606795392907
N           -0.48810227514718       -2.92320377005275       -2.23362780134913
B           -1.65642658738493       -2.13849117674268       -2.28670404580295
N            0.62560972603959        3.96501220601463        0.02690112442751
B            1.09905259510484        2.93635592579176       -3.04024325545217
N            0.14544402104738       -4.34191614780788        1.93059285884818
B           -1.74894978245560        3.44176227398976       -0.24405170856461
N           -1.96091821464387        3.41309578712918        1.19962152640845
B            1.53227238992131       -4.19730509126391        1.69197093999026
N           -0.71855076527658        1.10035345460800        4.39055236231520
B           -2.63411182198626       -2.41744024269915       -0.95665528591606
N           -1.01215296574891       -4.47297942693397        1.21337860429943
B           -2.48826667445240        0.46953566265632       -1.91906945582630
N            2.40416142079438       -3.87672269818166        0.63318429305030
B            3.95330546424326       -0.18931210386680        0.86114835245309
N            1.95256458299542        1.94593037524328       -2.32463323116673
B            0.99349046109541        2.21931282806021       -4.47329062939200
N           -4.14932859805716        0.81884737823573       -0.13896597414717
B           -1.33105916306532        2.42559247525956       -2.94731475002279
N           -2.34411524706990        1.90967070898253       -2.12537364190441
B            3.11909735341932       -2.62933280446721        0.76632018534966
N            2.37056222950190       -3.67301040554879       -0.79108604329174
B            2.29369672394488        0.57158776859928        2.96994148487675
N           -1.95664192990476        0.63938186256801        3.81185115690108
B           -1.05657941244707       -4.18849031331212       -0.22175447843117
N           -3.19024470084184        0.02755950294266       -0.75815071769614
B            3.48983412924271        1.26787041630994       -0.38498336475367
N            2.63117753455886        1.64851899612389        2.07557433499250
B            1.47706544047312       -1.57973615554372       -3.34631684043054
N           -2.03366217583783        1.76996741512279        2.95033318022377
B            2.04999822760794        0.69499647956337       -3.06361255420120
N           -2.63936880403548       -1.31901250703307        2.52285242289439
B            0.65157943117053       -0.57504338863911       -4.31899081807005
N           -0.13630198758849       -3.77250294866901       -1.15386906823952
B            0.57427908410157       -2.07675244150861        3.62026226769674
N           -0.50284062296244       -1.18098219399125        4.01461544501671
B           -3.17052141676605       -1.44328812081841        1.21446079951571
N            2.74463314704547       -0.82644540085329        2.78641029425535
B            1.91618898545525        3.34391239409733        0.02342924247374
N            2.90634756861950       -2.32801796376424       -0.62840625735390
108
 energy: -224.021961441404 gnorm: 0.004472441453 xtb: 6.7.1pre (5071a88)
F            5.69141580061248        0.68007064120502        7.63238741315895
C            4.61326343481824        0.97833228014365        6.88934679963419
F            4.64714610609528        2.30757867168313        6.69619960931147
C            3.32581462036822        0.51212926945579        7.50285608837685
C            2.13090368420058        1.09005410346429        7.09373493238984
C            0.93715841499163        0.64843470550556        7.63396036462405
C            0.92300945486098       -0.37786056908078        8.57102567372079
C            2.12489624508814       -0.94601066256274        8.97299537733748
C            3.32583304599441       -0.50590847887137        8.44678991975252
C           -0.38457622501969       -0.91082825810352        9.13038987546972
C           -1.33089786740634        0.21150017851454        9.51256917148108
C           -1.12620409744921        0.86356358846862       10.71793456131141
C           -1.95533212860118        1.90192484221317       11.09265921408969
F           -1.73579206375241        2.52602163210506       12.27464819374410
C           -3.00126683538386        2.31598614155733       10.28651350519706
C           -3.21130043150067        1.66752597951409        9.08865212098418
C           -2.39197187986493        0.60813226080885        8.67890852127848
N           -2.67352556208438       -0.03709830871660        7.50583243111081
C           -1.82924745679922       -1.07816095585988        7.01103168643727
C           -2.49748763359309       -2.29869019930767        6.36075230412107
O           -3.32462292690473       -2.34804491878449        5.48802626916836
N           -1.87700476558340       -3.35752494107242        6.96244463719068
N           -1.06794069558462       -3.01773577271486        8.01483202720250
C           -1.03937108769459       -1.74306198756176        8.09284368127194
F            4.83335956281745        0.42395009419603        5.67855308201532
H            2.13442133363754        1.87897628892658        6.35843483847249
H            0.01893008113689        1.11709757722445        7.31882381706058
H            2.12680841532693       -1.74271900840195        9.70141377454460
H            4.25636217576064       -0.94772403388972        8.76896643063473
H           -0.16516387065813       -1.52984762309077       10.00513978232490
H           -0.31735759358254        0.56724163278331       11.36842827825383
H           -3.63680234562449        3.12859461736377       10.59987810673962
H           -4.02624016600661        1.97188771560501        8.44939726942407
H           -3.31593059888676        0.38319986131560        6.85437403095062
H           -1.11508307011361       -0.70912522267844        6.25257544076094
H           -2.07363393388570       -4.33220381649773        6.79538663688203
B            3.51117167288911       -1.43388758277166        1.79874212979170
N            3.48196322991365        1.13573449721871        1.08457773074869
B            2.58201992336010        2.36735761570576       -1.11873026352252
N            2.30630184020180       -0.65540534744678       -2.56453846304620
B            0.76193085604839       -3.53578640015468        2.90516422009250
N           -2.85791435294164       -2.62660982767478        1.92739376520807
B           -0.98466811155255        4.08988588012467        1.99050399568257
N           -0.61372506671404       -0.01428626053117       -3.75901047835498
B           -0.46648403515316        1.41250897718969       -3.91809362793311
N            1.24046931081425       -3.79752756008326       -1.54050692197665
B           -3.80607270078720        2.20054335542958       -0.29629564682391
N           -2.74156462233282        2.74913021121317       -1.02850690878517
B            1.40208703190182        0.78399088138073       -4.72527688646052
N           -0.17444466310092        3.38017949021682        2.99757097447718
B            0.91856672674909       -2.89912878924313       -2.61909035293900
N           -0.46086938250557        3.75787328326536       -0.85237822126636
B           -0.73949288685113        2.20277961442868        3.45770650646909
N            1.73412066002549       -1.24471556759796        3.70004633229406
B           -0.22848690698832        3.45077744285570       -2.22204323581856
N            1.39257689197377        0.10197721804392        4.01661166478608
B           -1.58445374006352       -0.58661732538730       -2.88996131452891
N           -3.77801721541051        1.77134149132868        1.03050437516577
B            0.38344618874075        4.50492251178865        1.33009542663712
N            0.12414732693981        0.02130185849792        4.65113785989731
B           -2.65093893761786        2.22420008310348        1.79006781290600
N            3.79691440710943       -0.12990536119467       -0.61406226329236
B           -2.19540207044316       -3.62909778871742        1.23792243946301
N            1.10817815977132        3.74943914415506        2.38248921230889
B           -1.76134130397010       -0.75165534680667        3.42769768306572
N           -2.39223932579289       -3.60535570461305       -0.22064774581090
B            3.04111842739599       -1.07668735194625       -1.33805501776116
N           -3.12112874012580       -1.25677050123963       -0.17358618505688
B            2.08346144961940        2.93594092726720        1.70943156748526
N           -0.48452206356918       -2.92135416608648       -2.22792378418491
B           -1.65213683780365       -2.13571769939367       -2.28332086935680
N            0.62786115725730        3.96626119282541        0.03733681583123
B            1.10681556243014        2.93797265220899       -3.02947819542226
N            0.13953310143635       -4.34262649670023        1.93692879482577
B           -1.74605045079800        3.44219672187405       -0.23836505980300
N           -1.96030250962854        3.41134152574828        1.20488025487874
B            1.52682207343533       -4.19788010068197        1.70178986968646
N           -0.72805157972977        1.10180564103163        4.40409406506468
B           -2.63277626675620       -2.41466535786824       -0.95558810253490
N           -1.01610554630990       -4.47525180071288        1.21681443209538
B           -2.48581241593864        0.47296520263534       -1.91820624173684
N            2.40027949502386       -3.87654706854092        0.64443307522999
B            3.95073466249627       -0.19046906721833        0.87776353828121
N            1.95841572020766        1.94699580905005       -2.31234897202301
B            1.00353002071825        2.22151816019821       -4.46295598259780
N           -4.15010409735656        0.82228585166551       -0.13976185819823
B           -1.32414943791591        2.42865308987895       -2.94191804316297
N           -2.33977850140368        1.91322297493867       -2.12293009182772
B            3.11529829237481       -2.62979074204312        0.77931552681584
N            2.37075781236328       -3.67349825264618       -0.78000064900295
B            2.28697478775325        0.57077236972520        2.98244898681124
N           -1.96694509923477        0.64233900787178        3.82465904901637
B           -1.05750427150787       -4.18765590956731       -0.21782815339589
N           -3.19079901354519        0.03075740862074       -0.75951155823563
B            3.49074880657323        1.26697678994978       -0.36891840525496
N            2.62833037398512        1.64785023934608        2.08971904810611
B            1.48323711695266       -1.57815157298203       -3.33610204702329
N           -2.03836174879281        1.76947711005941        2.95621685457630
B            2.05664807482429        0.69625691954820       -3.05153092662318
N           -2.64324758043190       -1.31195060591411        2.52358540278406
B            0.66015121344620       -0.57268550371955       -4.30997831937323
N           -0.13543811691550       -3.77225028179104       -1.14863244870352
B            0.56420990100055       -2.07595032755718        3.62721417087762
N           -0.51260612855114       -1.17963011731044        4.01973930817834
B           -3.17108555844522       -1.43789494980191        1.21366977275607
N            2.73696345302025       -0.82729607498351        2.79979821057073
B            1.91795313558473        3.34413882201020        0.03641177837125
N            2.90671428291489       -2.32862748617708       -0.61621427587174
108
 energy: -224.022237645859 gnorm: 0.003576512179 xtb: 6.7.1pre (5071a88)
F            5.68126314089243        0.67133095813714        7.52360720191472
C            4.59056274564773        0.96424227827691        6.79623022090601
F            4.62652501930110        2.29077996496427        6.58497462036100
C            3.31313477585794        0.51123627367835        7.44024574300677
C            2.11296996414353        1.09109595473115        7.04895989341781
C            0.92792619923296        0.65806807403043        7.61490929861345
C            0.92941653184811       -0.36097203101988        8.55955304530137
C            2.13672794384979       -0.92826321565380        8.94687652681858
C            3.32908854637895       -0.49568139667381        8.39548042019256
C           -0.36984438281626       -0.89529587132114        9.13639172995959
C           -1.32418179704204        0.22237104347702        9.51159608776820
C           -1.11703665758129        0.89036125560910       10.70781580905308
C           -1.95746336500044        1.92124240229495       11.07802028595140
F           -1.73622170087959        2.56168969886846       12.25134012188150
C           -3.01648398898721        2.31144305940934       10.27747715160419
C           -3.22632251769702        1.64894000997908        9.08734770839113
C           -2.39517624597779        0.59736747967784        8.68066601250264
N           -2.67527624734503       -0.06081710251050        7.51424990180948
C           -1.81701860884267       -1.09399008818859        7.02258076907733
C           -2.47338355306908       -2.32480675273388        6.38131214854106
O           -3.30032393089400       -2.38910763656310        5.50968426431307
N           -1.84689661244944       -3.37417677408689        6.99510842101374
N           -1.04011154124539       -3.01815087869776        8.04345983573603
C           -1.02133650300500       -1.74265602172077        8.10916040918667
F            4.78644165277470        0.39284859346253        5.58954537727265
H            2.10617241790107        1.87250741348427        6.30602874288598
H            0.00445133628682        1.12610955162776        7.31418471304215
H            2.14744909705483       -1.71739077750148        9.68297093544275
H            4.26503435639388       -0.93547373811152        8.70454687079263
H           -0.14074649498922       -1.50376319162258       10.01578300813169
H           -0.29840824106726        0.61163323608126       11.35362011471622
H           -3.66182297105230        3.11678034279182       10.58969700716853
H           -4.04989023095942        1.93552494552111        8.45115373687714
H           -3.32620477298898        0.34571115076014        6.86283887169067
H           -1.10761279533426       -0.71747829540548        6.26344050730322
H           -2.03077717681766       -4.35184947368025        6.83258823098240
B            3.50500151595777       -1.43551304962948        1.81467713920286
N            3.48232430113543        1.13529586840679        1.10233194644440
B            2.58398961605730        2.36621368606744       -1.10310695511287
N            2.31198189890640       -0.65454594145635       -2.55105946824387
B            0.75250421414882       -3.53511254219539        2.91242747871928
N           -2.85309786818879       -2.61965284820084        1.92615562460585
B           -0.98670680886850        4.08842541133162        1.99870646206960
N           -0.60574268451458       -0.01105347545456       -3.75210646393277
B           -0.45766405170756        1.41574891967328       -3.91042257952975
N            1.24228088348088       -3.79755315578007       -1.53138168438960
B           -3.80444421332985        2.20350065489614       -0.29485507615726
N           -2.73834515218355        2.75163132485779       -1.02491173544463
B            1.41284029360731        0.78620786822728       -4.71327111529039
N           -0.17841104969923        3.37809179459536        3.00724333678326
B            0.92317739126821       -2.89754960030990       -2.60959013979421
N           -0.45728058644677        3.75877933798152       -0.84307062954635
B           -0.74605090841007        2.20166237294359        3.46573030575948
N            1.72510627347981       -1.24564593844573        3.71353744458023
B           -0.22204513558926        3.45260324720799       -2.21248923520263
N            1.38322097584103        0.10160565812777        4.02935157824725
B           -1.57930859850198       -0.58343792688118       -2.88628494391785
N           -3.77856595194867        1.77217419905038        1.03136577665312
B            0.38259709900989        4.50479383914330        1.34172594324271
N            0.11384146773071        0.02036394447904        4.66008735405819
B           -2.65338812740079        2.22341542132952        1.79454210449478
N            3.79799899471069       -0.13087862163948       -0.59633204216521
B           -2.19821937451687       -3.62817373048326        1.24072110040188
N            1.10516327911687        3.74842415999895        2.39517660310813
B           -1.77041866464617       -0.74751795351062        3.43454594593261
N           -2.39236117069648       -3.60213352191667       -0.21888814088616
B            3.04385872207175       -1.07705239494549       -1.32322862122059
N           -3.12224542766638       -1.25345840404024       -0.17415901893168
B            2.08174581597056        2.93513718003603        1.72386177263000
N           -0.48072355036585       -2.91911501885848       -2.22132923059002
B           -1.64770249033539       -2.13267901547650       -2.27933851529882
N            0.62966138392229        3.96686886553246        0.04922050643784
B            1.11456866404119        2.93975877984335       -3.01760871034547
N            0.13298037832373       -4.34326828418410        1.94336029530707
B           -1.74357931414917        3.44281317240524       -0.23204225601028
N           -1.96036879427146        3.41012490640348        1.21082898887378
B            1.52074573244513       -4.19853407382721        1.71199700573407
N           -0.73804926871712        1.10328404225142        4.41766324648106
B           -2.63193383965358       -2.41212492679238       -0.95448332286125
N           -1.02069747508837       -4.47780417667306        1.22043229675216
B           -2.48317416481281        0.47636914950438       -1.91674745513335
N            2.39650157392234       -3.87682862685909        0.65657780889578
B            3.94841999743845       -0.19201200335784        0.89574066552360
N            1.96344741221564        1.94764929553673       -2.29881199658820
B            1.01410387902606        2.22386753054133       -4.45156032337673
N           -4.15102085142190        0.82560672231888       -0.14047422407761
B           -1.31707728891552        2.43181854390856       -2.93558673897954
N           -2.33534727871991        1.91676989013260       -2.11974546386149
B            3.11172332139692       -2.63075237044204        0.79339008125961
N            2.37096525294087       -3.67414129534338       -0.76802060412815
B            2.27991456213117        0.56929352083343        2.99567158326406
N           -1.97756402050257        0.64520505104910        3.83698827392942
B           -1.05896848520912       -4.18685500971936       -0.21370963371492
N           -3.19166620187348        0.03380379893940       -0.76061818721536
B            3.49100493776131        1.26546512447999       -0.35155383709001
N            2.62503212221330        1.64671221406589        2.10500470072329
B            1.48987113848366       -1.57648848906006       -3.32469489779511
N           -2.04389641437169        1.76950766256573        2.96274132055288
B            2.06333364938346        0.69714818926557       -3.03825140566923
N           -2.64734442071807       -1.30517314064695        2.52407052117848
B            0.66931809296365       -0.57008967290609       -4.29979842297473
N           -0.13456263166861       -3.77170135065031       -1.14252747034625
B            0.55373314898475       -2.07533234614529        3.63437784970496
N           -0.52275225796028       -1.17814745045560        4.02439547010007
B           -3.17251700449281       -1.43297639187144        1.21289319412237
N            2.72899104643525       -0.82862912477049        2.81411913778260
B            1.91932731844026        3.34384843108685        0.05070298342046
N            2.90734278107625       -2.32946934729592       -0.60285804482741
108
 energy: -224.022466375356 gnorm: 0.003748344454 xtb: 6.7.1pre (5071a88)
F            5.67010248482205        0.66503620431518        7.42239318768262
C            4.56794759162339        0.95265056823139        6.70938195222347
F            4.60433226815425        2.27675819346368        6.48251258327874
C            3.30061536693442        0.51105077240347        7.38105106128501
C            2.09599886211572        1.09416864773657        7.00850148849533
C            0.92006303696114        0.66876877428812        7.59852371828254
C            0.93629536226241       -0.34532744305283        8.54803876710090
C            2.14850203086185       -0.91312409916581        8.91954823575015
C            3.33197075409170       -0.48742429581519        8.34441464505558
C           -0.35501681786120       -0.88104401130795        9.14104348959443
C           -1.31719070380415        0.23177283870988        9.50998054452441
C           -1.10936554672318        0.91384775291548       10.69812298588562
C           -1.95944437298340        1.93837518694274       11.06351132284525
F           -1.73884195824549        2.59299545068751       12.22932765420139
C           -3.02831877672286        2.30814269189307       10.26680550601077
C           -3.23727542179241        1.63297258590920        9.08379953485899
C           -2.39644626516095        0.58735304409547        8.68130746140654
N           -2.67627035825974       -0.08408048602092        7.52233229284767
C           -1.80446641890020       -1.10860064500441        7.03233092270579
C           -2.45050558268882       -2.34863393426919        6.40052504209988
O           -3.27953191839866       -2.42733424655449        5.53243188678924
N           -1.81732673895625       -3.38938919869357        7.02401204739196
N           -1.01298904717820       -3.01846658911839        8.06900936265850
C           -1.00299970471567       -1.74239560163240        8.12315992261009
F            4.74243080057055        0.36679740381643        5.50688884906464
H            2.07908161073567        1.87011712203958        6.26037351448115
H           -0.00815033627056        1.13712355412087        7.31307768097424
H            2.16793786588815       -1.69668058040893        9.66111401841136
H            4.27280616454577       -0.92632820867895        8.63957105483990
H           -0.11683024110419       -1.47998528890545       10.02443235844125
H           -0.28309592072366        0.65026789287173       11.34014977324098
H           -3.68127753660616        3.10795130081366       10.57712754898264
H           -4.06744077249507        1.90396516762841        8.44952162090991
H           -3.33381164747926        0.30999453174887        6.87011548267078
H           -1.10053793223832       -0.72377912391450        6.27264330492871
H           -1.99109401996226       -4.36968019841618        6.86760639987271
B            3.49967910808541       -1.43742240439244        1.83010023932885
N            3.48238899678647        1.13449608654705        1.11937200570611
B            2.58520785639082        2.36471080137249       -1.08779701315456
N            2.31767479011973       -0.65392295860386       -2.53761971310187
B            0.74345124302600       -3.53496573042990        2.91948676737389
N           -2.85140035463668       -2.61466564271911        1.92555860698402
B           -0.98898541422626        4.08771222136313        2.00660009427871
N           -0.59800614255269       -0.00799594427328       -3.74497846939746
B           -0.44927708893361        1.41874522951335       -3.90248787181662
N            1.24387390660269       -3.79723412710244       -1.52211537449621
B           -3.80334837659620        2.20617669865473       -0.29325739818790
N           -2.73563826320799        2.75408257157967       -1.02109053051810
B            1.42335395319620        0.78827116742331       -4.70133240216949
N           -0.18249432831771        3.37635916417807        3.01615762226769
B            0.92752924093124       -2.89601216195080       -2.60018553296024
N           -0.45417847113907        3.75948758466025       -0.83364528510494
B           -0.75291332143239        2.20103396798779        3.47322747848168
N            1.71666062624120       -1.24712841393676        3.72626300416715
B           -0.21616983302508        3.45439121176305       -2.20288128843107
N            1.37447679264840        0.10062797067113        4.04151105108409
B           -1.57406363748031       -0.58043970305061       -2.88200230763085
N           -3.77972467653597        1.77338841478207        1.03260257043372
B            0.38179547098502        4.50481731276652        1.35324946597598
N            0.10368704454326        0.01892745677333        4.66778372100750
B           -2.65632998428454        2.22374775788764        1.79872202910172
N            3.79988488619936       -0.13203566533085       -0.57919146692618
B           -2.20185015364064       -3.62748670626606        1.24318987352788
N            1.10238358422174        3.74773250739059        2.40802474707551
B           -1.77938471316440       -0.74443584620534        3.43999236214555
N           -2.39316622432330       -3.59943926787230       -0.21731978254963
B            3.04684233014968       -1.07752086723077       -1.30861305858773
N           -3.12362979458883       -1.25069825039130       -0.17435257377462
B            2.07987826709116        2.93418249710726        1.73792465932786
N           -0.47717168603820       -2.91682099377104       -2.21474395149979
B           -1.64373608685505       -2.12996779708593       -2.27549472433543
N            0.63089962846502        3.96679125504672        0.06127629807639
B            1.12159097272687        2.94142709050283       -3.00580935139215
N            0.12638550851505       -4.34366511980070        1.94929408459970
B           -1.74179302517044        3.44379302974422       -0.22576146369896
N           -1.96130650676068        3.41004670062462        1.21676881003169
B            1.51463543382126       -4.19921372373493        1.72150302701001
N           -0.74765282512309        1.10405589572885        4.42861384880577
B           -2.63142623869651       -2.40981035412143       -0.95336976037423
N           -1.02562990991806       -4.47965388512751        1.22397651123316
B           -2.48058259931191        0.47948229293301       -1.91475035022132
N            2.39322042086184       -3.87758469363941        0.66837162004730
B            3.94661376851781       -0.19373017275127        0.91312953889244
N            1.96744548133652        1.94791859350650       -2.28538436511037
B            1.02429598794296        2.22609169062680       -4.44025118555691
N           -4.15176638289001        0.82855291838410       -0.14103140002640
B           -1.31040408959167        2.43473887225185       -2.92896647810388
N           -2.33111599190319        1.91998372724465       -2.11605796062556
B            3.10879946491987       -2.63212970778545        0.80719647960571
N            2.37110283887704       -3.67471073870872       -0.75632432648854
B            2.27318614751315        0.56735714364634        3.00818718907072
N           -1.98729359922639        0.64719300705554        3.84607110792328
B           -1.06084854455343       -4.18592492855259       -0.20977607859804
N           -3.19235643733465        0.03652237201849       -0.76094501059160
B            3.49079637616637        1.26365788243366       -0.33474564621323
N            2.62156259344484        1.64530310381820        2.11976407830124
B            1.49634673820300       -1.57489626475544       -3.31333761366641
N           -2.04990683941580        1.77016411823014        2.96887341679573
B            2.06953978439038        0.69765628202025       -3.02510189087587
N           -2.65236442726031       -1.30045768933971        2.52484756256617
B            0.67824652091929       -0.56754048596414       -4.28960985471956
N           -0.13381259176001       -3.77060924557179       -1.13607551728001
B            0.54396583012170       -2.07527355847511        3.64124111130742
N           -0.53235100104785       -1.17709901844612        4.02820374710202
B           -3.17511792511199       -1.42945409816959        1.21248844739412
N            2.72157312695126       -0.83033475635605        2.82773849224226
B            1.92027882082069        3.34314781708589        0.06484804891647
N            2.90808878402559       -2.33033022690904       -0.58954894245191
108
 energy: -224.022668976520 gnorm: 0.004177829289 xtb: 6.7.1pre (5071a88)
F            5.65892758152906        0.66199161837488        7.33309775581454
C            4.54683147565429        0.94461924539352        6.63285043527828
F            4.58219318187307        2.26658828933850        6.39306757463619
C            3.28926192629800        0.51220363754350        7.32821253097162
C            2.08115384695688        1.09971662052933        6.97453304373253
C            0.91412582419682        0.68022407738490        7.58536025537463
C            0.94318157106079       -0.33172748355424        8.53660755401561
C            2.15952179833525       -0.90134998729352        8.89174021175868
C            3.33432818082121       -0.48143081554171        8.29570391577621
C           -0.34085634658335       -0.86876083491872        9.14398809083074
C           -1.31017859078845        0.23934820089520        9.50767531700282
C           -1.10312715271069        0.93320403965292       10.68910807315919
C           -1.96082652565169        1.95281682968446       11.04975025849199
F           -1.74233119972593        2.61898596385030       12.20936713841812
C           -3.03632917625812        2.30635594538325       10.25501599721413
C           -3.24403119573612        1.62024069981053        9.07829763408616
C           -2.39594149539887        0.57856428436544        8.68086646455145
N           -2.67661748439762       -0.10589156389561        7.52977928987346
C           -1.79294123327746       -1.12183064304737        7.04046251749584
C           -2.43019911541912       -2.36986479241812        6.41773256918805
O           -3.26213969114780       -2.46156517735454        5.55403524626387
N           -1.78994270062443       -3.40286071021290        7.04818589122660
N           -0.98768489793564       -3.01904588654154        8.09029450514303
C           -0.98562191471273       -1.74267428598858        8.13458719904043
F            4.70335212674216        0.34699651389458        5.43442014935581
H            2.05470119235195        1.87295637401310        6.22424560651198
H           -0.01784158569201        1.14997095647589        7.31486525924876
H            2.18755045572105       -1.68199180358515        9.63588366192016
H            4.27904470202073       -0.92129870681741        8.57659755992950
H           -0.09422347751498       -1.45917927243792       10.03076507538712
H           -0.27147842113339        0.68194671024056       11.32865638966643
H           -3.69469758689971        3.10262378810084       10.56256674131342
H           -4.07883881187871        1.87842791709895        8.44496573134370
H           -3.33848465177961        0.27792874666044        6.87598122822232
H           -1.09469450819838       -0.72946701014835        6.27992842579811
H           -1.95660707396588       -4.38534437629098        6.89904627061862
B            3.49532104660278       -1.43951613433056        1.84433205489933
N            3.48195789058443        1.13332215091694        1.13494430099295
B            2.58588203771380        2.36309172731428       -1.07343214276119
N            2.32304868333956       -0.65352707351951       -2.52484890928542
B            0.73521915013783       -3.53548423439881        2.92619991037889
N           -2.85368388204772       -2.61217912819856        1.92569377895488
B           -0.99144449530335        4.08777136159633        2.01391493779779
N           -0.59089101326715       -0.00519229944723       -3.73809793339118
B           -0.44165006180423        1.42146091400768       -3.89467179125344
N            1.24511996369191       -3.79651738481923       -1.51310728210419
B           -3.80273220045814        2.20848157141293       -0.29167327297476
N           -2.73341966292391        2.75637612146390       -1.01724971679867
B            1.43317438859060        0.79020412592653       -4.68999076830597
N           -0.18669678379296        3.37505399769702        3.02401402542442
B            0.93137825194870       -2.89456755466957       -2.59131113460188
N           -0.45159161305734        3.76005478645035       -0.82455717940347
B           -0.75974521343645        2.20080462067109        3.48000614913006
N            1.70894233019180       -1.24911969683852        3.73757875773939
B           -0.21097313905562        3.45605865106138       -2.19364586080231
N            1.36652273360151        0.09900261848008        4.05242370894367
B           -1.56930677546057       -0.57773515991136       -2.87781856037920
N           -3.78153543733186        1.77502879387200        1.03406009139117
B            0.38102028447189        4.50491968798017        1.36416505046536
N            0.09390002306772        0.01703931566517        4.67404981545248
B           -2.65969105797980        2.22518038282053        1.80241829404974
N            3.80232508435036       -0.13328153240900       -0.56341989033850
B           -2.20621593011829       -3.62696397612079        1.24517502057807
N            1.09977699649534        3.74724908760669        2.42037414967792
B           -1.78787836489649       -0.74288885707588        3.44369859959463
N           -2.39469263735988       -3.59747744799482       -0.21598903528141
B            3.04981523648250       -1.07804394601542       -1.29483235111485
N           -3.12510383539007       -1.24862169408878       -0.17400425469891
B            2.07784753147244        2.93308782548056        1.75101314444256
N           -0.47403457302720       -2.91443176516034       -2.20837877838781
B           -1.64033340266475       -2.12739759700840       -2.27168920185034
N            0.63163498139249        3.96621805448998        0.07287534632366
B            1.12777536705563        2.94294989447079       -2.99459360782848
N            0.12004206207956       -4.34384625532167        1.95460084391996
B           -1.74069896718373        3.44514647370817       -0.21978929437077
N           -1.96308070240243        3.41113917720393        1.22239990275393
B            1.50877691850400       -4.19994381458004        1.72997425746571
N           -0.75653555530178        1.10380637581185        4.43618124071461
B           -2.63132488098896       -2.40781903871490       -0.95220835252261
N           -1.03068683806062       -4.48047716012490        1.22738865023815
B           -2.47767472153242        0.48214861341334       -1.91204164706292
N            2.39048180121001       -3.87878412695636        0.67929744301911
B            3.94525637353037       -0.19552191249176        0.92916067441722
N            1.97053578405714        1.94791260979732       -2.27264666977505
B            1.03363362215445        2.22816433271308       -4.42951986857179
N           -4.15217538891372        0.83099768100624       -0.14145049482512
B           -1.30432230885266        2.43732005407498       -2.92235262365964
N           -2.32707455550110        1.92269942829859       -2.11197128477502
B            3.10655848124830       -2.63386230719522        0.82017239102910
N            2.37109955042242       -3.67513783607479       -0.74539906203354
B            2.26690068146687        0.56507891225633        3.01950798636600
N           -1.99576216956864        0.64801552977927        3.85129073316988
B           -1.06301951368286       -4.18489307669538       -0.20612427882603
N           -3.19250282298951        0.03881182360161       -0.76026401579483
B            3.49032519243858        1.26174988019616       -0.31920345139136
N            2.61796976343892        1.64364352546160        2.13331423619542
B            1.50235646713645       -1.57344575591526       -3.30256565192673
N           -2.05617325224981        1.77132161346922        2.97422347228574
B            2.07513300310123        0.69788547900151       -3.01263295994432
N           -2.65859324078430       -1.29833344389046        2.52613065586130
B            0.68657522655791       -0.56509824766399       -4.27987823536242
N           -0.13328346465891       -3.76900244769064       -1.12956267829339
B            0.53519038066939       -2.07592015328497        3.64768809296879
N           -0.54117367623242       -1.17679366384881        4.03126523924084
B           -3.17893036308197       -1.42759871494450        1.21259629869579
N            2.71488736092109       -0.83237428939824        2.84004534064356
B            1.92090834067978        3.34230711515357        0.07821709339053
N            2.90880148442560       -2.33113469599359       -0.57682001661993
108
 energy: -224.022886444410 gnorm: 0.004365772977 xtb: 6.7.1pre (5071a88)
F            5.64736816977829        0.66244288705206        7.24488850418821
C            4.52541343770959        0.93950362067337        6.55752792478868
F            4.55865180369434        2.25931980060816        6.30500865616655
C            3.27818046742465        0.51532921687362        7.27584902471416
C            2.06701091480886        1.10874439967106        6.94330574733715
C            0.90932208574479        0.69391062142967        7.57404929628087
C            0.95057083345571       -0.31857493259555        8.52413503069377
C            2.17073097932881       -0.89167264103500        8.86034703751017
C            3.33641221611238       -0.47695199862802        8.24380485877232
C           -0.32600851252483       -0.85709888834618        9.14576439265499
C           -1.30245253769924        0.24610144793633        9.50448471932801
C           -1.09701131557767        0.95111176882860       10.67963527171652
C           -1.96140360069048        1.96664602565482       11.03517370311227
F           -1.74560690993955        2.64350043150346       12.18891366167211
C           -3.04188079662398        2.30589124037455       10.24102629151726
C           -3.24822068039930        1.60898493144280        9.07058883233560
C           -2.39414342623429        0.56991314038794        8.67943583895249
N           -2.67671974482776       -0.12873752128765        7.53738999046725
C           -1.78179429505507       -1.13569496266789        7.04846829189007
C           -2.41027326843641       -2.39183306659846        6.43500218963432
O           -3.24520669708338       -2.49649235836696        5.57589138615466
N           -1.76166929448834       -3.41670637283883        7.07088145663231
N           -0.96110783289323       -3.02030254303264        8.10992986841432
C           -0.96764735073160       -1.74377696696466        8.14521171065188
F            4.66470872280787        0.33032446495770        5.36345157163525
H            2.03065802479675        1.88188434992389        6.19357565648660
H           -0.02580897682365        1.16621287829369        7.31943398813469
H            2.20819793446164       -1.67184791941410        9.60448373049387
H            4.28431554271706       -0.92002792014402        8.50848509551871
H           -0.07041990925620       -1.43868613357564       10.03588588246006
H           -0.26110062215977        0.71122661904586       11.31774475394998
H           -3.70450938433021        3.10004701258549       10.54456342355994
H           -4.08666785812500        1.85555470366870        8.43755097151353
H           -3.34131753464928        0.24610760345755        6.88116139620842
H           -1.08970576201264       -0.73659438253646        6.28639110648205
H           -1.92308350283624       -4.40132078464011        6.93069918730512
B            3.49122815292189       -1.44199950632769        1.85900983900166
N            3.48081403700900        1.13165938533466        1.15085829330738
B            2.58643876657805        2.36139701717902       -1.05841698519570
N            2.32859065563345       -0.65323788632929       -2.51139947071882
B            0.72691014819057       -3.53679825753331        2.93347242812475
N           -2.86057746898658       -2.61192318409720        1.92653520258589
B           -0.99437425400319        4.08853707193592        2.02154899949493
N           -0.58342373902568       -0.00230041652628       -3.73060800148001
B           -0.43380365736963        1.42423668217580       -3.88618236137304
N            1.24615682337065       -3.79534567770123       -1.50344693843695
B           -3.80243211596546        2.21079602138983       -0.29001532619143
N           -2.73132076963413        2.75882338603070       -1.01303753165320
B            1.44345565164669        0.79224723105119       -4.67803686461256
N           -0.19164487015128        3.37402761218730        3.03187171149374
B            0.93516663849547       -2.89303499812040       -2.58205331643499
N           -0.44914079273631        3.76069665239455       -0.81488560323064
B           -0.76722938485394        2.20079118004967        3.48693553769803
N            1.70084334715477       -1.25180310300262        3.74876829163385
B           -0.20578405291525        3.45782821268365       -2.18380516325963
N            1.35824528531575        0.09653877330809        4.06330928222476
B           -1.56410203999882       -0.57493261062885       -2.87289058034076
N           -3.78423362215483        1.77736953660250        1.03579588239582
B            0.38011986280524        4.50502867226792        1.37566361843360
N            0.08324749047475        0.01454809529642        4.67990566757467
B           -2.66381927079972        2.22773296677146        1.80605894991654
N            3.80529969055474       -0.13468688792336       -0.54722853538640
B           -2.21176435649819       -3.62641462719091        1.24685187069452
N            1.09684857142814        3.74677639384141        2.43349488959043
B           -1.79677292542953       -0.74282011415186        3.44608950769705
N           -2.39701718404047       -3.59593178980285       -0.21477477148510
B            3.05295127487505       -1.07864120338761       -1.28037151604135
N           -3.12670428083425       -1.24686031924364       -0.17306573036485
B            2.07537565331197        2.93175323161905        1.76469372582380
N           -0.47098720813983       -2.91180235199792       -2.20172866912385
B           -1.63712587494573       -2.12479212749831       -2.26769528508497
N            0.63207485785590        3.96528317107861        0.08517572775439
B            1.13396107770630        2.94449746883933       -2.98270341661973
N            0.11326736595619       -4.34391555684873        1.96000840201232
B           -1.74005427104614        3.44703951614786       -0.21346581049905
N           -1.96577874393203        3.41342139334184        1.22830883450587
B            1.50255101325457       -4.20084872929860        1.73848229930582
N           -0.76576423112412        1.10240489299551        4.44130711739192
B           -2.63143162123409       -2.40576410092899       -0.95085260404749
N           -1.03637143609482       -4.48021596933034        1.23106782260355
B           -2.47422772471658        0.48477474688598       -1.90845861126193
N            2.38783829561638       -3.88049888386304        0.69057674876104
B            3.94396611389741       -0.19756672698673        0.94566812151438
N            1.97345206730069        1.94780402599640       -2.25920880271614
B            1.04323539805377        2.23032345493967       -4.41816948181016
N           -4.15229445900643        0.83333405426829       -0.14179458476006
B           -1.29805639593635        2.43988481598336       -2.91511024897264
N           -2.32274517255040        1.92531506500402       -2.10714639973275
B            3.10458180243254       -2.63608619731199        0.83377641429655
N            2.37091661884396       -3.67545235956854       -0.73402324836271
B            2.26016762229722        0.56227362961398        3.03104978637647
N           -2.00399569286284        0.64768414071518        3.85346023134460
B           -1.06561134974295       -4.18361546929231       -0.20233143400919
N           -3.19204893632368        0.04106057129960       -0.75853043338246
B            3.48970561346033        1.25965150191940       -0.30312057706942
N            2.61378507024127        1.64158125238558        2.14723762396189
B            1.50855812398101       -1.57195152328894       -3.29129839246927
N           -2.06334876957604        1.77293537358624        2.97930755887061
B            2.08084734141520        0.69801488841628       -2.99945873470724
N           -2.66696198756512       -1.29856313401322        2.52817351048624
B            0.69524475494922       -0.56250761393507       -4.26966834204029
N           -0.13292911455294       -3.76673574391281       -1.12238711768498
B            0.52624042007776       -2.07741236680722        3.65461042073242
N           -0.55040890141942       -1.17737327831978        4.03430304555184
B           -3.18435189619890       -1.42706591827785        1.21322515579956
N            2.70799149864169       -0.83496108951383        2.85248197525464
B            1.92133990518603        3.34128770405262        0.09230619345820
N            2.90944124199359       -2.33193883813225       -0.56326924649259
108
 energy: -224.023138493817 gnorm: 0.004189899996 xtb: 6.7.1pre (5071a88)
F            5.63409555754981        0.66776386413777        7.14945110956555
C            4.50164805019549        0.93751270724772        6.47603593655383
F            4.53114567381530        2.25472860358939        6.20887977387931
C            3.26628583767259        0.52129427664260        7.21853833872141
C            2.05229234062173        1.12277093793241        6.91174072244412
C            0.90509573074238        0.71123400487736        7.56294224301817
C            0.95893125962268       -0.30489839613314        8.50852915327531
C            2.18278518586815       -0.88381935454106        8.82098559941195
C            3.33806420401278       -0.47377433643892        8.18273462772821
C           -0.30917545076136       -0.84507903336533        9.14625819177143
C           -1.29329386577407        0.25265808063661        9.49984755303359
C           -1.08983954666205        0.96945133073699       10.66830238819463
C           -1.96052183902866        1.98144697039951       11.01800776385431
F           -1.74735804830646        2.66935747506884       12.16541885231393
C           -3.04510441817266        2.30690250570328       10.22349131203204
C           -3.25036329468789        1.59806028837368        9.06015020288554
C           -2.39107009661558        0.56053521483992        8.67680634054943
N           -2.67673749303185       -0.15470829624920        7.54571378800966
C           -1.77045545393143       -1.15196424363169        7.05749156270775
C           -2.38881179859569       -2.41729861723115        6.45384903220042
O           -3.22587012806997       -2.53582866503630        5.59875596226336
N           -1.72996606443628       -3.43266599695873        7.09454578009322
N           -0.93083919230212       -3.02265933237541        8.12985909562560
C           -0.94783111742951       -1.74609602643145        8.15625632563654
F            4.62332523725587        0.31519749438157        5.28742230381942
H            2.00493832225666        1.89901092448564        6.16593306774224
H           -0.03283376898674        1.18784087224758        7.32694783236828
H            2.23127778816886       -1.66626932533013        9.56219074827481
H            4.28855072144236       -0.92287735805371        8.42760933354856
H           -0.04307443721703       -1.41632783126862       10.04010430941151
H           -0.25028987378727        0.74117905963985       11.30581320949699
H           -3.71147085894980        3.09999318308266       10.52148508205199
H           -4.09223962143238        1.83298708138658        8.42717875121271
H           -3.34256406330274        0.21210689044786        6.88603154994483
H           -1.08511726263493       -0.74697561161876        6.29293082939505
H           -1.88697520784689       -4.41955193065299        6.96527218446214
B            3.48664757076676       -1.44512893537851        1.87568579227035
N            3.47873787587540        1.12934675940542        1.16888769968164
B            2.58713485427964        2.35957132408389       -1.04115511801432
N            2.33471991444215       -0.65299014644113       -2.49595138101389
B            0.71771879358856       -3.53908515554124        2.94219812134647
N           -2.87270187102848       -2.61371548024387        1.92821861689087
B           -0.99805625017473        4.08987721413159        2.03047887547493
N           -0.57491437748876        0.00102434831533       -3.72175188592564
B           -0.42494822368399        1.42745244517517       -3.87616421627038
N            1.24706573104563       -3.79371578348357       -1.49223013552004
B           -3.80228949686314        2.21337255820640       -0.28802290862118
N           -2.72903039403602        2.76163873283996       -1.00796405177238
B            1.45515171146222        0.79464023582964       -4.66423948249686
N           -0.19791854804145        3.37308981399161        3.04086177703196
B            0.93925136104714       -2.89130084278377       -2.57149907082286
N           -0.44652153149527        3.76155380615016       -0.80365236531567
B           -0.77595229442142        2.20073404348650        3.49494151001447
N            1.69141854741531       -1.25543694372779        3.76123399235752
B           -0.20004442475375        3.45985485925854       -2.17233293602464
N            1.34868100870483        0.09298611452411        4.07553159041804
B           -1.55812847574008       -0.57171214523041       -2.86690461502846
N           -3.78801290068579        1.78055198257828        1.03802134747443
B            0.37891034319818        4.50504154962243        1.38896761460480
N            0.07063749959664        0.01123495727305        4.68644132440881
B           -2.66901846981925        2.23131022842411        1.81020246576236
N            3.80872598849634       -0.13636559574848       -0.52887836822355
B           -2.21887646968056       -3.62568073538092        1.24850818236862
N            1.09310200433662        3.74604880645378        2.44862985312578
B           -1.80687543782346       -0.74425125195694        3.44770722353270
N           -2.40023859426026       -3.59456962028938       -0.21341761573593
B            3.05637045366811       -1.07939192648035       -1.26375811330195
N           -3.12854318212133       -1.24518789018892       -0.17137634601820
B            2.07211738463607        2.92998125498693        1.78046396407486
N           -0.46772587113243       -2.90869249389769       -2.19410624222434
B           -1.63369331957548       -2.12174210809627       -2.26292744447453
N            0.63237812606752        3.96412008151009        0.09935417194342
B            1.14085825894705        2.94620475007499       -2.96887203432452
N            0.10543766990908       -4.34402432550859        1.96626607404947
B           -1.73966212849889        3.44955793678774       -0.20603014753468
N           -1.96947208324939        3.41680969002155        1.23518098033737
B            1.49538615804583       -4.20211464636540        1.74807088110360
N           -0.77626612646624        1.09967117316043        4.44500727695146
B           -2.63171239017802       -2.40339638121205       -0.94904549329314
N           -1.04313767210915       -4.47884157187177        1.23548276804079
B           -2.46981833224367        0.48765369618256       -1.90357285675300
N            2.38484845023803       -3.88287593037662        0.70337148421974
B            3.94231008414270       -0.20008589550224        0.96442250814032
N            1.97675906076591        1.94769288077708       -2.24367891521818
B            1.05399478036503        2.23280947029191       -4.40497954449792
N           -4.15215368887736        0.83582543948232       -0.14198467214898
B           -1.29102166357467        2.44276466902030       -2.90654154307264
N           -2.31768374230963        1.92813444045474       -2.10108220947807
B            3.10244675887706       -2.63901340999137        0.84940396630468
N            2.37047860744151       -3.67574776236287       -0.72102218107562
B            2.25206120193512        0.55867847937787        3.04417453843826
N           -2.01292268475265        0.64615633604598        3.85354050342766
B           -1.06876423430391       -4.18201057989041       -0.19790541695217
N           -3.19089274792538        0.04353468994859       -0.75553043799506
B            3.48895143457082        1.25721591193266       -0.28474235974594
N            2.60848373822459        1.63886183296957        2.16305856033455
B            1.51549515036882       -1.57028176030126       -3.27842464615230
N           -2.07200776426980        1.77488233122240        2.98476052183495
B            2.08732148631544        0.69817749384602       -2.98422317574685
N           -2.67823480010876       -1.30092934042849        2.53123992500926
B            0.70504728324744       -0.55949786553538       -4.25791569597808
N           -0.13274762655448       -3.76374606116675       -1.11391654175444
B            0.51606191635722       -2.07994429828527        3.66289894206613
N           -0.56112861999770       -1.17907025043219        4.03803230212169
B           -3.19177829682920       -1.42761942238944        1.21450677088636
N            2.69992317495339       -0.83836947814235        2.86641625186979
B            1.92167612255289        3.34010602371013        0.10856696021175
N            2.90995222193457       -2.33287073726048       -0.54755502714549
108
 energy: -224.023403045725 gnorm: 0.003932592960 xtb: 6.7.1pre (5071a88)
F            5.61855012337077        0.68010469658121        7.04822353150933
C            4.47529695610193        0.93978255568234        6.38914206488738
F            4.49862705538643        2.25365321573056        6.10469327369771
C            3.25320855135692        0.53072651927147        7.15630156299128
C            2.03690864150039        1.14261558734272        6.88032098810777
C            0.90117302508941        0.73243338153383        7.55197493119873
C            0.96785239371848       -0.29117003863451        8.48878743063134
C            2.19489874958357       -0.87894974234948        8.77184775885990
C            3.33852796405693       -0.47242363432651        8.11126393552888
C           -0.29053938876088       -0.83311583257396        9.14486184950046
C           -1.28257021087734        0.25882148065718        9.49330708735581
C           -1.08086259546635        0.98807295851317       10.65442853860328
C           -1.95710441033482        1.99736095103735       10.99762434957113
F           -1.74564483171202        2.69689076584764       12.13804491196299
C           -3.04518340676458        2.30952058475236       10.20228992931952
C           -3.25008107267692        1.58746544056651        9.04704625551672
C           -2.38654455423473        0.55041882287614        8.67262650323552
N           -2.67636372162397       -0.18334071304500        7.55413158141427
C           -1.75908777290021       -1.17093184108613        7.06743141153283
C           -2.36570713566441       -2.44647672076518        6.47359983117043
O           -3.20297576771514       -2.57938259725990        5.62088656883942
N           -1.69531565528194       -3.45091691262670        7.11906232846973
N           -0.89734654862246       -3.02636342664498        8.14976951477749
C           -0.92670884768835       -1.74992060172361        8.16751248478330
F            4.58022091963939        0.30222824405879        5.20765380044960
H            1.97789785343267        1.92583762067098        6.14256978797386
H           -0.03902251286178        1.21527104905610        7.33763409442926
H            2.25546557535593       -1.66720957420037        9.50612372448759
H            4.29076440782689       -0.93068238679579        8.33224539288273
H           -0.01219068715378       -1.39229219742967       10.04273073194748
H           -0.23814029674106        0.77165463974948       11.29192447609894
H           -3.71454599465339        3.10264881108864       10.49329700642413
H           -4.09512512522585        1.81105042626582        8.41418011479450
H           -3.34162370833017        0.17707627377825        6.89004104245804
H           -1.08047934343168       -0.76141350866811        6.29957918481301
H           -1.84801581564404       -4.44009941567108        7.00160876622076
B            3.48104048438967       -1.44895648382477        1.89447109715046
N            3.47564454335239        1.12640016273066        1.18934448857718
B            2.58809973338962        2.35769484729689       -1.02148256413543
N            2.34121183835049       -0.65276830409202       -2.47848585595038
B            0.70758466562665       -3.54235093156598        2.95251481923957
N           -2.88920740160151       -2.61701245554514        1.93072272643410
B           -1.00247991584601        4.09137712217445        2.04107038291793
N           -0.56541443787032        0.00481139396316       -3.71134129489899
B           -0.41516805736888        1.43117243277530       -3.86459113322389
N            1.24780338646690       -3.79190452599160       -1.47957368753568
B           -3.80218663035372        2.21620618332800       -0.28545551990419
N           -2.72648929226585        2.76474142239174       -1.00186197629379
B            1.46810158148467        0.79740003571640       -4.64848990922283
N           -0.20556548209435        3.37203742233193        3.05158876324149
B            0.94358462734032       -2.88945114831744       -2.55963861035381
N           -0.44372842106662        3.76268439263755       -0.79075924496879
B           -0.78575979736350        2.20023970768252        3.50439398442196
N            1.68052136657499       -1.26004034516477        3.77548092287662
B           -0.19377567512820        3.46212305421386       -2.15910388863911
N            1.33764786259410        0.08835370863660        4.08958808848306
B           -1.55132469369911       -0.56803762767614       -2.85957602402972
N           -3.79269297128947        1.78430190221355        1.04086993339930
B            0.37723185724782        4.50477722717132        1.40426298085206
N            0.05610594694527        0.00709147219354        4.69433567647641
B           -2.67511284571893        2.23527311948969        1.81520193723278
N            3.81202251501214       -0.13832978532578       -0.50814693320050
B           -2.22723883717788       -3.62464070491225        1.25036725998776
N            1.08828630534970        3.74476471389397        2.46579668548314
B           -1.81813661591862       -0.74703123747502        3.44917755307523
N           -2.40411148656459       -3.59318986592989       -0.21171009561013
B            3.05978092950034       -1.08037097953600       -1.24493627644235
N           -3.13063242498202       -1.24350333859065       -0.16894142728408
B            2.06796929772608        2.92769579474118        1.79857928713418
N           -0.46431412536341       -2.90531587632573       -2.18558154670694
B           -1.63002885046733       -2.11834862601401       -2.25737518243801
N            0.63262483193000        3.96297159125768        0.11544977356385
B            1.14848608492492        2.94802758413201       -2.95294746058634
N            0.09656823990294       -4.34440360277645        1.97362734200985
B           -1.73936066639109        3.45244309991877       -0.19723680256288
N           -1.97383571562011        3.42068487598442        1.24324274139980
B            1.48728728707941       -4.20390902676438        1.75899620878954
N           -0.78807692725528        1.09566029488905        4.44836807047336
B           -2.63205506548721       -2.40063791878954       -0.94666066294583
N           -1.05086569900061       -4.47653918348832        1.24073517916236
B           -2.46478052867901        0.49083703744491       -1.89747713986153
N            2.38121106780394       -3.88589447154012        0.71773155419617
B            3.93983059801029       -0.20313660979441        0.98562260949706
N            1.98066679599937        1.94766555111803       -2.22594660682202
B            1.06574856113684        2.23561528724433       -4.38979230861533
N           -4.15193819165389        0.83851050055569       -0.14178213357250
B           -1.28330090455843        2.44600617944571       -2.89658730099068
N           -2.31203275865922        1.93123009164090       -2.09377212873916
B            3.09979535388722       -2.64265699710387        0.86707921387939
N            2.36968823983076       -3.67619540823002       -0.70635594040795
B            2.24214524155116        0.55424391865831        3.05907162667054
N           -2.02278194862881        0.64352529781846        3.85293347707583
B           -1.07235138452647       -4.18015315632475       -0.19271008241674
N           -3.18926940782908        0.04627629631592       -0.75136342523623
B            3.48805814692935        1.25447084722454       -0.26384361310701
N            2.60190180264729        1.63540080494847        2.18100698982690
B            1.52301351571690       -1.56847422689554       -3.26392901235185
N           -2.08191722876818        1.77667324583803        2.99089878349865
B            2.09451453977906        0.69846946155329       -2.96681792043639
N           -2.69188740503928       -1.30476553512062        2.53520721651650
B            0.71581829498325       -0.55608988730981       -4.24454741724459
N           -0.13279742541257       -3.76033767314798       -1.10430204499213
B            0.50443530865155       -2.08353652392883        3.67276538352654
N           -0.57349911393494       -1.18202412706919        4.04288494363819
B           -3.20081397972115       -1.42887316932143        1.21644552540587
N            2.69024004619101       -0.84264121016962        2.88200474290852
B            1.92188208972325        3.33878838884604        0.12714000068257
N            2.91016751323098       -2.33407138739977       -0.52973054446594
108
 energy: -224.023635382642 gnorm: 0.004020170161 xtb: 6.7.1pre (5071a88)
F            5.60148996271989        0.70122683937716        6.95134249635480
C            4.44837502608143        0.94712237469211        6.30457143985275
F            4.46253355142242        2.25684909162839        6.00028777744449
C            3.23962211178245        0.54327471847642        7.09415111230876
C            2.02216483590965        1.16702335709701        6.85165804765585
C            0.89781102644774        0.75581252700326        7.54175670580215
C            0.97640316733567       -0.27885252327182        8.46557810235724
C            2.20531130609279       -0.87840966500486        8.71539320819693
C            3.33697557758327       -0.47332991258797        8.03421858127131
C           -0.27153038266436       -0.82242629779060        9.14108529638428
C           -1.27074944875107        0.26407424961699        9.48488880517869
C           -1.06984349311468        1.00565687267317       10.63835349051065
C           -1.95033246580330        2.01350073099811       10.97481424044344
F           -1.73908018153968        2.72455141390616       12.10794533583372
C           -3.04147894915629        2.31356628624545       10.17878714745184
C           -3.24705019037785        1.57792258242684        9.03216842588650
C           -2.38060765239951        0.54031038035907        8.66677306042778
N           -2.67516712533830       -0.21189378472329        7.56123752608561
C           -1.74844530212831       -1.19132720517610        7.07711433093434
C           -2.34265762229460       -2.47713654001991        6.49217399367869
O           -3.17793979071344       -2.62369389256971        5.63965825051283
N           -1.66079402630433       -3.47016537927517        7.14247761968733
N           -0.86357227677708       -3.03122871126084        8.16789440199934
C           -0.90615268541713       -1.75508237651289        8.17774971290457
F            4.54064452489967        0.29230828416217        5.13216332263338
H            1.95235678493995        1.96083127145175        6.12592075402632
H           -0.04373111088674        1.24642637961831        7.35082499527070
H            2.27717127613772       -1.67610767268575        9.43856089043175
H            4.28972204284609       -0.94310777959798        8.22866404891511
H            0.01995242517031       -1.36862747763198       10.04282915841091
H           -0.22435887904226        0.80046259126250       11.27601019704154
H           -3.71296000808782        3.10765697784037       10.46219920404781
H           -4.09519904372512        1.79113566856975        8.39976107435348
H           -3.33818910961740        0.14448833424142        6.89223278824870
H           -1.07565652320324       -0.77909958285030        6.30558304330465
H           -1.80857426992351       -4.46143699818212        7.03572775023855
B            3.47424800418241       -1.45326626658589        1.91397095295840
N            3.47166844528340        1.12305753932677        1.21095069828952
B            2.58935058546278        2.35599211508437       -1.00071298082464
N            2.34733392984842       -0.65257794711484       -2.46033293223940
B            0.69709881358708       -3.54631538982347        2.96364200578924
N           -2.90734782317592       -2.62076268729036        1.93369526441088
B           -1.00732694139084        4.09243857791957        2.05289294509206
N           -0.55579977211852        0.00886268830095       -3.70013128582600
B           -0.40525345437455        1.43524461703843       -3.85233227723749
N            1.24823825368187       -3.79037515946374       -1.46663138693780
B           -3.80203441392313        2.21908708368232       -0.28231647137623
N           -2.72385866212686        2.76783555192325       -0.99506461190115
B            1.48113959892754        0.80033792306390       -4.63186680926925
N           -0.21401078685086        3.37071154306116        3.06390929201158
B            0.94775766596498       -2.88772498598106       -2.54741355213254
N           -0.44099561791763        3.76403667305979       -0.77707660955772
B           -0.79586585390259        2.19894969411876        3.51490529809295
N            1.66875541421265       -1.26529945128334        3.79083938402868
B           -0.18749234906465        3.46443230018017       -2.14499507739328
N            1.32571900138198        0.08301894290190        4.10483327637946
B           -1.54448512401436       -0.56413015364592       -2.85163117672700
N           -3.79766272151969        1.78795346740975        1.04418345667706
B            0.37500599562695        4.50409384757808        1.42059292874740
N            0.04079865064593        0.00239175409942        4.70354610748911
B           -2.68145681042278        2.23859090101623        1.82098294208397
N            3.81430345968611       -0.14045865862015       -0.48641181052170
B           -2.23588784165227       -3.62330132454619        1.25251204054722
N            1.08251928876215        3.74272666401157        2.48372722078528
B           -1.82978610512429       -0.75065396143660        3.45115854580360
N           -2.40810361314592       -3.59165997218123       -0.20961691881876
B            3.06261670530428       -1.08159780370222       -1.22533275383162
N           -3.13290365484661       -1.24181840873236       -0.16606308572760
B            2.06310163959197        2.92499832869367        1.81788235047693
N           -0.46107826838265       -2.90206614487831       -2.17683701029715
B           -1.62633860724972       -2.11476330858225       -2.25133388512503
N            0.63284272049653        3.96217779976925        0.13230974275247
B            1.15627539980246        2.94978746294918       -2.93594983320132
N            0.08726664051700       -4.34528594799455        1.98169874694031
B           -1.73901662753588        3.45519264200736       -0.18752921121854
N           -1.97818663194334        3.42402672543655        1.25211645457999
B            1.47879248767449       -4.20629294890725        1.77061275092850
N           -0.80043478390796        1.09083170380022        4.45247059902734
B           -2.63244261904335       -2.39766617941654       -0.94384018312284
N           -1.05890597332363       -4.47382450645930        1.24643565551539
B           -2.45970882235845        0.49414216274394       -1.89073120864342
N            2.37682815223957       -3.88928373997825        0.73256818179030
B            3.93623501725994       -0.20655928830999        1.00781057762184
N            1.98504433776443        1.94779077059231       -2.20721439030306
B            1.07753536277290        2.23855990491679       -4.37357899072343
N           -4.15190615823462        0.84125336211490       -0.14102968036215
B           -1.27560869919922        2.44948056167920       -2.88601052964483
N           -2.30634884095962        1.93445970244400       -2.08581729954399
B            3.09642342276937       -2.64675671330671        0.88539885187181
N            2.36846417593448       -3.67696966425998       -0.69115607666322
B            2.23064587166132        0.54921088406561        3.07463272088683
N           -2.03318905147929        0.64018101114924        3.85325508708170
B           -1.07604031039065       -4.17827488381808       -0.18708558296087
N           -3.18760328593709        0.04911678335835       -0.74657301316755
B            3.48708608216059        1.25166132508729       -0.24183473934424
N            2.59431230255785        1.63137201355705        2.19989571140657
B            1.53035363714712       -1.56669733865108       -3.24890704772801
N           -2.09207988121044        1.77760684973038        2.99757069848424
B            2.10181424071714        0.69895958501599       -2.94847039930009
N           -2.70611791933902       -1.30889212147081        2.53950121812378
B            0.72654890529824       -0.55253032077400       -4.23049545530763
N           -0.13317416443412       -3.75718892723686       -1.09453716643458
B            0.49196287229511       -2.08790597153887        3.68355717963983
N           -0.58677558877950       -1.18604693590558        4.04879121303346
B           -3.21024571016123       -1.43026331636184        1.21878625298672
N            2.67914103620277       -0.84749885599505        2.89810690534653
B            1.92187845919413        3.33749578606933        0.14674642407101
N            2.90990483073367       -2.33563409698269       -0.51129357446811
108
 energy: -224.023817778294 gnorm: 0.004459930825 xtb: 6.7.1pre (5071a88)
F            5.58550630749629        0.73136851899526        6.87524507667770
C            4.42531625698900        0.95935262362321        6.23526026202627
F            4.42711684630676        2.26433994957135        5.91018690047368
C            3.22756980182539        0.55731729681000        7.04082621735523
C            2.01058998062583        1.19276882872444        6.83003419679039
C            0.89576936170307        0.77823688849230        7.53392120341577
C            0.98338257715514       -0.26977577526407        8.44179540491064
C            2.21204237870245       -0.88285106475108        8.65865643254602
C            3.33323744445225       -0.47669852920999        7.96164783246689
C           -0.25465788295305       -0.81462647389319        9.13504999800714
C           -1.25927347627072        0.26761866041618        9.47542651117715
C           -1.05783653441753        1.01984227802009       10.62180390941391
C           -1.94063958778186        2.02781478136561       10.95212652196246
F           -1.72787959508301        2.74899378654350       12.07848497616492
C           -3.03424886450701        2.31840563460728       10.15587080148104
C           -3.24156685801516        1.57062052016160        9.01732527234361
C           -2.37390903526926        0.53152241268169        8.65968877651219
N           -2.67294272846253       -0.23605737920942        7.56543040725680
C           -1.73982185241619       -1.21051269208433        7.08480552200262
C           -2.32288094339895       -2.50507000062226        6.50684303037076
O           -3.15465318940817       -2.66275855813471        5.65268905725338
N           -1.63127133324709       -3.48789483246261        7.16148312493658
N           -0.83416330201952       -3.03665133220748        8.18153313661474
C           -0.88892219742013       -1.76094413916695        8.18521041995281
F            4.51345264232754        0.28655192433437        5.07357603226143
H            1.93288753783825        1.99926369646431        6.11877533119770
H           -0.04581442904628        1.27710240800829        7.36525150086019
H            2.29194114445112       -1.69281897951742        9.36737356932195
H            4.28495253090374       -0.95859429652145        8.13018943670278
H            0.04909231901190       -1.34877004767347       10.03983126887733
H           -0.21007098917662        0.82375109116212       11.25942215521675
H           -3.70656746622811        3.11426396199848       10.43225582757267
H           -4.09218986807970        1.77598010431462        8.38565110628103
H           -3.33250540859695        0.11910586565746        6.89173011400592
H           -1.07106907907975       -0.79774304166240        6.30978096379356
H           -1.77336201382967       -4.48080922733825        7.06215704041342
B            3.46675169535973       -1.45758002198532        1.93145843548264
N            3.46709517572875        1.11970993418846        1.23088740477058
B            2.59080246940253        2.35482805633573       -0.98153233236495
N            2.35201380917734       -0.65242762873772       -2.44398191604598
B            0.68739340830536       -3.55049187255331        2.97396504007133
N           -2.92364647140527       -2.62391454612917        1.93648240759640
B           -1.01201524644660        4.09260420125716        2.06460934166920
N           -0.54747763729968        0.01267414067404       -3.68966622581593
B           -0.39658105976441        1.43915659798079       -3.84105597095997
N            1.24817608712865       -3.78957478822683       -1.45539984289174
B           -3.80183235783764        2.22168867852683       -0.27901327374221
N           -2.72147309193965        2.77051575638830       -0.98846207726142
B            1.49234462267875        0.80318736251048       -4.61652875993301
N           -0.22217704044123        3.36912947297028        3.07667033592435
B            0.95107653145127       -2.88639582196463       -2.53659301292946
N           -0.43870795508204        3.76549097992326       -0.76436176291019
B           -0.80503433450595        2.19677103584905        3.52521948236146
N            1.65738934333563       -1.27062303938117        3.80531229457143
B           -0.18200241151814        3.46652827192700       -2.13180736862734
N            1.31419224494096        0.07763803509801        4.11936779432233
B           -1.53856087609323       -0.56048005794745       -2.84409051417708
N           -3.80210603936646        1.79077586663333        1.04744744357025
B            0.37236550903325        4.50298015332880        1.43592388516588
N            0.02669793946361       -0.00235260113386        4.71305791530027
B           -2.68712787835371        2.24035406252323        1.82685751605393
N            3.81475471039273       -0.14250788324131       -0.46655772382315
B           -2.24358853185577       -3.62185314671794        1.25466506706437
N            1.07636813801369        3.74000939315203        2.50007544308326
B           -1.84050130809413       -0.75446732880786        3.45386431386142
N           -2.41161521290880       -3.59001571587522       -0.20747496888633
B            3.06419632637445       -1.08296842189950       -1.20764137414739
N           -3.13515328822782       -1.24022591714039       -0.16331625217981
B            2.05800432589011        2.92219403188218        1.83592593524806
N           -0.45860935596600       -2.89954606962692       -2.16926297431320
B           -1.62323007375246       -2.11155070143826       -2.24579975362795
N            0.63301096351539        3.96202895846535        0.14775033311404
B            1.16325376541651        2.95130856877801       -2.92000976844838
N            0.07859405781215       -4.34677933334155        1.98936137392178
B           -1.73858287566351        3.45728652662749       -0.17810788632048
N           -1.98174601457642        3.42592030576420        1.26074569967991
B            1.47085018175630       -4.20913263212900        1.78135610235351
N           -0.81191904119936        1.08589627029711        4.45762022171385
B           -2.63286436718271       -2.39482471870293       -0.94107582122778
N           -1.06627289947415       -4.47133947285906        1.25166202610061
B           -2.45553440578770        0.49721235210134       -1.88441118172546
N            2.37192680345950       -3.89257871088651        0.74579052136016
B            3.93160914406020       -0.20996112602748        1.02799949900964
N            1.98936900521721        1.94808217422551       -2.18987339527617
B            1.08772053650546        2.24134815649443       -4.35839895335850
N           -4.15227353001622        0.84379764359585       -0.13979068358037
B           -1.26893012243742        2.45278887258298       -2.87618330376348
N           -2.30146484824880        1.93749380242059       -2.07838228663980
B            3.09246578078590       -2.65081838459657        0.90174510656103
N            2.36677927946146       -3.67813838642472       -0.67758641256766
B            2.21865477967444        0.54411224945241        3.08864394582407
N           -2.04310776177690        0.63666968988340        3.85534689755783
B           -1.07941717197417       -4.17667744016639       -0.18190872138458
N           -3.18640389283337        0.05174634435691       -0.74206567246175
B            3.48620418750763        1.24924056572798       -0.22163380370292
N            2.58645653150651        1.62720072221696        2.21724207131832
B            1.53634533001556       -1.56518894349432       -3.23547120607208
N           -2.10103365637449        1.77714400866681        3.00398970308648
B            2.10813999305964        0.69966250569544       -2.93158397622743
N           -2.71858195845272       -1.31221523327038        2.54328003851253
B            0.73563626143965       -0.54925524477969       -4.21771503951038
N           -0.13398053154468       -3.75503220753953       -1.08626204400621
B            0.48001043949263       -2.09252985024607        3.69378013996009
N           -0.59942578536440       -1.19063883192456        4.05505693657085
B           -3.21851993593653       -1.43130485298121        1.22102141564472
N            2.66762589649310       -0.85239044461329        2.91241157276481
B            1.92160263580467        3.33646621063881        0.16487519085642
N            2.90901156497408       -2.33750644434592       -0.49491092977793
108
 energy: -224.023991832912 gnorm: 0.004948194678 xtb: 6.7.1pre (5071a88)
F            5.57303695177349        0.77218161235520        6.82615465617463
C            4.40893637113335        0.97604477899247        6.18531129675179
F            4.39482341306566        2.27547510067660        5.83750137491229
C            3.21842881509950        0.57221195541949        6.99961911074665
C            2.00346283052881        1.21858280329874        6.81716720227223
C            0.89550211674415        0.79862029186993        7.52932745308390
C            0.98857388380615       -0.26428088540349        8.41900155133967
C            2.21471963980487       -0.89208085964446        8.60467800718330
C            3.32784911235484       -0.48217114694108        7.89771896290393
C           -0.24073152517695       -0.80999426961619        9.12721929198209
C           -1.24871047765385        0.26947945943523        9.46542610187338
C           -1.04514871179270        1.03044311825628       10.60548718201330
C           -1.92843177616398        2.03999465293199       10.93053206132617
F           -1.71247037343038        2.76971401009433       12.05082512258688
C           -3.02432288760262        2.32363888097905       10.13474061548459
C           -3.23452692162410        1.56562169970805        9.00336718652565
C           -2.36706388528610        0.52441665542305        8.65171355114457
N           -2.67004844399007       -0.25452778966902        7.56622674871392
C           -1.73389200181798       -1.22781510483721        7.09007039896850
C           -2.30779673645642       -2.52931036474353        6.51732130879434
O           -3.13559845029192       -2.69546061865463        5.66055036702288
N           -1.60808221767586       -3.50363478033810        7.17543316163351
N           -0.81018650213954       -3.04246068487990        8.19014742139619
C           -0.87575048651267       -1.76721538822250        8.18954778546060
F            4.50358033402202        0.28330960390700        5.03621388268884
H            1.92153776358633        2.03869065248084        6.12166432096005
H           -0.04486316182516        1.30580186272082        7.38093347257988
H            2.29824564597757       -1.71664176885991        9.29614710378759
H            4.27712769496009       -0.97618255842110        8.04167790832723
H            0.07382924769135       -1.33364288751429       10.03410984796670
H           -0.19529321356438        0.84108180571389       11.24257445931002
H           -3.69650635315227        3.12167456667206       10.40529244573086
H           -4.08748610243330        1.76546133112421        8.37282269890047
H           -3.32565890564602        0.10170556760186        6.88841929204645
H           -1.06736893033808       -0.81660042468665        6.31174868531438
H           -1.74319707432565       -4.49787084178632        7.07956424966107
B            3.45874399174520       -1.46174634351413        1.94602121719752
N            3.46183229974714        1.11643180113380        1.24815539979973
B            2.59264428699903        2.35449414553691       -0.96490542510068
N            2.35479666020143       -0.65226335968607       -2.43040145107858
B            0.67859306464849       -3.55470947430110        2.98273754891749
N           -2.93671237218155       -2.62595703433490        1.93855746102227
B           -1.01642122352911        4.09169944304396        2.07568941337444
N           -0.54092114950487        0.01616150463485       -3.68072835097348
B           -0.38940212530207        1.44281626452212       -3.83143617272544
N            1.24747279771883       -3.78964879131844       -1.44677611773057
B           -3.80159882476837        2.22403055336060       -0.27596594107052
N           -2.71941387902333        2.77276119504235       -0.98256996988090
B            1.50111510545925        0.80590825841781       -4.60331278315245
N           -0.22977601237067        3.36729956900180        3.08950210099273
B            0.95325057669956       -2.88550572441100       -2.52798295162167
N           -0.43696382038867        3.76707620867994       -0.75331808030996
B           -0.81300885444602        2.19365420850835        3.53475289756584
N            1.64671724922147       -1.27582176715124        3.81806894666543
B           -0.17752987190782        3.46838290173272       -2.12025653006842
N            1.30343170896493        0.07242179793318        4.13251318602878
B           -1.53396785570613       -0.55714859596051       -2.83767130525412
N           -3.80573478238351        1.79252813921318        1.05019165358511
B            0.36929994144353        4.50141635018650        1.44950199677109
N            0.01436281783211       -0.00698041665745        4.72239982367479
B           -2.69185298421661        2.24023225264161        1.83236013297520
N            3.81291535431360       -0.14437443877174       -0.44963342252930
B           -2.25007199492287       -3.62042567474850        1.25649863122164
N            1.06994298206101        3.73659886867001        2.51398519298055
B           -1.85002974715523       -0.75819213804989        3.45732192825072
N           -2.41454685855057       -3.58820557636063       -0.20568129978906
B            3.06416287963983       -1.08439919395605       -1.19289399592486
N           -3.13735982553380       -1.23863067437785       -0.16114469885246
B            2.05276971804839        2.91933908893490        1.85189241206330
N           -0.45717087750005       -2.89789810611219       -2.16354936669171
B           -1.62090344376600       -2.10872198778446       -2.24126387397369
N            0.63314570304263        3.96264631910194        0.16096117420662
B            1.16920290196481        2.95257922304382       -2.90581887891602
N            0.07070500705855       -4.34897545898295        1.99602857353254
B           -1.73802099707194        3.45862328441779       -0.16953577887116
N           -1.98425345188509        3.42603230391228        1.26863728412402
B            1.46358653830815       -4.21240839331857        1.79055477810601
N           -0.82227558629579        1.08114194465168        4.46399456684475
B           -2.63342550879149       -2.39217446697792       -0.93879835865203
N           -1.07278924061323       -4.46939910999438        1.25580723297330
B           -2.45251967143615        0.50001926646050       -1.87910765509296
N            2.36639244835248       -3.89552477924498        0.75658451752262
B            3.92588345939975       -0.21323126509421        1.04510155926526
N            1.99361956943110        1.94862180078976       -2.17473237987406
B            1.09604550127635        2.24397937485480       -4.34496170736768
N           -4.15315027701749        0.84619669522828       -0.13832412170232
B           -1.26352258112323        2.45590804477089       -2.86777738849247
N           -2.29757556999906        1.94032375577404       -2.07207763407284
B            3.08782432141726       -2.65459809784759        0.91512836462568
N            2.36449314675481       -3.67968213697029       -0.66650281186797
B            2.20686954232655        0.53919116885204        3.10066599867901
N           -2.05239096507012        0.63321816693875        3.85942539723772
B           -1.08248281490775       -4.17545389582763       -0.17775892143060
N           -3.18587046045312        0.05416357076793       -0.73843300501034
B            3.48555134584589        1.24746478801824       -0.20425434058417
N            2.57860803873065        1.62303902540381        2.23230148844721
B            1.54055595164579       -1.56397176412234       -3.22452317511182
N           -2.10833514064570        1.77504141393244        3.00968174168817
B            2.11313999942532        0.70067467052158       -2.91704361233180
N           -2.72859389928422       -1.31430665712619        2.54612006529806
B            0.74254618659259       -0.54636399299904       -4.20708602489213
N           -0.13536232144287       -3.75421075182186       -1.08035599726885
B            0.46891178184384       -2.09718116600197        3.70270389687419
N           -0.61107131051662       -1.19555072505198        4.06131662964514
B           -3.22513668930348       -1.43172188232583        1.22273551139694
N            2.65615326214043       -0.85710881535997        2.92426003117238
B            1.92102566694605        3.33575328216238        0.18066488673609
N            2.90733350013553       -2.33963902942989       -0.48160540080666
108
 energy: -224.024217550980 gnorm: 0.005759237642 xtb: 6.7.1pre (5071a88)
F            5.56205904236291        0.83350000434434        6.80012485678346
C            4.39795668245224        1.00030358563534        6.14749424065339
F            4.35979669862488        2.29156757174058        5.77142362170541
C            3.21121300013125        0.58926470645442        6.96243184841739
C            1.99968916721155        1.24871293511822        6.81123115503982
C            0.89680685725622        0.82063904837087        7.52801914309971
C            0.99293122496724       -0.26141122122975        8.39375361888846
C            2.21414546354272       -0.90828705680620        8.54348282938985
C            3.32069258539105       -0.49178503113579        7.83005762050013
C           -0.22753518685478       -0.80787109350658        9.11659550260104
C           -1.23756487271892        0.26984014582641        9.45346095069667
C           -1.02981289155702        1.03930014781941       10.58680515105000
C           -1.91182148874844        2.05202749407617       10.90658382574511
F           -1.69043749643316        2.79049537000123       12.02028927836054
C           -3.01021720064562        2.32986773285589       10.11224029920593
C           -3.22498745554015        1.56190323447522        8.98831230891883
C           -2.35909861269866        0.51772651393799        8.64167748263950
N           -2.66607100980305       -0.27011624217141        7.56349212438860
C           -1.72964274789354       -1.24611860576432        7.09362246113135
C           -2.29539796935765       -2.55362058133896        6.52567836107385
O           -3.11933268146504       -2.72709154743084        5.66617790419450
N           -1.58771602324126       -3.52003080477674        7.18659386876779
N           -0.78790267684012       -3.04971570818553        8.19514928508960
C           -0.86448671749127       -1.77500835543867        8.19144353843649
F            4.51549672157218        0.28277552298988        5.01587580259550
H            1.91644736508045        2.08597002749955        6.13613024281901
H           -0.04122960811776        1.33812391037203        7.40270023169662
H            2.29699123447880       -1.75210724429813        9.21198728405103
H            4.26614815994692       -0.99940912915277        7.94626043381637
H            0.09812277743070       -1.32114303095449       10.02502186713977
H           -0.17748803107479        0.85543124922962       11.22237019098249
H           -3.68116904635038        3.13072669480408       10.37753976682786
H           -4.08018686741686        1.75773421520740        8.35938782094266
H           -3.31676022660009        0.08897876591881        6.88160118346613
H           -1.06397037818186       -0.83852307502272        6.31182811193904
H           -1.71273341595108       -4.51554725528473        7.09027498947191
B            3.44899674995938       -1.46650877169619        1.96022630210429
N            3.45482546483796        1.11253805499403        1.26564820272029
B            2.59525575569833        2.35500535118305       -0.94808267804173
N            2.35588752417669       -0.65202719875902       -2.41753379731946
B            0.66879603178874       -3.55956097769866        2.99094722453344
N           -2.94749249667464       -2.62663100177529        1.93972553894021
B           -1.02133885268237        4.08933538437558        2.08795449679419
N           -0.53529531957895        0.01991945135657       -3.67218096177414
B           -0.38262663193257        1.44683862726141       -3.82211292656555
N            1.24581597614762       -3.79067890481515       -1.43967565079468
B           -3.80139427341355        2.22661163248396       -0.27287458686484
N           -2.71741906728969        2.77502095638350       -0.97659148020738
B            1.50865423537993        0.80907971804234       -4.59012564207470
N           -0.23805454980321        3.36476918614849        3.10469338697641
B            0.95443663282106       -2.88487834157021       -2.52043062972033
N           -0.43551303033176        3.76903734231625       -0.74216154549851
B           -0.82124944849552        2.18892869731241        3.54494236730665
N            1.63515776035889       -1.28180548274698        3.83142651654533
B           -0.17333558141077        3.47034168817182       -2.10849008194886
N            1.29189647161049        0.06649687431699        4.14685793874027
B           -1.53014267871360       -0.55357115511679       -2.83159440715910
N           -3.80901098309464        1.79325269655929        1.05259931985279
B            0.36523116393212        4.49901316067870        1.46356340338140
N            0.00182049018063       -0.01232301255868        4.73307598220026
B           -2.69638691149847        2.23789162285583        1.83826059355975
N            3.80803586172904       -0.14641186130367       -0.43287751433714
B           -2.25653744576482       -3.61901239711140        1.25803584249625
N            1.06212542505611        3.73176817962516        2.52772962254300
B           -1.86011675664742       -0.76213702866623        3.46226788686471
N           -2.41753505690613       -3.58588289869723       -0.20432348379849
B            3.06216410569890       -1.08609560702947       -1.17879367815853
N           -3.14010365288905       -1.23662881900185       -0.15964685742693
B            2.04648106145365        2.91575978094844        1.86853161191320
N           -0.45676398696035       -2.89697813899236       -2.15914563670717
B           -1.61920428342736       -2.10589484228177       -2.23740699992387
N            0.63324496593070        3.96408975644532        0.17412958228520
B            1.17513173748772        2.95385647251583       -2.89097229744604
N            0.06194078589188       -4.35238506670902        2.00245156674085
B           -1.73723885968666        3.45933573168495       -0.16050387083474
N           -1.98605310346155        3.42405841141029        1.27705591806341
B            1.45545638516939       -4.21677583107628        1.79949111941215
N           -0.83342141124443        1.07594868068391        4.47331510940735
B           -2.63444087375523       -2.38930957641114       -0.93703952850829
N           -1.07977020178526       -4.46814693955529        1.25909750175569
B           -2.45047439464703        0.50313839309758       -1.87438468746089
N            2.35893531428776       -3.89844846321035        0.76657215366593
B            3.91795425133112       -0.21701106822186        1.06188440340829
N            1.99847515616485        1.94946493126634       -2.15925711822523
B            1.10389814489938        2.24703536810525       -4.33103360811700
N           -4.15491820832930        0.84899074670652       -0.13656325687698
B           -1.25847291745517        2.45944000770169       -2.85955261122644
N           -2.29415482344203        1.94354822083308       -2.06616228882858
B            3.08137734870475       -2.65858116181985        0.92763518195859
N            2.36095047774302       -3.68183932233771       -0.65625152678749
B            2.19427712190307        0.53370564496389        3.11358591727095
N           -2.06286961968924        0.62942530995607        3.86672863982975
B           -1.08601379638359       -4.17452530433087       -0.17436184718091
N           -3.18628364594996        0.05684681275387       -0.73562024802077
B            3.48502683740740        1.24611428331211       -0.18678214895784
N            2.56966015485895        1.61810469270921        2.24790568944824
B            1.54344907284074       -1.56278462135827       -3.21448538660835
N           -2.11513577547294        1.77072534331795        3.01553834976710
B            2.11752158743746        0.70222372465401       -2.90258549502337
N           -2.73741815949923       -1.31499377575416        2.54802388509432
B            0.74822215480596       -0.54331351804879       -4.19711817748488
N           -0.13779082506920       -3.75488065920298       -1.07636086109645
B            0.45684296728271       -2.10243208501370        3.71133266046113
N           -0.62357601431260       -1.20134739005149        4.06817131847242
B           -3.23105038333772       -1.43126320838414        1.22378027467392
N            2.64341260000155       -0.86240422098643        2.93623378410378
B            1.91996861103278        3.33508539398767        0.19680260642339
N            2.90434425957582       -2.34238157275100       -0.46936658527780
108
 energy: -224.024464147197 gnorm: 0.006720751910 xtb: 6.7.1pre (5071a88)
F            5.55233995096415        0.91458755054071        6.79727589030083
C            4.39303112289026        1.03024369621712        6.12027937008788
F            4.32465504292431        2.30998589058825        5.70956091487867
C            3.20578176941852        0.60722114190088        6.92953157351730
C            1.99903856140902        1.28143955349623        6.81140492715658
C            0.89974505358167        0.84339605966359        7.52898314207449
C            0.99703054526059       -0.26073123224248        8.36601031634786
C            2.21122783564738       -0.92936387775090        8.47650160010101
C            3.31270693297056       -0.50360973335064        7.76110708171475
C           -0.21477173479377       -0.80757063887434        9.10377273036054
C           -1.22578073949077        0.26923619539799        9.44003510859748
C           -1.01202113960432        1.04741680415180       10.56623684501749
C           -1.89181019835150        2.06403189362179       10.88099343015027
F           -1.66364191343198        2.81187919160875       11.98745426553993
C           -2.99362175373302        2.33605578415117       10.08936048371021
C           -3.21422116817327        1.55856303159094        8.97292810819973
C           -2.35046711185806        0.51118937777690        8.63023349127441
N           -2.66164674401601       -0.28343248511158        7.55771581419479
C           -1.72672901376121       -1.26501493931883        7.09511473686114
C           -2.28634285286253       -2.57751975675696        6.53295109514736
O           -3.10947947570427       -2.75808943079861        5.67363516389586
N           -1.57034811114192       -3.53696440150590        7.19553679152478
N           -0.76730512041165       -3.05807803397692        8.19721243002431
C           -0.85454474166674       -1.78386880601361        8.19090710969107
F            4.55089928091981        0.28260558444882        5.01112280826058
H            1.91691987777859        2.13782119988024        6.16012722823331
H           -0.03506143927304        1.37245391472431        7.42917704589551
H            2.28925504817876       -1.79539841085838        9.11746852441317
H            4.25377872858288       -1.02583548946394        7.84608458646747
H            0.12195418962080       -1.31113529368880       10.01342686119585
H           -0.15634275094227        0.86833347384720       11.19886123068762
H           -3.66282129960023        3.13974294372572       10.35064041718883
H           -4.07200899453629        1.75077219873489        8.34605898097542
H           -3.30785863227613        0.07796808152251        6.87220029050932
H           -1.06132055267488       -0.86183816565072        6.30987533887337
H           -1.68246947788628       -4.53378746057572        7.09581658483891
B            3.43852607930946       -1.47167172415088        1.97452225455850
N            3.44636499134203        1.10795722318005        1.28325738560172
B            2.59854449998725        2.35618431303151       -0.93120236386834
N            2.35530014835006       -0.65164428656897       -2.40548339563680
B            0.65765309017731       -3.56458257879421        2.99794020300067
N           -2.95448899682038       -2.62537097573589        1.93938286789433
B           -1.02669318207495        4.08564665959709        2.10088380254945
N           -0.53087889378820        0.02384524739091       -3.66469146172917
B           -0.37626263166479        1.45104661447182       -3.81328726177959
N            1.24309647983201       -3.79235829997512       -1.43414075821596
B           -3.80143287127400        2.22946908452549       -0.27007606502423
N           -2.71565333108238        2.77735783409370       -0.97084488774441
B            1.51486731804727        0.81274464272734       -4.57718685971392
N           -0.24669778166466        3.36154504193858        3.12156183320569
B            0.95447941585964       -2.88430015914216       -2.51402707474906
N           -0.43436450524429        3.77108374894825       -0.73098506719145
B           -0.82987969691361        2.18299093033942        3.55526783394852
N            1.62363140228200       -1.28831185385508        3.84558435181846
B           -0.16938054746372        3.47235363148605       -2.09667319062011
N            1.28043839234378        0.06017809577187        4.16262523429552
B           -1.52752900592029       -0.54985945727694       -2.82662518980489
N           -3.81178769034668        1.79280771852930        1.05436345204322
B            0.36041897321587        4.49583362523528        1.47788172078562
N           -0.01060315154302       -0.01821056819838        4.74446035920222
B           -2.70072884781166        2.23358911444133        1.84416680677046
N            3.80043416520223       -0.14863028159317       -0.41636211917780
B           -2.26326012603295       -3.61814601461962        1.25889572519940
N            1.05338156648024        3.72578304509767        2.54132937662160
B           -1.87057257258241       -0.76561135295818        3.46828252988800
N           -2.42097350801612       -3.58328288381249       -0.20391673542611
B            3.05817854575602       -1.08781359540229       -1.16541154320882
N           -3.14363238531555       -1.23419494043419       -0.15935721117163
B            2.03948145842799        2.91134566791161        1.88577701881473
N           -0.45757660340262       -2.89663279815143       -2.15619242457420
B           -1.61843048869676       -2.10308172872253       -2.23459937678847
N            0.63320740364000        3.96580208159447        0.18730141878443
B            1.18106494806432        2.95524964797076       -2.87560136877822
N            0.05202013146456       -4.35680002980275        2.00806271512667
B           -1.73638062823078        3.45945049984599       -0.15137318113031
N           -1.98733723773877        3.42020766858921        1.28574644162436
B            1.44618383561092       -4.22203079607246        1.80779972966524
N           -0.84529649576046        1.07082656959950        4.48564464896504
B           -2.63636677198818       -2.38650573878310       -0.93632972745404
N           -1.08748054462971       -4.46827947011110        1.26099809849986
B           -2.44957077928447        0.50655734890321       -1.87074829219642
N            2.34960429018528       -3.90098778000745        0.77574917915496
B            3.90852752819429       -0.22126853917899        1.07829189415207
N            2.00366896394475        1.95048217549663       -2.14355357816327
B            1.11150892609064        2.25059763185665       -4.31680531137371
N           -4.15766164419767        0.85221770031598       -0.13488002875846
B           -1.25369404147330        2.46331566832297       -2.85166047195521
N           -2.29128057567321        1.94717286684689       -2.06098095797539
B            3.07302860135556       -2.66226394142972        0.93934042878319
N            2.35602812964061       -3.68424811835001       -0.64686414921291
B            2.18312376175172        0.52799633099045        3.12876462189366
N           -2.07445005350841        0.62568498662693        3.87699561488005
B           -1.09042192480931       -4.17403261294127       -0.17219767351838
N           -3.18797868900607        0.05974528270345       -0.73427517343883
B            3.48466421256615        1.24518517355005       -0.16923442571066
N            2.56052777692820        1.61257098919760        2.26449745855312
B            1.54497139806738       -1.56148854901451       -3.20548150985716
N           -2.12147287784077        1.76463956017598        3.02144141074978
B            2.12109422206915        0.70423348227217       -2.88841445301096
N           -2.74464626223807       -1.31391085099185        2.54854744702654
B            0.75262766064988       -0.54009410574740       -4.18815605297615
N           -0.14142658360460       -3.75696500680102       -1.07447611788346
B            0.44450939015875       -2.10769122836718        3.71898357631517
N           -0.63618526192624       -1.20716754057124        4.07448651716740
B           -3.23624595231670       -1.42968758285417        1.22367203196542
N            2.63148825658861       -0.86795734496840        2.94976887941189
B            1.91841349112729        3.33405634377407        0.21326047117884
N            2.89991571323795       -2.34537792335458       -0.45815119822795
108
 energy: -224.024659648731 gnorm: 0.006727049933 xtb: 6.7.1pre (5071a88)
F            5.53975353950264        0.98890555303494        6.81339149916149
C            4.39277318187076        1.05824207637932        6.10561415626342
F            4.29664571799019        2.32519375792972        5.67145133472196
C            3.20192327706253        0.61848517441320        6.89882146117660
C            2.00027420301127        1.30750839535809        6.81118203568174
C            0.90345958322045        0.86237280716347        7.53013994971209
C            1.00069172395240       -0.26081918483784        8.34097069398466
C            2.20774592067294       -0.94858792623847        8.41615596433848
C            3.30593122418783       -0.51694614741226        7.69752614260123
C           -0.20396203950079       -0.80806183377443        9.09131388100826
C           -1.21543909364217        0.26803396561851        9.42789039832776
C           -0.99623596277525        1.05334549194024       10.54802816080763
C           -1.87386899130784        2.07298221057708       10.85914836275841
F           -1.64019267622026        2.82888740013553       11.95913112737293
C           -2.97866981917057        2.34025306549229       10.07064069600095
C           -3.20433934364164        1.55575172549152        8.96021073559527
C           -2.34253828433103        0.50581199780654        8.62014867825404
N           -2.65737072466259       -0.29320318133134        7.55147755220280
C           -1.72432231970257       -1.28006501712886        7.09434030301728
C           -2.28154266278975       -2.59542218427661        6.53876043653334
O           -3.10839267424508       -2.78206759832982        5.68424890445425
N           -1.55871679626156       -3.55029950982894        7.20121797906262
N           -0.75209346580081       -3.06509168670933        8.19691782200140
C           -0.84654227472718       -1.79138544941267        8.18823690542768
F            4.60262969707418        0.29327356022733        5.01784554818264
H            1.92004751449516        2.18156009563214        6.18343203408231
H           -0.02809784258681        1.40180819953753        7.45408174827459
H            2.27964306125404       -1.83253784142755        9.03320833120151
H            4.24285542618473       -1.04832613193668        7.75800256566395
H            0.14167892709052       -1.30478593045542       10.00142228751740
H           -0.13727630156906        0.87779701623741       11.17697871313828
H           -3.64599493613377        3.14612538943991       10.32983909763234
H           -4.06387867178756        1.74513971297799        8.33508482097001
H           -3.30095539219939        0.06792692671148        6.86354713420597
H           -1.05940000094013       -0.88013735537201        6.30665527435174
H           -1.65970048072666       -4.54787905230213        7.09800366061560
B            3.43025816259615       -1.47619703475912        1.98678949295676
N            3.43881050004019        1.10351732383717        1.29785836557856
B            2.60131406491149        2.35711228049524       -0.91704972741751
N            2.35378970559931       -0.65120481235666       -2.39585023444881
B            0.64733087768558       -3.56852159504906        3.00240185062849
N           -2.95664613671937       -2.62280037770496        1.93783386749191
B           -1.03126827533501        4.08192648331381        2.11180249910473
N           -0.52836358736473        0.02705733252203       -3.65931068825588
B           -0.37149820134403        1.45441971341030       -3.80602232418942
N            1.23993466093032       -3.79378534059482       -1.43029448929120
B           -3.80192495635252        2.23188166716787       -0.26766512887995
N           -2.71463400095658        2.77929595550993       -0.96597702636325
B            1.51894343751762        0.81607020341213       -4.56654002119421
N           -0.25365504931739        3.35830944414639        3.13593703949186
B            0.95351017636670       -2.88361860068243       -2.50923621227415
N           -0.43371611525809        3.77233225890988       -0.72130644870209
B           -0.83731097273814        2.17772287238576        3.56372174245100
N            1.61511089984160       -1.29401252794183        3.85819686595826
B           -0.16642247439812        3.47392762559939       -2.08655158766167
N            1.27177658218052        0.05482433499240        4.17663141497013
B           -1.52650517066977       -0.54685266895674       -2.82331470333207
N           -3.81365973781410        1.79151161855987        1.05572709757569
B            0.35630996301336        4.49273311847256        1.49007919113980
N           -0.02049684884771       -0.02350467430848        4.75364312776407
B           -2.70423663645681        2.22918144790081        1.84916009604857
N            3.79302811884783       -0.15074615009832       -0.40278596709778
B           -2.26936347126050       -3.61843600796786        1.25895404509207
N            1.04618424119108        3.72037786940960        2.55296065177738
B           -1.87920406907673       -0.76763280194990        3.47350304892453
N           -2.42468516381824       -3.58139117367069       -0.20447516137737
B            3.05368120671112       -1.08910361987677       -1.15466847456004
N           -3.14741340396985       -1.23207983821177       -0.16009133418507
B            2.03363762982047        2.90702837117033        1.90052698910186
N           -0.45932204165210       -2.89654900390971       -2.15448370825285
B           -1.61887385941971       -2.10095333697026       -2.23310567865844
N            0.63286803763670        3.96653699189859        0.19871876999070
B            1.18570908394179        2.95651663300336       -2.86233988664121
N            0.04279529122767       -4.36085697217906        2.01169630106715
B           -1.73590374543943        3.45910876656740       -0.14361914898708
N           -1.98841656290260        3.41617045860936        1.29331956777167
B            1.43749622554114       -4.22686019678089        1.81392453629237
N           -0.85530441728869        1.06692702835222        4.49768048964028
B           -2.63907718225523       -2.38461845068524       -0.93665289278833
N           -1.09466568424689       -4.47005155000210        1.26138438226517
B           -2.44996549865224        0.50950090508479       -1.86855767874169
N            2.34083021552377       -3.90275043181982        0.78290307970547
B            3.90064533678687       -0.22523986394984        1.09171740455662
N            2.00765880500992        1.95122902121835       -2.13026975744683
B            1.11765780098178        2.25389714184791       -4.30464494410701
N           -4.16064369759638        0.85501465119098       -0.13343670313768
B           -1.25002742822761        2.46659370262620       -2.84497514676201
N           -2.28951355553590        1.95036092375015       -2.05695664188478
B            3.06479258506958       -2.66482808111328        0.94869650221154
N            2.35090873911404       -3.68610747865884       -0.63956091795514
B            2.17629713659609        0.52306056245863        3.14343839042002
N           -2.08445142414762        0.62287173536688        3.88710708417912
B           -1.09516617454814       -4.17411172154390       -0.17142463978015
N           -3.19065825173376        0.06208768170352       -0.73429537412630
B            3.48432323015798        1.24438062648518       -0.15453556649216
N            2.55360681432928        1.60763641924649        2.27920712894394
B            1.54521708107003       -1.56018772681815       -3.19846337323649
N           -2.12654659545550        1.75909927842348        3.02676058282402
B            2.12322974212757        0.70602059091510       -2.87682133396780
N           -2.74922083063528       -1.31173129786455        2.54782470291668
B            0.75531090571803       -0.53729917259130       -4.18133447403884
N           -0.14544362489073       -3.75931270510656       -1.07400558394901
B            0.43492354770883       -2.11173830534080        3.72428758742792
N           -0.64578158602718       -1.21131869564077        4.07811613777948
B           -3.24030049515216       -1.42767529640750        1.22267084567216
N            2.62399245933552       -0.87268859027880        2.96325920447074
B            1.91676852908853        3.33246479571958        0.22729628789257
N            2.89511389046189       -2.34773122495365       -0.44928878824417
108
 energy: -224.024751686466 gnorm: 0.003654160566 xtb: 6.7.1pre (5071a88)
F            5.53594475306326        0.99724802794308        6.81911458541618
C            4.39321712614913        1.05880939664550        6.10500740228416
F            4.29821971979346        2.32213000258239        5.66280427467847
C            3.19969711286016        0.61638374876240        6.89567799097244
C            1.99872836044864        1.30491612351120        6.80850286910835
C            0.90442767891539        0.86193867901423        7.53046327631800
C            1.00213163748920       -0.26106933740033        8.34033390321451
C            2.20863823129146       -0.94802106808031        8.41363989787460
C            3.30596138084891       -0.51601005897780        7.69552606535637
C           -0.20293758137877       -0.80812601818156        9.09013983684180
C           -1.21445660860164        0.26796780502014        9.42678656071000
C           -0.99551176023058        1.05369936432178       10.54679154000246
C           -1.87364477711047        2.07230630210493       10.85869776227399
F           -1.63996574089978        2.82960892009267       11.95738503737531
C           -2.97884951936565        2.33887444680549       10.07065257474262
C           -3.20439565264404        1.55468597112764        8.96004327020591
C           -2.34223487249445        0.50514385134175        8.62007081388518
N           -2.65764495195884       -0.29448513569807        7.55217999985063
C           -1.72415762144251       -1.27927743327794        7.09262116547840
C           -2.28337765106112       -2.59436609863043        6.53918080451201
O           -3.11453138774361       -2.78269006077252        5.68994978213061
N           -1.55980953871488       -3.54978062160547        7.20002108513946
N           -0.75238596262787       -3.06490335002571        8.19551371660831
C           -0.84551899943904       -1.79105885249152        8.18621955781080
F            4.61133695286526        0.29142079913869        5.02043466455307
H            1.91751389113038        2.17831885120638        6.18128543670884
H           -0.02625983233218        1.40180747097167        7.45695129678153
H            2.28214700804471       -1.83098819598755        9.03022813253190
H            4.24297743441170       -1.04793310105588        7.75349667647233
H            0.14189875260358       -1.30633128439183       10.00009921020312
H           -0.13591051128835        0.87906389587092       11.17481470138056
H           -3.64596075252996        3.14478621289543       10.33025749681806
H           -4.06401174032558        1.74317887601982        8.33500314032755
H           -3.30346701841160        0.06301713510316        6.86545002917087
H           -1.06109613563887       -0.87823035592510        6.30464533731455
H           -1.66309312245410       -4.54723780038135        7.09948892366127
B            3.43156235849075       -1.47575588215013        1.98802071600962
N            3.43886616015783        1.10352450056070        1.29836153506786
B            2.60100903145750        2.35704065226663       -0.91632593535838
N            2.35407298792561       -0.65080555017914       -2.39505620002287
B            0.64709168340042       -3.56802027020829        3.00214917415425
N           -2.95587044008250       -2.62295798997128        1.93755738438457
B           -1.03161297700915        4.08233801453889        2.11173747386821
N           -0.52859481559640        0.02692274112471       -3.65950079134850
B           -0.37144719998770        1.45418101981186       -3.80534285347552
N            1.23995941930425       -3.79288738917397       -1.42942388604668
B           -3.80244516560485        2.23154937024130       -0.26751070073089
N           -2.71505576242587        2.77917120011444       -0.96566678124304
B            1.51902163810340        0.81633549673877       -4.56594115507776
N           -0.25369679631896        3.35835315477353        3.13534416738553
B            0.95351892999569       -2.88305949870355       -2.50853749066281
N           -0.43400848871074        3.77177198277045       -0.72047949725526
B           -0.83796066285193        2.17842264550010        3.56375914324056
N            1.61622625248671       -1.29374221083103        3.85906875756403
B           -0.16657809687303        3.47387918019478       -2.08583429369516
N            1.27240004156636        0.05516777776812        4.17695565406168
B           -1.52707440473301       -0.54708890159434       -2.82388879271653
N           -3.81382909971070        1.79119608423993        1.05597208633138
B            0.35633066954285        4.49290679024877        1.49074119421992
N           -0.02055520575765       -0.02351974534279        4.75287530795965
B           -2.70468336798582        2.22981439257736        1.84919411978964
N            3.79394161564878       -0.15048453061802       -0.40208087045991
B           -2.27007772703918       -3.61960321377197        1.25875425683814
N            1.04650268600045        3.72098119709970        2.55414456091285
B           -1.87908750549487       -0.76726701033937        3.47279464845686
N           -2.42539025779333       -3.58220605248440       -0.20478213162600
B            3.05387262439403       -1.08843831259964       -1.15384336872270
N           -3.14770647736263       -1.23247900167566       -0.16023752976656
B            2.03372854523769        2.90709586809324        1.90122584325469
N           -0.45934602265641       -2.89607872003554       -2.15386933399851
B           -1.61916829266451       -2.10095052895260       -2.23292873543586
N            0.63226322687736        3.96550548164982        0.19981564497500
B            1.18557657785009        2.95683109352874       -2.86159938217520
N            0.04256588238673       -4.36033183901412        2.01137525514483
B           -1.73651063533243        3.45912460164732       -0.14336551219483
N           -1.98932293097424        3.41679376265253        1.29364295875045
B            1.43727020160601       -4.22651097262920        1.81389588018533
N           -0.85546280542740        1.06714737802872        4.49726154604804
B           -2.63969758059166       -2.38531089313150       -0.93687968816364
N           -1.09494847388570       -4.47079487059793        1.26118764494204
B           -2.44992908498863        0.50927115104526       -1.86844392456730
N            2.34125889683255       -3.90228519802219        0.78359956883821
B            3.90183261033276       -0.22496411179596        1.09248872057699
N            2.00721565177536        1.95131663784162       -2.12954163435431
B            1.11802313511638        2.25418978842627       -4.30392102322998
N           -4.16065617524182        0.85460517342254       -0.13351636423458
B           -1.24993915059939        2.46641636184349       -2.84427616822427
N           -2.28958918083759        1.95015168775506       -2.05654862197894
B            3.06470835489741       -2.66397824280727        0.94961975624940
N            2.35094220088745       -3.68525895586478       -0.63884600253419
B            2.17833614758622        0.52334121959340        3.14528388504593
N           -2.08435291517505        0.62293046561047        3.88610978358397
B           -1.09563853336580       -4.17427860971749       -0.17153824909396
N           -3.19088317326349        0.06168254734829       -0.73438840764581
B            3.48428878283840        1.24455041521948       -0.15374339221840
N            2.55433848655582        1.60799899585464        2.28035475000101
B            1.54543206100056       -1.55970303387627       -3.19769496268301
N           -2.12721439973365        1.75994026790746        3.02721890763281
B            2.12313985431549        0.70618138419688       -2.87622425288018
N           -2.74926357749427       -1.31223217042045        2.54784447358002
B            0.75556214848832       -0.53707516164081       -4.18094360136590
N           -0.14546270375429       -3.75871824017772       -1.07330742312830
B            0.43600544240619       -2.11121274149872        3.72412774705796
N           -0.64469651768223       -1.21039859026328        4.07665985916232
B           -3.24078130770604       -1.42799615516182        1.22254458902654
N            2.62661968346752       -0.87229690804487        2.96589255992387
B            1.91654034742192        3.33211711854569        0.22813088364805
N            2.89489627515959       -2.34685420481175       -0.44826929831316
108
 energy: -224.024841780084 gnorm: 0.002564814639 xtb: 6.7.1pre (5071a88)
F            5.52806768352776        1.01795640063167        6.83146227816700
C            4.39483565582924        1.06021320717329        6.10238359435362
F            4.29726910765961        2.31533360379693        5.64191529646196
C            3.19679118448129        0.61367042855862        6.88791122857035
C            1.99679151980942        1.30275717608945        6.80282925075637
C            0.90557874238211        0.86121677365685        7.52857226497320
C            1.00457867019775       -0.26208516042491        8.33749211663831
C            2.21055185608964       -0.94824712003182        8.40764759350118
C            3.30658164195063       -0.51571936467230        7.68854549062612
C           -0.20085716357193       -0.80861956131249        9.08700351583755
C           -1.21240353314752        0.26734318037214        9.42432467081320
C           -0.99274580382959        1.05455863510087       10.54339932244581
C           -1.87164603297197        2.07165590104126       10.85678957474100
F           -1.63830108037412        2.83065865528886       11.95385050161259
C           -2.97875892891734        2.33628912020756       10.07061459759894
C           -3.20509961982434        1.55197052093552        8.96047725909236
C           -2.34222723997474        0.50316210085399        8.62033410730052
N           -2.65916611553671       -0.29757948542827        7.55417817736068
C           -1.72450521600137       -1.27844223595929        7.08941377278419
C           -2.28847809506789       -2.59288382333086        6.54076265369075
O           -3.12857827749801       -2.78420457303494        5.70143240188960
N           -1.56249113306694       -3.54932435164480        7.19794250143966
N           -0.75320695554463       -3.06491477420145        8.19273641638934
C           -0.84366526508859       -1.79094092268709        8.18196340623580
F            4.63164335631341        0.28408515986818        5.02719199402127
H            1.91309883103079        2.17424155980209        6.17452560062683
H           -0.02426002438296        1.40195437354882        7.46009982467613
H            2.28716157949280       -1.83002162427458        9.02409419999105
H            4.24445396280841       -1.04686322067036        7.74447522970185
H            0.14273086535186       -1.30931244816421        9.99648848132919
H           -0.13160499501375        0.88144087116118       11.16950977884835
H           -3.64602278939388        3.14157340317815       10.33183777125177
H           -4.06536091032194        1.73846101457385        8.33602757956205
H           -3.31122680821505        0.05228150499371        6.87031842439700
H           -1.06519216062307       -0.87484746124606        6.30068300458676
H           -1.67056069163340       -4.54668367645892        7.10309546799350
B            3.43415760406112       -1.47459088493047        1.99070874269093
N            3.43894076971875        1.10367816276989        1.29962137125496
B            2.60056440445490        2.35715365572441       -0.91455824586711
N            2.35486935952527       -0.64967131801710       -2.39309210131940
B            0.64673742364713       -3.56679829026672        3.00184483852275
N           -2.95388835047898       -2.62324294926230        1.93684139728630
B           -1.03240820993611        4.08325658895817        2.11167337499389
N           -0.52878176263082        0.02649322935157       -3.65928184885683
B           -0.37123588285195        1.45352090084109       -3.80362112951424
N            1.24029175275127       -3.79083673944583       -1.42734315636123
B           -3.80365232226594        2.23074445720647       -0.26695953107550
N           -2.71605887889609        2.77883504314921       -0.96480135004946
B            1.51924978828632        0.81699360769041       -4.56445663876790
N           -0.25387636603881        3.35839957755517        3.13398804945334
B            0.95382984922527       -2.88171437403825       -2.50678795321932
N           -0.43468995622282        3.77051713234374       -0.71845763676884
B           -0.83948196203323        2.18001830129844        3.56404651616703
N            1.61845991744806       -1.29296019135591        3.86101362404320
B           -0.16693525454887        3.47381364285302       -2.08406081520295
N            1.27353377600014        0.05616026369939        4.17744131337062
B           -1.52733033978221       -0.54765411211078       -2.82365398861737
N           -3.81433244616192        1.79053300746557        1.05671917647054
B            0.35640426380545        4.49337310055278        1.49235756050883
N           -0.02075755490571       -0.02347985274288        4.75118506592802
B           -2.70579485389922        2.23125697074722        1.84950663903910
N            3.79621852057223       -0.14973605762683       -0.40033960086355
B           -2.27130261258137       -3.62190405801430        1.25837150628462
N            1.04721367792596        3.72247398631195        2.55698753949934
B           -1.87873667946727       -0.76627658563655        3.47109539816641
N           -2.42664614474979       -3.58386786969854       -0.20537040921374
B            3.05457624481254       -1.08677019495969       -1.15186859815889
N           -3.14825303307983       -1.23339180523777       -0.16044909195304
B            2.03398191651480        2.90743312884033        1.90298714102710
N           -0.45920864217062       -2.89533529034356       -2.15263163196409
B           -1.61983712429102       -2.10162000543854       -2.23301556918012
N            0.63089730287975        3.96320485822621        0.20243032132242
B            1.18535673970292        2.95764428827446       -2.85976654259599
N            0.04222629302879       -4.35898511994938        2.01090911623985
B           -1.73793720708272        3.45914998287204       -0.14261503582201
N           -1.99147235455564        3.41823780582221        1.29450091621960
B            1.43694613909314       -4.22561963580768        1.81402748007372
N           -0.85581910789689        1.06767327447781        4.49643689553070
B           -2.64061170536768       -2.38669240797733       -0.93726839304706
N           -1.09538947944130       -4.47237974959684        1.26101193468482
B           -2.45041843610738        0.50880232289721       -1.86833848354736
N            2.34241227370814       -3.90115111783645        0.78525502546564
B            3.90448146275968       -0.22417219564355        1.09441124824508
N            2.00648997774616        1.95177893988327       -2.12774639622802
B            1.11883305204862        2.25485543355142       -4.30207528428550
N           -4.16077716828715        0.85362547254496       -0.13348418663635
B           -1.24966063014092        2.46592720110315       -2.84249829564799
N           -2.28986837326862        1.94969851757730       -2.05551045477924
B            3.06456298135006       -2.66193145965790        0.95176449417851
N            2.35131308884427       -3.68327272829822       -0.63715506956424
B            2.18247810534112        0.52407622083077        3.14903948235175
N           -2.08418974710336        0.62307566004581        3.88417045684208
B           -1.09639546131012       -4.17457049637037       -0.17156127350881
N           -3.19157876971429        0.06076661199365       -0.73451185651448
B            3.48439463342052        1.24512337860335       -0.15183052949279
N            2.55580703067723        1.60892277772431        2.28283111726576
B            1.54616281750360       -1.55846913593397       -3.19577764668071
N           -2.12890919773080        1.76191461268639        3.02848275477759
B            2.12307714905766        0.70679211747718       -2.87470257231357
N           -2.74947698219078       -1.31329163486509        2.54793624535870
B            0.75624877242637       -0.53659349801205       -4.17994149189013
N           -0.14522249994659       -3.75725998743792       -1.07154420461795
B            0.43818729760062       -2.11003067782354        3.72408720055720
N           -0.64265617866755       -1.20839386083113        4.07376835114139
B           -3.24172703999149       -1.42875335971133        1.22230142159517
N            2.63211147213006       -0.87135318153903        2.97152153808547
B            1.91605875510072        3.33142914019965        0.23021923558154
N            2.89446928572569       -2.34471733475381       -0.44585582640645
108
 energy: -224.024887880020 gnorm: 0.003028923521 xtb: 6.7.1pre (5071a88)
F            5.52245489604194        1.03797988670321        6.83970167199649
C            4.39600900561094        1.06141556833631        6.09912793878041
F            4.29185627323306        2.30928797878297        5.62182443466714
C            3.19582614732495        0.61319944955513        6.88140783968512
C            1.99591413573625        1.30267090344807        6.79771912443887
C            0.90590573028627        0.86086878668131        7.52511427525249
C            1.00587193090538       -0.26293177204768        8.33368875446537
C            2.21179451801647       -0.94902583905161        8.40222598921997
C            3.30725827389556       -0.51578126600719        7.68209720387948
C           -0.19938764735359       -0.80916425760312        9.08359169371706
C           -1.21076239825373        0.26671692992359        9.42201840723368
C           -0.98950715786428        1.05516089100876       10.54007427214164
C           -1.86890939753850        2.07128545599000       10.85496895088864
F           -1.63486841626201        2.83124777587467       11.95105104593903
C           -2.97822415525386        2.33433780392023       10.07108821926702
C           -3.20611099442642        1.54946494912846        8.96183979812046
C           -2.34276033355051        0.50130045905016        8.62074227640348
N           -2.66135772467486       -0.30028867775650        7.55612962626534
C           -1.72600510959574       -1.27891342342465        7.08755815700652
C           -2.29293457495044       -2.59300263804295        6.54224461785036
O           -3.13876746519212       -2.78565604553082        5.70896615844602
N           -1.56501098206079       -3.54994466606461        7.19702975240662
N           -0.75397190380279       -3.06541477110609        8.19066111912995
C           -0.84286973862131       -1.79142703417711        8.17871763397468
F            4.64864609134122        0.27414041353581        5.03481095749991
H            1.91095744202495        2.17381353246106        6.16917828763037
H           -0.02403474924743        1.40178154348371        7.45934724547196
H            2.29000598155438       -1.83095280749001        9.01832390398158
H            4.24547433445951       -1.04642358244390        7.73701777709115
H            0.14413715823469       -1.31082277593961        9.99262750573497
H           -0.12672272302224        0.88322402694135       11.16430380379880
H           -3.64563452694167        3.13902834376513       10.33383245379843
H           -4.06760889518310        1.73429933601226        8.33865248439271
H           -3.31927561727244        0.04416033941835        6.87512475275058
H           -1.06948704264293       -0.87338600403553        6.29793378651942
H           -1.67659014889673       -4.54730724048584        7.10638442310776
B            3.43576303875808       -1.47347912512971        1.99278390103958
N            3.43896875813089        1.10404511460581        1.30080560591872
B            2.60052850642675        2.35761614193797       -0.91298406569222
N            2.35569586383798       -0.64852571571746       -2.39139044151654
B            0.64678017392710       -3.56579951661358        3.00199453615478
N           -2.95216273366435       -2.62347904622229        1.93644450829774
B           -1.03309186048371        4.08388332936073        2.11177360119223
N           -0.52882537508312        0.02623080558263       -3.65907956997782
B           -0.37088564968504        1.45313482104598       -3.80218307519876
N            1.24088326648591       -3.78923203361434       -1.42558243066853
B           -3.80443657719943        2.22997901345591       -0.26642049176293
N           -2.71671908344879        2.77844073993323       -0.96401940596884
B            1.51953174039593        0.81766533111917       -4.56312098164745
N           -0.25419052198791        3.35836534392319        3.13305108632004
B            0.95438230082905       -2.88060874967747       -2.50523846829420
N           -0.43516623382821        3.76959577080447       -0.71675832471863
B           -0.84071777181566        2.18118116701291        3.56455211120211
N            1.61968560009532       -1.29213835684136        3.86248675980328
B           -0.16711330135253        3.47376707622236       -2.08252242347678
N            1.27389280129083        0.05713549542885        4.17763211141313
B           -1.52784976621196       -0.54806667072754       -2.82399465272370
N           -3.81479776822582        1.79001042079579        1.05739356714880
B            0.35636847155630        4.49382131290241        1.49375986529319
N           -0.02109275924473       -0.02328835767990        4.75023136619250
B           -2.70674744482674        2.23226869570184        1.84998826587885
N            3.79813486166643       -0.14890503160065       -0.39880973678405
B           -2.27167520998817       -3.62336623428917        1.25838638087502
N            1.04761859715977        3.72371108426969        2.55930839766242
B           -1.87852998100131       -0.76543226407974        3.46998730722000
N           -2.42716532529547       -3.58509810014021       -0.20546973707714
B            3.05540986969858       -1.08527894058856       -1.15017978090971
N           -3.14852179055172       -1.23423982627232       -0.16034187129633
B            2.03411510940241        2.90791656077801        1.90451470587293
N           -0.45873180719456       -2.89453500505190       -2.15126237477697
B           -1.61990505335659       -2.10174207129190       -2.23245460137777
N            0.62990632628115        3.96164865258864        0.20456590499366
B            1.18540218967925        2.95842911707122       -2.85818213520997
N            0.04233728483193       -4.35785581608585        2.01092861250676
B           -1.73901090200340        3.45913945065922       -0.14185558417674
N           -1.99317399578492        3.41928727685551        1.29526474351884
B            1.43706220488418       -4.22480634167728        1.81444037836132
N           -0.85623105412898        1.06811612643949        4.49608944097135
B           -2.64111946478833       -2.38780066823072       -0.93726678396056
N           -1.09532940359152       -4.47351394969738        1.26128187007453
B           -2.45027475990335        0.50831978480852       -1.86781564982264
N            2.34356248106814       -3.90017084020597        0.78665433166302
B            3.90635832765449       -0.22332375097469        1.09610696254787
N            2.00638865115343        1.95249298600104       -2.12620110422057
B            1.11953346097028        2.25548808970803       -4.30045235092940
N           -4.16077539559133        0.85272627733687       -0.13336396767055
B           -1.24933861054034        2.46555745862318       -2.84099060651230
N           -2.28986317685031        1.94923811821812       -2.05449433007001
B            3.06461241737066       -2.66023522829224        0.95353197100434
N            2.35196910792984       -3.68165809070783       -0.63572943847413
B            2.18493479467423        0.52482309475945        3.15155801021074
N           -2.08426585450665        0.62322841768367        3.88317583752370
B           -1.09652906415501       -4.17480777046261       -0.17121196484928
N           -3.19185331256830        0.05995424397420       -0.73430554440538
B            3.48472019331600        1.24585095366665       -0.15018882179701
N            2.55664964813156        1.60978263981620        2.28465787639836
B            1.54699776621383       -1.55738598046684       -3.19403064430464
N           -2.13040622223600        1.76342047207130        3.02967318584918
B            2.12335945602279        0.70759991403890       -2.87333489521840
N           -2.74990127718891       -1.31404048220802        2.54830291991559
B            0.75696910459137       -0.53613528821996       -4.17888138366857
N           -0.14470804628826       -3.75617359828119       -1.06997462656518
B            0.43946310277504       -2.10912001016762        3.72439405398604
N           -0.64163473041835       -1.20698234110050        4.07219492011345
B           -3.24225558769381       -1.42944516742340        1.22234472362440
N            2.63556537131105       -0.87050202484315        2.97541730576826
B            1.91581793504727        3.33126222060115        0.23203193142737
N            2.89431887308165       -2.34290369776326       -0.44385213521619
108
 energy: -224.024958967262 gnorm: 0.004421310848 xtb: 6.7.1pre (5071a88)
F            5.51199577861092        1.08303210948212        6.85201995253329
C            4.39735213347524        1.06380462952518        6.09089109244457
F            4.27564521332522        2.29566668415465        5.57591161266189
C            3.19490520041382        0.61415721667869        6.86853172794943
C            1.99476938456596        1.30418477274228        6.78767963011937
C            0.90590873986200        0.86045390300478        7.51627684149053
C            1.00744764038778       -0.26456468004768        8.32386688793071
C            2.21350447808845       -0.95095488422274        8.38981770751681
C            3.30802151023069       -0.51612011555070        7.66794861772507
C           -0.19676298512005       -0.81040443890669        9.07556204416302
C           -1.20752189226771        0.26535683482924        9.41692040447308
C           -0.98169760509671        1.05621467349116       10.53257461490988
C           -1.86176551453435        2.07065487999894       10.85105314317958
F           -1.62449626966093        2.83231928357072       11.94524210206269
C           -2.97632484616882        2.33044732500389       10.07302458563053
C           -3.20858342884429        1.54394731564941        8.96610607842307
C           -2.34460007508423        0.49711585454075        8.62189617322306
N           -2.66709480210319       -0.30610428443266        7.56047221493737
C           -1.73104873387943       -1.28144930815870        7.08495246764661
C           -2.30241901505705       -2.59527726647800        6.54551496305001
O           -3.15691464667974       -2.78921705599000        5.72126695058412
N           -1.57062757556932       -3.55253867470055        7.19630411830351
N           -0.75565146577502       -3.06706487201063        8.18667784791911
C           -0.84258203153606       -1.79312114790467        8.17264763007508
F            4.68240217832513        0.24928181040081        5.05300549184140
H            1.90818179792361        2.17575071520624        6.15954280009483
H           -0.02485253900883        1.40088658522798        7.45377524619424
H            2.29381919382747       -1.83390524624536        9.00491709791274
H            4.24656833477580       -1.04609444000876        7.72115727784522
H            0.14811694352281       -1.31265170227644        9.98368861219219
H           -0.11507092589457        0.88672529294254       11.15236595714727
H           -3.64394357787150        3.13390383518161       10.33909879160952
H           -4.07360276894966        1.72549466577032        8.34675519799591
H           -3.33708242108476        0.02888918464104        6.88605587671031
H           -1.07997509487344       -0.87253962200578        6.29301073069257
H           -1.68809555624705       -4.54993442722323        7.11297245970503
B            3.43826087439591       -1.47099832193477        1.99683416114951
N            3.43902261198755        1.10527158545365        1.30346576290889
B            2.60093699392569        2.35915653353544       -0.90970517727781
N            2.35752926829447       -0.64594916764728       -2.38790778089139
B            0.64737982062813       -3.56387492635096        3.00292908772006
N           -2.94864858091783       -2.62382573079045        1.93599792539696
B           -1.03450076380384        4.08489017420482        2.11231380843565
N           -0.52825400501970        0.02569407553564       -3.65776943060028
B           -0.36987113729819        1.45240725901433       -3.79912838513516
N            1.24268633757521       -3.78631533471739       -1.42207205377326
B           -3.80570977957760        2.22848385357700       -0.26516913665840
N           -2.71779214113793        2.77761747262273       -0.96235011951892
B            1.52026111146581        0.81911501526571       -4.56031617598002
N           -0.25508011066035        3.35821487669970        3.13166905811395
B            0.95608188843292       -2.87843334236146       -2.50199059275146
N           -0.43598484801777        3.76810564902026       -0.71337058762240
B           -0.84310901500994        2.18321277826109        3.56605692534242
N            1.62114582748565       -1.29021815880065        3.86521689858493
B           -0.16734665577340        3.47383219581990       -2.07938371297285
N            1.27372640366542        0.05926836280147        4.17789969842056
B           -1.52738647031534       -0.54884308764110       -2.82277237132698
N           -3.81582071722869        1.78913890094035        1.05887560061961
B            0.35606181298436        4.49479614613585        1.49667844456569
N           -0.02200449305229       -0.02260946188215        4.74925694000645
B           -2.70865303990333        2.23396190619188        1.85131879155169
N            3.80181168504351       -0.14683012455568       -0.39559205062971
B           -2.27140429483926       -3.62557146783710        1.25892157271349
N            1.04805212150711        3.72614055358104        2.56386458141518
B           -1.87835622732024       -0.76382137014760        3.46854785438000
N           -2.42707469691187       -3.58701123362806       -0.20510921301264
B            3.05734407516271       -1.08212561530253       -1.14669925986734
N           -3.14845758135979       -1.23569890432526       -0.15973265023641
B            2.03426616150743        2.90928074279227        1.90771631325342
N           -0.45726281350153       -2.89339162797468       -2.14867223956049
B           -1.61962916775783       -2.10262838033159       -2.23163640983305
N            0.62815840469836        3.95922039004509        0.20874400180783
B            1.18572538551853        2.96012455602856       -2.85494077183068
N            0.04323497955076       -4.35566210841436        2.01156341542598
B           -1.74090078000221        3.45903776372082       -0.14009602133661
N           -1.99631647430014        3.42106183563734        1.29689998251583
B            1.43796049732936       -4.22304002386721        1.81578638382801
N           -0.85732023076055        1.06900746319051        4.49606638574436
B           -2.64100200858545       -2.38951990537874       -0.93674154426439
N           -1.09446458846331       -4.47541298496426        1.26237250329312
B           -2.45033580722424        0.50749553174779       -1.86686225604801
N            2.34617583557154       -3.89812275227281        0.78954536997205
B            3.90950256099444       -0.22125725285288        1.09965370442784
N            2.00683376802196        1.95440581247078       -2.12301261776209
B            1.12086686375180        2.25678619172728       -4.29709041734426
N           -4.16078428843553        0.85099417037362       -0.13289099935396
B           -1.24851904977113        2.46486928657931       -2.83792522169994
N           -2.28978034402904        1.94843337572256       -2.05243364291570
B            3.06507019015088       -2.65685468870611        0.95710602279487
N            2.35388654291207       -3.67851729160935       -0.63279269216227
B            2.18839548424838        0.52663154892337        3.15596833036958
N           -2.08481481821211        0.62360679197700        3.88222491011730
B           -1.09586419215853       -4.17519876467082       -0.17001044276984
N           -3.19228539893258        0.05852885388441       -0.73367283339690
B            3.48566294623163        1.24777082076866       -0.14679529971912
N            2.55780965749718        1.61173366512593        2.28812358636394
B            1.54902428069493       -1.55512645127539       -3.19042501162232
N           -2.13341753996752        1.76612058640881        3.03225069989200
B            2.12426650357621        0.70964359834417       -2.87039916909864
N           -2.75111944579879       -1.31523508178661        2.54961364713640
B            0.75862491233164       -0.53523792296483       -4.17660446864205
N           -0.14304604285328       -3.75417112816804       -1.06675811842179
B            0.44122082074893       -2.10739103493729        3.72547597309972
N           -0.64055402168259       -1.20459514954167        4.07043290675641
B           -3.24271282630283       -1.43063713533499        1.22281266519929
N            2.64072551386300       -0.86859254610167        2.98208951612602
B            1.91552243020579        3.33154711746733        0.23575672623593
N            2.89442606892439       -2.33923536813148       -0.43983522858368
108
 energy: -224.025014302768 gnorm: 0.005373989762 xtb: 6.7.1pre (5071a88)
F            5.50507322320813        1.11717932262108        6.85388296850604
C            4.39672415247704        1.06547979198030        6.08295359833156
F            4.26094209836653        2.28463005201887        5.53973507322307
C            3.19469269212127        0.61629812004322        6.85945544530441
C            1.99440276236241        1.30697097203276        6.78138121362250
C            0.90529648552622        0.86070386006485        7.50885476619459
C            1.00752002002960       -0.26560439750475        8.31494243035544
C            2.21376093856893       -0.95266497066640        8.37909365592569
C            3.30757328005231       -0.51687214823329        7.65614573723829
C           -0.19527331899153       -0.81148915798293        9.06883376346171
C           -1.20530180428737        0.26424623987944        9.41293109166521
C           -0.97489362140469        1.05681423853689       10.52646717190569
C           -1.85498295042247        2.07034458600595       10.84808118976920
F           -1.61346152146352        2.83320340291039       11.94074402006568
C           -2.97407690933798        2.32761162016477       10.07554308435530
C           -3.21071045294193        1.53945882498274        8.97079593193056
C           -2.34667753980911        0.49362451914834        8.62321188695441
N           -2.67252293456061       -0.31068114192964        7.56407399346954
C           -1.73680535136421       -1.28475120137265        7.08429283507378
C           -2.30969063619789       -2.59899691210432        6.54811961519933
O           -3.16742208406306       -2.79279582552032        5.72718829395972
N           -1.57519261014545       -3.55568480601070        7.19692984735589
N           -0.75690019392200       -3.06887885006912        8.18397867248240
C           -0.84370507855406       -1.79501860813045        8.16879720196295
F            4.70317616654747        0.22999372408749        5.06679871887608
H            1.90749590815561        2.17989717889554        6.15463464585569
H           -0.02629293409634        1.40036923048726        7.44700104308960
H            2.29446122968368       -1.83697210146883        8.99290092551213
H            4.24600325325802       -1.04696135901634        7.70780337347751
H            0.15199345746116       -1.31301742969951        9.97631360418399
H           -0.10498400595363        0.88921115509555       11.14232746042326
H           -3.64174696943532        3.13014485110644       10.34426398430735
H           -4.07924710920090        1.71875097163152        8.35555350795482
H           -3.35067885374571        0.01932578387410        6.89507596991211
H           -1.08961365016024       -0.87418997212272        6.29004272132421
H           -1.69523663134719       -4.55310156848577        7.11734447745048
B            3.43935666355173       -1.46898937426836        1.99961746578360
N            3.43910319511078        1.10672439625898        1.30571401038581
B            2.60169745716229        2.36088786508285       -0.90722335287795
N            2.35901896919065       -0.64388572020487       -2.38536791376973
B            0.64836584288651       -3.56269103288094        3.00429183717240
N           -2.94621703388023       -2.62407537926273        1.93627434062462
B           -1.03557445139391        4.08526712259275        2.11312333208273
N           -0.52745715912342        0.02557721703853       -3.65662612608470
B           -0.36879622623602        1.45227612684393       -3.79702098645670
N            1.24461660264061       -3.78459527762837       -1.41963757419928
B           -3.80614297155096        2.22739852524189       -0.26419918053110
N           -2.71816326110025        2.77695852283241       -0.96111974145928
B            1.52102198332968        0.82034641034596       -4.55814316277665
N           -0.25601645989017        3.35804962143845        3.13143028433263
B            0.95789829506461       -2.87697014070199       -2.49959465959381
N           -0.43640438718694        3.76752798875291       -0.71106694338052
B           -0.84466179657742        2.18423471577009        3.56766332696104
N            1.62112555999821       -1.28862196443750        3.86685368402902
B           -0.16733366803224        3.47403489386832       -2.07715458713734
N            1.27273188949092        0.06087593490255        4.17812312954526
B           -1.52702432343469       -0.54919316245497       -2.82225991901146
N           -3.81652339114066        1.78858241125029        1.05995225441779
B            0.35548931049065        4.49556053900617        1.49883998770373
N           -0.02284867228717       -0.02183981788531        4.74972376760440
B           -2.70990025184380        2.23462004323200        1.85258234875949
N            3.80406571156972       -0.14489832865205       -0.39310258621001
B           -2.27009923566350       -3.62645680092004        1.25997705919654
N            1.04781353519196        3.72770904347193        2.56687212238796
B           -1.87854125724967       -0.76295863751398        3.46858652516245
N           -2.42583866071687       -3.58788658850206       -0.20411799781025
B            3.05893004517439       -1.07976754259163       -1.14410488963842
N           -3.14781206483290       -1.23661121630476       -0.15878062388734
B            2.03416622846662        2.91065994583199        1.91009766815599
N           -0.45551684549624       -2.89244667360357       -2.14646286338798
B           -1.61847003031644       -2.10264766696567       -2.23015686250696
N            0.62720260363491        3.95844490966138        0.21150618214895
B            1.18625467778067        2.96146320600419       -2.85257775541425
N            0.04467541364471       -4.35436975006318        2.01267320096959
B           -1.74189687087758        3.45890577817072       -0.13864837944829
N           -1.99813171490495        3.42180735016487        1.29813767063489
B            1.43938409171530       -4.22168337423744        1.81734398129711
N           -0.85840224465557        1.06958043695273        4.49687662693009
B           -2.64015427188896       -2.39043674722795       -0.93574949520125
N           -1.09297239500479       -4.47637242022657        1.26372182833153
B           -2.44957284751949        0.50690445963748       -1.86565465570353
N            2.34834223699834       -3.89659509099694        0.79170882745252
B            3.91102029045731       -0.21936962311030        1.10234276841486
N            2.00786990962342        1.95624502649235       -2.12067135069369
B            1.12186697767407        2.25787587217968       -4.29462386495405
N           -4.16060969772409        0.84976888063571       -0.13242889285630
B           -1.24779246412329        2.46457346134050       -2.83585379929667
N           -2.28932293996716        1.94786887150984       -2.05086642210401
B            3.06585943131589       -2.65454091377493        0.95968960918125
N            2.35584795183035       -3.67641814027610       -0.63059760536070
B            2.18924778636812        0.52824147105159        3.15847391534775
N           -2.08563255003887        0.62387825397098        3.88271479969963
B           -1.09437761187307       -4.17542873793617       -0.16862721007741
N           -3.19200128327035        0.05762730660154       -0.73278317024476
B            3.48661928057841        1.24964874591788       -0.14425326385978
N            2.55803791590057        1.61336323875645        2.29040992092412
B            1.55083634492806       -1.55348017839027       -3.18776164529071
N           -2.13538873126095        1.76746519991969        3.03417353845272
B            2.12542003074311        0.71152312481646       -2.86813298176708
N           -2.75235423206855       -1.31586150188911        2.55129245114944
B            0.76008755870828       -0.53447340910709       -4.17467620806792
N           -0.14121969585350       -3.75311092165828       -1.06449559105171
B            0.44165527626701       -2.10632388171832        3.72672508324170
N           -0.64075064998197       -1.20349690290890        4.07077229241701
B           -3.24238127364038       -1.43137700435457        1.22367575246549
N            2.64244561050889       -0.86699841427751        2.98555484594197
B            1.91547384573698        3.33249533690036        0.23843030841649
N            2.89505759248657       -2.33667891249477       -0.43700740633333
108
 energy: -224.025110814631 gnorm: 0.005938358904 xtb: 6.7.1pre (5071a88)
F            5.49627956314100        1.16176226421196        6.84424623162070
C            4.39310745145540        1.06751520257880        6.06868606511752
F            4.23883297698072        2.26863171673162        5.48941659443844
C            3.19424157840016        0.62073651913296        6.84705768425016
C            1.99410302764329        1.31303838577868        6.77449956801052
C            0.90357481116874        0.86230189448163        7.49839342364054
C            1.00605774509651       -0.26668980189558        8.30066933103960
C            2.21241793298721       -0.95552983877760        8.36154243332169
C            3.30510103264942       -0.51879421812265        7.63736586789314
C           -0.19387786907500       -0.81324845527640        9.05871108544255
C           -1.20251420620305        0.26250376168763        9.40735270922233
C           -0.96415183715174        1.05739571396947       10.51742688193159
C           -1.84352928436897        2.07017001608328       10.84403509844611
F           -1.59346605908431        2.83485943881986       11.93409911437023
C           -2.96975667062709        2.32367426784967       10.08071578101105
C           -3.21398121603317        1.53263101499718        8.97956138447329
C           -2.35049298143692        0.48821752398454        8.62590302180342
N           -2.68166293925896       -0.31743151081955        7.56974763519945
C           -1.74763355070222       -1.29116269786879        7.08524674615981
C           -2.32009760522378       -2.60701484913196        6.55205303143128
O           -3.17808484458720       -2.79961759511659        5.73116500063613
N           -1.58191636767459       -3.56164927739020        7.19941716473911
N           -0.75836696780634       -3.07214808499466        8.18050854374656
C           -0.84701063570481       -1.79845875094145        8.16439114855909
F            4.72307889484157        0.20545798017367        5.08325165946504
H            1.90803625000721        2.18963694114473        6.15189017338455
H           -0.02901874225065        1.40100531459200        7.43596473113770
H            2.29205931162733       -1.84260550517128        8.97241896148180
H            4.24271964999732       -1.05039704164054        7.68545451057154
H            0.15849132995184       -1.31247752638691        9.96529494527378
H           -0.08907395894450        0.89256404220057       11.12685476457353
H           -3.63732795420288        3.12495408068340       10.35329654549908
H           -4.08859303552048        1.70909189502875        8.37180279221700
H           -3.36931361337464        0.00897064173189        6.90863601302703
H           -1.10579995387926       -0.87978262253513        6.28679092216050
H           -1.70240757446955       -4.55915786292718        7.12222277621552
B            3.43989456638594       -1.46598108689015        2.00311048316957
N            3.43932095340349        1.10961784538328        1.30926632230239
B            2.60329286175464        2.36413603590969       -0.90373083125048
N            2.36117978462562       -0.64087575736246       -2.38196672595103
B            0.65049596178251       -3.56149064781784        3.00715709089579
N           -2.94320937064737       -2.62433457112343        1.93755878974590
B           -1.03709809410487        4.08522531486309        2.11499014429210
N           -0.52538250424951        0.02574881741388       -3.65405042597054
B           -0.36683781898703        1.45257894214124       -3.79421907756746
N            1.24827597743861       -3.78304494211375       -1.41663763963411
B           -3.80602739703004        2.22610821860256       -0.26273170081362
N           -2.71808122322962        2.77612684557999       -0.95939425969156
B            1.52244618715271        0.82225131757493       -4.55502028183797
N           -0.25769205090238        3.35781582257240        3.13255514768431
B            0.96135346350750       -2.87521665009498       -2.49636135124617
N           -0.43672905341203        3.76770446315472       -0.70824308242748
B           -0.84637201110144        2.18483995161991        3.57061954370788
N            1.61956652608975       -1.28623599064143        3.86846168352768
B           -0.16709477682648        3.47468840909201       -2.07426389029227
N            1.27022333123684        0.06302433151398        4.17863351058455
B           -1.52479220654886       -0.54934016779848       -2.81978510859309
N           -3.81738293961484        1.78801986425243        1.06146373467308
B            0.35411455082691        4.49667887213017        1.50182412772647
N           -0.02413873702304       -0.02043271996362        4.75226394968734
B           -2.71128000833291        2.23455931431624        1.85474694556718
N            3.80621635369191       -0.14161404618896       -0.38949625721878
B           -2.26666144081117       -3.62649908359419        1.26234133864018
N            1.04656443375756        3.72945562928364        2.57038960120246
B           -1.87920149238087       -0.76240816726883        3.47045375068954
N           -2.42216071572112       -3.58798569928828       -0.20176509655945
B            3.06121810338837       -1.07653705619192       -1.14052138009237
N           -3.14579619739077       -1.23730902014324       -0.15676881496121
B            2.03368738587983        2.91313344143624        1.91341046964826
N           -0.45217076216357       -2.89166922047757       -2.14364171606780
B           -1.61573768358558       -2.10285779490905       -2.22797829618413
N            0.62640547266417        3.95911497488500        0.21474631807641
B            1.18730450522788        2.96340520783602       -2.84939118745856
N            0.04782942013782       -4.35321729863501        2.01513206965693
B           -1.74259545347220        3.45864614179167       -0.13640406935099
N           -1.99971338975060        3.42188691416211        1.29994680929552
B            1.44249808020235       -4.21975173312711        1.82034087475339
N           -0.86026251630702        1.07017878217716        4.49934891629729
B           -2.63722141722420       -2.39078132833754       -0.93351866534267
N           -1.08961824859489       -4.47690446313118        1.26628259661055
B           -2.44833665887816        0.50638488766308       -1.86385502672958
N            2.35165220715135       -3.89446407071140        0.79473619280295
B            3.91186250547720       -0.21618578595576        1.10612411361751
N            2.01012709319194        1.95932035355507       -2.11743185535119
B            1.12314535464708        2.25952179146474       -4.29129040789921
N           -4.16023676180407        0.84834302656388       -0.13149860863590
B           -1.24662061364331        2.46452230337455       -2.83329087611459
N           -2.28837814458751        1.94737264183788       -2.04880998630743
B            3.06772207817811       -2.65168545689827        0.96313410866053
N            2.35939001265491       -3.67393425674545       -0.62753149668447
B            2.18794021036340        0.53085134111552        3.16086926665033
N           -2.08728900959528        0.62416988537732        3.88519517440070
B           -1.09072187446056       -4.17553277276490       -0.16607412580962
N           -3.19100845730277        0.05684698778426       -0.73112368865491
B            3.48823235712887        1.25294994180554       -0.14069327504825
N            2.55744786374452        1.61591323305957        2.29321741988615
B            1.55379526499774       -1.55127538059739       -3.18425684937259
N           -2.13748662699959        1.76814853470088        3.03676553512399
B            2.12752261117380        0.71458439080935       -2.86482823453577
N           -2.75436078187495       -1.31632471546706        2.55465013345963
B            0.76246575175063       -0.53332396521024       -4.17183028514507
N           -0.13768876469347       -3.75226653277184       -1.06168075691483
B            0.44108558658864       -2.10522219234669        3.72912660987089
N           -0.64234627628238       -1.20308689789111        4.07378119059880
B           -3.24074570333413       -1.43197414581399        1.22559086742691
N            2.64174819763641       -0.86451050506360        2.98809040198311
B            1.91557377361537        3.33492665875627        0.24195039000052
N            2.89685570707493       -2.33348128882052       -0.43338963275521
108
 energy: -224.025201324322 gnorm: 0.005349931403 xtb: 6.7.1pre (5071a88)
F            5.48771959523617        1.19513337405635        6.82719940191491
C            4.38745639795382        1.06865742647349        6.05282865208891
F            4.22084581721210        2.25451039258880        5.44722546234745
C            3.19175869839504        0.62415204345808        6.83513634772264
C            1.99254287077155        1.31856791100540        6.76923052028128
C            0.90147288666812        0.86503033229612        7.49103154902664
C            1.00389144814250       -0.26726375289495        8.28788332509137
C            2.20980912244815       -0.95823412932182        8.34369606175807
C            3.30110014103945       -0.52075182259018        7.61888802234574
C           -0.19305699430564       -0.81498375727081        9.04998000815984
C           -1.20027247335233        0.26072264014841        9.40292163146787
C           -0.95428429024236        1.05772701817177       10.50959687149394
C           -1.83242219243955        2.07017475686725       10.84086952397764
F           -1.57346030209418        2.83710582626181       11.92773888091228
C           -2.96515161937774        2.32008478810293       10.08643217931585
C           -3.21669472190485        1.52630680826881        8.98863404173530
C           -2.35413337371497        0.48315788130951        8.62915845462827
N           -2.69048511994485       -0.32366699890555        7.57543248376667
C           -1.75869355957681       -1.29738005207952        7.08720208296376
C           -2.32939958966596       -2.61548993337340        6.55580732287442
O           -3.18591189460643       -2.80770051875516        5.73315226890275
N           -1.58765013290066       -3.56743968783991        7.20226170223896
N           -0.75895057644293       -3.07525290864267        8.17729911410265
C           -0.85057534929304       -1.80170231324143        8.16099255409440
F            4.73249384177198        0.18892186788826        5.09154281289128
H            1.90771924424208        2.19954895671939        6.15239473753839
H           -0.03091783994308        1.40431884851737        7.42956170623615
H            2.28794978531963       -1.84814793518191        8.95066046436750
H            4.23749369899177       -1.05517422912068        7.66120066206131
H            0.16442012888373       -1.31222124143005        9.95567836892723
H           -0.07438266488234        0.89546328610315       11.11269339135683
H           -3.63243157536674        3.12040258434941       10.36239271487766
H           -4.09703931754029        1.70056579666684        8.38837863270826
H           -3.38388831487311        0.00231559023860        6.92056646875039
H           -1.12198624351658       -0.88657443254238        6.28416998964243
H           -1.70551203885506       -4.56520072127667        7.12460749286728
B            3.44004806811734       -1.46321040587441        2.00598926077070
N            3.43967564495771        1.11290838123675        1.31280651683251
B            2.60478077125072        2.36745889836021       -0.90061365882295
N            2.36306822790829       -0.63834775208257       -2.37905884796501
B            0.65281663202150       -3.56084781443116        3.01038966208225
N           -2.94111842584765       -2.62462288778886        1.93958436241058
B           -1.03854950350408        4.08481982386929        2.11731340769528
N           -0.52290455446862        0.02641308309437       -3.65142653051354
B           -0.36482124719575        1.45349169867294       -3.79207026366869
N            1.25222423199406       -3.78242019814950       -1.41430626672395
B           -3.80534817663607        2.22520473184286       -0.26147813958408
N           -2.71752882063835        2.77556546981102       -0.95793548359823
B            1.52415222692581        0.82405278536980       -4.55215468255429
N           -0.25945186342477        3.35785528198123        3.13508205591622
B            0.96508899609944       -2.87399845547021       -2.49366775146830
N           -0.43689465448071        3.76883222755129       -0.70619747959948
B           -0.84744247663926        2.18470317519286        3.57362431557577
N            1.61743548442368       -1.28414763945886        3.86937750656642
B           -0.16677129435374        3.47561638696797       -2.07200788240271
N            1.26761926704206        0.06466954110230        4.17965503086866
B           -1.52220090896477       -0.54905188748139       -2.81745501637692
N           -3.81786938236154        1.78755203692679        1.06266486650725
B            0.35229881276329        4.49771719986204        1.50435529489469
N           -0.02515256209664       -0.01904122444824        4.75596730037527
B           -2.71204155956220        2.23360280564102        1.85675945874621
N            3.80695229299614       -0.13829432891536       -0.38610829888957
B           -2.26263101251126       -3.62582801971459        1.26512012104231
N            1.04458413397253        3.73056775718601        2.57278053271267
B           -1.87997482735156       -0.76268316821026        3.47365319142243
N           -2.41755970237264       -3.58725145461507       -0.19896195354843
B            3.06308486620089       -1.07388922172305       -1.13733285444766
N           -3.14318325735062       -1.23745812148314       -0.15446818549203
B            2.03287280727498        2.91569498055289        1.91630700789516
N           -0.44844705315409       -2.89113625428956       -2.14116086724337
B           -1.61215463993395       -2.10247455789062       -2.22537279094676
N            0.62605507518590        3.96132547727242        0.21697084860188
B            1.18834208056103        2.96507536275072       -2.84668840620826
N            0.05142051609363       -4.35296031682461        2.01800390795305
B           -1.74265531970814        3.45847432940172       -0.13436549075296
N           -2.00021647496243        3.42110588300532        1.30159524418750
B            1.44604366120219       -4.21806017880762        1.82367501079233
N           -0.86209724294747        1.07049258469721        4.50259539677387
B           -2.63355267027311       -2.39046893606596       -0.93095082802459
N           -1.08575274726133       -4.47668491843439        1.26893700969323
B           -2.44651124603742        0.50614874550356       -1.86190462928531
N            2.35469785460703       -3.89255960731434        0.79755758200892
B            3.91171463026336       -0.21291453952060        1.10952544268514
N            2.01237244556991        1.96215071560315       -2.11455242206122
B            1.12429093188900        2.26109458116995       -4.28851485225491
N           -4.15968004834816        0.84734889694562       -0.13052679822071
B           -1.24558917556012        2.46491794077243       -2.83146653151406
N           -2.28719546629806        1.94717707378251       -2.04713420043490
B            3.07008040518336       -2.64951347624518        0.96613195371256
N            2.36299218108535       -3.67213582989420       -0.62467831384887
B            2.18533599131664        0.53339147391777        3.16250623752061
N           -2.08894303115592        0.62422467865822        3.88852549114339
B           -1.08637355729870       -4.17539313374509       -0.16344432374544
N           -3.18940478944527        0.05652530336121       -0.72929001813713
B            3.48963046290415        1.25633858399830       -0.13746006197195
N            2.55637962562249        1.61841990836151        2.29563880918952
B            1.55670364514065       -1.54954987421320       -3.18142274811277
N           -2.13843248248301        1.76751897720082        3.03868644011339
B            2.12965828048272        0.71737069190052       -2.86176688641701
N           -2.75595309463519       -1.31660106861546        2.55832976902955
B            0.76492807180608       -0.53216525911891       -4.16914961238954
N           -0.13385869630967       -3.75214844876051       -1.05958441397245
B            0.44008327727013       -2.10455844947115        3.73173116702411
N           -0.64427357492101       -1.20361387900043        4.07825645157587
B           -3.23841967464262       -1.43217267086183        1.22784392571058
N            2.63926561946604       -0.86206189532856        2.98883792017331
B            1.91556339584472        3.33787345176201        0.24478420378383
N            2.89932210748656       -2.33111974579354       -0.43044011826744
108
 energy: -224.025301901871 gnorm: 0.007632937985 xtb: 6.7.1pre (5071a88)
F            5.46753307866482        1.25834430376970        6.80635439476559
C            4.37787435613651        1.07016634315771        6.02370883879606
F            4.19002798867989        2.22730971828574        5.36638099668777
C            3.18421308432433        0.62692386703422        6.81048373413303
C            1.98725288027843        1.32522683857777        6.75690103591483
C            0.89827461926742        0.86969707144056        7.48028034224903
C            1.00154634438524       -0.26853823126157        8.26730693251343
C            2.20607110612101       -0.96287174735815        8.31180505259451
C            3.29435875529149       -0.52355299469294        7.58535205493379
C           -0.19084314068180       -0.81803774232293        9.03548075126642
C           -1.19584487866219        0.25735246240760        9.39559566509982
C           -0.93755372462994        1.05864695960082       10.49627906587908
C           -1.81394518786405        2.06996452783446       10.83553284917716
F           -1.54133443016582        2.84175101360833       11.91592340829509
C           -2.95773155724266        2.31312191680386       10.09592953275659
C           -3.22113267339025        1.51498875716927        9.00369915604873
C           -2.35975739585672        0.47415811672355        8.63527796660895
N           -2.70540077154825       -0.33528795464769        7.58632267395554
C           -1.77641488734108       -1.30640952911084        7.08912872873028
C           -2.34647922080202       -2.62799685523193        6.56298880420828
O           -3.20587220897521       -2.82242277357177        5.74356192823167
N           -1.59713152639556       -3.57603846110179        7.20540993919074
N           -0.75929773511100       -3.07993171215518        8.17045304507131
C           -0.85483136511865       -1.80655625761108        8.15354728346956
F            4.75695065593587        0.15759625126174        5.10519478046091
H            1.90262327185938        2.21208933855637        6.14889978663826
H           -0.03256605427561        1.41186210541921        7.42568017047066
H            2.28371368373287       -1.85706095614815        8.91173278091530
H            4.22909025450086       -1.06235791278153        7.61621729902528
H            0.17365238455875       -1.31412446175624        9.93931869936164
H           -0.04926552468403        0.90114991029725       11.08827410745560
H           -3.62448957458436        3.11177129416160       10.37790656911872
H           -4.11057612774215        1.68485536229445        8.41548839382356
H           -3.40931138491256       -0.01245225485660        6.94145842079894
H           -1.15016995040510       -0.89547253273072        6.27816650128366
H           -1.71134832554664       -4.57433427037758        7.12833026096173
B            3.44187292379756       -1.45808104579151        2.01185777039600
N            3.44041566381797        1.11864249138796        1.31922599159190
B            2.60651993929658        2.37278472021035       -0.89484176104192
N            2.36645072756410       -0.63402748868459       -2.37346328700447
B            0.65643019122860       -3.55929107478158        3.01570773355660
N           -2.93720276766958       -2.62526947202706        1.94281049194406
B           -1.04139673100329        4.08474049926646        2.12122823969553
N           -0.51858361432177        0.02742826093896       -3.64677810063232
B           -0.36145041027044        1.45479924957112       -3.78795691138733
N            1.25906565924231       -3.78077845017609       -1.40960429100664
B           -3.80474391611056        2.22359731186468       -0.25936892171085
N           -2.71705046431592        2.77472850768738       -0.95531996504095
B            1.52737229964917        0.82725012630666       -4.54681173625837
N           -0.26246593420490        3.35846895326885        3.13932099442753
B            0.97157102645086       -2.87164618429319       -2.48857326090132
N           -0.43757968513132        3.77060316849940       -0.70232127444806
B           -0.84964600698653        2.18513112834777        3.57838447589541
N            1.61537963615516       -1.28043803867264        3.87164537591001
B           -0.16648699062678        3.47730182201804       -2.06784655470582
N            1.26439883100252        0.06770208792176        4.18197701316240
B           -1.51717302472795       -0.54873025194056       -2.81262729736492
N           -3.81865976581327        1.78645725577285        1.06476103627837
B            0.34908300711649        4.49973434296998        1.50894296583838
N           -0.02657053784756       -0.01675994536618        4.76137472720679
B           -2.71349363427394        2.23247671318494        1.85989496385690
N            3.80850292473275       -0.13247453639698       -0.37969786250529
B           -2.25661523573396       -3.62565551397272        1.26951207186798
N            1.04129970254238        3.73296423897242        2.57743786034836
B           -1.88074755639726       -0.76296415785253        3.47833023110366
N           -2.41035091025032       -3.58651883594818       -0.19464032713318
B            3.06626160515735       -1.06905029249934       -1.13123207793606
N           -3.13891162147510       -1.23784596609628       -0.15081013279939
B            2.03141080331026        2.92010976172012        1.92169550032803
N           -0.44209924773029       -2.89033981347491       -2.13688560500230
B           -1.60635972363406       -2.10247962150290       -2.22151315809000
N            0.62485297562132        3.96459320702831        0.22132314543993
B            1.18976386883942        2.96805536241022       -2.84162131271382
N            0.05720582877546       -4.35225319977338        2.02274766728327
B           -1.74327374800544        3.45838527950692       -0.13091488075545
N           -2.00165441142124        3.42031744554347        1.30459652117113
B            1.45176829713149       -4.21487022298708        1.82943130917520
N           -0.86506507222770        1.07125248181866        4.50763281626346
B           -2.62749547338198       -2.39032270872626       -0.92693739478792
N           -1.07952293151164       -4.47662653902791        1.27320506201365
B           -2.44391965241342        0.50575046078113       -1.85889708315264
N            2.36014064891555       -3.88881002624570        0.80315397402643
B            3.91265053876900       -0.20700900229513        1.11594108180591
N            2.01519038541350        1.96661979022363       -2.10909351763586
B            1.12652960923416        2.26394724566975       -4.28338238579985
N           -4.15874657194788        0.84550163302882       -0.12887167006772
B           -1.24387977171983        2.46550946746771       -2.82801014317283
N           -2.28547383551877        1.94684580881627       -2.04421511378675
B            3.07420572266983       -2.64509793470784        0.97205764146972
N            2.36908307349601       -3.66844422883390       -0.61902638253646
B            2.18318538876306        0.53792514462010        3.16692825433025
N           -2.09120655676939        0.62425177436453        3.89289953685272
B           -1.07937421030792       -4.17504285894540       -0.15913494059944
N           -3.18696755157222        0.05578343470787       -0.72642854084797
B            3.49162191408845        1.26218925310903       -0.13131173079726
N            2.55536493849509        1.62310220095444        2.30081938638914
B            1.56184720156826       -1.54642550737058       -3.17614878059774
N           -2.14005251979318        1.76687377860504        3.04185467539003
B            2.13292685984957        0.72185193048996       -2.85608964600901
N           -2.75788172821637       -1.31760663426277        2.56417101137123
B            0.76949210034614       -0.53003387122484       -4.16437297686259
N           -0.12725629670867       -3.75146842249459       -1.05550895758936
B            0.43986642695361       -2.10293512299110        3.73613040990602
N           -0.64597434647383       -1.20364863519153        4.08443726179970
B           -3.23481937449935       -1.43269404174039        1.23138894833173
N            2.63794610182502       -0.85746956662237        2.99249882540966
B            1.91500566215047        3.34249025205538        0.25004762851940
N            2.90358552927607       -2.32658788861172       -0.42459556860834
108
 energy: -224.025427638144 gnorm: 0.005781333639 xtb: 6.7.1pre (5071a88)
F            5.44465938836427        1.29598911524510        6.76662901947607
C            4.36260942597579        1.07016292312556        5.98830737942271
F            4.16641654564710        2.20389643687737        5.30282891167719
C            3.17166942385362        0.62738627900169        6.78328966274403
C            1.97939441865017        1.33337406538558        6.74814139538093
C            0.89423646766449        0.87788238327787        7.47630371408828
C            0.99779448139133       -0.26910090155281        8.24912335809512
C            2.19917892360853       -0.96924608983210        8.27636932533934
C            3.28330951610746       -0.52931313750596        7.54635831990893
C           -0.18961798085340       -0.82119987012121        9.02341889614639
C           -1.19232753304620        0.25347181212545        9.39088563563833
C           -0.92178456758122        1.05916591336997       10.48516644123196
C           -1.79532854630548        2.07027590144671       10.83191963262429
F           -1.50867902594657        2.84776073249196       11.90438981812332
C           -2.94931646042684        2.30679785625292       10.10703518258629
C           -3.22456870247446        1.50427749610324        9.02052785812646
C           -2.36521948694678        0.46535854961980        8.64362733685476
N           -2.72079861632562       -0.34684368974500        7.59906632474135
C           -1.79527611076585       -1.31518059838528        7.09340702405019
C           -2.36213390569419       -2.64143121654615        6.57094441033285
O           -3.22245053839439       -2.84045149766995        5.75342086971254
N           -1.60390772612634       -3.58433664173365        7.20870655142814
N           -0.75689785178844       -3.08417053165943        8.16310887981401
C           -0.85916262496403       -1.81105291083615        8.14740021120928
F            4.75825495403822        0.14577911518088        5.09843683355191
H            1.89456657277134        2.22649045367144        6.15043565722090
H           -0.03284331122125        1.42657715351080        7.43389038719464
H            2.27590095529277       -1.86868625829964        8.86698604863478
H            4.21566171046193       -1.07395570957986        7.56233184111501
H            0.18178318724514       -1.31726175113475        9.92493407117750
H           -0.02551327306913        0.90599983045330       11.06577929985474
H           -3.61506982650779        3.10431122009920       10.39442688568120
H           -4.12247786723788        1.67069526771843        8.44462903966910
H           -3.42772891223427       -0.02060903831795        6.96060455475150
H           -1.17999247799319       -0.90602580645256        6.27354974152832
H           -1.70725924673963       -4.58352213412293        7.12584188198216
B            3.44335276288618       -1.45305595505608        2.01687591007429
N            3.44150235213246        1.12555041603851        1.32609558663478
B            2.60767403679384        2.37836676385972       -0.88935325555941
N            2.36964823919387       -0.63055624839742       -2.36835071651935
B            0.66061748464634       -3.55876780791298        3.02219653135958
N           -2.93503732983132       -2.62625273300442        1.94761544530471
B           -1.04441073339268        4.08420969790147        2.12648019367364
N           -0.51301755650752        0.02958394712873       -3.64160801841532
B           -0.35780034792630        1.45745790839545       -3.78480687197046
N            1.26706448926647       -3.78083626684131       -1.40580210502811
B           -3.80309179890594        2.22271225416258       -0.25756812192247
N           -2.71570006605543        2.77448979376423       -0.95299230375400
B            1.53169669949722        0.83056575731166       -4.54147984627096
N           -0.26592484397696        3.36007690637218        3.14712398981844
B            0.97917633401832       -2.87026815017124       -2.48420373065375
N           -0.43814230314551        3.77455152006521       -0.69971494739114
B           -0.85067638898609        2.18411514189600        3.58326866312092
N            1.61255386192551       -1.27722242098806        3.87276364596450
B           -0.16607147375624        3.47973917018015       -2.06463795237800
N            1.26120306037496        0.06985447682786        4.18550836248878
B           -1.51074387113563       -0.54748208874620       -2.80740432637667
N           -3.81861334082654        1.78533869890455        1.06635391864133
B            0.34467913927846        4.50179081685141        1.51293455210847
N           -0.02731304156700       -0.01461554768845        4.76908994456308
B           -2.71370146162218        2.22951656021701        1.86277981640351
N            3.80719754870258       -0.12626913238245       -0.37315450394359
B           -2.24917890337300       -3.62411847942723        1.27477265289657
N            1.03617328510692        3.73420848970170        2.58005574058862
B           -1.88122967720922       -0.76499867372847        3.48547050745523
N           -2.40095351035975       -3.58420847895274       -0.18938259353068
B            3.06890881944611       -1.06519217916169       -1.12544383499984
N           -3.13325250628764       -1.23727246610198       -0.14643197237187
B            2.02897818660030        2.92486696356490        1.92668373659899
N           -0.43445661485906       -2.89009198441319       -2.13310039156692
B           -1.59839772739674       -2.10146202130114       -2.21674119353228
N            0.62432977766370        3.97133495761345        0.22393354410845
B            1.19115318543604        2.97071730732585       -2.83708942419036
N            0.06412578157311       -4.35339696460486        2.02880026483764
B           -1.74274199936432        3.45865077027541       -0.12766062777525
N           -2.00104047567017        3.41789881467011        1.30760069637864
B            1.45861623708957       -4.21199067581935        1.83630737957087
N           -0.86788220914170        1.07140388094579        4.51437371254338
B           -2.61950611603421       -2.38894795409245       -0.92216350991548
N           -1.07193711491985       -4.47486279873004        1.27792509789814
B           -2.44000966679141        0.50594325382736       -1.85533842515100
N            2.36538937976920       -3.88511944775487        0.80892562551337
B            3.91198528611817       -0.20048871857595        1.12212561243297
N            2.01767840219212        1.97058028562000       -2.10386713017407
B            1.12874232544437        2.26695292489924       -4.27899918405053
N           -4.15726386493704        0.84441444671453       -0.12683324243360
B           -1.24236208143418        2.46707670003711       -2.82574027633735
N           -2.28322613480054        1.94714125241041       -2.04183621571573
B            3.07975717683316       -2.64169114699194        0.97758793277302
N            2.37571879038768       -3.66584864526293       -0.61321893463352
B            2.17856796665487        0.54242206921214        3.16992307573920
N           -2.09311772573307        0.62354312478859        3.89876443575651
B           -1.07052336296341       -4.17400881074687       -0.15439334897502
N           -3.18308523770194        0.05585208104337       -0.72298753716646
B            3.49307077694741        1.26851975029558       -0.12530424525847
N            2.55333792331014        1.62794945687059        2.30560445665537
B            1.56735876181441       -1.54412909138532       -3.17185164870165
N           -2.13914777443952        1.76334171925821        3.04358222185585
B            2.13637290579461        0.72582689291630       -2.85042818504284
N           -2.75826839789571       -1.31860284373286        2.57045891479946
B            0.77479074931517       -0.52759759921841       -4.15949891367463
N           -0.11950172167313       -3.75210581824638       -1.05251523328358
B            0.43925946421750       -2.10218414243665        3.74144406214537
N           -0.64792151098045       -1.20552100534918        4.09372222493361
B           -3.22969533186513       -1.43271173048367        1.23564661567136
N            2.63358474439131       -0.85272751892201        2.99306908346149
B            1.91389437490470        3.34831894269008        0.25432434677931
N            2.90970353534673       -2.32354408912190       -0.41961713404195
108
 energy: -224.025522047556 gnorm: 0.008169878030 xtb: 6.7.1pre (5071a88)
F            5.41369198007382        1.36233009883143        6.74161085649022
C            4.34902067493354        1.07195517877192        5.95063904203346
F            4.13166426555364        2.17253206827680        5.21243853935726
C            3.15910783496635        0.62736142216917        6.74829154466033
C            1.97124131118137        1.34149816591613        6.73272177362133
C            0.89104705348640        0.88478593053980        7.46758952657110
C            0.99608498654559       -0.27111501384677        8.22717516865197
C            2.19406305717398       -0.97754311506351        8.23589648044131
C            3.27357490093598       -0.53613643798438        7.49979993051413
C           -0.18642767247265       -0.82467287518308        9.00799133312930
C           -1.18689636656488        0.24899997390776        9.38407224209796
C           -0.90286940785169        1.06050908946290       10.47096432404012
C           -1.77464891906903        2.07005482809132       10.82659402453923
F           -1.47474334724149        2.85374215641480       11.89072846454076
C           -2.94090414133542        2.29864489399918       10.11828660712421
C           -3.22918846553283        1.49118844995988        9.03861090308818
C           -2.37107054617528        0.45464592976956        8.65274599510340
N           -2.73845842387080       -0.36163136846095        7.61496185358247
C           -1.81452056145572       -1.32389261972834        7.09541140358855
C           -2.38223419575171       -2.65344121692261        6.58092526509575
O           -3.25220070351784       -2.85821910162630        5.77492377327613
N           -1.61213650559535       -3.59259300975020        7.20980715387310
N           -0.75476548935076       -3.08839848946255        8.15301735780451
C           -0.86171704164165       -1.81568163046681        8.13739482404183
F            4.78522350166025        0.11753676177769        5.10527460965607
H            1.88438520957506        2.23984717678031        6.14347437764831
H           -0.03321243283482        1.43944598819878        7.44092674708732
H            2.27200418073318       -1.88300828544490        8.81698707767491
H            4.20373860152376       -1.08513276440496        7.50137305408828
H            0.19125614496170       -1.32192122994988        9.90653944283329
H            0.00289609496679        0.91276783833955       11.03857382820334
H           -3.60573413914915        3.09444144501994       10.41275784486260
H           -4.13638925933487        1.65200016616132        8.47550578087958
H           -3.45623796731377       -0.03952995170821        6.98594889269381
H           -1.21339832885870       -0.91228583896420        6.26666053346653
H           -1.71001238853747       -4.59240073408019        7.12703625765472
B            3.44702142105922       -1.44665918203474        2.02434804247599
N            3.44249253525381        1.13247369762665        1.33393653169744
B            2.60837732564415        2.38405193791498       -0.88216657489187
N            2.37409105324818       -0.62581050135511       -2.36121826513100
B            0.66473950604312       -3.55672124504183        3.02854118769742
N           -2.93062920494566       -2.62775410054816        1.95131328756583
B           -1.04829866535832        4.08495612350927        2.13135082436780
N           -0.50778989729295        0.03125912835575       -3.63662544152226
B           -0.35400102259948        1.45937623769039       -3.77996876159020
N            1.27547385107562       -3.77839686936772       -1.39961951653980
B           -3.80278963648563        2.22073252999105       -0.25527936709432
N           -2.71548625205042        2.77369452533742       -0.94979522093207
B            1.53641598835355        0.83447323551663       -4.53472953214398
N           -0.26972363354471        3.36192096071226        3.15305444393163
B            0.98716483367959       -2.86745626169402       -2.47796892922942
N           -0.43948489136171        3.77689953681857       -0.69501434458666
B           -0.85344680410042        2.18497184294417        3.58810374436746
N            1.61202788195167       -1.27302084915713        3.87605471544650
B           -0.16600805238527        3.48188635748283       -2.05960202686346
N            1.25889387822079        0.07339314658920        4.18872939460964
B           -1.50563939778469       -0.54692283882995       -2.80343852580029
N           -3.81913139909478        1.78343178467480        1.06865484590655
B            0.34049985835479        4.50442824421384        1.51841856105684
N           -0.02842994638465       -0.01244818612867        4.77436058375595
B           -2.71520860674052        2.22836778496666        1.86588363354340
N            3.80895551408143       -0.11938366797283       -0.36500789236618
B           -2.24280282547902       -3.62478444872873        1.27939820186347
N            1.03189611400237        3.73720448475777        2.58556353282968
B           -1.88087888372149       -0.76553652933487        3.48986092423954
N           -2.39311338956583       -3.58415520102828       -0.18489969629068
B            3.07288097449731       -1.05953706765186       -1.11777599782258
N           -3.12853046673933       -1.23824897711284       -0.14235520923931
B            2.02671794545693        2.92987984835586        1.93331503743741
N           -0.42650440224777       -2.88857245242549       -2.12750137354792
B           -1.59091196660920       -2.10052300122195       -2.21136372415670
N            0.62226323957401        3.97536438520077        0.22925059095369
B            1.19240899249825        2.97422205421198       -2.83078563017552
N            0.07070019202835       -4.35266752044956        2.03464674295826
B           -1.74391492718493        3.45904009814444       -0.12374129802105
N           -2.00304574910690        3.41744126182879        1.31138086625514
B            1.46511617476903       -4.20812966648764        1.84327685582173
N           -0.87080696161297        1.07224450327076        4.51970345890594
B           -2.61289429076123       -2.38951977303240       -0.91790296316763
N           -1.06476461765116       -4.47462121253064        1.28277573040934
B           -2.43593210863757        0.50530123564109       -1.85113545380098
N            2.37196986710329       -3.88010072997881        0.81638160524851
B            3.91430718418202       -0.19316867267221        1.13018332139596
N            2.01954936098004        1.97504419137891       -2.09690819813690
B            1.13191875685825        2.27050145167668       -4.27280931650015
N           -4.15567647741178        0.84202104163206       -0.12466440781046
B           -1.24055184637374        2.46791419512576       -2.82154614826531
N           -2.28111486511451        1.94663364960912       -2.03816803037188
B            3.08510179511366       -2.63593565763687        0.98521733386706
N            2.38295945356387       -3.66105300579601       -0.60572307128261
B            2.17779607064653        0.54755330768840        3.17574875094965
N           -2.09460385840850        0.62300696431630        3.90224011200863
B           -1.06243619215242       -4.17328777004955       -0.14942727479532
N           -3.17969667284208        0.05455731805988       -0.71944021156524
B            3.49472902865711        1.27535188592342       -0.11754960581934
N            2.55253112526440        1.63362205481384        2.31233211288242
B            1.57389555592189       -1.54054581912365       -3.16541019538205
N           -2.14037347653621        1.76225830545328        3.04656626975045
B            2.14000755383555        0.73045314834297       -2.84331794237611
N           -2.75846018083449       -1.32075649920224        2.57612102701154
B            0.78097175203163       -0.52471442447041       -4.15344047156860
N           -0.11143313922433       -3.75096897411294       -1.04731594354423
B            0.44082093035852       -2.10016251373830        3.74702306957593
N           -0.64798652165552       -1.20503085159027        4.09987938087765
B           -3.22589541177564       -1.43411544077596        1.23944156731981
N            2.63480625777570       -0.84715717614506        2.99920864194574
B            1.91230171401898        3.35338450547271        0.26073367540543
N            2.91536046089655       -2.31813475689447       -0.41214787806121
108
 energy: -224.025632656957 gnorm: 0.004285904823 xtb: 6.7.1pre (5071a88)
F            5.39997273436860        1.36845788896881        6.73679254188139
C            4.34408684106848        1.07331670891993        5.94002024108899
F            4.12485450961373        2.16834205858564        5.20025950331210
C            3.15319790004375        0.62421250992381        6.73457734441396
C            1.96804707293050        1.34319921299849        6.72799342783006
C            0.89148466071894        0.88734165983975        7.46913198941960
C            0.99689047014006       -0.27227390751204        8.22414115451499
C            2.19179732339972       -0.98291131015262        8.22319089297519
C            3.26936894995948       -0.54144045116895        7.48207423431414
C           -0.18491859265724       -0.82510114117842        9.00613388894042
C           -1.18528955117856        0.24764727147249        9.38443362268248
C           -0.89951331825058        1.06103862700953       10.46945719322753
C           -1.77136047272315        2.06980684966565       10.82658150810514
F           -1.47163814597000        2.85516636294372       11.88836476805217
C           -2.93930567278888        2.29701604015282       10.12091554800065
C           -3.22939809064034        1.48871035787319        9.04311711107480
C           -2.37142384979215        0.45219225047705        8.65690034637472
N           -2.74248462477272       -0.36625008478198        7.62225935476620
C           -1.81681898685130       -1.32379532645658        7.09573984187612
C           -2.38642170843023       -2.65285304093676        6.58474243137884
O           -3.26568315892149       -2.86163758660817        5.78994949051217
N           -1.61039308439285       -3.59231748574153        7.20681938621160
N           -0.75147450476439       -3.08783186500978        8.14837333088883
C           -0.85965397314152       -1.81545482217903        8.13390914933863
F            4.79010969945559        0.12196783077459        5.09724202419552
H            1.87935394384156        2.24219478942410        6.14009366049691
H           -0.03107254225732        1.44574798105291        7.45401727502919
H            2.27143405617875       -1.89134827654669        8.80005280978799
H            4.19795941891330       -1.09178352628320        7.47823282425730
H            0.19234952576584       -1.32497293666317        9.90321457443386
H            0.00781560110769        0.91426614414590       11.03430870927753
H           -3.60342218506313        3.09281894257142       10.41694797146780
H           -4.13707224745034        1.64773444211780        8.48126340150256
H           -3.46166829596002       -0.04595525876342        6.99309248103681
H           -1.22086129875858       -0.90827793325436        6.26596752272251
H           -1.70667956019706       -4.59214126436683        7.12403184650265
B            3.44940647955856       -1.44489084475591        2.02663085860652
N            3.44264808803200        1.13395499809955        1.33577599754725
B            2.60700801954422        2.38456771520126       -0.88017198141364
N            2.37576034000045       -0.62504599881858       -2.35905241664010
B            0.66551691457075       -3.55596241819133        3.02988006424544
N           -2.92977427023192       -2.62898555226157        1.95161984958699
B           -1.04980647905870        4.08613138973369        2.13260544383430
N           -0.50625169014660        0.03189618923309       -3.63544941822549
B           -0.35338658015420        1.45988481548268       -3.77855955957933
N            1.27770335277414       -3.77704133009133       -1.39748238380537
B           -3.80344932343899        2.22013527296000       -0.25491478593644
N           -2.71605285037564        2.77369310851117       -0.94887392669045
B            1.53845108555909        0.83544335409837       -4.53281248050953
N           -0.27091867701060        3.36344627309989        3.15503227553209
B            0.98933273692342       -2.86664999899150       -2.47629485755706
N           -0.44048520530355        3.77743823526902       -0.69365026737431
B           -0.85450920517974        2.18565175698327        3.58826699863500
N            1.61403804746440       -1.27232547525679        3.87769300499139
B           -0.16642505106683        3.48248934336234       -2.05821590075416
N            1.25981154488066        0.07415790373023        4.18960817236278
B           -1.50414873589577       -0.54678651285539       -2.80252767784191
N           -3.81895969489127        1.78231759461885        1.06907680296185
B            0.33922868721748        4.50522399278775        1.51981805003995
N           -0.02829841866654       -0.01269884425070        4.77392425282095
B           -2.71552470333372        2.22855961893111        1.86594983121732
N            3.80983624284285       -0.11792517901986       -0.36267573828350
B           -2.24233718370695       -3.62606663499085        1.27942395638639
N            1.03064506986766        3.73810984538930        2.58706210353065
B           -1.87942103359565       -0.76571734985768        3.48914590605465
N           -2.39226928747071       -3.58526045038757       -0.18497650793870
B            3.07428763208511       -1.05824932237870       -1.11561432367550
N           -3.12790572662948       -1.23913372499651       -0.14195543353187
B            2.02556886627277        2.93060422864877        1.93505440212482
N           -0.42437737308091       -2.88801660322125       -2.12610949172659
B           -1.58907319290143       -2.10042328642946       -2.21042064976660
N            0.62090485401613        3.97595740210687        0.23086690093239
B            1.19209614128757        2.97499905128120       -2.82896468308245
N            0.07173776944851       -4.35231631709674        2.03602950768493
B           -1.74487750074739        3.45960581456879       -0.12296111967357
N           -2.00419534921382        3.41812844230199        1.31253922093624
B            1.46613310753937       -4.20719464036949        1.84478579962655
N           -0.87087607904607        1.07232547212274        4.51988250893907
B           -2.61175687809078       -2.39045620719739       -0.91770710954996
N           -1.06349736406738       -4.47449541027366        1.28350083056883
B           -2.43493407631311        0.50503035605189       -1.85004934775533
N            2.37365598080938       -3.87832783825471        0.81889415949765
B            3.91632740980129       -0.19128743690686        1.13245997212167
N            2.01826721068299        1.97515693720775       -2.09477698361484
B            1.13312412439488        2.27140577184126       -4.27118876476227
N           -4.15492446878269        0.84117067034050       -0.12383497033608
B           -1.24040554237801        2.46809456503000       -2.82028805199816
N           -2.28089565674016        1.94642704070076       -2.03711877751026
B            3.08670828972618       -2.63397297422095        0.98757782044786
N            2.38471894773101       -3.65941657846551       -0.60325005251799
B            2.17950671212035        0.54825476871192        3.17751797439788
N           -2.09370144183681        0.62222878580690        3.90085704687020
B           -1.06093941633372       -4.17283785966423       -0.14859868890426
N           -3.17878876734015        0.05376009179588       -0.71868294705666
B            3.49433119104300        1.27665863426912       -0.11536776467419
N            2.55259496744721        1.63484026941350        2.31429188424080
B            1.57593644668349       -1.53972318336234       -3.16369858356304
N           -2.14032651907521        1.76199181073263        3.04656717450558
B            2.14047858164712        0.73077112594612       -2.84131441740603
N           -2.75614300271440       -1.32234417053266        2.57562687517435
B            0.78320953873509       -0.52373144407465       -4.15174462207241
N           -0.10932443076235       -3.75000904452995       -1.04559124791775
B            0.44313599510299       -2.09961717355223        3.74867035441029
N           -0.64594077417817       -1.20417381083142        4.09969734743025
B           -3.22580362802630       -1.43547519337711        1.23960535857314
N            2.63834659967374       -0.84594137295553        3.00285453970620
B            1.91089288876286        3.35387979136521        0.26247150457636
N            2.91718787103560       -2.31672496636043       -0.40982121940668
108
 energy: -224.025716807512 gnorm: 0.003615234512 xtb: 6.7.1pre (5071a88)
F            5.37145976550223        1.40607791038005        6.71085534771270
C            4.33025131206428        1.07720742042316        5.90956531337089
F            4.09701698536833        2.15161881614486        5.14670027075146
C            3.14161579273439        0.62185777073306        6.70396008371669
C            1.96171234774400        1.35036884427552        6.71782825043566
C            0.89059729041744        0.89407367656930        7.46676817126540
C            0.99592610959722       -0.27478505549076        8.20866722086100
C            2.18480334727438       -0.99520033078800        8.18629425825199
C            3.25822467567386       -0.55256701676704        7.43814203073509
C           -0.18199823914808       -0.82724116206677        8.99663238863855
C           -1.18106030074479        0.24400021710056        9.38213497639836
C           -0.88563242178179        1.06213402827514       10.46148289861064
C           -1.75627462682366        2.06963140498730       10.82499704303909
F           -1.44820010853742        2.85998661789292       11.88020049014465
C           -2.93264796978109        2.29181411220832       10.13095039728268
C           -3.23235966366278        1.47952461834695        9.05899353384581
C           -2.37562789239285        0.44380956350107        8.66727959863196
N           -2.75749378753686       -0.37951440779428        7.64011465843255
C           -1.83041594798257       -1.32879981088184        7.09907811418092
C           -2.40016018357035       -2.65891079257429        6.59387150476709
O           -3.29220549230091       -2.87318682620353        5.81512010392543
N           -1.61096760843613       -3.59652009318058        7.20345982054347
N           -0.74535654476496       -3.08954089303499        8.13753143573562
C           -0.85965810514370       -1.81780030038461        8.12629458178767
F            4.80122788681749        0.11842569736586        5.08920132618976
H            1.87191810702248        2.25516374767222        6.13832732524781
H           -0.02862924642530        1.45876570814883        7.47051467690350
H            2.26508719124128       -1.91138143034759        8.75177105772080
H            4.18216736580521       -1.11027376997166        7.41741394040078
H            0.19968689856269       -1.32914333148637        9.89073304111773
H            0.02856503912626        0.91919657672582       11.01646258300531
H           -3.59494988994848        3.08725390244948       10.43210183189121
H           -4.14604178358874        1.63383230108819        8.50549407015456
H           -3.48169871066083       -0.06088225223729        7.01537872712945
H           -1.24720206070261       -0.90625200988818        6.26423637767472
H           -1.70169753226369       -4.59667361517291        7.11918048699383
B            3.45320133277193       -1.43965542827984        2.03258771629456
N            3.44306865225121        1.13922792757455        1.34151030639634
B            2.60580780022487        2.38812351771757       -0.87457286817403
N            2.38042731423537       -0.62178436903668       -2.35331593119306
B            0.66905671202527       -3.55425685920600        3.03488089179702
N           -2.92703840760685       -2.63156918081937        1.95378809979306
B           -1.05365754581024        4.08767324299456        2.13657592055974
N           -0.50126471851195        0.03343546767563       -3.63109546517362
B           -0.35068687519515        1.46141980549780       -3.77453212997357
N            1.28497387857313       -3.77429063797295       -1.39219422437995
B           -3.80397251872188        2.21834084348922       -0.25353831211470
N           -2.71652229711888        2.77317396116018       -0.94637450189723
B            1.54350450496179        0.83851937234998       -4.52755282677532
N           -0.27465840478477        3.36607451016688        3.16058656199367
B            0.99634665671566       -2.86438360283813       -2.47149617630386
N           -0.44235123031404        3.77941341506606       -0.69006121982103
B           -0.85725419317177        2.18646972882148        3.59095313211368
N            1.61539104689586       -1.26942520301730        3.88127335676354
B           -0.16693676801354        3.48429420332848       -2.05439038187872
N            1.25885405987138        0.07675475885520        4.19180844197816
B           -1.49864294060487       -0.54643432518618       -2.79828396215124
N           -3.81908632272354        1.77998416780222        1.07050466090569
B            0.33537984050419        4.50727613550108        1.52398579523606
N           -0.02911265329626       -0.01202109833319        4.77651393212896
B           -2.71665554950843        2.22789809589534        1.86750912915583
N            3.81216216872814       -0.11270538281596       -0.35625763116988
B           -2.23797905935890       -3.62760220868041        1.28149987181401
N            1.02660138611472        3.74035256231353        2.59117256670741
B           -1.87775617137752       -0.76647741894328        3.49078908925320
N           -2.38672157884750       -3.58662928267257       -0.18303244804243
B            3.07855458821970       -1.05402019832819       -1.10962594407502
N           -3.12443206792484       -1.24083424240259       -0.13959591455838
B            2.02271241333374        2.93388417506171        1.94006362988930
N           -0.41750993949349       -2.88692665014457       -2.12215660404346
B           -1.58292914498308       -2.10048383857844       -2.20730153014157
N            0.61833599414138        3.97898014337878        0.23498732212450
B            1.19233713968021        2.97757396833084       -2.82402934862396
N            0.07666615810485       -4.35146557753275        2.04074669383573
B           -1.74649779619758        3.46034812036749       -0.12018139253893
N           -2.00650672531706        3.41850910916380        1.31560635912912
B            1.47099605907000       -4.20431552495492        1.84999993733366
N           -0.87267565706865        1.07258590849014        4.52277880272458
B           -2.60631762395005       -2.39170406407956       -0.91539920361562
N           -1.05786610651295       -4.47381753385702        1.28681770434552
B           -2.43189964314379        0.50437305036709       -1.84692975569171
N            2.37907570954726       -3.87382226878587        0.82525228356168
B            3.91925330162581       -0.18540675076096        1.13882169421965
N            2.01793313449745        1.97758760092022       -2.08916990139847
B            1.13590232195392        2.27411575797919       -4.26649707223448
N           -4.15309643963435        0.83886565241940       -0.12167090814799
B           -1.23937448387043        2.46870107800017       -2.81699020653881
N           -2.27962505080968        1.94591977534739       -2.03426989560368
B            3.09166376327426       -2.62910341623768        0.99375547059023
N            2.39099583444557       -3.65540903165953       -0.59698335829886
B            2.17957659887628        0.55153601086953        3.18147566646240
N           -2.09375482776627        0.62085064179448        3.90128470009255
B           -1.05445004342741       -4.17198597243440       -0.14514867606639
N           -3.17573111066167        0.05214236107048       -0.71602544249872
B            3.49470373256962        1.28161510673589       -0.10938184358535
N            2.55143009001366        1.63885499324981        2.31919100085022
B            1.58198964598168       -1.53700325852125       -3.15876295450966
N           -2.14109605856264        1.76079585198412        3.04788834749329
B            2.14318150170592        0.73349910170089       -2.83573802069838
N           -2.75318872695969       -1.32518485571967        2.57743294597806
B            0.78919401682572       -0.52114466324412       -4.14686134467387
N           -0.10231885802002       -3.74823655126461       -1.04111549874189
B            0.44591483836292       -2.09824624072516        3.75370667522610
N           -0.64446014505126       -1.20334281895903        4.10368882216724
B           -3.22373152129444       -1.43814694811885        1.24158458159557
N            2.64145457821580       -0.84194101599625        3.00903286457591
B            1.90841802954954        3.35716887668083        0.26740083369182
N            2.92271340303646       -2.31263341576407       -0.40376985098182
108
 energy: -224.025768862486 gnorm: 0.003307190984 xtb: 6.7.1pre (5071a88)
F            5.35534681124227        1.42865439742842        6.68991655265863
C            4.32084479336535        1.08157380455213        5.89176595118574
F            4.07736566302443        2.14568857064017        5.12018623063124
C            3.13555187868957        0.62121624033960        6.68686821669401
C            1.95949193213307        1.35578080795780        6.71461275799882
C            0.89072489609215        0.89855234113617        7.46589928476802
C            0.99449137027719       -0.27659018686141        8.19803773016094
C            2.17814437905009       -1.00488091300903        8.16022892072926
C            3.24910424510034       -0.56160151577330        7.40873699022003
C           -0.18037919031989       -0.82847169789588        8.99102592615363
C           -1.17833448483880        0.24194880864979        9.38148923413251
C           -0.87655487237237        1.06255074331743       10.45741432134032
C           -1.74605850901365        2.06943767734818       10.82513226139731
F           -1.43190913914581        2.86238528918278       11.87674609745987
C           -2.92744596990356        2.28926962506469       10.13864499306286
C           -3.23372328162583        1.47422517954655        9.07080491771098
C           -2.37840028699499        0.43857155565349        8.67523458801489
N           -2.76810809130808       -0.38863818990505        7.65386639615846
C           -1.83974310388360       -1.33207501231956        7.10310937303579
C           -2.40758352180826       -2.66259167516439        6.59923969512381
O           -3.30624992586446       -2.87862606025964        5.82951955950493
N           -1.60933148548156       -3.59891697742028        7.19962363911262
N           -0.74006010489885       -3.09051960698842        8.12938657625571
C           -0.86027128944915       -1.81930869700457        8.12255363322944
F            4.80395339008903        0.12313427932840        5.08175273714780
H            1.87105818780471        2.26592860053918        6.14271618676632
H           -0.02596071485172        1.46667601859828        7.48033673444709
H            2.25676995392882       -1.92718436864730        8.71629705527067
H            4.16838465101037       -1.12625089238353        7.37504774789878
H            0.20537601541456       -1.33046899569189        9.88331382743195
H            0.04168065408551        0.92177349582562       11.00620094627102
H           -3.58810619048226        3.08485982347323       10.44293817746884
H           -4.15136499386313        1.62583515165119        8.52291535216393
H           -3.49443658761876       -0.06942073911771        7.03193434364849
H           -1.26467908197205       -0.90315217838677        6.26603194138764
H           -1.69635486306492       -4.59918249031474        7.11344605271889
B            3.45507493669629       -1.43630653422705        2.03621106940225
N            3.44281344631626        1.14245626608969        1.34471445941086
B            2.60474547913001        2.39026370029581       -0.87125082382030
N            2.38418109678135       -0.61969268947116       -2.34990187518773
B            0.67175462225547       -3.55331301767033        3.03814387592416
N           -2.92579617871486       -2.63405645581428        1.95491131073794
B           -1.05658079783817        4.08847138985353        2.13893178489719
N           -0.49780850048557        0.03440269868172       -3.62861603584872
B           -0.34895448096109        1.46238827722613       -3.77216017619208
N            1.29000255876425       -3.77209719775154       -1.38890745547918
B           -3.80447645495194        2.21666284516567       -0.25305194305086
N           -2.71698914436924        2.77242784833763       -0.94506289093888
B            1.54721213920119        0.84049820977733       -4.52452846762030
N           -0.27773064097933        3.36759550218134        3.16399270885642
B            1.00126987442905       -2.86283100079640       -2.46866120939080
N           -0.44385895711442        3.78050805193743       -0.68806227526736
B           -0.85954586607694        2.18674201078434        3.59261984221745
N            1.61582313882187       -1.26766232151942        3.88387628481953
B           -0.16750751873997        3.48530581564426       -2.05223339315426
N            1.25745406185436        0.07832976335667        4.19269981165667
B           -1.49526371688801       -0.54638660060281       -2.79646295268704
N           -3.81935084666939        1.77797055662105        1.07103706271787
B            0.33246149332304        4.50831660703535        1.52643914162412
N           -0.03020930896978       -0.01185845852986        4.77821130043326
B           -2.71764039941607        2.22718349175922        1.86821842304452
N            3.81464876399952       -0.10936199687326       -0.35248948592754
B           -2.23497647737262       -3.62891105236518        1.28221328381173
N            1.02348926454579        3.74153817475043        2.59356439300560
B           -1.87684857008304       -0.76733912752108        3.49163277760173
N           -2.38307381062033       -3.58828702560532       -0.18234768471651
B            3.08219454729252       -1.05132761163091       -1.10607570028561
N           -3.12213095079177       -1.24267279082119       -0.13851843959635
B            2.02024745023376        2.93571414454025        1.94284730964697
N           -0.41266464885147       -2.88590899106281       -2.11967224847493
B           -1.57862001757393       -2.10037452377981       -2.20531555926163
N            0.61632972154427        3.98074424820628        0.23734170961724
B            1.19230582124924        2.97912477576074       -2.82119676064798
N            0.08005712033573       -4.35063560193977        2.04365740780348
B           -1.74784944879021        3.46059469492607       -0.11863894755721
N           -2.00846220238337        3.41862054422521        1.31727765048030
B            1.47434209856933       -4.20260173714602        1.85311389599338
N           -0.87426612597730        1.07244041684791        4.52426760994880
B           -2.60277423578993       -2.39301879942621       -0.91432928196764
N           -1.05387376912973       -4.47325777556431        1.28872069240966
B           -2.42941302048491        0.50352047932596       -1.84487341931793
N            2.38276194941860       -3.87092287161410        0.82911237807204
B            3.92083293893687       -0.18169189838993        1.14266629608270
N            2.01763701815095        1.97908460842209       -2.08592238370093
B            1.13763327912643        2.27575361068259       -4.26379077764369
N           -4.15167406239971        0.83680307804965       -0.12038143072876
B           -1.23885614577849        2.46887519841173       -2.81514166197730
N           -2.27878010282172        1.94521036561692       -2.03260247893035
B            3.09517491585830       -2.62610240724134        0.99747762118988
N            2.39560140112604       -3.65293103048481       -0.59326206159345
B            2.17834455105491        0.55334418363252        3.18313428678369
N           -2.09419325480973        0.61956025858912        3.90123779365121
B           -1.04988662776662       -4.17161844903739       -0.14319533604433
N           -3.17327142289203        0.05058800738849       -0.71436450186206
B            3.49479186650340        1.28464193427230       -0.10597284601440
N            2.54964852881783        1.64101819840991        2.32149968020373
B            1.58641249896712       -1.53519006029568       -3.15577100887717
N           -2.14222854783716        1.75984760611409        3.04857699331107
B            2.14531334138193        0.73519311363913       -2.83250627264837
N           -2.75061902337611       -1.32729506034518        2.57760995655659
B            0.79346039714566       -0.51939214532738       -4.14380748501101
N           -0.09741476936878       -3.74677523740786       -1.03826891361065
B            0.44725369703588       -2.09768707315136        3.75724808624182
N           -0.64406253921569       -1.20306141774781        4.10688252898096
B           -3.22274403924288       -1.44078940704798        1.24247328838645
N            2.64250267314787       -0.83967609794934        3.01252751704628
B            1.90651335586140        3.35921428673074        0.27028567026152
N            2.92687444515582       -2.31010370995136       -0.40011566720016
108
 energy: -224.025809541832 gnorm: 0.003536958840 xtb: 6.7.1pre (5071a88)
F            5.32837957555325        1.48144943421002        6.65778294804738
C            4.30655485224800        1.08840320479875        5.86059285906765
F            4.04273151870794        2.12980000118379        5.06126044857030
C            3.12572889783198        0.62167410340166        6.65741772696146
C            1.95580736765070        1.36567538290472        6.70788445873768
C            0.89002052349882        0.90648374434216        7.46172329553826
C            0.99153922707412       -0.27915565019346        8.17699449765460
C            2.16773600295651       -1.01865580205646        8.11503034846628
C            3.23455698522533       -0.57439663179003        7.35879321783334
C           -0.17767201546635       -0.83116698899096        8.97851887598796
C           -1.17310114140692        0.23831646569882        9.37799257276432
C           -0.85895149544292        1.06322031935067       10.44745530068882
C           -1.72615055507732        2.06897617533279       10.82347356026786
F           -1.39960890403047        2.86611499848477       11.86871440232003
C           -2.91753433711163        2.28370202036754       10.15221542896175
C           -3.23629275002216        1.46380449306381        9.09167144025250
C           -2.38356437740131        0.42903828290332        8.68777784926319
N           -2.78684520675530       -0.40430076784900        7.67583575095681
C           -1.85806127836059       -1.33910311744912        7.10925314296666
C           -2.42296009481298       -2.67157722210756        6.60789038687060
O           -3.33090938172873       -2.89020682949420        5.85001059344238
N           -1.61033621517541       -3.60462870200501        7.19476485334505
N           -0.73318415331306       -3.09328344364627        8.11561417305338
C           -0.86266334074599       -1.82290064211536        8.11512281765074
F            4.81915312028045        0.12051548363522        5.07830398723639
H            1.86999204618964        2.28489619746395        6.14965384011607
H           -0.02254546257317        1.48070936789695        7.49204981033002
H            2.24302134211505       -1.95042353608935        8.65588993387794
H            4.14721386906522       -1.14875512800583        7.30529423351973
H            0.21595985882225       -1.33263852259043        9.86782131576723
H            0.06703695994915        0.92668332738047       10.98451092517407
H           -3.57594567771493        3.07881194042822       10.46269914006557
H           -4.16198997902405        1.61084957026309        8.55556056054476
H           -3.52050365918751       -0.08554763946751        7.06183362165686
H           -1.29711365999509       -0.90209987270060        6.26656889433583
H           -1.69185170855097       -4.60517455858060        7.10651557732528
B            3.45779344181925       -1.43030065568094        2.04291563683519
N            3.44234330861374        1.14838303997661        1.35088669814590
B            2.60393765829516        2.39480396347925       -0.86509534139951
N            2.39036752283948       -0.61544250579430       -2.34372730819919
B            0.67639020130590       -3.55166697403875        3.04402293080767
N           -2.92303721035702       -2.63780462098727        1.95725616483653
B           -1.06159310596373        4.08898898389835        2.14302448844158
N           -0.49182876596263        0.03578365591197       -3.62398302166465
B           -0.34556949024773        1.46389872509666       -3.76787693714606
N            1.29886471414042       -3.76850176727299       -1.38319014148865
B           -3.80507141418574        2.21348024523418       -0.25188857077915
N           -2.71761981537347        2.77075887019346       -0.94271089426219
B            1.55308049565951        0.84406437845420       -4.51902336830784
N           -0.28303901700619        3.36922652141957        3.16930776490504
B            1.00993317805537       -2.85992146699898       -2.46340290265089
N           -0.44623980056731        3.78218910961514       -0.68429340581496
B           -0.86360892716401        2.18704578002760        3.59660726822798
N            1.61522054143403       -1.26419672531861        3.88805112779846
B           -0.16834488993823        3.48697282622237       -2.04817806989425
N            1.25412719228672        0.08129293473776        4.19464235363272
B           -1.48905772771085       -0.54643743094604       -2.79253127944913
N           -3.82024489062472        1.77459128337283        1.07225130489372
B            0.32730938255110        4.51009811674457        1.53106000441482
N           -0.03243524021492       -0.01087837468309        4.78252701101646
B           -2.71970281499863        2.22547567381706        1.87013643672260
N            3.81885297778645       -0.10306527005625       -0.34556846384118
B           -2.22907873604412       -3.63079576376934        1.28434380390885
N            1.01811891892303        3.74375538953539        2.59821881255855
B           -1.87627865998772       -0.76888224411561        3.49440712543509
N           -2.37587845934629       -3.59042929656109       -0.18025294032160
B            3.08821404019709       -1.04614813678896       -1.09950672312367
N           -3.11763733470565       -1.24552266128074       -0.13622289196373
B            2.01634714765103        2.93947367637651        1.94811145310630
N           -0.40420958217388       -2.88438700055707       -2.11529361176313
B           -1.57118804452726       -2.10057229312287       -2.20189852538071
N            0.61308687484017        3.98380284664939        0.24177073987107
B            1.19261539499927        2.98205501272856       -2.81601260215493
N            0.08640631465949       -4.34916573176126        2.04866936873380
B           -1.75006032846765        3.46045109075798       -0.11561790350875
N           -2.01180102820928        3.41804539630945        1.32020282045558
B            1.48062651361067       -4.19928066733199        1.85892534283579
N           -0.87781138560200        1.07231848631455        4.52790412862795
B           -2.59611198116030       -2.39486533362284       -0.91188264715647
N           -1.04654270877162       -4.47270439446825        1.29233955807188
B           -2.42554737779112        0.50198998778540       -1.84158405131266
N            2.38941138830181       -3.86597426463415        0.83581754688646
B            3.92289284051611       -0.17499624381031        1.14977125102698
N            2.01825462979582        1.98263678851046       -2.08005260412378
B            1.14048162535681        2.27870685904435       -4.25870616311913
N           -4.14967447022801        0.83303189226753       -0.11843143665220
B           -1.23772817004342        2.46905927263531       -2.81176662303438
N           -2.27726551688981        1.94390134465877       -2.02970749354214
B            3.10107594360800       -2.62079258292917        1.00422406215181
N            2.40378014602952       -3.64851223624592       -0.58673379477267
B            2.17548817156875        0.55715725705273        3.18678238137977
N           -2.09601051723758        0.61767146334162        3.90272316965153
B           -1.04154590103586       -4.17122223753844       -0.13952462259044
N           -3.16933260500201        0.04800829829838       -0.71153883708337
B            3.49551853738708        1.29044595803174       -0.09962137045056
N            2.54653906882565        1.64521688160519        2.32600875012356
B            1.59402408535269       -1.53168158838769       -3.15020969565815
N           -2.14480722980578        1.75829229738118        3.05071531303771
B            2.14928042955678        0.73899188813450       -2.82655404632814
N           -2.74797268273170       -1.33047810098565        2.57949406116264
B            0.80053767497343       -0.51648853872715       -4.13844062291590
N           -0.08875855037095       -3.74457190695368       -1.03338414680984
B            0.44848157440407       -2.09660469907674        3.76333744335300
N           -0.64453685892049       -1.20300424624828        4.11346546749935
B           -3.22025235666240       -1.44467907373881        1.24457005774231
N            2.64280763180488       -0.83529322894084        3.01810141313066
B            1.90373411303182        3.36334240284654        0.27571376156127
N            2.93383416262678       -2.30525079280304       -0.39349575398889
108
 energy: -224.025849937290 gnorm: 0.002768596503 xtb: 6.7.1pre (5071a88)
F            5.32608256517740        1.49182515612578        6.65292673823384
C            4.30542313056020        1.09383071077983        5.86006209797012
F            4.03739302371642        2.13525746166097        5.06342495148778
C            3.12641716493430        0.62360396512536        6.65638539027106
C            1.95876442142064        1.36954660876332        6.71253942454801
C            0.89160707163030        0.90924525149339        7.46324975605610
C            0.99011311122927       -0.27974244019477        8.17205819542873
C            2.16277839458328       -1.02308841244071        8.10271871657389
C            3.22952225714270       -0.57843752674850        7.34778905656463
C           -0.17734939477656       -0.83166050188302        8.97627621039060
C           -1.17170212937174        0.23790005411591        9.37821200357138
C           -0.85504251731379        1.06259226509612       10.44677477772576
C           -1.72118159517307        2.06835661071385       10.82482002811312
F           -1.39185710419919        2.86463106523586       11.87006161883813
C           -2.91377568581919        2.28348836236998       10.15690403533955
C           -3.23522783145690        1.46286900165395        9.09801720691801
C           -2.38410391879606        0.42768541493611        8.69204080853477
N           -2.79118260110444       -0.40782815317064        7.68344491597669
C           -1.86204551615909       -1.33951519051905        7.11247355485038
C           -2.42434002950682       -2.67203095035025        6.60779005537445
O           -3.33279834523237       -2.88888819162517        5.85063734694779
N           -1.60798839796660       -3.60434217078628        7.18960160888649
N           -0.73022179982365       -3.09331375726540        8.10978808016531
C           -0.86364937452832       -1.82335833836279        8.11440657903962
F            4.82205558701356        0.13118605669675        5.07743192200287
H            1.87667762828138        2.29268711917273        6.16072164101886
H           -0.01913327256301        1.48517349899787        7.49578567003322
H            2.23381504665070       -1.95850777478030        8.63683837281513
H            4.13856152958556       -1.15691418167640        7.28790816649019
H            0.21915716826157       -1.33188464118728        9.86494309042440
H            0.07182712803355        0.92636607959463       10.98168100210910
H           -3.57111477516798        3.07894354719584       10.46852527588441
H           -4.16227839741843        1.60989663998837        8.56471937308710
H           -3.52644314495189       -0.08805574572663        7.07201177737149
H           -1.30388131911814       -0.89867192973175        6.27017059612675
H           -1.68937592333465       -4.60472440081304        7.10031056814951
B            3.45741203915508       -1.42928591256530        2.04415292595976
N            3.44088783071489        1.14887422958894        1.35129792026547
B            2.60313283098750        2.39526905055912       -0.86430458196895
N            2.39270987114424       -0.61456535800076       -2.34293675525875
B            0.67733106686702       -3.55161070826586        3.04479665368749
N           -2.92337335665197       -2.64003452650601        1.95671669588872
B           -1.06366015620962        4.08821641421933        2.14304689557115
N           -0.49027566077165        0.03558145507075       -3.62358139155428
B           -0.34499444186613        1.46372359211472       -3.76745357614734
N            1.30096050380655       -3.76688558752600       -1.38230464801414
B           -3.80585694283077        2.21148356382515       -0.25249774329992
N           -2.71844090492465        2.76931461586619       -0.94299502596308
B            1.55476901301371        0.84462442633811       -4.51864912864689
N           -0.28539406601395        3.36852840505483        3.16916900682863
B            1.01218493207186       -2.85907796055968       -2.46285248696062
N           -0.44752269432744        3.78163859861744       -0.68402888027070
B           -0.86575335790578        2.18658061630068        3.59739458098728
N            1.61423025223772       -1.26389897622898        3.88942433791703
B           -0.16918358681121        3.48676158835635       -2.04790115737020
N            1.25214085788543        0.08151851029530        4.19445792117284
B           -1.48746321050733       -0.54712636268360       -2.79236874409555
N           -3.82112143464326        1.77256098712615        1.07166177816239
B            0.32530474888825        4.50973446098657        1.53156937856939
N           -0.03409219028172       -0.01122634026334        4.78335961584427
B           -2.72097865525485        2.22426791169572        1.86987748562671
N            3.82155537178037       -0.10198120298006       -0.34473547126746
B           -2.22815408745728       -3.63218323067021        1.28321957776324
N            1.01612155374821        3.74375714466059        2.59897379896764
B           -1.87680403345453       -0.77009680471516        3.49433840677358
N           -2.37468159588940       -3.59233073724606       -0.18130948017669
B            3.09070565584044       -1.04511612515348       -1.09862345679995
N           -3.11679780033137       -1.24755304134673       -0.13713189051480
B            2.01440522417623        2.93958747072033        1.94844774561089
N           -0.40215250359571       -2.88406321207397       -2.11520358549188
B           -1.56977938250566       -2.10147483113239       -2.20257395713991
N            0.61143978621123        3.98338391163805        0.24231142294457
B            1.19213833692755        2.98235992091534       -2.81561273398278
N            0.08755841882398       -4.34825885234407        2.04875307974318
B           -1.75145443523084        3.45948144071393       -0.11561639781131
N           -2.01375235212642        3.41719315328745        1.32001707652972
B            1.48179595582677       -4.19875322472314        1.85939832432216
N           -0.87973915525168        1.07155399393841        4.52787050474150
B           -2.59481998169056       -2.39625438327166       -0.91269579376715
N           -1.04493588935636       -4.47289440832730        1.29209391916514
B           -2.42497091750444        0.50075410891883       -1.84184291941173
N            2.39089932842781       -3.86508102102671        0.83667582014814
B            3.92277104900858       -0.17401700271717        1.15090109065012
N            2.01799835812260        1.98321989642352       -2.07949419862025
B            1.14076167534430        2.27893721374745       -4.25825071975057
N           -4.14936216994427        0.83082132397724       -0.11874720587967
B           -1.23791326768544        2.46841024361541       -2.81165767826983
N           -2.27739763740911        1.94277736536399       -2.02982840183347
B            3.10241729409332       -2.61993566483051        1.00524185384146
N            2.40612181253013       -3.64775478799847       -0.58602237226648
B            2.17302904382083        0.55726464275722        3.18663182523251
N           -2.09746002090522        0.61634707549543        3.90220656397740
B           -1.03966222029309       -4.17166758257454       -0.13983023824828
N           -3.16839682983100        0.04632927675633       -0.71180307069389
B            3.49518098468483        1.29110071168713       -0.09901793603372
N            2.54404787323255        1.64517476882280        2.32568527589817
B            1.59633565419168       -1.53077292416942       -3.14943632069670
N           -2.14703673519552        1.75766816333876        3.05108393622472
B            2.15047474767731        0.73963962537736       -2.82595795083888
N           -2.74648095990166       -1.33178396878842        2.57773200712915
B            0.80247777421944       -0.51597286143343       -4.13784569960630
N           -0.08660702472564       -3.74354294658192       -1.03272593676352
B            0.44779380523991       -2.09703016482755        3.76479050285396
N           -0.64563061035065       -1.20358773511766        4.11537099342247
B           -3.22041668587956       -1.44706232852732        1.24377723616172
N            2.64153769572659       -0.83503606506859        3.01891184839269
B            1.90243645671778        3.36367954691062        0.27640257697041
N            2.93594799798222       -2.30432414702144       -0.39248266189325
108
 energy: -224.025881048716 gnorm: 0.002395399915 xtb: 6.7.1pre (5071a88)
F            5.31879717974033        1.51139106000590        6.64982871102615
C            4.30397365606338        1.10080605492366        5.85607582606249
F            4.03125259044579        2.13755851696097        5.05444480744562
C            3.12543392141047        0.62614487968660        6.65061291538497
C            1.96110893421939        1.37652876888771        6.71669211140140
C            0.89345418968793        0.91500820099308        7.46598935364010
C            0.98897304800027       -0.28015265018159        8.16454345974532
C            2.15757149013848       -1.02872276304219        8.08386752786528
C            3.22396784086309       -0.58299975070354        7.32954664816612
C           -0.17643305233368       -0.83280640216389        8.97129637924975
C           -1.16936222932584        0.23654727689997        9.37729295037300
C           -0.84772337303993        1.06205000563023       10.44370601400723
C           -1.71246679617969        2.06759529944487       10.82551466405455
F           -1.37816592325041        2.86398191911961       11.86916492629311
C           -2.90855224564324        2.28166928824774       10.16382749411714
C           -3.23492088897092        1.45985059487851        9.10731834357376
C           -2.38560302188859        0.42476587474050        8.69777909995761
N           -2.79797609968512       -0.41301973078826        7.69307411374667
C           -1.86897307029279       -1.34025666168208        7.11512367519229
C           -2.42933289942038       -2.67342123497732        6.60830158208919
O           -3.33991224998835       -2.88985041351684        5.85327117280923
N           -1.60726992792389       -3.60446530625498        7.18324759366613
N           -0.72714424051269       -3.09366814517074        8.10125651778004
C           -0.86471002711001       -1.82420614725312        8.11108214168099
F            4.83122888147524        0.13933852081836        5.07936937195366
H            1.88217629649861        2.30473137745315        6.17338478569643
H           -0.01466662970750        1.49500459015886        7.50481608222406
H            2.22438585642788       -1.96940010733636        8.60883378510297
H            4.12936629888249       -1.16603948620068        7.26073964256968
H            0.22332325774884       -1.33292701773777        9.85859846802120
H            0.08192052862148        0.92708598744007       10.97405430952769
H           -3.56471700302059        3.07712685779956       10.47784214432177
H           -4.16489282912184        1.60614351150575        8.57910577416194
H           -3.53754218241538       -0.09369632433621        7.08647176939431
H           -1.31580309988789       -0.89586595301980        6.27144790807855
H           -1.68764098694868       -4.60482885629522        7.09273119706993
B            3.45745466967996       -1.42744556896863        2.04666036913191
N            3.43918318753249        1.15018113219349        1.35311107111526
B            2.60227271529824        2.39648463329057       -0.86235175684214
N            2.39550322059161       -0.61298571421178       -2.34105840208959
B            0.67831155322588       -3.55137076918174        3.04617747102314
N           -2.92314627367752       -2.64268836112088        1.95633923136848
B           -1.06669114791619        4.08688189734202        2.14346319233756
N           -0.48820038772639        0.03545156479197       -3.62315577302304
B           -0.34388704845753        1.46371435098898       -3.76669794284766
N            1.30416775749525       -3.76492127498569       -1.38067603957012
B           -3.80672932337286        2.20861560944288       -0.25308855883034
N           -2.71943689433730        2.76724574154225       -0.94317137840954
B            1.55707087372437        0.84576175318539       -4.51732890254811
N           -0.28857964926155        3.36743323563940        3.16938842302627
B            1.01553419553542       -2.85787347040126       -2.46157771100774
N           -0.44922422579446        3.78100355474825       -0.68315339561589
B           -0.86861344343210        2.18588069499879        3.59892662413136
N            1.61293675956142       -1.26321607349848        3.89122753929120
B           -0.17016463150995        3.48658489431578       -2.04697491183038
N            1.24980647323100        0.08199511784612        4.19533850707262
B           -1.48590395472972       -0.54799901965894       -2.79303387313414
N           -3.82230205936528        1.76958073522856        1.07103718682306
B            0.32227930228232        4.50950915691277        1.53283579608888
N           -0.03610639054571       -0.01137670587305        4.78516984338299
B           -2.72275876226904        2.22215831000937        1.86983422916987
N            3.82421919026401       -0.09992512827397       -0.34250907201005
B           -2.22655668569332       -3.63398376772343        1.28241128161828
N            1.01318058488193        3.74409034704998        2.60065047097993
B           -1.87755807653769       -0.77183572579451        3.49480600050104
N           -2.37249377414369       -3.59446500612350       -0.18206710193740
B            3.09345492530424       -1.04327246983682       -1.09650192846658
N           -3.11546185429818       -1.25011344963949       -0.13798267429911
B            2.01196492830224        2.94037337111854        1.94994460165336
N           -0.39899642388166       -2.88356239051063       -2.11450332425886
B           -1.56726511018951       -2.10213295490275       -2.20256554735383
N            0.60918494217714        3.98320108350419        0.24366623264389
B            1.19176721270074        2.98311394352273       -2.81433870778692
N            0.08941112810755       -4.34739777534221        2.04921309615562
B           -1.75330367918237        3.45800577331089       -0.11528945084636
N           -2.01628370009837        3.41549653067284        1.32007829571420
B            1.48367650809627       -4.19759768668853        1.86078088062490
N           -0.88253225855168        1.07058059103718        4.52868097605477
B           -2.59294746398663       -2.39814481084616       -0.91341577832883
N           -1.04251659384584       -4.47347411098865        1.29210706478526
B           -2.42366961174421        0.49901601173573       -1.84186898862000
N            2.39320216955436       -3.86354752876791        0.83854494648353
B            3.92277530372403       -0.17207107709152        1.15343058176790
N            2.01795394838745        1.98448225569388       -2.07792280191386
B            1.14145279046171        2.27967305111708       -4.25697100437226
N           -4.14912181344894        0.82768373727539       -0.11945135196737
B           -1.23794009539246        2.46764475217236       -2.81120362188712
N           -2.27732880228167        1.94120056238035       -2.02981283800831
B            3.10430924956314       -2.61829716780866        1.00744080941941
N            2.40933885179442       -3.64633471813733       -0.58425704593791
B            2.17060760916237        0.55811560915509        3.18806123888058
N           -2.09945807713932        0.61453875013582        3.90213048312416
B           -1.03678490660388       -4.17229703440607       -0.13989744284091
N           -3.16717578635031        0.04400660656690       -0.71213532946912
B            3.49476974386107        1.29265252178637       -0.09704158924752
N            2.54141396664131        1.64596232606186        2.32684379060178
B            1.59955840156321       -1.52934821990837       -3.14776753397840
N           -2.14978939612961        1.75643435208004        3.05184861242642
B            2.15214849441035        0.74099061798000       -2.82429256495601
N           -2.74503518259569       -1.33365975145902        2.57634385078434
B            0.80531999519252       -0.51510770378159       -4.13653970477526
N           -0.08341063628076       -3.74266580908623       -1.03172868834373
B            0.44711133616024       -2.09730436974957        3.76684172052488
N           -0.64690859802329       -1.20449821070830        4.11799650727992
B           -3.21992622802589       -1.44981208005844        1.24304441627023
N            2.64031583028531       -0.83396668645952        3.02079847807256
B            1.90067329824997        3.36455412517793        0.27815473885454
N            2.93875363631216       -2.30260934468288       -0.39035808932438
108
 energy: -224.025943169864 gnorm: 0.002480107838 xtb: 6.7.1pre (5071a88)
F            5.30504099804796        1.54932754744407        6.65669149818680
C            4.30509821822164        1.11819299603466        5.85494145898545
F            4.02694257702016        2.14738660492593        5.04460331922347
C            3.12478260824901        0.63301267522990        6.64181531673227
C            1.96799916977861        1.39352089264495        6.72888139228600
C            0.89941409262100        0.92913971643000        7.47546694972891
C            0.98779832817335       -0.28011169861867        8.15081542639443
C            2.14762957414900       -1.03973904545048        8.04602183441498
C            3.21439776829310       -0.59089461329617        7.29408569272106
C           -0.17445446965708       -0.83504974922126        8.96074600607465
C           -1.16446978863584        0.23362348830437        9.37551498009584
C           -0.83247239079230        1.06061246937076       10.43763559419377
C           -1.69429841685418        2.06564236022892       10.82773499109874
F           -1.34963697830246        2.86245610520465       11.86760567602120
C           -2.89757009306917        2.27769715167650       10.17878113721730
C           -3.23412259682101        1.45414781897945        9.12649001895910
C           -2.38846901653158        0.41945680479403        8.70946518840259
N           -2.81077108853598       -0.42169782912641        7.71146368279714
C           -1.88251970302550       -1.33935814894858        7.11858447189029
C           -2.43923715990858       -2.67339074260771        6.60646170977447
O           -3.35322223516032       -2.88903994122737        5.85467527289554
N           -1.60638346430100       -3.60253618729944        7.16706467882234
N           -0.72165647353406       -3.09337535673363        8.08154119473955
C           -0.86649501669302       -1.82487787151562        8.10228840629503
F            4.85365352531307        0.16030985121424        5.08815704253547
H            1.89562546219861        2.33281976945338        6.20435325575457
H           -0.00254125115038        1.51866144352451        7.52912571933132
H            2.20539033265286       -1.99197784932167        8.55091686494614
H            4.11275053496472       -1.18244116327557        7.20750872219834
H            0.23052239929243       -1.33673033046185        9.84492104511317
H            0.10300765422789        0.92790840281296       10.95839003262786
H           -3.55136875193403        3.07302203946286       10.49801645457198
H           -4.17003324710168        1.59936390762013        8.60875643666866
H           -3.56055705752526       -0.10478442779498        7.11594933804392
H           -1.33901837599932       -0.88798776660653        6.27238075272169
H           -1.68482439271800       -4.60286681793957        7.07343220993728
B            3.45714956250913       -1.42419100279434        2.05181651475685
N            3.43478491800082        1.15212714105096        1.35698056819929
B            2.59999820997351        2.39847975231985       -0.85843247085028
N            2.40051797701126       -0.61000615811831       -2.33742542691968
B            0.67905605434244       -3.55120683470567        3.04802789338517
N           -2.92285643971910       -2.64841203270006        1.95434574355878
B           -1.07362512369992        4.08292078296201        2.14347309955349
N           -0.48428695615660        0.03438756978199       -3.62293159538739
B           -0.34185516930642        1.46292113813150       -3.76573877300296
N            1.31018052286870       -3.76117083015208       -1.37795682589218
B           -3.80904068213681        2.20169706595041       -0.25495218449073
N           -2.72212278755613        2.76205448715351       -0.94432939524858
B            1.56136977219726        0.84777093281206       -4.51498595890094
N           -0.29553344646983        3.36390917005540        3.16858064039681
B            1.02191932811333       -2.85575357871294       -2.45961023445932
N           -0.45323164443803        3.77863058826439       -0.68164122875464
B           -0.87498759205016        2.18368063531095        3.60164543708269
N            1.61009326288218       -1.26250574473112        3.89482899483334
B           -0.17261870922676        3.48551250320717       -2.04540697584034
N            1.24512192636703        0.08227008431199        4.19809207490037
B           -1.48245628848186       -0.55060843376221       -2.79433631901868
N           -3.82523262572470        1.76221953885628        1.06899229956422
B            0.31539979319215        4.50846421583047        1.53513253485266
N           -0.04059342441327       -0.01218265654049        4.78881044651928
B           -2.72697893333465        2.21650859044241        1.86909419633732
N            3.82879805429041       -0.09614038057561       -0.33788396688983
B           -2.22406958072200       -3.63829082509787        1.27955015057217
N            1.00669859092173        3.74448179724183        2.60414570393225
B           -1.87943876261152       -0.77611112092512        3.49500391262304
N           -2.36859483964650       -3.59937713424977       -0.18483244346153
B            3.09816927221258       -1.03981818914927       -1.09228407907297
N           -3.11337734288309       -1.25603119529609       -0.14119733687113
B            2.00662018519999        2.94156986573652        1.95312143929663
N           -0.39322362035316       -2.88371409721526       -2.11450846362515
B           -1.56301429944876       -2.10503729274476       -2.20453963051905
N            0.60388327121751        3.98180121178147        0.24638015320760
B            1.19065368225219        2.98432040915068       -2.81203385343394
N            0.09232640765168       -4.34602090587489        2.04897839914554
B           -1.75773214418224        3.45376887389793       -0.11525304068156
N           -2.02214268378622        3.41066387425377        1.31949577825209
B            1.48668774866158       -4.19538413831249        1.86300935998058
N           -0.88880604402894        1.06786923083253        4.53001439536004
B           -2.58958195951307       -2.40271814327587       -0.91629868335055
N           -1.03841183471413       -4.47558006624848        1.29098730353812
B           -2.42250148606450        0.49480560051893       -1.84375402343017
N            2.39732788052811       -3.86084954560520        0.84187972026259
B            3.92232906443564       -0.16861449628176        1.15870944650718
N            2.01745790253840        1.98680910608917       -2.07495905532490
B            1.14250884733544        2.28084912757385       -4.25470622523222
N           -4.14958967692259        0.82024528089512       -0.12227564088547
B           -1.23832144619279        2.46533946741594       -2.81085707516866
N           -2.27796943923855        1.93732341378524       -2.03088307657390
B            3.10738432431555       -2.61528210989363        1.01172025124286
N            2.41523677284311       -3.64374735835139       -0.58105254603776
B            2.16596774504657        0.55950661349536        3.19202506979303
N           -2.10394987184817        0.61000035857094        3.90148928705747
B           -1.03161277790636       -4.17428770811404       -0.14125592315622
N           -3.16593717627680        0.03842369233158       -0.71453092679940
B            3.49311190255858        1.29529776315069       -0.09281507154335
N            2.53592919561557        1.64728111133555        2.32990379660252
B            1.60570169627105       -1.52667858541364       -3.14478395728204
N           -2.15604485498419        1.75306433262992        3.05305776805603
B            2.15499732819578        0.74348760064792       -2.82109072119000
N           -2.74180086676183       -1.33788817915301        2.57199680290168
B            0.81079097603368       -0.51381965016280       -4.13465314117535
N           -0.07746113644694       -3.74161525334976       -1.03076395465484
B            0.44539965456886       -2.09825131907193        3.77034370099389
N           -0.64973453527101       -1.20709888313834        4.12240118576453
B           -3.21887668357579       -1.45568715812620        1.24014297183124
N            2.63775074339291       -0.83209694991232        3.02495198433380
B            1.89655746144799        3.36564403467145        0.28173774402260
N            2.94380257620184       -2.29937251033091       -0.38629931653876
108
 energy: -224.025991130133 gnorm: 0.003319750981 xtb: 6.7.1pre (5071a88)
F            5.29079471844391        1.58587176481491        6.66993389074903
C            4.30746207464889        1.13755992675293        5.85664264898486
F            4.02549734148004        2.15990457149079        5.03822557748016
C            3.12409492355962        0.64102242502367        6.63316588089145
C            1.97545335555415        1.41171384572083        6.74193431470094
C            0.90663647291215        0.94373131947155        7.48615113955821
C            0.98735780583271       -0.27965312582175        8.13732428278554
C            2.13776866885495       -1.05036938715449        8.00762555944754
C            3.20522843828832       -0.59757306996634        7.25846057972414
C           -0.17233562353566       -0.83709084892805        8.94956540381526
C           -1.15944197197827        0.23044467577381        9.37394283015919
C           -0.81668521823931        1.05892900998819       10.43163619637405
C           -1.67541576525313        2.06333619842735       10.83063266852984
F           -1.31983748216171        2.86148756768111       11.86569481176669
C           -2.88621012923746        2.27322928050026       10.19485225889975
C           -3.23353382000428        1.44822170493722        9.14682390676382
C           -2.39131973998483        0.41425987349297        8.72159522432220
N           -2.82334180808898       -0.42913230910304        7.72926441591633
C           -1.89610180969759       -1.33684648149188        7.12022933982190
C           -2.44944932403196       -2.67083795345200        6.60267861092144
O           -3.36753364886626       -2.88612448236535        5.85529441258002
N           -1.60607794744086       -3.59895495015946        7.14853886211213
N           -0.71633606828965       -3.09191440643936        8.05946116434668
C           -0.86801702418395       -1.82439588905203        8.09117950603183
F            4.87661460291625        0.18383372381634        5.09909385587364
H            1.90947914201404        2.36221880121110        6.23661132913620
H            0.01134912887980        1.54233505849659        7.55698611923675
H            2.18720179009750       -2.01410559633719        8.49199394529515
H            4.09662598082884       -1.19713037240349        7.15398123274285
H            0.23687438961239       -1.34201923845525        9.83015989299164
H            0.12490271656786        0.92814167169940       10.94213061471658
H           -3.53750868023595        3.06827327962545       10.52000562290772
H           -4.17548793252232        1.59231500821716        8.63966789921446
H           -3.58340125968934       -0.11517279081702        7.14515364711748
H           -1.36259014640325       -0.87733104890214        6.27187242154005
H           -1.68145354526538       -4.59922958973817        7.05042107027547
B            3.45690209240309       -1.42100048861956        2.05723919011072
N            3.43011405229592        1.15413105820783        1.36158379439261
B            2.59731184748703        2.40037508199192       -0.85416086595472
N            2.40494557937673       -0.60724419276061       -2.33358798342879
B            0.67936219380444       -3.55127459038919        3.04960199948562
N           -2.92223066836748       -2.65439301506131        1.95184351831637
B           -1.08126560217868        4.07852487952115        2.14334707368624
N           -0.48058477227873        0.03299226597904       -3.62324634996764
B           -0.33990720866058        1.46182775677868       -3.76509822008606
N            1.31622750840708       -3.75797607473952       -1.37540106664255
B           -3.81158217880330        2.19406485859521       -0.25719838823469
N           -2.72512149812279        2.75628156443297       -0.94583304914396
B            1.56560261842740        0.84958539343125       -4.51239095484153
N           -0.30290447696098        3.36019594886477        3.16788196688313
B            1.02825626534500       -2.85414527533554       -2.45783274518638
N           -0.45763811633597        3.77579353862843       -0.68014695282997
B           -0.88152957590802        2.18089357709473        3.60368940558597
N            1.60763297905436       -1.26215283892375        3.89856374606885
B           -0.17529005357938        3.48396683955053       -2.04381872825781
N            1.24079860288987        0.08215007960120        4.20180429062482
B           -1.47964877151515       -0.55372570998509       -2.79684093056897
N           -3.82825933150732        1.75390886160079        1.06646779946992
B            0.30781519137427        4.50726930114294        1.53744367276423
N           -0.04511250571513       -0.01345480431769        4.79229339028471
B           -2.73143508137797        2.20991311639683        1.86789154027050
N            3.83176415051460       -0.09236047267945       -0.33265278039086
B           -2.22156202135275       -3.64298899386729        1.27627374218830
N            0.99958563695077        3.74480519223029        2.60776101289279
B           -1.88108719551224       -0.78079481409552        3.49471470337474
N           -2.36468600669658       -3.60482410734706       -0.18804213761249
B            3.10198268426403       -1.03652173750876       -1.08778648526123
N           -3.11177706811612       -1.26255783614666       -0.14502626290104
B            2.00087377252006        2.94272720389454        1.95685160304959
N           -0.38749301291470       -2.88458740737914       -2.11482975954268
B           -1.55855901685461       -2.10818754755399       -2.20658491852101
N            0.59805125194481        3.98019580295585        0.24923765350668
B            1.18940864542918        2.98528863474159       -2.80952877414245
N            0.09508497695631       -4.34542367871039        2.04866680534585
B           -1.76253063226483        3.44894389350795       -0.11550224132216
N           -2.02837294160148        3.40510370083692        1.31871302484296
B            1.48952074462846       -4.19337597605790        1.86527250752452
N           -0.89502891123486        1.06473104277967        4.53119479178985
B           -2.58647406234982       -2.40812374693157       -0.91977380152531
N           -1.03444158479311       -4.47828035075583        1.28958912131305
B           -2.42140577508376        0.48998894313064       -1.84611991946251
N            2.40131068721384       -3.85829396441670        0.84531962761011
B            3.92173227749339       -0.16506227238554        1.16447453735501
N            2.01673977985443        1.98890355866272       -2.07170179625214
B            1.14366650871160        2.28187980341400       -4.25233736922722
N           -4.15049565924782        0.81210466329805       -0.12591115417682
B           -1.23885449542603        2.46256719300157       -2.81073713366590
N           -2.27880639280937        1.93286094464446       -2.03235733330366
B            3.11010749907055       -2.61224906513325        1.01618524190148
N            2.42080806597711       -3.64124970187238       -0.57763279921551
B            2.16185119275433        0.56085935897038        3.19691642168463
N           -2.10825083901695        0.60483719017877        3.90057166355665
B           -1.02650314859075       -4.17687685795229       -0.14291512572613
N           -3.16527059887640        0.03210052305476       -0.71776569398460
B            3.49086879762329        1.29798729958488       -0.08787824938786
N            2.53062796234377        1.64879497023938        2.33405776322364
B            1.61165232224761       -1.52439107154802       -3.14184110149932
N           -2.16208637145085        1.74869312435223        3.05357369887340
B            2.15752105565556        0.74576792145875       -2.81762185644031
N           -2.73808457819247       -1.34258043006292        2.56695983014612
B            0.81629227733885       -0.51285142435492       -4.13284218723384
N           -0.07162728064765       -3.74166228126080       -1.03036798831927
B            0.44406093814057       -2.09935578768137        3.77353990633750
N           -0.65228398473572       -1.21015188866738        4.12595465034171
B           -3.21753308303460       -1.46185464452374        1.23659193851823
N            2.63565287504621       -0.83017842217007        3.02970637252710
B            1.89190570156016        3.36649060613726        0.28562208959497
N            2.94842416168516       -2.29630338798010       -0.38212712896276
108
 energy: -224.026035544834 gnorm: 0.003480331781 xtb: 6.7.1pre (5071a88)
F            5.28200206509504        1.60884234498043        6.68937634261055
C            4.31189884824053        1.15478878447937        5.86399827438117
F            4.03073072568276        2.17516836403601        5.04291618593705
C            3.12464698658776        0.64922097978865        6.62963686079998
C            1.98250298288492        1.42655946703889        6.75444931068999
C            0.91357739886747        0.95508001744042        7.49637017508868
C            0.98772049519523       -0.27837139725354        8.12841930071284
C            2.13063719771513       -1.05614736132827        7.98031915725084
C            3.19931708961023       -0.59935031402540        7.23457572584356
C           -0.17088936001214       -0.83834545259892        8.94077908338982
C           -1.15565798785535        0.22793496841436        9.37317089034537
C           -0.80483489054631        1.05693179488295       10.42783249012622
C           -1.66091112314245        2.06080452446166       10.83406023011628
F           -1.29698151593818        2.86020644436550       11.86496250476398
C           -2.87721755851246        2.26933737253036       10.20836347112332
C           -3.23271340926493        1.44406133726512        9.16317643822759
C           -2.39294271962991        0.41111857905613        8.73086885140623
N           -2.83136351392647       -0.43207426397163        7.74107116849052
C           -1.90553827245761       -1.33219579295435        7.11918385438461
C           -2.45671262790057       -2.66480410535861        6.59617111071936
O           -3.37757591587765       -2.87950166978071        5.85193866743352
N           -1.60678477806364       -3.59332647533426        7.13087270958195
N           -0.71339044378511       -3.08898243837187        8.03981693869020
C           -0.86918284539823       -1.82229717830159        8.08035214446484
F            4.89387309082335        0.20612526186362        5.11041503111323
H            1.92167181205571        2.38500327789076        6.26398747023351
H            0.02368782865397        1.55943313356968        7.58155194249185
H            2.17421900556947       -2.02770728882801        8.44899693939737
H            4.08576173011229       -1.20334243967685        7.11760492735911
H            0.24027357120768       -1.34764175738494        9.81812738702269
H            0.14123412440620        0.92686629538215       10.93024458271374
H           -3.52649353420116        3.06396822896794       10.53865737793139
H           -4.17895880242137        1.58768883533385        8.66390806887693
H           -3.59899835126582       -0.12062456931405        7.16599930427639
H           -1.37904667486845       -0.86537571142590        6.27042452028495
H           -1.67870923709572       -4.59339174326700        7.02708881063559
B            3.45634059691593       -1.41900721213509        2.06129145848033
N            3.42602210841907        1.15540383569013        1.36558414120451
B            2.59483752011108        2.40149518764910       -0.85093075009208
N            2.40731713052462       -0.60565919485245       -2.33090087478660
B            0.67897122154245       -3.55185956136486        3.05011515976760
N           -2.92151218967002       -2.65927864443685        1.94901393786316
B           -1.08794785226860        4.07436355180481        2.14270841092346
N           -0.47801570783685        0.03107975942989       -3.62398609817816
B           -0.33865121849076        1.46016963403787       -3.76519495097898
N            1.32061512931803       -3.75658081517675       -1.37411773332245
B           -3.81390264896499        2.18725574271428       -0.25964427245285
N           -2.72787863395565        2.75098158486983       -0.94773341556265
B            1.56840598615535        0.85040196653467       -4.51057586417538
N           -0.30908435846260        3.35683062100876        3.16704501100507
B            1.03278126739181       -2.85381281698466       -2.45708455526598
N           -0.46151614233295        3.77279575252382       -0.67942674177524
B           -0.88675206669782        2.17779486182063        3.60412489448656
N            1.60595238196942       -1.26258670792543        3.90144333606819
B           -0.17768182282617        3.48195541901978       -2.04297924865656
N            1.23776648533137        0.08129632614345        4.20570276427771
B           -1.47738389687281       -0.55704569389454       -2.79890837358576
N           -3.83087575307052        1.74639523770804        1.06370395442682
B            0.30114867530008        4.50588357760133        1.53881657874474
N           -0.04876591195729       -0.01514227352290        4.79462722198387
B           -2.73527470696801        2.20357152410931        1.86620177026810
N            3.83179785780993       -0.08979418302108       -0.32838635738625
B           -2.21974338652071       -3.64708624043938        1.27298656058318
N            0.99336140222064        3.74469908426058        2.61026077706186
B           -1.88234567546130       -0.78504848782370        3.49380988512528
N           -2.36174826410633       -3.60961017019463       -0.19130710205621
B            3.10351926068125       -1.03449237626574       -1.08446932452873
N           -3.11119119174217       -1.26827900074287       -0.14906456916347
B            1.99593101154802        2.94329288161019        1.95993868107820
N           -0.38355254050309       -2.88688772188112       -2.11628169237358
B           -1.55547447393556       -2.11199647897627       -2.20940468611558
N            0.59294719412473        3.97842090800084        0.25117211161863
B            1.18821046028843        2.98543653747053       -2.80781310190307
N            0.09682066815585       -4.34608024488031        2.04798085920611
B           -1.76666482616604        3.44424884135689       -0.11635084945331
N           -2.03360522054474        3.39973951186726        1.31751151788396
B            1.49129078039233       -4.19241395444162        1.86665265623688
N           -0.89982106768453        1.06166769877847        4.53161075605995
B           -2.58423497827924       -2.41317568101271       -0.92343404898157
N           -1.03174873744244       -4.48116504185129        1.28786534314124
B           -2.42159437771874        0.48551020973060       -1.84930644283353
N            2.40391611744045       -3.85690816479065        0.84758429101458
B            3.92060993115581       -0.16261541462888        1.16900039727343
N            2.01596810977664        1.99002668834542       -2.06931239236269
B            1.14434537134937        2.28213038485440       -4.25079023320602
N           -4.15199906658331        0.80495844069896       -0.12995151760959
B           -1.23954374466473        2.45960066557168       -2.81125700511388
N           -2.27998862877030        1.92864528258898       -2.03441697556454
B            3.11144286478916       -2.61028448502787        1.01936836607791
N            2.42444784341546       -3.63982904642596       -0.57524737897212
B            2.15892951244003        0.56155065142074        3.20141573771817
N           -2.11156220288466        0.60006205607029        3.89950239219714
B           -1.02284806630081       -4.17978841995807       -0.14486558947887
N           -3.16588678600649        0.02634227637754       -0.72172895886044
B            3.48840446556798        1.29981588618536       -0.08369362654351
N            2.52651610594516        1.64981297326609        2.33809125187418
B            1.61565667196528       -1.52337967488234       -3.14009761160398
N           -2.16659129212432        1.74398735160534        3.05289152497521
B            2.15882330238194        0.74703358330292       -2.81509636831367
N           -2.73483398242344       -1.34662036743693        2.56195968476974
B            0.82018289822667       -0.51288686870527       -4.13207927615967
N           -0.06756964204550       -3.74329017739104       -1.03119309053204
B            0.44315171711699       -2.10064001947123        3.77525439039038
N           -0.65418352021037       -1.21329232834013        4.12739648434033
B           -3.21618475203482       -1.46689603116155        1.23277372195582
N            2.63406709369523       -0.82899125659919        3.03354844257557
B            1.88771113529906        3.36659104915429        0.28852994972812
N            2.95109866527650       -2.29448384083799       -0.37925059339987
108
 energy: -224.026087483165 gnorm: 0.003227428721 xtb: 6.7.1pre (5071a88)
F            5.26902396191353        1.63991978974757        6.70408007285189
C            4.31371964630434        1.17488715063217        5.86671160366102
F            4.03078264220404        2.19072223000260        5.04036046444959
C            3.12331438315161        0.65943413180412        6.62068160621942
C            1.98893654667517        1.44477673630636        6.76684742975597
C            0.92087069214532        0.96873478462390        7.50669084562561
C            0.98787366320841       -0.27690453991146        8.11522970257167
C            2.12158885065626       -1.06359631467430        7.94346479740932
C            3.19048746075509       -0.60188881054035        7.20069250623637
C           -0.16897540007399       -0.83990369874277        8.92838187446271
C           -1.15063246311009        0.22466991285962        9.37159459803605
C           -0.78897842043960        1.05450104651102       10.42215579042982
C           -1.64168500701506        2.05734999236690       10.83798915519375
F           -1.26649152311782        2.85913964121228       11.86293413187922
C           -2.86586022976120        2.26344333059760       10.22631706544681
C           -3.23239920908371        1.43745688510636        9.18547679802134
C           -2.39534084524946        0.40643112723469        8.74291566869542
N           -2.84284317477097       -0.43617588807439        7.75624585588477
C           -1.91852834993942       -1.32667158081263        7.11723711447843
C           -2.46732588969303       -2.65699526190755        6.58849044157748
O           -3.39380870013372       -2.87110796125949        5.85120124756180
N           -1.60858614892266       -3.58641197370437        7.10887362372288
N           -0.70939401204510       -3.08490945140604        8.01380600466896
C           -0.87088738940298       -1.81925605969317        8.06516231296925
F            4.91301776344337        0.23068353878516        5.12147686170526
H            1.93398765814619        2.41314599702246        6.29467026342506
H            0.03721658251477        1.57882848630631        7.61103112964933
H            2.15951680728172       -2.04492640901582        8.39260274649292
H            4.07065639647639       -1.21217668287912        7.06654452295757
H            0.24516764498340       -1.35513600201926        9.80113061837086
H            0.16327522887889        0.92555046890146       10.91335868088809
H           -3.51245194198646        3.05725792031383       10.56403079101196
H           -4.18466854649083        1.57953735181705        8.69678009493393
H           -3.61914631832450       -0.12682473777870        7.19192633327116
H           -1.40232469596519       -0.84889762310619        6.26793667999400
H           -1.67412612762351       -4.58600483520723        6.99600290492697
B            3.45617646140708       -1.41596162551801        2.06694822401373
N            3.42181726533643        1.15825621085558        1.37187136897238
B            2.59208752323108        2.40367764948955       -0.84593319783368
N            2.41020390070235       -0.60359749310527       -2.32677565008176
B            0.67981801045349       -3.55279558742243        3.05184853450206
N           -2.91963026885934       -2.66542564486958        1.94641908164924
B           -1.09657224804320        4.07009912721402        2.14322300023510
N           -0.47412411674012        0.02891037073705       -3.62370332390904
B           -0.33661145627843        1.45829826049409       -3.76439026202911
N            1.32726264482155       -3.75580545381711       -1.37195800640758
B           -3.81655183054462        2.17909626698795       -0.26225569304108
N           -2.73092588483019        2.74475137949570       -0.94933154173141
B            1.57229351873654        0.85164124347783       -4.50716089342539
N           -0.31716119709917        3.35402798070870        3.16837464220224
B            1.03932951436656       -2.85382107587554       -2.45536425240228
N           -0.46630765545377        3.76986832727806       -0.67792669409810
B           -0.89304490304684        2.17381311194965        3.60436661616816
N            1.60445017251861       -1.26284258706212        3.90557425074629
B           -0.18039198725716        3.47975355038954       -2.04117913314622
N            1.23410692606143        0.08042684127215        4.21089599274678
B           -1.47364562292142       -0.56106574870522       -2.80014425792779
N           -3.83390195605193        1.73745181410845        1.06075087336802
B            0.29246778691269        4.50456642358972        1.54125764795924
N           -0.05311011774845       -0.01744515539082        4.79759688594521
B           -2.73997370069380        2.19602761445184        1.86454839300128
N            3.83022177022965       -0.08590629652702       -0.32196245186166
B           -2.21606112558527       -3.65206955392232        1.27016212767032
N            0.98494216832745        3.74463098930409        2.61368384609485
B           -1.88341350752991       -0.79027412636769        3.49324884543814
N           -2.35667071930539       -3.61537907221557       -0.19417039080238
B            3.10516280577247       -1.03168718490191       -1.07950567316631
N           -3.10988644594567       -1.27521266354544       -0.15281070964353
B            1.98941243257806        2.94447190981834        1.96477894872937
N           -0.37762564177803       -2.89023427602313       -2.11718501629775
B           -1.55032195827775       -2.11661273311738       -2.21147386093284
N            0.58664065102628        3.97735024507083        0.25412276853397
B            1.18710968545313        2.98577960286864       -2.80456636100657
N            0.10024634604721       -4.34793039105898        2.04881176043319
B           -1.77153649681271        3.43904454284108       -0.11668368679293
N           -2.03987957949536        3.39371277299945        1.31693451709830
B            1.49467386825338       -4.19161335097744        1.86940032593077
N           -0.90528067096935        1.05800131283485        4.53256083575044
B           -2.58021153777549       -2.41943179093061       -0.92669537894870
N           -1.02710546832647       -4.48452473941771        1.28696861610946
B           -2.42104000607351        0.48003452130832       -1.85199949386368
N            2.40794724796406       -3.85496369051615        0.85134881004765
B            3.91926075377745       -0.15864143725624        1.17547977750278
N            2.01546962044051        1.99155594156890       -2.06519268248964
B            1.14578861570331        2.28272571510100       -4.24781485026428
N           -4.15345103953068        0.79636133259939       -0.13414598661713
B           -1.23999834928847        2.45605862837006       -2.81114635552395
N           -2.28086949163457        1.92346684745660       -2.03603079518047
B            3.11365143237886       -2.60738558284589        1.02412020934938
N            2.42970175153197       -3.63785682309497       -0.57127289864476
B            2.15524327160711        0.56271903089406        3.20714680304788
N           -2.11526568643649        0.59414916893701        3.89873993537692
B           -1.01696717437938       -4.18346489456952       -0.14592009816416
N           -3.16612565128124        0.01929043085534       -0.72559218871078
B            3.48581889161119        1.30316321124899       -0.07731293678246
N            2.52149122857983        1.65167719875671        2.34403148971291
B            1.62106379054912       -1.52238259126493       -3.13730617364971
N           -2.17120153706436        1.73746611621317        3.05155964878224
B            2.16065799362301        0.74881206863029       -2.81096080965509
N           -2.73110315646299       -1.35201623986610        2.55729863235420
B            0.82560457461909       -0.51290622949079       -4.13018715640063
N           -0.06152282292672       -3.74617767158069       -1.03161234546401
B            0.44285821608565       -2.10222227376098        3.77795670343925
N           -0.65605536274866       -1.21714876782907        4.12928038090168
B           -3.21394965514065       -1.47326613746185        1.22912363055467
N            2.63262958901885       -0.82709973684034        3.03901774736813
B            1.88229720878127        3.36741282224292        0.29294184103398
N            2.95460785630140       -2.29206564641434       -0.37486384535901
108
 energy: -224.026146550313 gnorm: 0.003453063526 xtb: 6.7.1pre (5071a88)
F            5.26215685332066        1.65904682405163        6.72264286543946
C            4.31708104908928        1.19486567271336        5.87404512124405
F            4.03750408169848        2.21206982510359        5.04883700809484
C            3.12329961740365        0.67220226444212        6.61615936305319
C            1.99529868798708        1.46160046471301        6.77960304208244
C            0.92798524159124        0.98048809078495        7.51663414997598
C            0.98854498050285       -0.27401600797286        8.10465227824501
C            2.11475621754640       -1.06487721559315        7.91471617719661
C            3.18415666007276       -0.59757038972339        7.17602555961926
C           -0.16779050782375       -0.84084021737559        8.91609962160324
C           -1.14639379583369        0.22164324658248        9.37025055166985
C           -0.77550986284442        1.05063600256665       10.41819501081445
C           -1.62483873754412        2.05213028230936       10.84350242123775
F           -1.24002935191311        2.85552336598933       11.86315018168943
C           -2.85561756845806        2.25662396797628       10.24482038482954
C           -3.23151156420424        1.43174281328369        9.20700193275495
C           -2.39655283765442        0.40362482107915        8.75319280816398
N           -2.85058673730141       -0.43469240536777        7.76598159594820
C           -1.92859288555008       -1.31684903080524        7.11138850125279
C           -2.47665677468680       -2.64267536225739        6.57522234559866
O           -3.40829321761740       -2.85478977731746        5.84444975159767
N           -1.61335164828411       -3.57508710710089        7.08348235612608
N           -0.70886692444850       -3.07809734716330        7.98552623269213
C           -0.87301053491208       -1.81345870138767        8.04736821400685
F            4.92606057867433        0.25647379460068        5.13226975402325
H            1.94565482491337        2.43710107947915        6.32305819666586
H            0.04965682597298        1.59300257525746        7.63883265612624
H            2.14926692397470       -2.05246777611593        8.34781938387420
H            4.05986513276841       -1.20978684276021        7.02957205017679
H            0.24737292214107       -1.36419127694486        9.78367250845674
H            0.18181490800153        0.92147734742134       10.89892674113885
H           -3.49971652781312        3.04896431391832       10.59073691876151
H           -4.18859441139542        1.57281321932473        8.72764058676604
H           -3.63342152250604       -0.12629242786010        7.21119271177016
H           -1.42060685833902       -0.82728359707454        6.26416250172930
H           -1.67112143497992       -4.57355053546242        6.95727448385834
B            3.45553114001684       -1.41390843835792        2.07187750080968
N            3.41806302855485        1.16103984184224        1.37868052306585
B            2.58969626715055        2.40559935117870       -0.84122372271936
N            2.41102878906450       -0.60275204148021       -2.32333736435767
B            0.68101221027604       -3.55488628814946        3.05303745737584
N           -2.91691808412762       -2.67159731045872        1.94366537026159
B           -1.10550305601725        4.06569467948240        2.14367674308501
N           -0.47096338292441        0.02561290337196       -3.62382975590600
B           -0.33481861631418        1.45529312160606       -3.76407105265889
N            1.33346190950398       -3.75783319471516       -1.37092267468114
B           -3.81919881072553        2.17053522515990       -0.26546296843987
N           -2.73385252482592        2.73797260572887       -0.95137055529553
B            1.57497195734567        0.85176942135998       -4.50383227139101
N           -0.32543115919900        3.35161413821749        3.17067928253476
B            1.04508725740390       -2.85573769344316       -2.45433102852526
N           -0.47117245821274        3.76645683347443       -0.67703509377375
B           -0.89881153651254        2.16857643590065        3.60260010787160
N            1.60373020907304       -1.26415126720356        3.90978045599610
B           -0.18306661933501        3.47655863658799       -2.03982806121014
N            1.23129585855847        0.07843265283868        4.21708979839461
B           -1.47049830969570       -0.56610740748293       -2.80166235088293
N           -3.83702864268610        1.72833376342024        1.05722464537708
B            0.28340230916048        4.50260897439250        1.54307286260776
N           -0.05716567844886       -0.02085316874127        4.79958378440437
B           -2.74486967165894        2.18782866868948        1.86231259269510
N            3.82443236592018       -0.08278605975381       -0.31558975702072
B           -2.21186786348596       -3.65739661609635        1.26780945327139
N            0.97592534570594        3.74367302240258        2.61617572730610
B           -1.88439046543289       -0.79609604204286        3.49231844195713
N           -2.35127896108808       -3.62140185374321       -0.19664195678161
B            3.10429471650865       -1.02999451665903       -1.07508454681269
N           -3.10917441405081       -1.28247951571107       -0.15650065727279
B            1.98258786552218        2.94501843305720        1.96972549873251
N           -0.37236448929659       -2.89572622469629       -2.11876410200104
B           -1.54523132888194       -2.12217477961740       -2.21330877389057
N            0.58030048869482        3.97610449393725        0.25640159356746
B            1.18615004227569        2.98503665610162       -2.80140566419909
N            0.10381614350130       -4.35220241576244        2.05006487425578
B           -1.77626532325576        3.43333965409365       -0.11751136256686
N           -2.04590441412061        3.38721269431838        1.31605957153084
B            1.49810717118244       -4.19258050308515        1.87180971635695
N           -0.90988642452330        1.05375624843346        4.53276212405900
B           -2.57626629929023       -2.42645885778941       -0.92977331280687
N           -1.02243015181568       -4.48869097173185        1.28618124644113
B           -2.42073203454350        0.47378126759751       -1.85489048904907
N            2.41141797050984       -3.85443224101164        0.85442983625483
B            3.91666716168647       -0.15530630288282        1.18148502844898
N            2.01541369854532        1.99214885066493       -2.06120649880862
B            1.14713028847792        2.28238582731451       -4.24498514381204
N           -4.15546635377249        0.78748723455373       -0.13906158124664
B           -1.24044863269040        2.45153438345123       -2.81151864231238
N           -2.28169970840307        1.91743066962395       -2.03800056786236
B            3.11469231271597       -2.60541253353509        1.02819195544577
N            2.43389745186839       -3.63705852231267       -0.56779451609671
B            2.15198530272880        0.56309874900648        3.21302836844341
N           -2.11863558679400        0.58771903332509        3.89807858965525
B           -1.01119690320005       -4.18834470296582       -0.14676300933417
N           -3.16719826500183        0.01163818324350       -0.72996757688445
B            3.48314531087227        1.30637508692307       -0.07068837931055
N            2.51680767398845        1.65306062638586        2.35063545761349
B            1.62513373877507       -1.52310394196902       -3.13539701997437
N           -2.17453992131448        1.72916794386186        3.04842890811419
B            2.16159652373894        0.74968736589298       -2.80716529997017
N           -2.72834461793800       -1.35789722289173        2.55321167124003
B            0.83000858185067       -0.51439844461662       -4.12896908639396
N           -0.05619795301891       -3.75194166975759       -1.03328027574369
B            0.44317901145229       -2.10455374415965        3.77944523965355
N           -0.65742005933254       -1.22185410263429        4.12887687722468
B           -3.21139475426061       -1.47973516586499        1.22541174742747
N            2.63142531749783       -0.82595735812637        3.04428273997093
B            1.87658013438827        3.36757673186996        0.29700751498155
N            2.95624712019145       -2.29085424289770       -0.37114315477309
108
 energy: -224.026198935159 gnorm: 0.004724848869 xtb: 6.7.1pre (5071a88)
F            5.24450075724861        1.70518601214538        6.72763284663022
C            4.31553317668591        1.22213894808662        5.86917306002562
F            4.03116268810625        2.23266457921769        5.03680866311596
C            3.12039747122130        0.68784656080254        6.59951312783453
C            2.00284081714397        1.48769190898442        6.79422032672263
C            0.93652757843370        1.00024988097235        7.52787814059783
C            0.98770917144139       -0.27144887268736        8.08265853336343
C            2.10154358525942       -1.07396895180506        7.85937525950668
C            3.16991720198903       -0.60003239568408        7.12386707720897
C           -0.16525260779837       -0.84297177593189        8.89589042765467
C           -1.13911074816912        0.21688007497961        9.36678500527471
C           -0.75227229775562        1.04610624938787       10.40939022436847
C           -1.59678477959876        2.04529476631677       10.84971755527621
F           -1.19578014150464        2.85061084064101       11.86192097449793
C           -2.83937993165216        2.24630196912426       10.27305301544854
C           -3.23121961916905        1.42099742534651        9.24145435265742
C           -2.40031636070479        0.39657940172249        8.77087640482599
N           -2.86848237394080       -0.44013049475894        7.78820253545391
C           -1.94835731492767       -1.30750535252086        7.10818335331760
C           -2.49393476137176       -2.62948824593796        6.56283720996281
O           -3.43541621284163       -2.83896705421492        5.84397336060420
N           -1.61819479730684       -3.56359139342670        7.04945807875473
N           -0.70441316296072       -3.07134670599867        7.94472443669916
C           -0.87648360845488       -1.80825731656684        8.02374397415201
F            4.94912521245091        0.28926134752508        5.14110566258903
H            1.96179389297427        2.47716955475413        6.36396605670622
H            0.06659185378261        1.62032447313080        7.67680178840198
H            2.12827847413041       -2.07520533681353        8.26478913575887
H            4.03655745593049       -1.22086649426759        6.95250240227397
H            0.25530867357696       -1.37464453391342        9.75612632501099
H            0.21418009785075        0.91882328427559       10.87300984042596
H           -3.47953214282679        3.03666746465508       10.63117040968584
H           -4.19734912375424        1.55919494406605        8.77848519920335
H           -3.66300063720503       -0.13262704503601        7.24856070425378
H           -1.45615225387436       -0.80051162068353        6.26125677726451
H           -1.66613350380602       -4.56051359171162        6.90690003344453
B            3.45551937090548       -1.40919616640849        2.08059126283419
N            3.41307615121189        1.16634439047651        1.38878456240362
B            2.58674699554068        2.40966727240787       -0.83308909263714
N            2.41546920677326       -0.59985380954266       -2.31675647097887
B            0.68486312125352       -3.55691490609767        3.05701126309141
N           -2.91306399119935       -2.68130016141815        1.94139861882332
B           -1.11833921207631        4.06053152033001        2.14603827139510
N           -0.46433633911012        0.02213986732021       -3.62166373005321
B           -0.33105147307737        1.45219124900428       -3.76148724754730
N            1.34480012140743       -3.75830258880519       -1.36717311651362
B           -3.82285618075702        2.15879984956321       -0.26874124848652
N           -2.73767824756548        2.72900280227259       -0.95258585641007
B            1.58082476748293        0.85343896503913       -4.49773960990304
N           -0.33805638536899        3.34897833115186        3.17544257352343
B            1.05596282531194       -2.85643431619081       -2.45075551760190
N           -0.47809394233889        3.76293819150849       -0.67424156694539
B           -0.90814936125420        2.16247394237574        3.60289363349501
N            1.60208702735626       -1.26444524140025        3.91712109196248
B           -0.18677514305848        3.47349443493955       -2.03642083787034
N            1.22577725150005        0.07718139710595        4.22453142065388
B           -1.46347648467491       -0.57215282111561       -2.80094574952497
N           -3.84163536918688        1.71620330280019        1.05373928631181
B            0.27047840881941        4.50048946677263        1.54732542132444
N           -0.06356165516119       -0.02474542512119        4.80371571959225
B           -2.75207294193079        2.17773901609627        1.86075640334773
N            3.82139164851681       -0.07664089988945       -0.30554387385783
B           -2.20459915468801       -3.66515158404720        1.26585026109562
N            0.96283234239099        3.74294402570654        2.62123889821200
B           -1.88602577477281       -0.80412936842286        3.49243462811981
N           -2.34190119934626       -3.62984861497267       -0.19874427785999
B            3.10694258510334       -1.02571287991229       -1.06718886446122
N           -3.10594769369540       -1.29265936257564       -0.15967517629056
B            1.97245606442925        2.94665054318577        1.97744478534302
N           -0.36217879682625       -2.90103626283402       -2.11856301479250
B           -1.53612606194978       -2.12908899448077       -2.21420811375261
N            0.57126447742682        3.97530781545520        0.26104797144882
B            1.18505433334248        2.98534589551073       -2.79539291360459
N            0.11088506212091       -4.35613811361885        2.05340993194046
B           -1.78309821321402        3.42646205643797       -0.11695017459982
N           -2.05497722762918        3.37944055999035        1.31638065366590
B            1.50503170463976       -4.19266128712924        1.87685627965989
N           -0.91768786960058        1.04833565806395        4.53434993688589
B           -2.56852781513153       -2.43552815826686       -0.93219810517609
N           -1.01353828878255       -4.49342586880412        1.28663286227384
B           -2.41852619873226        0.46558472420583       -1.85652557216216
N            2.41864125644066       -3.85193838093569        0.86076159878461
B            3.91425508162183       -0.14899558617166        1.19135091478456
N            2.01572542106508        1.99439053249335       -2.05403327141192
B            1.14994377439401        2.28313322088657       -4.23932466194074
N           -4.15668766713809        0.77504947115461       -0.14355807427830
B           -1.24047510156705        2.44616660286321       -2.81029648283691
N           -2.28192666772319        1.90958236732395       -2.03874183176134
B            3.11861556289908       -2.60106092203619        1.03583379619752
N            2.44294980079599       -3.63433705140622       -0.56121409547654
B            2.14591485679744        0.56457057484592        3.22089432485752
N           -2.12432534216319        0.57904145533320        3.89776223983200
B           -1.00060671111419       -4.19389770724186       -0.14631779268032
N           -3.16613214578101        0.00135703720721       -0.73325235584756
B            3.48074660899770        1.31237483126876       -0.06063136226755
N            2.50894750872433        1.65563091587773        2.35933893775865
B            1.63374760031411       -1.52221114522966       -3.13069927647530
N           -2.18075028110231        1.71906542241480        3.04628996777281
B            2.16482850203731        0.75244175650086       -2.80028530699006
N           -2.72489231213739       -1.36676250590328        2.54943909552440
B            0.83845291534898       -0.51489803321868       -4.12525511001809
N           -0.04581617957140       -3.75688506218438       -1.03272317414947
B            0.44349532141118       -2.10731045711732        3.78411804278573
N           -0.65976938946304       -1.22747252078659        4.13164618508979
B           -3.20815980147483       -1.48990033483776        1.22215185509663
N            2.62956341026010       -0.82334502988319        3.05290344842423
B            1.86861380801145        3.36923900021707        0.30413889723656
N            2.96151699717316       -2.28726040199655       -0.36382339341100
108
 energy: -224.026257913302 gnorm: 0.004137614788 xtb: 6.7.1pre (5071a88)
F            5.24135371425726        1.72001303303259        6.72332660786239
C            4.31408628612618        1.23183003854328        5.86469909270821
F            4.02821570164553        2.24207390314076        5.03182832535237
C            3.11985665190243        0.69532194519443        6.59337226710502
C            2.00504286263753        1.49619616859491        6.79714099698557
C            0.93848416133990        1.00651026501215        7.52870988744910
C            0.98694471306555       -0.26897454459821        8.07375081085074
C            2.09781574919655       -1.07228400601758        7.84183648912275
C            3.16563647512169       -0.59614685949291        7.10754366668718
C           -0.16481050815335       -0.84331038556263        8.88660293714263
C           -1.13680138177145        0.21512529806326        9.36461031234217
C           -0.74468894007275        1.04256208717002       10.40661991204624
C           -1.58737089273077        2.04012644399071       10.85360007508270
F           -1.18113725663076        2.84401937578531       11.86470506480972
C           -2.83362802806818        2.24084246524150       10.28550514682670
C           -3.23056398389090        1.41703697684727        9.25501871199670
C           -2.40138839569258        0.39487107150446        8.77670636648506
N           -2.87440856316124       -0.43947770814221        7.79446675020235
C           -1.95541431827728       -1.30089163425554        7.10524638292890
C           -2.50165442832195       -2.62039596193629        6.55466951903119
O           -3.44683842249045       -2.82669158994994        5.83998529486010
N           -1.62333452431303       -3.55600997944844        7.03315799952624
N           -0.70573853680275       -3.06716814632371        7.92612307120462
C           -0.87881631149888       -1.80476616949921        8.01287523351461
F            4.95410246913759        0.30084147768103        5.14035731393844
H            1.96683778072144        2.48869239944520        6.37492124687650
H            0.07086498930855        1.62712709101439        7.68406844721189
H            2.12208628386295       -2.07631495634748        8.23928655641220
H            4.02962248516453       -1.21840101851418        6.92868325469652
H            0.25768808063089       -1.37843224319000        9.74358769433613
H            0.22450785261827        0.91542845361146       10.86392140756898
H           -3.47225225690157        3.02970029520696       10.64934122550862
H           -4.19956646643255        1.55454938512398        8.79840627983095
H           -3.67209455713095       -0.13079582858497        7.26012334278041
H           -1.46845053150194       -0.78695335351322        6.26010994469061
H           -1.66844117932188       -4.55136027786786        6.88178541839484
B            3.45546522024133       -1.40770810600365        2.08393674665091
N            3.41180842438380        1.16856677888637        1.39292722355590
B            2.58644238894024        2.41140573854759       -0.82977447634013
N            2.41682500229419       -0.59925428590517       -2.31418753963815
B            0.68804316207049       -3.55840956761143        3.05908550532909
N           -2.91074455714285       -2.68573205042328        1.94140263013141
B           -1.12339827220592        4.05880618755684        2.14755234420020
N           -0.46172413868350        0.01989464693195       -3.62015902350145
B           -0.32930589306483        1.45005383539791       -3.75983471169183
N            1.34985316722060       -3.76017075320174       -1.36559831334137
B           -3.82424837390564        2.15394053312956       -0.26983414888314
N           -2.73884826835485        2.72509434525870       -0.95255325179323
B            1.58253396659341        0.85340293993870       -4.49499712457515
N           -0.34343857730470        3.34840140180682        3.17850678224158
B            1.06058869383905       -2.85768037909371       -2.44888351122653
N           -0.48077927915786        3.76144793012288       -0.67305634846566
B           -0.91184682868650        2.15962476897133        3.60268325751228
N            1.60205809294477       -1.26490637790879        3.92090621032559
B           -0.18819554669796        3.47184603717429       -2.03490422660742
N            1.22385893860373        0.07634416727446        4.22742461713998
B           -1.46041219824066       -0.57519021974501       -2.79954749500604
N           -3.84374962282875        1.71190394881880        1.05281072477262
B            0.26542941857719        4.49901754335309        1.54900715533151
N           -0.06600847757638       -0.02693234350919        4.80470240973073
B           -2.75524883723972        2.17420991885475        1.86056080871733
N            3.81953385741092       -0.07448245479058       -0.30163932960336
B           -2.20076858127800       -3.66889740934556        1.26662803111807
N            0.95738020212237        3.74181866001474        2.62291033500974
B           -1.88687483379406       -0.80780842908835        3.49278826410971
N           -2.33726866864775       -3.63348850524202       -0.19809384742245
B            3.10765216669584       -1.02433353895158       -1.06403136685195
N           -3.10400202066135       -1.29701990258472       -0.15940402793298
B            1.96823874185704        2.94670436289705        1.98053186158059
N           -0.35759434160250       -2.90372543689514       -2.11748869991549
B           -1.53194672919314       -2.13224504638811       -2.21310697800701
N            0.56785024762918        3.97475764178678        0.26272908692242
B            1.18484637926951        2.98482631869865       -2.79252202973686
N            0.11483824213015       -4.35877871251721        2.05580735441083
B           -1.78568294419186        3.42378242014915       -0.11631527018336
N           -2.05853929104659        3.37673941907209        1.31696082888324
B            1.50888703563472       -4.19401781601692        1.87916471924405
N           -0.92052907759165        1.04587895541494        4.53466478111738
B           -2.56469342583147       -2.43942706647514       -0.93157629843758
N           -1.00892109510525       -4.49567897324776        1.28786649931667
B           -2.41684457156025        0.46176121459816       -1.85573369796652
N            2.42215777428969       -3.85180514674510        0.86336713937608
B            3.91279136574812       -0.14683919396477        1.19499250578427
N            2.01654459501363        1.99486119609087       -2.05084487430003
B            1.15121127727014        2.28278189625218       -4.23651073346893
N           -4.15673610967359        0.76989055200552       -0.14443473315682
B           -1.24020014750684        2.44339910029211       -2.80935760498763
N           -2.28140632019785        1.90581000224278       -2.03812739170749
B            3.12014113541264       -2.59974334330304        1.03893111927192
N            2.44699630935862       -3.63383328746907       -0.55854444889335
B            2.14350048474881        0.56458570450476        3.22368373005343
N           -2.12679979799270        0.57542542734160        3.89798963762003
B           -0.99552304608763       -4.19661404514869       -0.14494975321930
N           -3.16496581098009       -0.00303217732331       -0.73303495254550
B            3.48076415223890        1.31498334808240       -0.05662233797063
N            2.50580092783395        1.65607648968360        2.36258641540213
B            1.63708529787930       -1.52275117644056       -3.12870601552866
N           -2.18295570815992        1.71459406156748        3.04522789230344
B            2.16613833293993        0.75321763383657       -2.79743585736326
N           -2.72562184834018       -1.37118045403654        2.55021932693596
B            0.84151452016791       -0.51606725362723       -4.12355577835920
N           -0.04113594239567       -3.75976251932093       -1.03188802915761
B            0.44418233067267       -2.10890386239331        3.78588965008824
N           -0.66027613457277       -1.22984728110003        4.13182668328449
B           -3.20720715794126       -1.49469248752612        1.22224378204382
N            2.62917057884100       -0.82284726791697        3.05656977304353
B            1.86553408939033        3.36960692129649        0.30701533211580
N            2.96303018167158       -2.28614968726880       -0.36064899131183
108
 energy: -224.026380685902 gnorm: 0.004444288873 xtb: 6.7.1pre (5071a88)
F            5.23502125071498        1.75296235865549        6.71110870659087
C            4.31136479666523        1.25684100006947        5.85356750156587
F            4.02346357929840        2.26787872723867        5.02143062794914
C            3.11953288770782        0.71422810866371        6.57999958936837
C            2.01154865507322        1.51819671214611        6.80519872523051
C            0.94331022056079        1.02300257625655        7.53058752766636
C            0.98457500204271       -0.26258172136935        8.05115298188241
C            2.08813258269405       -1.06862172725596        7.79758269384034
C            3.15539692173750       -0.58728898420848        7.06680316163822
C           -0.16404458279500       -0.84381238360253        8.86338037171319
C           -1.13135994747463        0.21108895660643        9.35931943392555
C           -0.72642434013477        1.03302703548351       10.40078494366943
C           -1.56463629558030        2.02620249381672       10.86527957339284
F           -1.14551441946928        2.82454811805847       11.87543030701604
C           -2.81971689612881        2.22706044284861       10.31815218662149
C           -3.22903581102147        1.40803974246407        9.28899641951420
C           -2.40455545707438        0.39142784159160        8.79173240691273
N           -2.88990574063777       -0.43801789789281        7.81149125678465
C           -1.97379906235851       -1.28306989996126        7.09877713139448
C           -2.52134517529157       -2.59700446541938        6.53357838853862
O           -3.47456862229578       -2.79450261391648        5.82717202596935
N           -1.63581472374077       -3.53577185399435        6.99003971280633
N           -0.70897044256226       -3.05648371839411        7.87810965695412
C           -0.88505001007932       -1.79606094073508        7.98623036615597
F            4.96125462563206        0.33255681428933        5.13387662677893
H            1.98076621097540        2.51923967090468        6.40436443026908
H            0.08175717410433        1.64813995390452        7.70128680267436
H            2.10485064541192       -2.07906862494999        8.17600615749596
H            4.01287467070725       -1.21178766850514        6.87162916457799
H            0.26392026256495       -1.38694590928135        9.71245490578793
H            0.24937384396452        0.90616072148414       10.84298425206825
H           -3.45454821630859        3.01212040923320       10.69608135349221
H           -4.20502839295512        1.54478869195813        8.84829851466838
H           -3.69519750766480       -0.12602024814815        7.29050396340763
H           -1.49945183731787       -0.75257330248989        6.25786369653498
H           -1.67646545476588       -4.52742343544172        6.81792670485696
B            3.45546943356918       -1.40434548839253        2.09208345853904
N            3.40831579980197        1.17289989550462        1.40190610950796
B            2.58574348322993        2.41498849288626       -0.82210033856768
N            2.42116266545480       -0.59782440661443       -2.30793504773346
B            0.69610364839738       -3.56192209193261        3.06399236755176
N           -2.90558055676818       -2.69748425714016        1.94154514402652
B           -1.13539689752301        4.05390930717564        2.15078025143786
N           -0.45560487689981        0.01400189316283       -3.61706373865382
B           -0.32507368714153        1.44443969365038       -3.75586700055459
N            1.36227239861845       -3.76402379085174       -1.36130233268240
B           -3.82773422906132        2.14144318905381       -0.27233397206135
N           -2.74179741981763        2.71488454918980       -0.95241461813078
B            1.58672666615457        0.85303355590730       -4.48874864171219
N           -0.35650824877535        3.34582155175942        3.18466175769689
B            1.07212586638508       -2.86040781624641       -2.44409570431218
N           -0.48737313382327        3.75714321874921       -0.67021616118288
B           -0.92127621754226        2.15283512503084        3.60333199640479
N            1.60212174618534       -1.26617186536025        3.93056879168228
B           -0.19195188092511        3.46755403700393       -2.03140291315159
N            1.21922675812721        0.07428234144840        4.23391258352979
B           -1.45379914300592       -0.58291850816861       -2.79730892655548
N           -3.84912476011216        1.70101521632948        1.05083260013843
B            0.25356279852148        4.49471467684585        1.55291441494024
N           -0.07204879811932       -0.03244444842672        4.80695873533368
B           -2.76304827905170        2.16556085049797        1.86030836349446
N            3.81837590734041       -0.06957806994340       -0.29282146088153
B           -2.19185032792433       -3.67889867404036        1.26858752138404
N            0.94458055865358        3.73856097116001        2.62701238706694
B           -1.88920095281611       -0.81733239583152        3.49338939002946
N           -2.32630496550410       -3.64313268700832       -0.19642365308499
B            3.11092300519129       -1.02093052905787       -1.05644503122105
N           -3.09870343189705       -1.30838281296182       -0.15838971062004
B            1.95820523678193        2.94607233380855        1.98739887835874
N           -0.34598869549364       -2.90899970423350       -2.11383682762440
B           -1.52176089816976       -2.13951041958623       -2.20976527315087
N            0.55954818256152        3.97225609430815        0.26667581972430
B            1.18405236235818        2.98330386571462       -2.78583390920114
N            0.12461209173154       -4.36414450133454        2.06102485425412
B           -1.79225274282670        3.41674972543601       -0.11474397716886
N           -2.06753980079526        3.36977535300773        1.31820935521202
B            1.51853335848737       -4.19721684874493        1.88454790868932
N           -0.92794262229398        1.03938451186750        4.53521753895410
B           -2.55561486126520       -2.44932924169487       -0.92980223517435
N           -0.99753997773573       -4.50159068789003        1.29081188559583
B           -2.41190613759209        0.45185523720114       -1.85315572387148
N            2.43130716237411       -3.85163815567967        0.86959957438193
B            3.90986742512090       -0.14230725709730        1.20341793367746
N            2.01828616804634        1.99579510317940       -2.04349431882034
B            1.15411716763084        2.28154755324059       -4.22983738983105
N           -4.15628262452625        0.75655222699954       -0.14601440351347
B           -1.23965757160491        2.43629762178437       -2.80705744321512
N           -2.27997526784347        1.89604032831802       -2.03636606458238
B            3.12434415847588       -2.59678419116688        1.04647823877371
N            2.45750314167075       -3.63265240865832       -0.55232578213269
B            2.13783493159865        0.56420889183652        3.23029186189868
N           -2.13314213156354        0.56619141590796        3.89804059518244
B           -0.98311009098220       -4.20321128986482       -0.14176049233539
N           -3.16110208382565       -0.01423912855150       -0.73163146578855
B            3.48116928048053        1.32060846924416       -0.04770591629307
N            2.49821008810057        1.65643765619159        2.36961546393290
B            1.64579708056614       -1.52384844588171       -3.12351975020969
N           -2.18950791615735        1.70438004653260        3.04378997462841
B            2.16972951945651        0.75493805219171       -2.79081021676937
N           -2.72831732801798       -1.38286257311951        2.55259343535519
B            0.84909517873929       -0.51904440642689       -4.11934403010337
N           -0.02930779501345       -3.76542644577335       -1.02886451290240
B            0.44578369982512       -2.11292503250393        3.79033435092806
N           -0.66139799422900       -1.23557840757644        4.13233455555638
B           -3.20580245922633       -1.50742617048438        1.22286525509768
N            2.62838709408393       -0.82203475611056        3.06549823466738
B            1.85827137886973        3.36981948268267        0.31369790660933
N            2.96745196914849       -2.28321060027451       -0.35278178021794
108
 energy: -224.026427859325 gnorm: 0.002581473393 xtb: 6.7.1pre (5071a88)
F            5.23671389786531        1.75095408853195        6.70810993153387
C            4.31051560330695        1.25843054507137        5.85087243134372
F            4.02019062558465        2.27059536593959        5.02107609210473
C            3.11901355869512        0.71583980417516        6.57928697793127
C            2.01124280342241        1.52006979981289        6.80441330248464
C            0.94304456707241        1.02492893157154        7.53012007396867
C            0.98408954923467       -0.26065570453767        8.05009414421391
C            2.08768676117017       -1.06667270593673        7.79628509296131
C            3.15517171578153       -0.58554352579062        7.06514450696193
C           -0.16464624091845       -0.84225237980930        8.86199224208876
C           -1.13155146324595        0.21208839105730        9.35933892990910
C           -0.72611806297820        1.03325633191536       10.40121939844802
C           -1.56432131173805        2.02525799029260       10.86787322375723
F           -1.14475155101884        2.82221139011957       11.87905813416534
C           -2.81972353014400        2.22615867856123       10.32168644356887
C           -3.22956681432521        1.40822337663823        9.29159717767196
C           -2.40537320632695        0.39218260776059        8.79340779226733
N           -2.89160677736222       -0.43800515228242        7.81417094386114
C           -1.97643735828382       -1.28083486235565        7.09906411330658
C           -2.52362257275287       -2.59477056376509        6.53320441101890
O           -3.47655199271070       -2.79238689721384        5.82623503516612
N           -1.63622687037993       -3.53259290669652        6.98625307787240
N           -0.70895526212940       -3.05380619984575        7.87409271197311
C           -0.88604566834433       -1.79409441224117        7.98446757520843
F            4.95486050700874        0.33387931817524        5.12456117577583
H            1.97977041226251        2.52066924592813        6.40321352917896
H            0.08028476070912        1.64951319512107        7.69781481717188
H            2.10356753301119       -2.07768735264160        8.17347970720524
H            4.01211922660214       -1.21062996603186        6.86857459362604
H            0.26358183674118       -1.38599745461059        9.71060968684963
H            0.24989310954444        0.90632058280067       10.84296643829423
H           -3.45462814085164        3.01048872225220       10.70069901279558
H           -4.20597576084680        1.54512024175942        8.85198948398575
H           -3.69740260101533       -0.12599920651717        7.29428661143564
H           -1.50331281960191       -0.74973609257045        6.25791707401697
H           -1.67715510145288       -4.52439042238237        6.81388257269528
B            3.45627918946670       -1.40512533625779        2.09193106636304
N            3.40849106722717        1.17175223744788        1.40168488533030
B            2.58586739865566        2.41448320600601       -0.82159229737554
N            2.42182690565959       -0.59767284318920       -2.30770555990687
B            0.69666168362847       -3.56279747389292        3.06343946609206
N           -2.90529206129539       -2.69866129386825        1.94145259687726
B           -1.13479411110150        4.05271662932881        2.15171926669742
N           -0.45539084694921        0.01413005106853       -3.61671783764326
B           -0.32495117270807        1.44459072746950       -3.75527807713055
N            1.36279493892985       -3.76391577738310       -1.36153274228061
B           -3.82745550706076        2.14089383957075       -0.27129425731886
N           -2.74161373094677        2.71443643760116       -0.95144446976713
B            1.58690247860436        0.85345909325099       -4.48848235203856
N           -0.35589909217178        3.34420246929846        3.18500163785767
B            1.07264417590444       -2.86017073453952       -2.44425074218170
N           -0.48713471258571        3.75672296039476       -0.66919028664107
B           -0.92086356146604        2.15179468464556        3.60467608914046
N            1.60281315324089       -1.26734878579434        3.93035126199297
B           -0.19189718974696        3.46756339144640       -2.03051395227017
N            1.21986465012294        0.07307487366007        4.23375933756518
B           -1.45324156469045       -0.58288632480566       -2.79657734136183
N           -3.84880974826086        1.70017487306465        1.05180268125727
B            0.25412272601482        4.49385001320208        1.55400913071291
N           -0.07140520153813       -0.03391004466401        4.80701751935906
B           -2.76251022588191        2.16463035403698        1.86120208191197
N            3.82041460450049       -0.06988432467064       -0.29298849105773
B           -2.19149327365654       -3.67983760345182        1.26833661276952
N            0.94521444221762        3.73748328512377        2.62798815454293
B           -1.88863357252748       -0.81869728168289        3.49324966291110
N           -2.32584736030695       -3.64364151727557       -0.19666859951331
B            3.11193870369904       -1.02098338617324       -1.05643025067826
N           -3.09796052109096       -1.30889911709144       -0.15793961212487
B            1.95876711492361        2.94504281659196        1.98789232728332
N           -0.34542291187108       -2.90851511828425       -2.11367167756370
B           -1.52152685552263       -2.13969898359394       -2.20991194738441
N            0.55990170606103        3.97155232230214        0.26764234325308
B            1.18404391466047        2.98346300867773       -2.78515218448769
N            0.12522789708181       -4.36447649448926        2.06010975611236
B           -1.79203565254561        3.41614948233499       -0.11370900440142
N           -2.06720462683619        3.36881376556702        1.31917496368162
B            1.51921326250266       -4.19771055385244        1.88391903665926
N           -0.92754730246192        1.03773341707206        4.53566510399927
B           -2.55502636642894       -2.44953120352667       -0.92967808222368
N           -0.99700912195978       -4.50255294120658        1.29028101428668
B           -2.41174526626870        0.45168641483049       -1.85262866392434
N            2.43214545451838       -3.85211290082414        0.86904046631519
B            3.91091388050674       -0.14307982312272        1.20333962229850
N            2.01813591656658        1.99574116531881       -2.04303759392802
B            1.15409132866242        2.28186860779242       -4.22925428283164
N           -4.15576514250922        0.75592746283530       -0.14503171120741
B           -1.23952594501654        2.43632436174137       -2.80619431083152
N           -2.27982288849080        1.89588711239967       -2.03557595639249
B            3.12518371885735       -2.59739272043928        1.04617900191493
N            2.45821599505715       -3.63283636010945       -0.55290048595210
B            2.13857369270210        0.56311024365482        3.23040186207254
N           -2.13251890119198        0.56471655574165        3.89809932756870
B           -0.98261400555311       -4.20347029203802       -0.14229315038968
N           -3.16048535104152       -0.01461165727611       -0.73084620266033
B            3.48158162502098        1.31994401958803       -0.04770038929556
N            2.49891237404655        1.65545289178376        2.36976885551097
B            1.64630486411348       -1.52343742212623       -3.12335716806572
N           -2.18950591916210        1.70365893743378        3.04502506035684
B            2.16993542869835        0.75505361937412       -2.79045009623692
N           -2.72863886599769       -1.38444271813861        2.55325781926500
B            0.84934807412242       -0.51863079534524       -4.11910659409146
N           -0.02861849839254       -3.76486024084433       -1.02869268327254
B            0.44642720582168       -2.11406152539348        3.79010831226247
N           -0.66069983066539       -1.23685273527123        4.13218939445560
B           -3.20570832043156       -1.50844472248541        1.22322610455756
N            2.62909329007976       -0.82300844078268        3.06529900140947
B            1.85868744637016        3.36922633039321        0.31437700965422
N            2.96830255656933       -2.28328597012885       -0.35298624674209
108
 energy: -224.026520003833 gnorm: 0.003293115401 xtb: 6.7.1pre (5071a88)
F            5.24317990222742        1.74089815734710        6.69372592700665
C            4.30569676407976        1.26479692258256        5.83925683956106
F            4.01089050588873        2.28404573793780        5.02023455617970
C            3.11604101899569        0.72241162877751        6.57480418321050
C            2.00882741986534        1.52723048246759        6.79977855100880
C            0.94050151458524        1.03162877351314        7.52560676164143
C            0.98170258881290       -0.25376330507884        8.04483226450199
C            2.08518422437214       -1.05970250992082        7.79009177936071
C            3.15292941910575       -0.57897217995189        7.05794665741912
C           -0.16692367183440       -0.83666355929460        8.85613179662863
C           -1.13244212075621        0.21568630200784        9.35923224367979
C           -0.72476564735070        1.03384803468705       10.40255966162433
C           -1.56301944156576        2.02196341831209       10.87710696682048
F           -1.14155023141930        2.81382125066185       11.89174577858329
C           -2.82006438746275        2.22326364064907       10.33535572953903
C           -3.23241721717318        1.40882314067987        9.30290676563206
C           -2.40922070355314        0.39503399891824        8.80011529372509
N           -2.89925144137630       -0.43715286552986        7.82397875462963
C           -1.98652221408740       -1.27194098932239        7.09945208084036
C           -2.53091196148322       -2.58572063377595        6.52917022987664
O           -3.48450103606045       -2.78353107847641        5.82269951431442
N           -1.63741667684670       -3.52114914250339        6.97117899339574
N           -0.70807613248205       -3.04425223754434        7.85781706521314
C           -0.88929902466125       -1.78647590710317        7.97654177782502
F            4.93107255974713        0.34039140711840        5.09047547367693
H            1.97600699294720        2.52736972742085        6.39893510334922
H            0.07641210033064        1.65611123783832        7.68887694387500
H            2.09940256230832       -2.07177682797867        8.16496156317851
H            4.00848249601623       -1.20538575135764        6.85815158634518
H            0.26240188522753       -1.38309362580266        9.70266132655724
H            0.25267482666890        0.90714379182821       10.84138344543702
H           -3.45525211427697        3.00493976121616       10.71892649516815
H           -4.21043680372071        1.54660129168121        8.86743781774202
H           -3.70776385881633       -0.12483709121423        7.30876369605560
H           -1.51889560895347       -0.73747026097007        6.25740817290721
H           -1.68015634957685       -4.51325549711962        6.79872162878181
B            3.45944245763761       -1.40825667888705        2.09139496363778
N            3.40916159397071        1.16742082620231        1.40106933188348
B            2.58643554928840        2.41266098993198       -0.81946895243524
N            2.42446044410721       -0.59714450616306       -2.30684380016024
B            0.69919156731851       -3.56656154712017        3.06141814253504
N           -2.90373583633570       -2.70346682705067        1.94134979841401
B           -1.13250948388605        4.04815354278802        2.15572239079380
N           -0.45480816516373        0.01490848901352       -3.61572611250956
B           -0.32450720014884        1.44549169415605       -3.75285488178171
N            1.36498286775063       -3.76365576830814       -1.36248657925693
B           -3.82624490898940        2.13860559067002       -0.26707219354900
N           -2.74080717879697        2.71267577785387       -0.94741027867961
B            1.58761933604128        0.85511496918389       -4.48725503213476
N           -0.35351343535532        3.33805515356534        3.18682354272740
B            1.07469460573467       -2.85934206002402       -2.44478672091565
N           -0.48617981276080        3.75508309292910       -0.66490970877333
B           -0.91917110352681        2.14757809854626        3.60980287448654
N            1.60542540916983       -1.27215152735405        3.92957011837012
B           -0.19157663472253        3.46745771433301       -2.02672529108602
N            1.22217620060372        0.06810679832170        4.23322307001813
B           -1.45256317900643       -0.58269966291089       -2.79581781149396
N           -3.84735607837816        1.69666909101167        1.05571178321711
B            0.25625762963476        4.49053975933863        1.55862348436460
N           -0.06887705734276       -0.03986031199749        4.80753674976624
B           -2.76032993076998        2.16091123562323        1.86488724514599
N            3.82782849321540       -0.07122533660830       -0.29364026294328
B           -2.18974474730286       -3.68377430399794        1.26755435652467
N            0.94770816548762        3.73336424147310        2.63212652625698
B           -1.88644179876344       -0.82412192308814        3.49332611454074
N           -2.32401400265570       -3.64594892743054       -0.19742151115325
B            3.11588234562283       -1.02133714412975       -1.05644642496233
N           -3.09513453261619       -1.31116836532826       -0.15594473581128
B            1.96091104330586        2.94114071835712        1.99007081933128
N           -0.34305310493561       -2.90631515777106       -2.11250636249689
B           -1.52010188540280       -2.13929928334738       -2.20912925362109
N            0.56122543141010        3.96887287962579        0.27175895491636
B            1.18408173453581        2.98405688740187       -2.78231453560174
N            0.12796489315117       -4.36626684214604        2.05674482858494
B           -1.79111671254135        3.41388237164450       -0.10942347849515
N           -2.06584166316274        3.36516883362803        1.32324099384856
B            1.52209985744873       -4.19991203194755        1.88141873845948
N           -0.92581056191416        1.03129786869370        4.53760357269645
B           -2.55320192109839       -2.45079599334194       -0.92905684122449
N           -0.99469472166165       -4.50662089398858        1.28834914125287
B           -2.41010615625273        0.45080536409403       -1.84979935736996
N            2.43556636195391       -3.85412273307078        0.86682263280114
B            3.91478204880620       -0.14605874673365        1.20312012859935
N            2.01779313603779        1.99557705396750       -2.04110693990389
B            1.15414955800912        2.28317090971488       -4.22682045657374
N           -4.15358865549492        0.75334363106489       -0.14117196197848
B           -1.23908428538764        2.43646329425702       -2.80263515649908
N           -2.27898085454970        1.89513337194030       -2.03210264994433
B            3.12859549090364       -2.59984367132593        1.04497227030621
N            2.46110240767952       -3.63363335326516       -0.55512102532259
B            2.14100241693010        0.55857141502468        3.23064902422288
N           -2.13010091906615        0.55888384003532        3.89878450988030
B           -0.98057646594332       -4.20487550404529       -0.14416068709214
N           -3.15779369616248       -0.01632377963747       -0.72755658653519
B            3.48308807980953        1.31735711104607       -0.04752495083873
N            2.50118548128851        1.65148053051267        2.37034414374516
B            1.64825641630646       -1.52196547305707       -3.12269545197598
N           -2.18924370353358        1.70059853295472        3.04989819270647
B            2.17090162682362        0.75548780515343       -2.78897624846935
N           -2.72960488089296       -1.39071934127788        2.55621378619363
B            0.85033888395824       -0.51696617147766       -4.11790550250146
N           -0.02587399701741       -3.76313074650322       -1.02810399322109
B            0.44893661421496       -2.11883877521028        3.78952571796621
N           -0.65810984125374       -1.24212678698830        4.13224190257197
B           -3.20488983421505       -1.51254297523069        1.22493206815396
N            2.63164056907810       -0.82703827357657        3.06454375747573
B            1.86025100254212        3.36691118382755        0.31729228986600
N            2.97163008957969       -2.28375548595829       -0.35382865429717
108
 energy: -224.026576214031 gnorm: 0.004850542972 xtb: 6.7.1pre (5071a88)
F            5.24764332964824        1.73154400499575        6.68014568970384
C            4.30033317046797        1.27031971840742        5.82880646709373
F            4.00560925010944        2.29753192340130        5.02012099256047
C            3.11226472836993        0.72848891485188        6.56872644335588
C            2.00540823018808        1.53342492628545        6.79465780708756
C            0.93761261342552        1.03747021949971        7.52136402735784
C            0.97932932815341       -0.24806644111201        8.03988875685800
C            2.08269600431268       -1.05377620876660        7.78403950702476
C            3.14994988793320       -0.57297690322024        7.05100808303018
C           -0.16888231937397       -0.83228457242826        8.85086055161747
C           -1.13333839894888        0.21836978961094        9.35922771910561
C           -0.72320734320938        1.03412212684556       10.40342773417403
C           -1.56140251794039        2.01931901316357       10.88443612901581
F           -1.13779823211748        2.80751865289988       11.90105885924222
C           -2.82029631098166        2.22093266055308       10.34736294263087
C           -3.23521993330956        1.40897837500855        9.31378485260809
C           -2.41288157962312        0.39717889749974        8.80609521326654
N           -2.90641973689517       -0.43551305101610        7.83166565050068
C           -1.99494744133272       -1.26401528612684        7.09910243820459
C           -2.53746346843058       -2.57729743531693        6.52496029586812
O           -3.49264781672476       -2.77480951482060        5.82046802820236
N           -1.63842638072382       -3.51142106065597        6.95750303573888
N           -0.70740193754509       -3.03619234288132        7.84328109388734
C           -0.89223957645714       -1.77967313055592        7.96922093513825
F            4.91256790074767        0.34714770815133        5.06492941090357
H            1.97190334777345        2.53369779927643        6.39448956881414
H            0.07356979985115        1.66212437539046        7.68444216100321
H            2.09675309113130       -2.06612429547586        8.15819801668496
H            4.00496845897482       -1.19965410930780        6.84983197391518
H            0.26142004995790       -1.38142788777787        9.69521500028569
H            0.25587814398478        0.90780218096087       10.83878541006933
H           -3.45544172023620        3.00059029548237       10.73514458191612
H           -4.21484457925103        1.54730212478914        8.88213960753484
H           -3.71774722402276       -0.12276778533111        7.32089881150211
H           -1.53244369552647       -0.72544149012909        6.25678444804077
H           -1.68181048780860       -4.50336287131302        6.78380780390532
B            3.46210385595414       -1.41114041387366        2.09077678359148
N            3.40987976311928        1.16390538553748        1.40087761253830
B            2.58694451769921        2.41118603495898       -0.81749885748203
N            2.42658294035684       -0.59681587199218       -2.30627851633310
B            0.70164730856050       -3.57029350500519        3.05970026505197
N           -2.90182054053831       -2.70761501446893        1.94122146079732
B           -1.13059524051012        4.04431224114221        2.15955335179969
N           -0.45400986632913        0.01557120083068       -3.61418562659603
B           -0.32417398514504        1.44621678554511       -3.75046596929481
N            1.36702624843448       -3.76382402245624       -1.36360578383274
B           -3.82520825360032        2.13664231464829       -0.26324880728474
N           -2.74011138525322        2.71126767618226       -0.94368429055317
B            1.58824006723857        0.85654227547517       -4.48609146853607
N           -0.35140082392285        3.33295589984675        3.18901510165978
B            1.07650545288416       -2.85881693982101       -2.44532883278720
N           -0.48530842771479        3.75365154779472       -0.66095248955489
B           -0.91752324156000        2.14363243501991        3.61386131445454
N            1.60758013397341       -1.27663397392712        3.92878955346666
B           -0.19118441579070        3.46730563911413       -2.02316817132073
N            1.22406292913783        0.06342048432908        4.23277495145329
B           -1.45102462732399       -0.58257855092851       -2.79371712556925
N           -3.84595057673639        1.69357187493181        1.05923252009829
B            0.25804481293054        4.48770212617087        1.56292185268099
N           -0.06658499659611       -0.04530064455276        4.80818013483430
B           -2.75844587366347        2.15764829089369        1.86825673179834
N            3.83314559445527       -0.07250955673208       -0.29415156222509
B           -2.18781931792398       -3.68728626533156        1.26679632756981
N            0.94989078931257        3.72983131755546        2.63595943317444
B           -1.88448108849754       -0.82888241498486        3.49389249204454
N           -2.32212787826937       -3.64792360661112       -0.19814561519828
B            3.11897385141860       -1.02183380537984       -1.05659584421916
N           -3.09265140141931       -1.31306482657788       -0.15423748454035
B            1.96273438518316        2.93785504998488        1.99221350147541
N           -0.34105101716172       -2.90529740931848       -2.11211675619234
B           -1.51892170039712       -2.13975003285443       -2.20909430404259
N            0.56235456274769        3.96663182477879        0.27563136347603
B            1.18416726872924        2.98450383657324       -2.77969662819779
N            0.13056874848325       -4.36851400278333        2.05398198419039
B           -1.79019993521419        3.41193054702402       -0.10547773442320
N           -2.06456589914345        3.36212186239749        1.32706669317020
B            1.52472315889462       -4.20222707061442        1.87908601352156
N           -0.92398162635048        1.02572263249829        4.53940070647209
B           -2.55123113594995       -2.45188836803961       -0.92855941162838
N           -0.99249730066698       -4.51035997424721        1.28660835456004
B           -2.40929926671864        0.45011541724980       -1.84762275645010
N            2.43854655608230       -3.85612772828313        0.86474155150598
B            3.91779529229871       -0.14858801358545        1.20297000968296
N            2.01766187123547        1.99537763464697       -2.03928241756971
B            1.15416463595646        2.28428310182876       -4.22457340307083
N           -4.15186512375186        0.75114899856376       -0.13778387798942
B           -1.23866831968151        2.43651540717103       -2.79931607946566
N           -2.27843391787144        1.89458079802073       -2.02901185043084
B            3.13159048552356       -2.60214436649175        1.04372906574557
N            2.46364641905294       -3.63454022072897       -0.55713613391838
B            2.14277014214166        0.55435839445297        3.23070831764888
N           -2.12795525150027        0.55376978428613        3.89982477903420
B           -0.97863021634559       -4.20645262499193       -0.14573502989796
N           -3.15582864935005       -0.01782823544935       -0.72493855203531
B            3.48430603187852        1.31521001912635       -0.04716288924701
N            2.50278805105494        1.64790520005379        2.37093045379567
B            1.64984185838868       -1.52089792216649       -3.12236901668303
N           -2.18858402441983        1.69755004280610        3.05395092126662
B            2.17170657126001        0.75578764317673       -2.78771501479368
N           -2.72984554974394       -1.39605106063538        2.55877523906431
B            0.85118396057122       -0.51561204677976       -4.11694141652874
N           -0.02345593750298       -3.76224081141849       -1.02796498606817
B            0.45110003108373       -2.12341188970119        3.78915857261251
N           -0.65596068686714       -1.24703327815791        4.13277065671226
B           -3.20347768747820       -1.51594345662864        1.22641572743067
N            2.63360240176227       -0.83085033349513        3.06375590514892
B            1.86159947495202        3.36497069705600        0.32007355494928
N            2.97434937965593       -2.28448448320831       -0.35473760242007
108
 energy: -224.026685865790 gnorm: 0.005533362970 xtb: 6.7.1pre (5071a88)
F            5.25397337265724        1.71469790452116        6.65555450729344
C            4.28956410219177        1.28034178523445        5.81008748277549
F            3.99871980579492        2.32348658456023        5.02090234674038
C            3.10411659331428        0.74027803764994        6.55571148838048
C            1.99762346887682        1.54482792663634        6.78450702544655
C            0.93156555136222        1.04825845037610        7.51369000537362
C            0.97469339993639       -0.23777748195399        8.03088500307089
C            2.07812182027358       -1.04269146508256        7.77294430276006
C            3.14373585116738       -0.56121086805669        7.03824811108098
C           -0.17255423720848       -0.82469650636944        8.84119327759015
C           -1.13519933527508        0.22288931141650        9.35935284354209
C           -0.71994131326210        1.03476952705324       10.40447720300149
C           -1.55772372182223        2.01516770832492       10.89666898155463
F           -1.12949924660990        2.79799298264124       11.91540701318759
C           -2.82054063883529        2.21692116015306       10.36912488717593
C           -3.24061605450003        1.40870671574527        9.33459345797391
C           -2.41985608539022        0.40058483138334        8.81719027052355
N           -2.91985095214229       -0.43165692950048        7.84485877743615
C           -2.00988283140542       -1.24924027287049        7.09773311482958
C           -2.54942026442744       -2.56096557523189        6.51613258626110
O           -3.50885168924814       -2.75753170758932        5.81725795836568
N           -1.64031473532620       -3.49347603358488        6.93175387153323
N           -0.70639424328367       -3.02125655127254        7.81609215515633
C           -0.89773893262247       -1.76682049292801        7.95526491720764
F            4.88160078681089        0.36060077299838        5.02402920760402
H            1.96294718385692        2.54551591718853        6.38524024122435
H            0.06832132146242        1.67308468030216        7.67964232732274
H            2.09315418702476       -2.05508559465352        8.14671612000238
H            3.99850861692453       -1.18746541220933        6.83553498955837
H            0.25934539547732       -1.37931522309563        9.68122744054714
H            0.26249646693244        0.90926178520298       10.83259980296571
H           -3.45516131069801        2.99323946743707       10.76474139800335
H           -4.22347115811559        1.54740455177705        8.91029190524123
H           -3.73665362071780       -0.11815053766735        7.34265365218274
H           -1.55724560589370       -0.70164485317694        6.25575396379544
H           -1.68345858649928       -4.48467758652642        6.75412335146267
B            3.46684520169958       -1.41667210759506        2.08935171590996
N            3.41147416148802        1.15785742438651        1.40106457608915
B            2.58790436556975        2.40863659944328       -0.81373325909906
N            2.43016493733383       -0.59640854319800       -2.30549463003943
B            0.70642663984967       -3.57777992036511        3.05652015939133
N           -2.89754648609286       -2.71535347908982        1.94099136737049
B           -1.12730953157169        4.03730322273431        2.16697513023294
N           -0.45267045925624        0.01704952078804       -3.61167846207329
B           -0.32362454089128        1.44783475819444       -3.74607513098140
N            1.37081722813771       -3.76460815964535       -1.36611068143975
B           -3.82324435083096        2.13281722366905       -0.25624897127418
N           -2.73878172740719        2.70863839210845       -0.93669462942467
B            1.58941323831859        0.85927032416141       -4.48380993057254
N           -0.34758733559172        3.32384532528364        3.19382352345336
B            1.07970194993244       -2.85816266958111       -2.44657168607189
N           -0.48371774975026        3.75091999022841       -0.65346940392178
B           -0.91431211479028        2.13586315496082        3.62064094140448
N            1.61132167033688       -1.28529124423660        3.92702989004058
B           -0.19031390836997        3.46681230700447       -2.01636659713247
N            1.22737170350337        0.05428248890006        4.23191888067752
B           -1.44929567872921       -0.58233356829507       -2.79157413842037
N           -3.84317517548202        1.68760291337305        1.06563445670822
B            0.26109053141777        4.48244777771856        1.57110006157740
N           -0.06225236029606       -0.05568520026386        4.80953997697450
B           -2.75507751705573        2.15142004613772        1.87449714583372
N            3.84114297202474       -0.07494484288739       -0.29491860172758
B           -2.18372925656469       -3.69396773277849        1.26536032675193
N            0.95376818131112        3.72333340254491        2.64320579004087
B           -1.88085461032394       -0.83779364926043        3.49550506983406
N           -2.31846227055068       -3.65180771767976       -0.19948937763703
B            3.12407367482878       -1.02298223042281       -1.05704262019462
N           -3.08832020159462       -1.31682519909416       -0.15113253987946
B            1.96598253854763        2.93195841529978        1.99649954609267
N           -0.33740284578538       -2.90369931338954       -2.11145095227228
B           -1.51629580851000       -2.13979261403011       -2.20814412958378
N            0.56432411086735        3.96257767844913        0.28303740539128
B            1.18445762806977        2.98526068738213       -2.77470765811884
N            0.13563852063629       -4.37370359888603        2.04911070471036
B           -1.78846893250321        3.40834041459064       -0.09807584187119
N           -2.06220709722826        3.35652878270530        1.33435257908487
B            1.52967746307695       -4.20704121960408        1.87456123420125
N           -0.92025223531696        1.01542697138511        4.54279840399073
B           -2.54789682375027       -2.45439025500313       -0.92772925304283
N           -0.98819153558158       -4.51759050968018        1.28328022710449
B           -2.40703848983477        0.44862969524444       -1.84310984118541
N            2.44396526084051       -3.86017693172435        0.86066757221652
B            3.92278499882508       -0.15312595761278        1.20275429419311
N            2.01773061706831        1.99495623213798       -2.03579594262076
B            1.15430989196997        2.28647236984287       -4.22032786204620
N           -4.14873018184629        0.74692980028568       -0.13178884801804
B           -1.23793883829852        2.43657769239766       -2.79311324866076
N           -2.27726046740899        1.89340871862915       -2.02312262031319
B            3.13705693596876       -2.60661410864435        1.04113007428955
N            2.46822395871098       -3.63647266293755       -0.56099825438092
B            2.14567385017286        0.54631530819240        3.23068005108828
N           -2.12399636916683        0.54423942661903        3.90224546126235
B           -0.97489920789890       -4.20994681578302       -0.14862454433699
N           -3.15220588527183       -0.02090430091657       -0.72022044375998
B            3.48639920586944        1.31147617765239       -0.04615587606291
N            2.50541033681727        1.64126878568101        2.37230168317045
B            1.65255804593074       -1.51927562620634       -3.12209947908214
N           -2.18677382428734        1.69121116964359        3.06092778634716
B            2.17326079516833        0.75626089570594       -2.78548008164416
N           -2.72954086670606       -1.40581428546560        2.56338650364211
B            0.85276140658821       -0.51308268684862       -4.11515023030491
N           -0.01914911416421       -3.76169022032344       -1.02836825260716
B            0.45500059875309       -2.13236425429430        3.78848502414699
N           -0.65214664318586       -1.25648478955218        4.13423672770096
B           -3.20008188891273       -1.52224769986182        1.22913444574620
N            2.63687561177793       -0.83825060494329        3.06203426177961
B            1.86395916669866        3.36142394698819        0.32548643563265
N            2.97907257199375       -2.28628132891150       -0.35669040250571
108
 energy: -224.026843126236 gnorm: 0.005363978528 xtb: 6.7.1pre (5071a88)
F            5.26052432291391        1.69192478527000        6.62057551838658
C            4.27298946677125        1.29578513145767        5.78316599767520
F            3.99100552179365        2.36291814786340        5.02283835467848
C            3.09080164166863        0.75933713403226        6.53469524186662
C            1.98441083165958        1.56255654055337        6.76865514677340
C            0.92163179571542        1.06486303871137        7.50204467667337
C            0.96731208196960       -0.22209017053586        8.01714830999026
C            2.07118638333726       -1.02537459148266        7.75591928451677
C            3.13375008295304       -0.54211739491151        7.01884549314586
C           -0.17832472587415       -0.81346522331090        8.82625811384517
C           -1.13819730589451        0.22941183072767        9.35958703977361
C           -0.71418292305855        1.03621676085270       10.40513187473856
C           -1.55073518485166        2.00974795147182       10.91381742059726
F           -1.11431250791300        2.78636753294676       11.93363047480622
C           -2.82043071095300        2.21049583464348       10.40240613241398
C           -3.24905803939530        1.40701994667064        9.36773191134372
C           -2.43060982337904        0.40497542801763        8.83442952737279
N           -2.94024171891256       -0.42483954845782        7.86409429464969
C           -2.03222389679120       -1.22620171822970        7.09490101650525
C           -2.56803036912970       -2.53451693636517        6.50152976492890
O           -3.53534869720262       -2.72919853945047        5.81333086719403
N           -1.64445472033745       -3.46536962053535        6.89205774725479
N           -0.70607988153333       -2.99786402439895        7.77406045466685
C           -0.90653285009352       -1.74663114797534        7.93325131242674
F            4.83909962635676        0.38264323165017        4.97015567778594
H            1.94770271593602        2.56370449448198        6.36991447815283
H            0.05967892798726        1.68939507640437        7.67468979438844
H            2.08878238351256       -2.03768609944398        8.12939000315657
H            3.98889064153074       -1.16687756776494        6.81417030191931
H            0.25572240949015       -1.37709733025137        9.65927960906602
H            0.27378296578284        0.91209751260795       10.82102292047018
H           -3.45371098052646        2.98181838722442       10.81039561589236
H           -4.23743375959191        1.54491940257635        8.95559878229133
H           -3.76562561733751       -0.11059819351659        7.37551239380960
H           -1.59512462917821       -0.66328177952232        6.25461544968152
H           -1.68491325027441       -4.45489418566808        6.70546466131545
B            3.47381379369572       -1.42552182036526        2.08666600124406
N            3.41462550528270        1.14927299805608        1.40222790594304
B            2.58952418447799        2.40494288708795       -0.80778490814027
N            2.43491330326842       -0.59614933200587       -2.30472258922221
B            0.71383129307582       -3.58999850403455        3.05155189708237
N           -2.89001266800119       -2.72697725303249        1.94046195115235
B           -1.12254342287093        4.02665821560826        2.17885552564854
N           -0.45025961692492        0.01939717339964       -3.60719829969369
B           -0.32279389726018        1.45038783200384       -3.73917568585858
N            1.37656913459462       -3.76667035271983       -1.37073647765595
B           -3.82028888628678        2.12688893059629       -0.24558333044050
N           -2.73673762854155        2.70468230854553       -0.92582713677040
B            1.59121114218189        0.86343888592120       -4.48017366714772
N           -0.34179314462531        3.31032965930759        3.20233457098081
B            1.08437467019347       -2.85769051428567       -2.44895032340608
N           -0.48129833523925        3.74664179460141       -0.64182869143853
B           -0.90901234764614        2.12318496739986        3.62993272583060
N            1.61671803895890       -1.29904850067447        3.92367710200083
B           -0.18886209536639        3.46582504167515       -2.00570053566103
N            1.23234967958958        0.03963277875433        4.23057726842019
B           -1.44580350544306       -0.58198149048114       -2.78718413084151
N           -3.83879909361720        1.67838301597342        1.07534399791005
B            0.26544142112371        4.47426614590407        1.58385208617433
N           -0.05537996162835       -0.07199860730392        4.81182587381523
B           -2.75010560415239        2.14161135709030        1.88407155700733
N            3.85038309827221       -0.07876119078370       -0.29573290885955
B           -2.17681563883997       -3.70415823593699        1.26292486320508
N            0.95949442821422        3.71326393446800        2.65434202676043
B           -1.87520682231611       -0.85157671212259        3.49864837523688
N           -2.31241262407968       -3.65762835464788       -0.20175291764069
B            3.13072775497250       -1.02514102967108       -1.05801136122854
N           -3.08195237646392       -1.32255483034656       -0.14666636037764
B            1.97088302834947        2.92308845669015        2.00351335770152
N           -0.33213033651334       -2.90273670616461       -2.11157016336910
B           -1.51219868774250       -2.14057112943539       -2.20730509451957
N            0.56726493526954        3.95646147765122        0.29459544954007
B            1.18502649786921        2.98617459435788       -2.76678384662326
N            0.14352741668256       -4.38313782161585        2.04196000486408
B           -1.78572854854099        3.40279484722431       -0.08655226667688
N           -2.05851583970940        3.34794309305135        1.34584042231806
B            1.53722422562578       -4.21516536227736        1.86735660605918
N           -0.91400455233800        0.99966414307724        4.54817552099989
B           -2.54242529059450       -2.45830823036866       -0.92669092522005
N           -0.98138164308529       -4.52884213512101        1.27786729932608
B           -2.40410477762920        0.44639506164731       -1.83652155939964
N            2.45191394277252       -3.86689426343886        0.85408796616851
B            3.92952430797253       -0.15996689758413        1.20246936295345
N            2.01826039978858        1.99414412979101       -2.03021727754794
B            1.15458459749283        2.28984125795249       -4.21363207134943
N           -4.14429759227953        0.74046627290671       -0.12290070561559
B           -1.23686774858106        2.43662961500144       -2.78355917520727
N           -2.27561534889149        1.89168455695240       -2.01411273333269
B            3.14515950377232       -2.61383410021631        1.03665148569923
N            2.47492166278228       -3.63992720294408       -0.56715590100935
B            2.14988776605817        0.53371891130936        3.23054944845779
N           -2.11786857763340        0.52959335824564        3.90667594225657
B           -0.96896276733694       -4.21589367062923       -0.15319272607931
N           -3.14728752394593       -0.02570965266457       -0.71351795737826
B            3.48951891463798        1.30612554805442       -0.04406259428388
N            2.50939088672971        1.63114328206972        2.37502769448124
B            1.65632598210224       -1.51732804663866       -3.12236029264685
N           -2.18294199228506        1.68035253129404        3.07069870151698
B            2.17548442245617        0.75682021521857       -2.78213967274846
N           -2.72777963348476       -1.42035505083275        2.56989453133175
B            0.85512051334406       -0.50936834900137       -4.11271264059018
N           -0.01284110946275       -3.76245637576222       -1.03020126230311
B            0.46082219046180       -2.14667824381124        3.78725651956533
N           -0.64640997660040       -1.27141783036526        4.13697480107133
B           -3.19377493291737       -1.53163170972412        1.23302138214666
N            2.64151220458709       -0.85006523768459        3.05893982796566
B            1.86743440779628        3.35598939989387        0.33409603384619
N            2.98575008735653       -2.28978903013914       -0.36015256060500
108
 energy: -224.026996393739 gnorm: 0.005111469493 xtb: 6.7.1pre (5071a88)
F            5.26334545817648        1.67462826790217        6.58899181355305
C            4.25671363599844        1.31311816972410        5.75840222732599
F            3.98500161770286        2.40238638963019        5.02550359292198
C            3.07698732240861        0.78060077029077        6.51363279877949
C            1.97009013485430        1.58170118725931        6.75269803655880
C            0.91089287603033        1.08229579385200        7.49000965556286
C            0.95943647600246       -0.20565414376133        8.00285099067487
C            2.06410991261474       -1.00687792398960        7.73821206711996
C            3.12347476904992       -0.52096569315224        6.99927122472555
C           -0.18460420182116       -0.80190199964175        8.81028353041433
C           -1.14128491347315        0.23604464439725        9.35954400940260
C           -0.70719074350095        1.03842221881153       10.40447937101984
C           -1.54164163218406        2.00501263268254       10.93001818109643
F           -1.09541657813592        2.77726678018034       11.94875651914464
C           -2.81937625785640        2.20300566110855       10.43722899969539
C           -3.25770335948245        1.40365354607353        9.40359693908858
C           -2.44155338084066        0.40881444961538        8.85257896588933
N           -2.96069463874435       -0.41683394282414        7.88318919020942
C           -2.05519152356391       -1.20138794949411        7.09126837939261
C           -2.58832394653081       -2.50495859461950        6.48543885317884
O           -3.56438741414476       -2.69720022211845        5.80930254339962
N           -1.65175658209637       -3.43465976779145        6.85097304088682
N           -0.70830692979403       -2.97252578728390        7.73009068736998
C           -0.91646097844380       -1.72492057070355        7.90961876759246
F            4.80078922031079        0.40844773403434        4.92364857437952
H            1.93086623964092        2.58302196313966        6.35378974023982
H            0.04958023792994        1.70559758292997        7.66975255204898
H            2.08486175131715       -2.01929764701895        8.11088228145872
H            3.97957547792171       -1.14354028961931        6.79241759383982
H            0.25125309004062       -1.37552030730829        9.63561784873382
H            0.28683161168358        0.91595927568291       10.80644989429468
H           -3.45074990215169        2.96888346445080       10.85870115851605
H           -4.25243857984178        1.53908191374305        9.00548584140157
H           -3.79502759030101       -0.10264864849265        7.40931623870730
H           -1.63441054450832       -0.62166932018613        6.25401154193738
H           -1.68673566133307       -4.42176997217201        6.65114716878754
B            3.48067443017380       -1.43534162365703        2.08321158483472
N            3.41898759255229        1.14098927364809        1.40446619805575
B            2.59150573780371        2.40120824965182       -0.80133155969000
N            2.43892853565282       -0.59635663221053       -2.30440161483861
B            0.72143483563388       -3.60358868273344        3.04613992982677
N           -2.88127937218183       -2.73897066840674        1.93978607541674
B           -1.11782370633289        4.01540361490126        2.19182427167684
N           -0.44786067480500        0.02204847631664       -3.60284342765139
B           -0.32192111099070        1.45331434052180       -3.73209549320007
N            1.38226490054236       -3.76977327866109       -1.37657065077157
B           -3.81712362481229        2.12045939432673       -0.23466498490824
N           -2.73442406399277        2.70041577052953       -0.91438767777613
B            1.59299882807682        0.86797838415913       -4.47613622843686
N           -0.33582225679325        3.29648707549071        3.21251750809497
B            1.08879395861946       -2.85783509287389       -2.45214802972782
N           -0.47875499229072        3.74200860502777       -0.62953776414139
B           -0.90302742179629        2.10884372297555        3.63848453746266
N            1.62191350784261       -1.31402289070714        3.91923837536021
B           -0.18714619025918        3.46446566659588       -1.99433427416062
N            1.23748631934698        0.02355314725182        4.22907500090612
B           -1.44301864225050       -0.58165094473320       -2.78405615110867
N           -3.83411635568977        1.66859757910797        1.08523243387434
B            0.26964356238539        4.46532035465181        1.59734952130614
N           -0.04795865782126       -0.08957077120448        4.81440341079772
B           -2.74511504751874        2.13084597337230        1.89400470090430
N            3.85654097428247       -0.08292863575685       -0.29611986842155
B           -2.16907303242274       -3.71478864873499        1.26012935401827
N            0.96515830081468        3.70228408136761        2.66585392215238
B           -1.86923317653317       -0.86634832957649        3.50258654781511
N           -2.30587444498015       -3.66375294096993       -0.20432749459997
B            3.13622782334793       -1.02795493460414       -1.05936695579845
N           -3.07581157405207       -1.32877357443807       -0.14236191994114
B            1.97594772867767        2.91378807107261        2.01132162443816
N           -0.32705888224779       -2.90275258919253       -2.11253542247988
B           -1.50757826310643       -2.14091902338923       -2.20597881908226
N            0.57032797571263        3.95008707939075        0.30678366743992
B            1.18592115683981        2.98687376887785       -2.75809997431629
N            0.15171885936195       -4.39472708760127        2.03477526618964
B           -1.78275641262710        3.39684530187639       -0.07435580059675
N           -2.05453502805262        3.33869758230364        1.35814491147945
B            1.54492337876476       -4.22454218170300        1.85954657023988
N           -0.90702640026164        0.98299591684693        4.55409551951721
B           -2.53696716736525       -2.46280523141655       -0.92592234194210
N           -0.97414046174027       -4.54073559445353        1.27175202201147
B           -2.40037112343087        0.44390118709788       -1.82932438442407
N            2.45960131065227       -3.87456058766112        0.84676750857750
B            3.93553480767435       -0.16717841176662        1.20216864739283
N            2.01944610807776        1.99305216923159       -2.02415138956179
B            1.15499935119053        2.29358532625291       -4.20638849040458
N           -4.13990686805766        0.73355153339141       -0.11415326002164
B           -1.23571804617584        2.43669131653642       -2.77364192634282
N           -2.27364940121204        1.88973616699985       -2.00463312734104
B            3.15313328873256       -2.62192033329269        1.03134150434728
N            2.48133043262089       -3.64419035447081       -0.57396527023938
B            2.15414573997362        0.52023084406725        3.23031857206920
N           -2.11145164222115        0.51409499463908        3.91208987110104
B           -0.96266936757244       -4.22273600433523       -0.15827333023506
N           -3.14242643300959       -0.03098429777985       -0.70687899733449
B            3.49286249193878        1.30088683347614       -0.04123437426856
N            2.51386140197588        1.62056609673267        2.37867542605137
B            1.65970374201873       -1.51591861862606       -3.12338295112541
N           -2.17765727229893        1.66742993839411        3.07971886743924
B            2.17778856749466        0.75724832095363       -2.77878589733689
N           -2.72448193373559       -1.43516340614616        2.57583943606566
B            0.85746431339117       -0.50551191862074       -4.11043330690024
N           -0.00680864278319       -3.76526637282009       -1.03372861465921
B            0.46666434826159       -2.16230871642483        3.78559118027394
N           -0.64050789147184       -1.28760911663913        4.14023407498926
B           -3.18633192030795       -1.54138680316733        1.23672567599384
N            2.64596987198426       -0.86298339843512        3.05509060242264
B            1.87093151790804        3.35017409482795        0.34338747445911
N            2.99203833003298       -2.29441322068919       -0.36438984061748
108
 energy: -224.027161304578 gnorm: 0.005309317502 xtb: 6.7.1pre (5071a88)
F            5.26228435621530        1.66662116431581        6.56542436897663
C            4.24289607554660        1.33290888514827        5.73933046938826
F            3.98058211019515        2.43986866347870        5.03010619655437
C            3.06449248996624        0.80322292353467        6.49589744191069
C            1.95640206840443        1.60155434371761        6.73893047661557
C            0.90022905045583        1.09941245884488        7.47839395248701
C            0.95164826568524       -0.18955665340341        7.98878044888805
C            2.05747104903247       -0.98836129813009        7.72107089777718
C            3.11412195234186       -0.49893279164279        6.98140426431705
C           -0.19111043904182       -0.79068695069494        8.79390535641976
C           -1.14405709034759        0.24253161576765        9.35882734451610
C           -0.69907261375696        1.04146414357950       10.40203279895977
C           -1.53052533795619        2.00133300760197       10.94398299079967
F           -1.07339016630281        2.77145187888576       11.95943715471649
C           -2.81691381920248        2.19468529472729       10.47146418775053
C           -3.26566757864531        1.39866210569926        9.44003863630027
C           -2.45174968396424        0.41201103075574        8.87043595470043
N           -2.97954151029778       -0.40796022962887        7.90084920023883
C           -2.07752302825346       -1.17584586655812        7.08696114285113
C           -2.60943314521745       -2.47354592825310        6.46864973561069
O           -3.59390576445855       -2.66268122360867        5.80424279522912
N           -1.66349558767482       -3.40281677949638        6.81161193832690
N           -0.71394735767874       -2.94677488705273        7.68692642487449
C           -0.92715351412323       -1.70300805674874        7.88561087928758
F            4.77004734054188        0.43838693254450        4.88801004467353
H            1.91440440558600        2.60287587823083        6.33970623374462
H            0.03851080177218        1.72047702095390        7.66387899620248
H            2.08137209395878       -2.00127401444917        8.09198287628339
H            3.97165702075132       -1.11881723822597        6.77221583022514
H            0.24598151819442       -1.37463524091660        9.61134094831991
H            0.30111407871362        0.92095369180687       10.78910311166985
H           -3.44593877428002        2.95473990132287       10.90688965583862
H           -4.26714036399532        1.53000986252955        9.05723057752487
H           -3.82264427025712       -0.09494986657630        7.44196842571236
H           -1.67256326120077       -0.57941173762227        6.25394873894297
H           -1.69039805053931       -4.38659959150618        6.59418548017424
B            3.48680070346126       -1.44578485609698        2.07898472234119
N            3.42465350589165        1.13348396523020        1.40778251396714
B            2.59385404186649        2.39759741509476       -0.79473931173910
N            2.44168061902745       -0.59714337283389       -2.30475344706999
B            0.72848839710759       -3.61787213578100        3.04037331450945
N           -2.87202616135365       -2.75054357427262        1.93877096511406
B           -1.11341455827463        4.00396245731027        2.20524363621600
N           -0.44534894804431        0.02463727924679       -3.59823553294015
B           -0.32100306308526        1.45620599638489       -3.72517216402738
N            1.38739211318283       -3.77395504413975       -1.38368004994998
B           -3.81404510874285        2.11395402819584       -0.22413830340887
N           -2.73200050820284        2.69604618283287       -0.90302789021445
B            1.59451432690602        0.87252821886576       -4.47199138794210
N           -0.33007470483453        3.28293737542865        3.22399868715378
B            1.09257401758956       -2.85869870756895       -2.45631484999137
N           -0.47626547523637        3.73724922646562       -0.61733826202053
B           -0.89665065064760        2.09330592448085        3.64575157162145
N            1.62644516522636       -1.32947761031247        3.91368019328165
B           -0.18535688379667        3.46276768709901       -1.98295060909720
N            1.24246156436543        0.00682852536802        4.22744140805530
B           -1.43952347114325       -0.58142548958230       -2.78003116076864
N           -3.82958286229242        1.65893142035123        1.09471803509664
B            0.27341955963875        4.45581990748764        1.61078715225207
N           -0.04046371165150       -0.10756339299405        4.81713998979512
B           -2.74047212764768        2.11956573167771        1.90371507917559
N            3.85869393075927       -0.08736128571560       -0.29607651903960
B           -2.16116657048797       -3.72514144828136        1.25680517429870
N            0.97031197506963        3.69063205057886        2.67692349193446
B           -1.86329908422829       -0.88149492829373        3.50705704711798
N           -2.29922842139137       -3.66960853187279       -0.20740386283196
B            3.13991147626179       -1.03145465727040       -1.06125083436145
N           -3.07027175535819       -1.33494625342028       -0.13877553548971
B            1.98087855393161        2.90435079353971        2.01950239669219
N           -0.32279594222642       -2.90465489990941       -2.11535836861746
B           -1.50320245506027       -2.14214403602818       -2.20572981015156
N            0.57336839931507        3.94372685287137        0.31880089176222
B            1.18705070946382        2.98715790117655       -2.74907287336041
N            0.15943929351138       -4.40802483072587        2.02780614137086
B           -1.77970994544484        3.39066000731091       -0.06213009612907
N           -2.05044237463134        3.32909643924783        1.37060473075551
B            1.55206706422611       -4.23478488131631        1.85145073057328
N           -0.89986841172671        0.96613304982694        4.56040860387356
B           -2.53141850465316       -2.46728364701153       -0.92572891067733
N           -0.96708371847987       -4.55242096357250        1.26494928780204
B           -2.39726104844172        0.44145470692932       -1.82275284624013
N            2.46620607492657       -3.88285901137657        0.83890622123091
B            3.94024064684292       -0.17455703958426        1.20173278640731
N            2.02124535159636        1.99162861681949       -2.01789799073738
B            1.15544321601056        2.29738354385204       -4.19899056303873
N           -4.13610336361654        0.72665172909229       -0.10610891791847
B           -1.23456674620469        2.43671703680246       -2.76399482183853
N           -2.27174578734107        1.88778739332116       -1.99543833744240
B            3.16020485283975       -2.63058232163208        1.02526442562675
N            2.48682703118499       -3.64924066597296       -0.58128514939113
B            2.15827415265451        0.50656569228275        3.23003645819296
N           -2.10523332164681        0.49846260907017        3.91827659647363
B           -0.95646503657034       -4.22998830368693       -0.16391721130629
N           -3.13843471918423       -0.03627113666285       -0.70104857152909
B            3.49633645195293        1.29602094743875       -0.03779253176613
N            2.51885071397950        1.61004546467585        2.38315869010233
B            1.66229696176712       -1.51518328019479       -3.12542938777564
N           -2.17100941070995        1.65275120400465        3.08720012531445
B            2.17979183488479        0.75748819267747       -2.77562971081329
N           -2.71951517427298       -1.44925607124547        2.58035125046481
B            0.85944616017615       -0.50190393537035       -4.10881938097158
N           -0.00157509186200       -3.77021804873418       -1.03932120733571
B            0.47206194471218       -2.17847107020921        3.78339426336440
N           -0.63482874403889       -1.30431243892951        4.14378517113497
B           -3.17833565108418       -1.55087328424836        1.23972184483015
N            2.64992405573845       -0.87638290077216        3.05055460983383
B            1.87422063578817        3.34414878159088        0.35280112007014
N            2.99737169169196       -2.30011374763987       -0.36943789673341
108
 energy: -224.027374949495 gnorm: 0.006004754423 xtb: 6.7.1pre (5071a88)
F            5.26117270821558        1.66373975645220        6.54694582459379
C            4.23004416530658        1.36031198681561        5.72326649171738
F            3.97547862654929        2.48603371951650        5.04100629026553
C            3.05213235749974        0.83139843146276        6.48014400372684
C            1.94233926037389        1.62633344927748        6.72653022363670
C            0.88835192438092        1.11959312671956        7.46562705786306
C            0.94275748408805       -0.17076838934855        7.97220438118547
C            2.05016671841231       -0.96648026664797        7.70129083126825
C            3.10460500826365       -0.47227171123995        6.96208474999720
C           -0.19907647394379       -0.77760727536701        8.77368748055979
C           -1.14681033674364        0.25034949303950        9.35694668494703
C           -0.68829177558746        1.04595079569911       10.39720161456472
C           -1.51554538015172        1.99773447396540       10.95884092372346
F           -1.04476729674167        2.76664753340362       11.96911113598016
C           -2.81241395375045        2.18415434142510       10.51164366933266
C           -3.27417821062271        1.39176750001691        9.48342085054669
C           -2.46310164273678        0.41562799330356        8.89137622233889
N           -3.00066581212505       -0.39712647912155        7.92130728728879
C           -2.10413982202118       -1.14453873742275        7.08149437097929
C           -2.63583748098411       -2.43475613289434        6.44855715933232
O           -3.62916286906619       -2.61937629975960        5.79620093621101
N           -1.68185380773820       -3.36404570091839        6.76625446188728
N           -0.72339821921994       -2.91616148824800        7.63569118792449
C           -0.94053799487148       -1.67707414595146        7.85657178548472
F            4.73749394561181        0.47902369639452        4.84991167961672
H            1.89707412142369        2.62778793036357        6.32790884961920
H            0.02470005165151        1.73711297416488        7.65441173183814
H            2.07692916302286       -1.98064427755401        8.06852052970267
H            3.96386188990073       -1.08897411303295        6.74965928186408
H            0.23901718268515       -1.37393645869149        9.58169352642344
H            0.31919632022734        0.92815625145931       10.76592658084102
H           -3.43844308448438        2.93674143843151       10.96406846474884
H           -4.28372906977830        1.51732611360217        9.11986041465656
H           -3.85425647506030       -0.08674309450070        7.48066501118470
H           -1.71733143338457       -0.52900303154025        6.25409723376488
H           -1.69758796348315       -4.34278544348201        6.52414554008623
B            3.49335344087792       -1.45883751753015        2.07335924597861
N            3.43265209230632        1.12492567555800        1.41251897875362
B            2.59702883318138        2.39321776298149       -0.78679082423066
N            2.44388401924433       -0.59857069396070       -2.30576439319082
B            0.73606712772212       -3.63530459099873        3.03301821109048
N           -2.86124500661640       -2.76420015515212        1.93723017592796
B           -1.10837545577658        3.98982688413606        2.22145872900561
N           -0.44282093787904        0.02766333958968       -3.59351533063180
B           -0.31989372484386        1.45968104903184       -3.71744034149968
N            1.39269294006121       -3.77961527813876       -1.39330754011525
B           -3.81038793310364        2.10599574656247       -0.21209938493564
N           -2.72891895461942        2.69050806064928       -0.88973633866839
B            1.59585362429760        0.87798951950912       -4.46705551417122
N           -0.32353889404309        3.26662916486793        3.23851474431553
B            1.09631500451091       -2.86027494796183       -2.46232634312736
N           -0.47335275269907        3.73140442572317       -0.60304083227485
B           -0.88888217658660        2.07367831976625        3.65366665706551
N            1.63127006193296       -1.34820095916554        3.90613547626855
B           -0.18322349155434        3.46039954544562       -1.96954032166969
N            1.24829992992114       -0.01350772180166        4.22543375401311
B           -1.43629936155819       -0.58129378651657       -2.77669677982440
N           -3.82448224387795        1.64745930497441        1.10552153771449
B            0.27759323423216        4.44371422720553        1.62659710726024
N           -0.03164403292827       -0.12937081873799        4.82047047203995
B           -2.73524653342950        2.10549581930574        1.91497039226923
N            3.85846765091375       -0.09302325550222       -0.29576966207614
B           -2.15217055127637       -3.73734274283096        1.25223629849975
N            0.97590860791216        3.67575391467711        2.68953059053678
B           -1.85633392796819       -0.90011804519672        3.51249573859505
N           -2.29172190448378       -3.67660956881127       -0.21166226310616
B            3.14281092652739       -1.03624144186509       -1.06400339420506
N           -3.06438459901854       -1.34252089576661       -0.13527578644129
B            1.98664520404333        2.89261839950430        2.02944985105591
N           -0.31855340007517       -2.90782677659886       -2.12004444887488
B           -1.49820905603564       -2.14341018110667       -2.20569950853795
N            0.57702112619349        3.93600267611792        0.33275673934716
B            1.18862926791179        2.98710003155926       -2.73805117878329
N            0.16786509346997       -4.42500363948060        2.01941378135863
B           -1.77606260280104        3.38294096160639       -0.04766269231854
N           -2.04548856785399        3.31705282519848        1.38539071318841
B            1.55982295065363       -4.24763166569024        1.84154724867650
N           -0.89163712068559        0.94558906450471        4.56839771567693
B           -2.52542491699033       -2.47282636556623       -0.92618196721519
N           -0.95914665815330       -4.56602563612584        1.25607432495329
B           -2.39324954755476        0.43838095956656       -1.81510612680236
N            2.47282135317231       -3.89320252644835        0.82898420696393
B            3.94488639135726       -0.18378238422488        1.20099609648427
N            2.02392239121501        1.98960459166686       -2.01038815218041
B            1.15600021405946        2.30200151340544       -4.19010599732287
N           -4.13194309126900        0.71827646139811       -0.09732755465076
B           -1.23319793403998        2.43675128685626       -2.75294568310273
N           -2.26923812345300        1.88523858636642       -1.98474847398330
B            3.16754897858353       -2.64141386255573        1.01735946873619
N            2.49233510144716       -3.65592791892298       -0.59059870683438
B            2.16350011472822        0.49024348525021        3.23002636078512
N           -2.09819622809096        0.47949804972435        3.92607819957613
B           -0.94948908538177       -4.23880751122252       -0.17140605649727
N           -3.13408612482132       -0.04270007269434       -0.69465744736327
B            3.50071258086654        1.29032409541758       -0.03327938274142
N            2.52565408339012        1.59743864656559        2.38920589605483
B            1.66462574940092       -1.51477399717537       -3.12870822300019
N           -2.16215172240267        1.63369729743608        3.09478877271809
B            2.18199190381704        0.75767066191644       -2.77210371991089
N           -2.71234464738706       -1.46558414071491        2.58415130946621
B            0.86129651431166       -0.49776967792621       -4.10749069909285
N            0.00372802761372       -3.77775983433647       -1.04790708665379
B            0.47809123582401       -2.19803456697463        3.78017486366207
N           -0.62824209621635       -1.32466271057535        4.14800876449539
B           -3.16915117501074       -1.56228676659717        1.24253641406427
N            2.65441366350001       -0.89266281719334        3.04478032711901
B            1.87797580559268        3.33659412045436        0.36398560111928
N            3.00285851068528       -2.30773996191750       -0.37621007855256
108
 energy: -224.027646654682 gnorm: 0.006653256741 xtb: 6.7.1pre (5071a88)
F            5.25729113967417        1.67526719963062        6.54192617463119
C            4.22132436216600        1.39738660814585        5.71675716179687
F            3.97238686542305        2.53799862764899        5.05935603288475
C            3.04220133505161        0.86414559714331        6.46993786700907
C            1.92944090249975        1.65461146594093        6.71689045319471
C            0.87617039120406        1.14123644135914        7.45223403047461
C            0.93343241811260       -0.15093471718029        7.95350879535976
C            2.04314324470309       -0.94270074624278        7.68023287553804
C            3.09717654494171       -0.44189316449651        6.94482448671114
C           -0.20822420218900       -0.76377878269140        8.74984721338121
C           -1.14897141779936        0.25887937325762        9.35316677140324
C           -0.67465144529492        1.05175772281457       10.38880332499018
C           -1.49621872944409        1.99456935928018       10.97239205243213
F           -1.00956443041091        2.76366452469334       11.97525673394380
C           -2.80444062547115        2.17187838878457       10.55484541999259
C           -3.28150264434134        1.38308278261932        9.53112606058120
C           -2.47437497806264        0.41931184539199        8.91393192791137
N           -3.02244930131895       -0.38504308390400        7.94327713235450
C           -2.13400954377993       -1.10882450322269        7.07500866429698
C           -2.66741654977865       -2.38988711632487        6.42592539796755
O           -3.66904053860695       -2.56795811841690        5.78435349090981
N           -1.70866042053160       -3.32015837938052        6.71782766887148
N           -0.73829910717226       -2.88243796889350        7.57907521116693
C           -0.95664089384989       -1.64862671618234        7.82365293932207
F            4.71367027577715        0.53270102426076        4.82177535652022
H            1.88158985637914        2.65730729582678        6.32220113159572
H            0.00924614923250        1.75428225580819        7.64138615784805
H            2.07189834097308       -1.95901156301170        8.04143040560675
H            3.95838989434331       -1.05502751332348        6.72895775790798
H            0.23027842210411       -1.37379905399451        9.54738636883456
H            0.34076821428127        0.93768303520192       10.73623145004492
H           -3.42660519781005        2.91561201217968       11.02652131392374
H           -4.29971247225708        1.50141894903773        9.19013946024804
H           -3.88785111580206       -0.07928550854169        7.52368947744515
H           -1.76630965992961       -0.47307071823431        6.25484779978734
H           -1.71089112330951       -4.29119655096607        6.44396549815719
B            3.49932292518281       -1.47428877278684        2.06629852255300
N            3.44321719989657        1.11569938588286        1.41870897118134
B            2.60109878385322        2.38805834036599       -0.77796866277228
N            2.44470845502965       -0.60090648492938       -2.30784280496019
B            0.74305431162491       -3.65521662358154        3.02407623685580
N           -2.85013223021110       -2.77907985111445        1.93478327281180
B           -1.10294580038661        3.97336908243494        2.23967680697824
N           -0.44047294983742        0.03055241428402       -3.58861181719586
B           -0.31865018065833        1.46312186407335       -3.70943704346442
N            1.39717572443378       -3.78681605946104       -1.40573083946886
B           -3.80642564080441        2.09706255306952       -0.19941728421114
N           -2.72526205873814        2.68397952020098       -0.87538806861595
B            1.59643912669840        0.88387028535953       -4.46179039303941
N           -0.31670233670353        3.24815573920417        3.25567730007451
B            1.09921441247119       -2.86280069557834       -2.47057897697760
N           -0.47012616450526        3.72467426022511       -0.58760893879082
B           -0.88008616077268        2.05038417213975        3.66153766967315
N            1.63568106442693       -1.36938495334249        3.89655701344698
B           -0.18087544663290        3.45729621820510       -1.95498495421050
N            1.25450199288404       -0.03658237761311        4.22311018638114
B           -1.43223758145564       -0.58149049535816       -2.77216666643037
N           -3.81935845948621        1.63498697874849        1.11684301134391
B            0.28192301913221        4.42905668059897        1.64377220564265
N           -0.02222267853547       -0.15410140245309        4.82428241874871
B           -2.72984218149157        2.08910980443644        1.92698533811922
N            3.85449719313389       -0.10008895112739       -0.29524150735123
B           -2.14325931772414       -3.75060673757770        1.24593452794313
N            0.98141867812606        3.65765242915763        2.70260250454422
B           -1.84876226801982       -0.92154146141347        3.51842322025639
N           -2.28425033819001       -3.68427609130195       -0.21760333334145
B            3.14384213033931       -1.04251452897506       -1.06788967261765
N           -3.05888816229890       -1.35099575853890       -0.13280982685064
B            1.99292422590682        2.87868453264589        2.04062105716816
N           -0.31542146544491       -2.91349036167013       -2.12810235509940
B           -1.49378711991396       -2.14623923126854       -2.20787007561104
N            0.58121459555716        3.92714108122914        0.34762241573841
B            1.19065959052486        2.98635446253959       -2.72557855591579
N            0.17572696904043       -4.44520530585224        2.00977274955922
B           -1.77188476605880        3.37381557277726       -0.03180666558013
N           -2.03977347200211        3.30286278403057        1.40161896406610
B            1.56699619654399       -4.26285494782892        1.83007941003198
N           -0.88316795127232        0.92211092124913        4.57799296894848
B           -2.51930233709528       -2.47888653920144       -0.92792742244119
N           -0.95139810634584       -4.58044836063879        1.24495378974729
B           -2.38995249834924        0.43495074620586       -1.80794183603750
N            2.47799835522900       -3.90532048015496        0.81706396532522
B            3.94866909090060       -0.19488745056490        1.19976480364038
N            2.02755879930598        1.98679167930383       -2.00209501644131
B            1.15649915732710        2.30701246145882       -4.18024019221993
N           -4.12810689862058        0.70896956440276       -0.08870426703724
B           -1.23162540671466        2.43665275760143       -2.74132570861484
N           -2.26649473320674        1.88225437857068       -1.97354341628172
B            3.17378836661149       -2.65419450915583        1.00758845686882
N            2.49673006018355       -3.66437470954322       -0.60190031742862
B            2.16963860336934        0.47196016390815        3.23044195352446
N           -2.09106271388913        0.45796652762942        3.93519398341871
B           -0.94265396712762       -4.24868967787202       -0.18100144505556
N           -3.13043998444904       -0.04980526906216       -0.68878344302775
B            3.50587492330749        1.28388744373675       -0.02783498104836
N            2.53433245110395        1.58310769079826        2.39664917017796
B            1.66593539432466       -1.51495859144742       -3.13364683058974
N           -2.15109942760866        1.61048908660760        3.10132840248762
B            2.18389969948138        0.75763157642626       -2.76861678397166
N           -2.70242056294354       -1.48281764071204        2.58566277568181
B            0.86234890704614       -0.49366811868231       -4.10718215808502
N            0.00807883316808       -3.78821508767222       -1.06026762394429
B            0.48414077442817       -2.22017935953667        3.77578414641939
N           -0.62129069723665       -1.34785715835783        4.15260324608514
B           -3.15977938342726       -1.57495203095817        1.24428694445632
N            2.65903619513517       -0.91124060371266        3.03801910343406
B            1.88199015185237        3.32752597907888        0.37621302167511
N            3.00745213099349       -2.31738376324802       -0.38488971537159
108
 energy: -224.027918801759 gnorm: 0.006181832953 xtb: 6.7.1pre (5071a88)
F            5.25745473976748        1.68784843142899        6.54146291730679
C            4.21381953894124        1.44268516214317        5.71317372090133
F            3.96919817736280        2.60239157534384        5.08600944678389
C            3.03299585197909        0.90148480206709        6.46122157289633
C            1.91721818605851        1.68740898402703        6.70847241901803
C            0.86328622911187        1.16597353274364        7.43748884427868
C            0.92314818872760       -0.12864657396631        7.93140840383391
C            2.03561438287726       -0.91583218643886        7.65606603263593
C            3.09032362916553       -0.40758622710317        6.92620495331406
C           -0.21872347370431       -0.74824058079349        8.72150466105519
C           -1.15095310005664        0.26863677917134        9.34798259084408
C           -0.65883857427747        1.05799224334964       10.37848543414512
C           -1.47405731480210        1.99024391318189       10.98799235581739
F           -0.97001167569093        2.75761446857075       11.98402287321779
C           -2.79413919777895        2.15848584981899       10.60363441334738
C           -3.28860256886145        1.37443834369189        9.58432965197632
C           -2.48704998678937        0.42391113691325        8.93956176172905
N           -3.04833147741199       -0.37322076934518        7.97048555629113
C           -2.16972974105525       -1.06817194716855        7.06825623734007
C           -2.70455010872843       -2.33944033637609        6.40054379299186
O           -3.71518645883838       -2.50950099870495        5.76993452758921
N           -1.73844441047888       -3.27063375300800        6.66071910106967
N           -0.75433907812685       -2.84445333515124        7.51242855333578
C           -0.97516455715173       -1.61668318716358        7.78537472865495
F            4.68733312053866        0.59614721626121        4.78743468812970
H            1.86682546763388        2.69198019556081        6.31967738582578
H           -0.00738279299528        1.77451264924794        7.62503835950308
H            2.06570821055779       -1.93469559848077        8.01011743997012
H            3.95373811747964       -1.01697704108913        6.70777718288110
H            0.22035601709170       -1.37353955072404        9.50732447437701
H            0.36530838793869        0.94844393912857       10.70204333485714
H           -3.41180245452898        2.89226158286625       11.09685478937287
H           -4.31593853251778        1.48607485096749        9.26861499712846
H           -3.92775132911935       -0.07295520248553        7.57572295863385
H           -1.82401454882041       -0.40964326991849        6.25564556205592
H           -1.72895092944122       -4.23214002966652        6.35370775001308
B            3.50598126520697       -1.49196886268888        2.05867648942935
N            3.45489081153518        1.10404142713380        1.42500193475462
B            2.60570001559944        2.38157370063198       -0.76815856693891
N            2.44586915531276       -0.60340448703654       -2.31012397009497
B            0.75034910584494       -3.67744057988360        3.01356349160374
N           -2.83942113890219       -2.79659986728907        1.93169730950368
B           -1.09642117486099        3.95398157006364        2.25990118914166
N           -0.43872414335313        0.03348390846661       -3.58432506811415
B           -0.31730462191429        1.46670848993724       -3.70081840908651
N            1.40150690077788       -3.79411120635114       -1.41967346438140
B           -3.80179965028992        2.08673967677338       -0.18509435306529
N           -2.72098515253739        2.67618045146868       -0.85937708934385
B            1.59654399707216        0.89034981885885       -4.45625341854596
N           -0.30897870343286        3.22607191718985        3.27419111313837
B            1.10201971297758       -2.86533081365521       -2.48017765327953
N           -0.46633689292019        3.71682627071827       -0.57033645390582
B           -0.87055075437279        2.02411341114566        3.67163853591063
N            1.64086823572990       -1.39323285267251        3.88626926221623
B           -0.17829778543044        3.45370915330631       -1.93877828579493
N            1.26157577678916       -0.06244558913765        4.22062117276317
B           -1.42926094868004       -0.58194049667877       -2.76907832794665
N           -3.81377749150223        1.62066386532025        1.12963352353012
B            0.28725011977515        4.41185924796976        1.66305809216533
N           -0.01202790563612       -0.18227014337352        4.82839084750309
B           -2.72349743419039        2.07033348521940        1.94045770126645
N            3.85247527286466       -0.10856456460007       -0.29509198863307
B           -2.13464691058399       -3.76598427252806        1.23816181672702
N            0.98779828535013        3.63631947333965        2.71726825437863
B           -1.84019675163512       -0.94620459909198        3.52398436195151
N           -2.27710955752460       -3.69360538953495       -0.22496730685523
B            3.14552342410261       -1.04952530050777       -1.07231752726623
N           -3.05299395823128       -1.36106042842707       -0.13046695773834
B            2.00020911613293        2.86192527695786        2.05293118032663
N           -0.31235253803950       -2.91880120015504       -2.13708561984086
B           -1.48950849176000       -2.14889155820954       -2.21038780986934
N            0.58618790597303        3.91658768153367        0.36420792595980
B            1.19292016511174        2.98546955568406       -2.71173217577516
N            0.18374927925739       -4.46685084733167        1.99798391025383
B           -1.76710607143223        3.36314875608295       -0.01405774301510
N           -2.03320719271626        3.28629614297973        1.41960601836688
B            1.57443316251126       -4.27992924380618        1.81686949153528
N           -0.87453502912001        0.89483574918704        4.58897679050961
B           -2.51353543661537       -2.48602953038669       -0.93045106232947
N           -0.94349891276421       -4.59651482679713        1.23195795324862
B           -2.38587984141431        0.43076267413918       -1.79988828257977
N            2.48321904350392       -3.91877891703731        0.80332803028999
B            3.95369969880382       -0.20826865944965        1.19815713652326
N            2.03142369293453        1.98353724313329       -1.99305168094650
B            1.15697715980332        2.31251409816272       -4.16929519166167
N           -4.12352629595136        0.69818038602530       -0.07904992607793
B           -1.22976432356646        2.43638886336496       -2.72834499803846
N           -2.26315186261145        1.87852824776165       -1.96095230352082
B            3.18013101218032       -2.66860247975336        0.99662660715285
N            2.50120777212999       -3.67375737452978       -0.61501979297516
B            2.17755105686287        0.45119924382347        3.23178705449397
N           -2.08331692222681        0.43302195452513        3.94464441439476
B           -0.93587822367566       -4.25947224572920       -0.19249344460285
N           -3.12599053416772       -0.05804860036236       -0.68205628708657
B            3.51178071588216        1.27572768621453       -0.02213638441475
N            2.54467826093421        1.56622139396081        2.40466474986676
B            1.66725806425316       -1.51475727027961       -3.13899021129157
N           -2.13944023875378        1.58462722085688        3.10922637490636
B            2.18596981324019        0.75762830399989       -2.76481690386647
N           -2.69155893354272       -1.50272260017831        2.58656436735332
B            0.86302314202757       -0.48909368609679       -4.10701285199330
N            0.01247695532794       -3.79890841819742       -1.07408121130830
B            0.49114752589132       -2.24504050184779        3.77067422245873
N           -0.61335060192172       -1.37414910234473        4.15709499184423
B           -3.15103240587458       -1.59002335258686        1.24585803137261
N            2.66501315987544       -0.93222610667663        3.03134242368710
B            1.88673486547263        3.31665223760029        0.38979351990349
N            3.01245625118320       -2.32782867690581       -0.39470004141426
108
 energy: -224.028158495467 gnorm: 0.008135550716 xtb: 6.7.1pre (5071a88)
F            5.24971165696063        1.73302740107319        6.57070123016717
C            4.21847128416322        1.49162992160546        5.73303274483579
F            3.97279584047106        2.65110030663823        5.11455724139688
C            3.03284293610626        0.93400330990457        6.46677778935992
C            1.91220968586394        1.71452555206797        6.70823565809304
C            0.85455173923852        1.18420497971562        7.42620648038906
C            0.91567847290861       -0.11302778808778        7.91211853523852
C            2.03186033874730       -0.89512411173508        7.63806950405994
C            3.09136247604088       -0.37824948502005        6.92004725543194
C           -0.22778195630428       -0.73745206834090        8.69556593073676
C           -1.15089225838929        0.27554232684726        9.34021525494464
C           -0.64384432665499        1.06289325258055       10.36468595438699
C           -1.45180410954552        1.98687928961118       10.99467533084387
F           -0.93347973580515        2.75357442383895       11.98376571143431
C           -2.77904605580533        2.14733199368847       10.63806209038267
C           -3.28833311201096        1.36685548427163        9.62339184197434
C           -2.49397827953652        0.42698365634260        8.95735679621250
N           -3.06593368463407       -0.36513634156554        7.99066710097944
C           -2.19909983743428       -1.03526168167831        7.06233685909273
C           -2.73857052550413       -2.29686284062481        6.37978240686334
O           -3.75339551449151       -2.45746455371447        5.75324913609185
N           -1.77280807573226       -3.23033223601553        6.61815698173919
N           -0.77629541735577       -2.81454486657427        7.46073463213065
C           -0.99310353534915       -1.59196034688600        7.75387045581327
F            4.69898560156061        0.66084100162409        4.79840097229733
H            1.86170526291634        2.72258723058885        6.32960089257096
H           -0.01997989234119        1.78899843522291        7.60840927570892
H            2.06135258590443       -1.91693243429800        7.98378870435470
H            3.95738649358097       -0.98413861946484        6.70250814785757
H            0.21048938903559       -1.37445387748082        9.47208361802493
H            0.38609192053268        0.95803609980316       10.66839603433424
H           -3.39144500009587        2.87287488290422       11.14815124069283
H           -4.32132434195455        1.47331830755772        9.32895440463530
H           -3.95593004688760       -0.07166035739870        7.61713649768981
H           -1.86843902824287       -0.36060700894783        6.25810246692870
H           -1.75687625069328       -4.17999128830612        6.28216144321748
B            3.50894475955588       -1.50767710542290        2.05187531927350
N            3.46612244944267        1.09391305406710        1.43072594615476
B            2.61023590061631        2.37525529932979       -0.76064580478813
N            2.44429061819967       -0.60654356088313       -2.31332793944491
B            0.75327038956366       -3.69568431545781        3.00389345409576
N           -2.83440377024743       -2.81054501872804        1.92782965633334
B           -1.09101918476878        3.93705020721130        2.27575107588622
N           -0.43915898520692        0.03465771437093       -3.58288982819721
B           -0.31630806104521        1.46847351750198       -3.69528952007192
N            1.40161992872414       -3.80042517449134       -1.43306211344819
B           -3.79795953404657        2.07829884577976       -0.17489479902849
N           -2.71694208134360        2.66915091307896       -0.84760054629880
B            1.59459876465480        0.89475615951635       -4.45263546595670
N           -0.30336280485184        3.20723444459068        3.28963590176241
B            1.10141885769549       -2.86833548759120       -2.49029023953038
N           -0.46297328542016        3.70998450375160       -0.55758185343638
B           -0.86309502121378        2.00133620258933        3.67906636822811
N            1.64356403961251       -1.41256273381001        3.87711928441872
B           -0.17605524779477        3.44993387374149       -1.92672931240926
N            1.26649467728072       -0.08340122800089        4.21868080416156
B           -1.42859734048402       -0.58313956522883       -2.76833904193531
N           -3.81012243993581        1.60960208386663        1.13862090296385
B            0.29159443988610        4.39600541803635        1.67753113435949
N           -0.00520645898910       -0.20544797225234        4.83159305716540
B           -2.71874073245331        2.05437771017682        1.95013202994060
N            3.84694817513470       -0.11716054361257       -0.29504927191055
B           -2.13116508824518       -3.77793797252690        1.22942934950244
N            0.99209135936886        3.61640700737923        2.72731705148077
B           -1.83367640097808       -0.96682000608047        3.52690837861547
N           -2.27459444829287       -3.70163534216214       -0.23329364130794
B            3.14365408744696       -1.05660189222805       -1.07707345695252
N           -3.05079858437160       -1.36969714141998       -0.13144804652456
B            2.00593347458869        2.84635529755438        2.06243955221778
N           -0.31322240763636       -2.92530626394187       -2.14829880133266
B           -1.48874613138866       -2.15229739569792       -2.21539520926013
N            0.59071137507060        3.90736572551622        0.37615439168647
B            1.19531386398801        2.98357902616695       -2.70082229177679
N            0.18663911061898       -4.48485017794546        1.98756350132855
B           -1.76283825861301        3.35369817243941       -0.00066297570264
N           -2.02738811445953        3.27179253550136        1.43307500136972
B            1.57709056147786       -4.29502998862569        1.80552193442994
N           -0.86953829927670        0.87184926133878        4.59872533344615
B           -2.51158516788793       -2.49208844714046       -0.93501722879742
N           -0.94007789762914       -4.60768831032433        1.21950574304758
B           -2.38381781653042        0.42703662622443       -1.79543181865031
N            2.48299117220669       -3.93021180032632        0.79096318861735
B            3.95607275660704       -0.22102917003917        1.19614332748838
N            2.03548245923497        1.97994628277852       -1.98639511720492
B            1.15724285349643        2.31629426010877       -4.16088975994964
N           -4.12084242991318        0.68953617306862       -0.07343459277692
B           -1.22795124858988        2.43565374755676       -2.71914919090320
N           -2.26016504073558        1.87494762099627       -1.95202352332122
B            3.18103519338116       -2.68107602137175        0.98663060488459
N            2.50118436087717       -3.68260701456742       -0.62698054872376
B            2.18484191414448        0.43426551228575        3.23418612265988
N           -2.07856750200224        0.41231485576954        3.95186587643816
B           -0.93331660484822       -4.26789735022914       -0.20395433024693
N           -3.12410159643558       -0.06480599429505       -0.67870696865234
B            3.51681931258804        1.26807635663448       -0.01738686483131
N            2.55446785436422        1.55147163557270        2.41145787773825
B            1.66591322174545       -1.51543695033655       -3.14490041739758
N           -2.12899800414612        1.56165601493130        3.11285680451124
B            2.18669938977496        0.75708910412915       -2.76268667085112
N           -2.67973854032928       -1.51696595904442        2.58177365316166
B            0.86138672267044       -0.48651534011252       -4.10878786865588
N            0.01255505198997       -3.80972169723162       -1.08912407858563
B            0.49577373207837       -2.26517582919582        3.76535107604338
N           -0.60770853684536       -1.39569675734911        4.15965553561446
B           -3.14722023605865       -1.60253547715482        1.24441074785145
N            2.66988874877060       -0.94968269991504        3.02689395255646
B            1.89059401092125        3.30642595565415        0.39994972863730
N            3.01338401612049       -2.33756636389889       -0.40410015016482
108
 energy: -224.028395926724 gnorm: 0.007119984997 xtb: 6.7.1pre (5071a88)
F            5.24946524540350        1.75156212455966        6.57425473451677
C            4.21287334143580        1.53528846107860        5.73357412689862
F            3.97135137700239        2.70982411806313        5.13823206255585
C            3.02565094220069        0.96870263492665        6.45932795384182
C            1.90178825926006        1.74463609281497        6.70032289495255
C            0.84287082518418        1.20722242111298        7.41167284539265
C            0.90607211671516       -0.09265648937945        7.89005214330808
C            2.02543402105577       -0.86994703424860        7.61538030747628
C            3.08665282300643       -0.34592636240476        6.90484369950309
C           -0.23766113109186       -0.72350705043501        8.66772844831077
C           -1.15243550795459        0.28399983921942        9.33432095722839
C           -0.62936112684190        1.06676967638097       10.35451443405204
C           -1.43109767748907        1.98102821864715       11.00880191336192
F           -0.89749723076610        2.74242243974003       11.99420042431594
C           -2.76755498549589        2.13585607796591       10.68158769354695
C           -3.29256709672276        1.36078694639847        9.66997339706452
C           -2.50515370149256        0.43142588253179        8.97994547482527
N           -3.09103620393546       -0.35744315797973        8.01774331590637
C           -2.23381479130431       -0.99906084163147        7.05698678510455
C           -2.77397207586827       -2.25155542309346        6.35681588660345
O           -3.79659382041210       -2.40440619441241        5.73986167442122
N           -1.79799862324693       -3.18514897582543        6.56283730927594
N           -0.79092380163630       -2.77924120210218        7.39790125718227
C           -1.01125842108401       -1.56264982895212        7.71803916488817
F            4.68531025974220        0.71780199991892        4.77831764005679
H            1.84983855274621        2.75513254976579        6.32848679914237
H           -0.03339935691397        1.80937122006236        7.59421192291499
H            2.05612350509952       -1.89372901879418        7.95506751264242
H            3.95521064755975       -0.94833531391865        6.68798470329434
H            0.20140156702150       -1.37422629018983        9.43339936915375
H            0.40792275539834        0.96608403999342       10.63694436208574
H           -3.37507912789225        2.85310833124244       11.21050450168037
H           -4.33293443224534        1.46370438058731        9.39784547458961
H           -3.99350600729799       -0.06813439200104        7.66790096986435
H           -1.92363853312569       -0.30317311942389        6.25983080599079
H           -1.77792743050137       -4.12606221219203        6.20225788055617
B            3.51519133543391       -1.52386470940945        2.04598090353860
N            3.47484659086644        1.08057508445486        1.43457502849850
B            2.61412138929564        2.36812978660938       -0.75219286256235
N            2.44621016206950       -0.60831721431981       -2.31492497632787
B            0.75938112618366       -3.71533888520599        2.99407698053681
N           -2.82816344863296       -2.82758319479494        1.92440049302241
B           -1.08407119433768        3.91873327909958        2.29328550143246
N           -0.43841139249421        0.03636068045799       -3.57952317206579
B           -0.31521309423118        1.47062273753516       -3.68736408205610
N            1.40443441321210       -3.80510624900628       -1.44460502908730
B           -3.79344729496781        2.06885004265327       -0.16139780584741
N           -2.71292925453219        2.66179830015583       -0.83313751192035
B            1.59395912330535        0.89998331808920       -4.44846381381521
N           -0.29580600140341        3.18546595348609        3.30436393649545
B            1.10331220701428       -2.86975407046193       -2.49856936745345
N           -0.45897840654055        3.70243862557044       -0.54191780854130
B           -0.85515320941047        1.97848740312807        3.69053146555170
N            1.64903275305159       -1.43403166164803        3.86967556600107
B           -0.17358155488556        3.44672614099071       -1.91222169974763
N            1.27283411771072       -0.10642637695803        4.21662140117782
B           -1.42606196103962       -0.58405861421045       -2.76481928898972
N           -3.80491961371629        1.59620494705573        1.15068574247708
B            0.29769291437704        4.38005111504455        1.69504457610820
N            0.00319088851431       -0.23128662951312        4.83473072726688
B           -2.71221142732096        2.03761961443051        1.96237072654617
N            3.85081121488635       -0.12568788988649       -0.29592672123935
B           -2.12587225935412       -3.79243672164648        1.22120778718604
N            0.99890049412566        3.59648283338873        2.74104682709928
B           -1.82572182263471       -0.98916803171419        3.52947210370086
N           -2.27049739526749       -3.71117645445836       -0.24108950210316
B            3.14679621285916       -1.06253068148966       -1.08084860391406
N           -3.04595756907169       -1.37939514578810       -0.13006174998680
B            2.01306750494351        2.82976931703716        2.07293748751010
N           -0.31126808195980       -2.92885881079853       -2.15625128051924
B           -1.48690455316911       -2.15585344160620       -2.21947690362415
N            0.59578628361126        3.89687553051810        0.39129707785602
B            1.19721723988045        2.98292515171159       -2.68902647876687
N            0.19255056865688       -4.50154693852502        1.97542398208398
B           -1.75812676016454        3.34369494182403        0.01521560231130
N           -2.02105904885762        3.25659597057151        1.44886442653708
B            1.58278572870455       -4.31025795525414        1.79311417403241
N           -0.86281038326228        0.84625899923455        4.60823405928921
B           -2.50773560072095       -2.49875650171841       -0.93815454246199
N           -0.93451323890605       -4.62178452146622        1.20746885141786
B           -2.38145840111103        0.42299468268357       -1.78911412034701
N            2.48714430231272       -3.94182373398116        0.77843920720300
B            3.96245301250420       -0.23444830523693        1.19448945479135
N            2.03822411649524        1.97703843890930       -1.97887805096293
B            1.15748528394307        2.32059536377717       -4.15136291854822
N           -4.11625877120997        0.67965545889275       -0.06426150882893
B           -1.22588055705021        2.43482768998878       -2.70700407122805
N           -2.25725612080299        1.87132463958665       -1.94065578256689
B            3.18579547965535       -2.69373015157238        0.97727832305412
N            2.50471529069900       -3.69041018759463       -0.63894775618897
B            2.19322481718518        0.41489461588264        3.23656529937439
N           -2.07168552093845        0.38903314720442        3.95840148635983
B           -0.92899019983781       -4.27700955524782       -0.21495841491257
N           -3.12006623370695       -0.07249977081596       -0.67271331101148
B            3.52182453368591        1.25878074207576       -0.01334240249052
N            2.56360304052545        1.53470674278653        2.41739609167707
B            1.66709600591441       -1.51440666473190       -3.14880400154569
N           -2.12039751812109        1.54018788587342        3.12183826302320
B            2.18824938065527        0.75699889684432       -2.75939569517530
N           -2.67055766390674       -1.53557599780981        2.58137282189365
B            0.86135457606078       -0.48271380525604       -4.10880934115000
N            0.01581376531860       -3.81639187267117       -1.09998113061532
B            0.50271029372257       -2.28744426180799        3.76093899374329
N           -0.60031745943084       -1.41929267521886        4.16213581896307
B           -3.14208497903608       -1.61719775862921        1.24520361303307
N            2.67688173587230       -0.96883567798224        3.02319721069939
B            1.89555263086175        3.29560709064634        0.41195697590620
N            3.01756330256408       -2.34581959745924       -0.41241712734409
108
 energy: -224.028649059921 gnorm: 0.006522726850 xtb: 6.7.1pre (5071a88)
F            5.24969309773934        1.77803101553887        6.58945867888146
C            4.21276860209261        1.57241651161500        5.74395840537228
F            3.97261884580158        2.75450966671221        5.15950914069513
C            3.02346447415181        0.99680015054522        6.45818786512216
C            1.89650568874398        1.76853055878077        6.69803668309852
C            0.83473360659950        1.22487818639472        7.40062317462250
C            0.89870654070105       -0.07777966853352        7.87158287137582
C            2.02154062725514       -0.85037255639025        7.59811643473287
C            3.08556924254533       -0.32005843826655        6.89675646758161
C           -0.24551160688471       -0.71375413506179        8.64452344990367
C           -1.15320383481334        0.28912319133023        9.32764370704138
C           -0.61903309838149        1.06692298470678       10.34500953361688
C           -1.41469794608868        1.97420802696792       11.01659990703354
F           -0.87046273688098        2.72812579041330       12.00137838046603
C           -2.75471351319780        2.12782546952563       10.70895720678663
C           -3.29070528263679        1.35789283677083        9.69873420514303
C           -2.51116550354785        0.43458629367881        8.99316797506422
N           -3.10818315037394       -0.35495441320491        8.03677206463400
C           -2.26042755422554       -0.97449977528557        7.05353286722690
C           -2.80206045638037       -2.21919120558547        6.34065510764073
O           -3.82849026417833       -2.36577501991248        5.72874994855608
N           -1.81897087575012       -3.15209959376274        6.52356872272917
N           -0.80605704068422       -2.75262055327478        7.35355830570138
C           -1.02718095304044       -1.54118838648401        7.69158605232034
F            4.69166892643617        0.76042761649247        4.78238996569901
H            1.84402716337882        2.78120727944620        6.33205395046720
H           -0.04205373178572        1.82574314785641        7.58345500271969
H            2.05326987555836       -1.87543412594866        7.93322941213727
H            3.95738818818069       -0.91918286411459        6.68474946034562
H            0.19404468365393       -1.37392592851913        9.40191583155689
H            0.42192352847888        0.96916311101548       10.61300864463420
H           -3.35716162657577        2.83992519975234       11.25003328216525
H           -4.33451678827321        1.46097246620384        9.44177806983759
H           -4.01722366397435       -0.06738108058305        7.70428147061642
H           -1.96367883366017       -0.26485625698793        6.26304523597024
H           -1.80413621074589       -4.08609290747120        6.15104998216178
B            3.51951612721845       -1.53619704710148        2.04298631565545
N            3.47893167010968        1.06716909180451        1.43532107923104
B            2.61671802555488        2.36106731179912       -0.74660577334268
N            2.44806476688269       -0.60938123042536       -2.31562468428942
B            0.76253193853708       -3.72908336594440        2.98650450318493
N           -2.82899595336917       -2.84128685208414        1.92100426501491
B           -1.07767756670152        3.90453510396960        2.30478248227293
N           -0.43973033821885        0.03636138078689       -3.57907410568395
B           -0.31458885586789        1.47079704234360       -3.68187507620960
N            1.40404737867268       -3.80613557334947       -1.45172470128573
B           -3.78957397767267        2.06177241411683       -0.15137460532620
N           -2.70958364214247        2.65595693751666       -0.82297180845792
B            1.59230221266799        0.90270753364993       -4.44650968337142
N           -0.28957615978412        3.16764244160259        3.31250064278224
B            1.10293645527151       -2.86997695539801       -2.50429375611082
N           -0.45514202965010        3.69615570843113       -0.53074659613773
B           -0.85023064931205        1.96296321078765        3.70118999499175
N            1.65383123290433       -1.44947043612068        3.86674182564932
B           -0.17130412125494        3.44409727526578       -1.90206425504639
N            1.27729646404098       -0.12264261835102        4.21556124667957
B           -1.42719371476937       -0.58549054088328       -2.76518759038322
N           -3.80087742509645        1.58595220643504        1.15958747662648
B            0.30382851121110        4.36781372423613        1.70754847015358
N            0.00797576104831       -0.25039945201729        4.83596465625284
B           -2.70656796330864        2.02581907300964        1.97089203099714
N            3.85960681534898       -0.13343380972207       -0.29772684416278
B           -2.12603567556241       -3.80343651599500        1.21343537694391
N            1.00517188176815        3.58109181371275        2.75130171303085
B           -1.81981485708829       -1.00511935249616        3.52759688638513
N           -2.27168158274038       -3.71981416773610       -0.24840555216940
B            3.15028007955258       -1.06674716288899       -1.08338469099204
N           -3.04428081690520       -1.38758364172617       -0.13063585520116
B            2.01896027420703        2.81572195560121        2.07978573496024
N           -0.31171711418172       -2.92949251843964       -2.16154686232770
B           -1.48832946759287       -2.15830384201580       -2.22340069387321
N            0.60036498203575        3.88787277586840        0.40224413217678
B            1.19873835947343        2.98236926349869       -2.68146766000562
N            0.19418025838891       -4.51011665309160        1.96488055271113
B           -1.75407161587485        3.33599030007447        0.02617545394641
N           -2.01587803237808        3.24537351055386        1.45939223458391
B            1.58470238977444       -4.32144692071624        1.78353056149024
N           -0.85934489775969        0.82663701386257        4.61427344489605
B           -2.50835493033358       -2.50446023743673       -0.94200551416258
N           -0.93335344427061       -4.63097466267481        1.19826258411392
B           -2.38013211547092        0.41943741601729       -1.78518676043058
N            2.48839102515857       -3.94975870437644        0.76923845739666
B            3.96890412924021       -0.24624715175823        1.19307540512132
N            2.03960527496649        1.97471580881010       -1.97435842707635
B            1.15770291125607        2.32267417031973       -4.14497615066754
N           -4.11241295652985        0.67235331159441       -0.05773011023864
B           -1.22373427049655        2.43333777717058       -2.69792589658381
N           -2.25479314929051        1.86808022460268       -1.93245482481372
B            3.18696442588844       -2.70261698009182        0.97118299088528
N            2.50554810697672       -3.69545196376942       -0.64769949755751
B            2.20129499252451        0.40013613229818        3.24039344276345
N           -2.06698886607883        0.37145932515628        3.96031714620852
B           -0.92912966521190       -4.28294291200745       -0.22387376784399
N           -3.11716119121259       -0.07862844713106       -0.66876150557708
B            3.52488043742763        1.24930351842761       -0.01165312892685
N            2.57016280932665        1.52055834879611        2.42043786859557
B            1.66732910713856       -1.51302342709676       -3.15058267770529
N           -2.11638687422559        1.52695161319271        3.13004786694714
B            2.18896313295412        0.75653163636971       -2.75735392791979
N           -2.66405780784297       -1.54918477375438        2.57813275195061
B            0.86019043255751       -0.48061977395199       -4.10913013936045
N            0.01611415301973       -3.81818220319933       -1.10634548630891
B            0.50830868815176       -2.30316775653985        3.75758951641454
N           -0.59479726413561       -1.43586712739536        4.16110946172705
B           -3.14258207642136       -1.62921772224193        1.24438258553935
N            2.68417705120407       -0.98307206695633        3.02402454552494
B            1.90005838879820        3.28618200958029        0.42027199151316
N            3.01921299842314       -2.35073740840458       -0.41777554946648
108
 energy: -224.028890578526 gnorm: 0.005633286474 xtb: 6.7.1pre (5071a88)
F            5.24179680452985        1.82379106278299        6.61012174959484
C            4.21346594974322        1.61274040904694        5.75877438420461
F            3.97428824149280        2.79217249288812        5.17335642036601
C            3.02156090588832        1.02897879771300        6.45825137039300
C            1.88931075774071        1.79430098587019        6.69445659957615
C            0.82517526809759        1.24388194637357        7.38805844690011
C            0.89033506271592       -0.06171749552167        7.85138702226416
C            2.01785235809330       -0.82837502328149        7.58066320207109
C            3.08552933124492       -0.28981157683721        6.89169707879989
C           -0.25420426131072       -0.70423711926226        8.61826297272369
C           -1.15372807156095        0.29371045229956        9.31938663611021
C           -0.60615852120361        1.06614938656107       10.33315095570687
C           -1.39420488596396        1.96664958549849       11.02296441899384
F           -0.83634934336273        2.71282357028252       12.00575073196000
C           -2.73915406548377        2.11898904691928       10.73731922326282
C           -3.28812234766932        1.35421895986129        9.72948136530276
C           -2.51732175475190        0.43727854313086        9.00676666780721
N           -3.12618220743495       -0.35219424239063        8.05619781200242
C           -2.28933763824395       -0.94848160645335        7.04916450348813
C           -2.83424035924483       -2.18411531379005        6.32393321422488
O           -3.86575998226498       -2.32420443554226        5.71915630933568
N           -1.84514513266245       -3.11637387258255        6.48274558642799
N           -0.82289978179095       -2.72422104047974        7.30377925459560
C           -1.04466239822506       -1.51836350960459        7.66131877180651
F            4.71266659413238        0.80295105270270        4.80694841441347
H            1.83657153059588        2.80943784869603        6.33466695027760
H           -0.05287454037141        1.84229417646496        7.57166209795819
H            2.05134561067929       -1.85504680411836        7.91025032956021
H            3.96147259192766       -0.88471804544280        6.68520612840377
H            0.18624214457818       -1.37516622032117        9.36577326918287
H            0.43909895620001        0.97083422017703       10.58478219461787
H           -3.33542572095454        2.82616296393536       11.29144490928721
H           -4.33596979898065        1.45774794850624        9.48898413152841
H           -4.04266545141807       -0.06554069278246        7.74333249446720
H           -2.00801400711818       -0.22374897703880        6.26611911310123
H           -1.83493871399696       -4.04460569914793        6.09332795454221
B            3.52427495746299       -1.54992468329726        2.04028387849318
N            3.48178797699129        1.05121882997219        1.43535547705708
B            2.61931976134016        2.35267987498799       -0.74075845337687
N            2.45029313747315       -0.61065510605591       -2.31615947034208
B            0.76568702535718       -3.74385365527171        2.97846352499218
N           -2.83205313358061       -2.85614454920182        1.91717121539973
B           -1.07012769047991        3.88961715984352        2.31661579811502
N           -0.44159954168285        0.03594880539662       -3.57908307962681
B           -0.31394166581408        1.47041533167587       -3.67573349514570
N            1.40254624453936       -3.80646833911688       -1.45843887671836
B           -3.78506291565979        2.05427953800223       -0.14044048749459
N           -2.70574932264851        2.64983590260046       -0.81200936438209
B            1.59045697791368        0.90505822858684       -4.44474166670418
N           -0.28202531161933        3.14849965993725        3.32017864255490
B            1.10167230741015       -2.86998138214659       -2.50983548925415
N           -0.45032980906777        3.68891623470750       -0.51860232623483
B           -0.84488112148887        1.94696891116014        3.71284056954475
N            1.65976461885215       -1.46643788797353        3.86496571812172
B           -0.16821441353763        3.44111811763821       -1.89107374727191
N            1.28231973837651       -0.14020089769593        4.21462529083764
B           -1.42966543340285       -0.58725464108717       -2.76681388363494
N           -3.79594483217490        1.57470890689566        1.16922077931869
B            0.31137932349484        4.35498821189379        1.72105210448584
N            0.01302693218127       -0.27103430176095        4.83662905534156
B           -2.70009288772690        2.01376468619759        1.97995907983280
N            3.87104822506976       -0.14256696660732       -0.30024141201424
B           -2.12763543475228       -3.81498595682599        1.20451837511352
N            1.01310601726164        3.56514234519617        2.76288858945657
B           -1.81339825349188       -1.02143028132186        3.52421356341468
N           -2.27481808739401       -3.72963929636366       -0.25670408216150
B            3.15453472169934       -1.07151158764698       -1.08600862557546
N           -3.04378372688047       -1.39675608991933       -0.13200006083835
B            2.02584061181699        2.80041683663152        2.08704207838880
N           -0.31308399741888       -2.92960709239354       -2.16657932433874
B           -1.49104670084369       -2.16077856423719       -2.22766745098071
N            0.60579262216770        3.87759160043043        0.41436289168138
B            1.20064284022997        2.98182603746969       -2.67379795773610
N            0.19482382269494       -4.51798300868897        1.95331504140897
B           -1.74924258268383        3.32781312054624        0.03777887580302
N           -2.01001025465396        3.23388783063836        1.47051491311343
B            1.58581303352431       -4.33385831532272        1.77300584852626
N           -0.85508462139399        0.80566688140309        4.61971226891652
B           -2.51071707460664       -2.51105843717334       -0.94675705641096
N           -0.93347387426465       -4.64027847876941        1.18856574284342
B           -2.37876445479721        0.41548773324416       -1.78102595109300
N            2.48925139532020       -3.95843108483472        0.75959424869737
B            3.97642125846190       -0.25974997790652        1.19161729610722
N            2.04094549502258        1.97209550561321       -1.96978601565120
B            1.15823613425756        2.32435198200071       -4.13830106471283
N           -4.10808264720433        0.66476927726005       -0.05074691909362
B           -1.22091519564097        2.43125667685574       -2.68772978316256
N           -2.25197745809181        1.86456238705143       -1.92349077047401
B            3.18749896529961       -2.71221088571997        0.96504001291522
N            2.50566233141507       -3.70069046898224       -0.65671033558102
B            2.21037938497303        0.38357325530604        3.24486778277453
N           -2.06150353617935        0.35288531784546        3.96140875656920
B           -0.93086671241252       -4.28933692515714       -0.23338685132707
N           -3.11429065388209       -0.08541886377713       -0.66487823418802
B            3.52769271908532        1.23792181536006       -0.01031192222472
N            2.57677099572058        1.50473474026564        2.42348522082885
B            1.66737903971464       -1.51165825736795       -3.15199442914540
N           -2.11288222010640        1.51431721557462        3.14000935390393
B            2.18971276865086        0.75557407940782       -2.75531318595613
N           -2.65688951274980       -1.56336623038183        2.57327781909381
B            0.85884715987785       -0.47876355374203       -4.10946305554812
N            0.01533728835887       -3.81914961309378       -1.11206510523081
B            0.51462178381163       -2.32004227345958        3.75408448218416
N           -0.58878184724610       -1.45321357646447        4.15864085772980
B           -3.14408847081514       -1.64224704905745        1.24289666044383
N            2.69303750049922       -0.99899253522443        3.02638353827133
B            1.90553315623857        3.27559757593093        0.42928460285064
N            3.02021500035841       -2.35600257425393       -0.42297170679850
108
 energy: -224.029032119366 gnorm: 0.004453434723 xtb: 6.7.1pre (5071a88)
F            5.23284847742492        1.86335983266702        6.63351629832456
C            4.21342187663473        1.65043916823792        5.77187487923928
F            3.97506625188527        2.83118867464829        5.18907799488499
C            3.01870843683877        1.05914194683672        6.45782991604759
C            1.88209703745756        1.81872450079634        6.69235878884774
C            0.81620283520192        1.26093272751182        7.37715189884119
C            0.88301280670932       -0.04710320147929        7.83389303767514
C            2.01450700136756       -0.80843367448378        7.56460130840483
C            3.08387808891840       -0.26224982791703        6.88463310335927
C           -0.26193766217920       -0.69573773009093        8.59445334998261
C           -1.15408752798239        0.29702658318394        9.31213535228697
C           -0.59439601493301        1.06484587277458       10.32273125341942
C           -1.37482320861063        1.95949603847183       11.02797733232429
F           -0.80402136815735        2.70122735429272       12.00666555840325
C           -2.72355362817090        2.11039680553835       10.76109326941419
C           -3.28447776885933        1.34972894517739        9.75667673898822
C           -2.52151912804957        0.43900624256820        9.01833320519866
N           -3.13943266507331       -0.34673332769353        8.06997867550599
C           -2.31373481063236       -0.92458543645144        7.04362383593615
C           -2.86317432879649       -2.15157181303066        6.30785728943956
O           -3.90027868529064       -2.28663723140666        5.71170562000403
N           -1.87464505016836       -3.08379777096456        6.45029883550862
N           -0.84274395845974       -2.69834366629583        7.26168502677337
C           -1.06044598278135       -1.49723918445782        7.63322608746615
F            4.72747275893100        0.84535658723059        4.82303356268128
H            1.82824476040708        2.83564256392376        6.33722268664647
H           -0.06481135934372        1.85523875943432        7.56036110180367
H            2.05044522499706       -1.83673157112134        7.88886542404871
H            3.96420067346601       -0.85214839591480        6.68190148713627
H            0.17847727824374       -1.37722026470572        9.33235466566167
H            0.45426986315540        0.97072327091499       10.55959431321216
H           -3.31397803204722        2.81283043897028       11.32728532051585
H           -4.33580245226994        1.45234690414179        9.53107562083578
H           -4.06131782267912       -0.06026448164067        7.77384240221127
H           -2.04566454125120       -0.18754113705102        6.26818190597302
H           -1.86788282367838       -4.00656591493600        6.04647151567111
B            3.52858638403739       -1.56309713675276        2.03748689056023
N            3.48462148135971        1.03701727116170        1.43617084515598
B            2.62193628308686        2.34498117542176       -0.73515416420527
N            2.45190412190885       -0.61248802052259       -2.31675701987054
B            0.76857445635662       -3.75791067982846        2.97125850783622
N           -2.83415544437153       -2.86883412569247        1.91399979805005
B           -1.06317370835135        3.87662307940369        2.32776415870233
N           -0.44272209632498        0.03579979635517       -3.57839585895236
B           -0.31314555604880        1.47022385474850       -3.66971613578736
N            1.40102627448207       -3.80775163189980       -1.46471962753101
B           -3.78090658802044        2.04773821447312       -0.13050386539738
N           -2.70211049205683        2.64463145938812       -0.80173998561430
B            1.58941357501572        0.90708819909870       -4.44266790646303
N           -0.27459747401833        3.13208899029405        3.32791590765826
B            1.10024067235906       -2.87044298209277       -2.51470068927089
N           -0.44561716002102        3.68201750680127       -0.50719573041203
B           -0.83924386239165        1.93213800585382        3.72207697494264
N            1.66539208236306       -1.48271831270701        3.86314845515876
B           -0.16486796402748        3.43815159627631       -1.88066359965467
N            1.28747343040265       -0.15697535958542        4.21405820149499
B           -1.43133723752837       -0.58865137183169       -2.76759103817458
N           -3.79095158696879        1.56463980855306        1.17791535047505
B            0.31842801175027        4.34348393181538        1.73360157553094
N            0.01841782569223       -0.28993004856061        4.83714271212405
B           -2.69430119811118        2.00303675225455        1.98833001269451
N            3.87892765963314       -0.15122211249314       -0.30212034125830
B           -2.12853186275553       -3.82472796449634        1.19671303820439
N            1.02085622130303        3.55116657508182        2.77381601457398
B           -1.80747889910492       -1.03570584867521        3.52172627335156
N           -2.27739970769096       -3.73795335667395       -0.26388709050140
B            3.15755502836652       -1.07656549485687       -1.08838191678088
N           -3.04398231028145       -1.40475805270997       -0.13336101938747
B            2.03241609179775        2.78692060218562        2.09424746522159
N           -0.31460245249860       -2.93068226038031       -2.17124616976344
B           -1.49339372195366       -2.16312996039263       -2.23134310016759
N            0.61096200442518        3.86794740518352        0.42583653210032
B            1.20277655579619        2.98110480812441       -2.66643994032409
N            0.19530671894579       -4.52639009522258        1.94349326847097
B           -1.74459637200819        3.32051689843563        0.04861976978749
N           -2.00457753253463        3.22388204614032        1.48112733865654
B            1.58664306586526       -4.34586637935321        1.76339525641447
N           -0.84962050784374        0.78708731257334        4.62409622175304
B           -2.51285433553798       -2.51695822829207       -0.95101702152121
N           -0.93374111965131       -4.64864369338680        1.17993630278486
B           -2.37757419395744        0.41216468491218       -1.77708644559850
N            2.48998971570088       -3.96721122743192        0.75096588540078
B            3.98249725399453       -0.27219790613361        1.19052939453122
N            2.04260204144752        1.96932349212505       -1.96520036396259
B            1.15914951890881        2.32580389742787       -4.13193100731490
N           -4.10441463008014        0.65829888914496       -0.04444274087314
B           -1.21810552575335        2.42935996451249       -2.67817345467739
N           -2.24938589990555        1.86167547369524       -1.91517336525496
B            3.18822334321728       -2.72168581400249        0.95930882979484
N            2.50542892176522       -3.70603653279175       -0.66463832674433
B            2.21838668960704        0.36802403758597        3.24863365031369
N           -2.05576137776287        0.33660616634453        3.96314787505431
B           -0.93248972080889       -4.29558487419920       -0.24171737487639
N           -3.11223828999427       -0.09141488758805       -0.66167148437396
B            3.53032031409333        1.22765736799936       -0.00852794640310
N            2.58292786418353        1.49048962073196        2.42730228475944
B            1.66724378803918       -1.51116423398761       -3.15359776125617
N           -2.10881354474184        1.50266402239393        3.14894566645212
B            2.19058537907836        0.75420162122450       -2.75336453719248
N           -2.64974491615502       -1.57548423760906        2.56857936273547
B            0.85802745275309       -0.47721672226650       -4.10970029900225
N            0.01421222656802       -3.82137701833743       -1.11763955906746
B            0.52022898809256       -2.33585947274967        3.75068772245505
N           -0.58316752197428       -1.46898383580348        4.15615656269239
B           -3.14410467986891       -1.65328989749250        1.24144778950391
N            2.70081199381657       -1.01428178075771        3.02789157212473
B            1.91076624196544        3.26582041542971        0.43796116155874
N            3.02072626088497       -2.36193297293011       -0.42764540415591
108
 energy: -224.029136722151 gnorm: 0.004459506921 xtb: 6.7.1pre (5071a88)
F            5.21976750198179        1.90258988896484        6.65293812929780
C            4.21003359301279        1.68823636580423        5.78027244752599
F            3.97276698421895        2.87003510164088        5.20050852732308
C            3.01258277844678        1.09004869299000        6.45442158734892
C            1.87143598826616        1.84356226560312        6.68693959098142
C            0.80530172307975        1.27819245931053        7.36471323453615
C            0.87488086494379       -0.03173784417246        7.81584329064676
C            2.01048986165607       -0.78746694581943        7.54773913127611
C            3.08043222211556       -0.23335420599535        6.87540251053900
C           -0.26990772641603       -0.68678795693966        8.57026122856949
C           -1.15428469646318        0.30042479757619        9.30582016953645
C           -0.58176389817424        1.06389003299922       10.31305308369454
C           -1.35430900588202        1.95245505408735       11.03439793769937
F           -0.77053406679654        2.69147170447459       12.00764589031088
C           -2.70781505053741        2.10067363953447       10.78787760486648
C           -3.28134384087249        1.34420696235397        9.78770732163384
C           -2.52589556118229        0.44089234886615        9.03212309355295
N           -3.15349980792464       -0.33773882298374        8.08445697571968
C           -2.33930946020826       -0.89759468461027        7.03822525840960
C           -2.89646316167585       -2.11651134318973        6.29538587516491
O           -3.94203065439225       -2.24616811960980        5.71173232695868
N           -1.90485392581734       -3.04931474431222        6.41402360913175
N           -0.86126923630114       -2.67168385463332        7.21435322561774
C           -1.07637117622955       -1.47490896917958        7.60357632277267
F            4.73486340837253        0.89011563052071        4.83247157154949
H            1.81580547360510        2.86208402738944        6.33641286347004
H           -0.07943632778797        1.86733281350198        7.54775383585846
H            2.04968327906435       -1.81734679887392        7.86670158062798
H            3.96443486403732       -0.81808369380735        6.67308180485829
H            0.17071141858500       -1.38013355088404        9.29722342453224
H            0.47045742240928        0.97008454757668       10.53426975455173
H           -3.29190876616072        2.79811865848765       11.36690470269876
H           -4.33626723036382        1.44468691500620        9.57763465907698
H           -4.08111653296221       -0.05176105732064        7.80525593024656
H           -2.08654142002478       -0.14744059851248        6.26979974725200
H           -1.89694931901985       -3.96557314194104        5.99230231313401
B            3.53350303620409       -1.57734412357916        2.03379382065552
N            3.48875635959673        1.02345860946282        1.43819429971011
B            2.62527803386325        2.33751070308716       -0.72884716069464
N            2.45329877986838       -0.61504934187871       -2.31752327858961
B            0.77233358501995       -3.77349992003926        2.96380607568471
N           -2.83341156332137       -2.88115828128694        1.91143412025752
B           -1.05606497951209        3.86367688418872        2.34032137717683
N           -0.44263452580110        0.03644107933826       -3.57631843715462
B           -0.31197697942177        1.47084890818147       -3.66294149024771
N            1.40054355861817       -3.81086120688480       -1.47206259753331
B           -3.77659314964518        2.04122956567567       -0.12001119786618
N           -2.69819336882853        2.63965766714743       -0.79048867240188
B            1.58945878474889        0.90962505954768       -4.43955405654202
N           -0.26652658276240        3.11620027763467        3.33756581442026
B            1.09944109171716       -2.87157745764880       -2.51983245476879
N           -0.44064622750791        3.67486472111905       -0.49475451416823
B           -0.83223687087421        1.91603731345860        3.72994061583818
N            1.67139514618986       -1.50065007367395        3.86018876677204
B           -0.16103101750483        3.43496518118882       -1.86916637943067
N            1.29368222003931       -0.17556665812590        4.21365891926414
B           -1.43145780174967       -0.58956211588990       -2.76682404954498
N           -3.78521540548428        1.55445339556173        1.18710052816620
B            0.32557814362761        4.33163449826382        1.74711810775540
N            0.02534600178750       -0.30982665068902        4.83787339311443
B           -2.68836549396215        1.99179263895042        1.99746241389065
N            3.88330640164465       -0.16006630166623       -0.30323898107748
B           -2.12720736157430       -3.83432600616857        1.18965093534843
N            1.02903550013175        3.53696408894456        2.78545488512716
B           -1.80103478173781       -1.05057541677291        3.52093756172477
N           -2.27791126632028       -3.74544298788668       -0.27033183802154
B            3.15978821063027       -1.08247597783068       -1.09082654458915
N           -3.04355475528355       -1.41234745157562       -0.13395306724394
B            2.03931941851976        2.77344178040028        2.10241876784189
N           -0.31535992035555       -2.93294238868537       -2.17619130659272
B           -1.49432691744342       -2.16540180863439       -2.23434664247531
N            0.61641439363948        3.85801369744029        0.43829386545496
B            1.20540536474817        2.98011775635520       -2.65787990486111
N            0.19710015324116       -4.53775641432157        1.93418552037767
B           -1.73964780809667        3.31314519901789        0.06058211483632
N           -1.99887020575294        3.21373287741768        1.49310992958502
B            1.58854122247337       -4.35899300624552        1.75338299728988
N           -0.84190881213917        0.76823389631216        4.62834925483697
B           -2.51345894778389       -2.52260353155622       -0.95460606755357
N           -0.93272304677167       -4.65801623850896        1.17119380724634
B           -2.37586462057473        0.40918758904427       -1.77229672827185
N            2.49172500462035       -3.97746144799078        0.74192575152456
B            3.98784445016301       -0.28472651366941        1.18959577332677
N            2.04505017230611        1.96608537800116       -1.95963323148653
B            1.16050467336596        2.32773623206340       -4.12468284561750
N           -4.10074238399888        0.65190915834934       -0.03752173016739
B           -1.21514764099850        2.42786546869752       -2.66795934223795
N           -2.24660169791872        1.85915668519504       -1.90615106781191
B            3.19047668694886       -2.73254828617636        0.95287907221844
N            2.50588870236347       -3.71239247057439       -0.67289274234805
B            2.22601845156489        0.35139777704476        3.25151037438223
N           -2.04874227083336        0.32007947442250        3.96641287535058
B           -0.93264238707382       -4.30270745947654       -0.24987907856735
N           -3.11015391078909       -0.09724548180228       -0.65806807300522
B            3.53370343841532        1.21787791145120       -0.00579873549928
N            2.58939019643861        1.47589328527076        2.43213595198500
B            1.66735596436346       -1.51136254039482       -3.15585571935396
N           -2.10286446059883        1.48942833984053        3.15756206796011
B            2.19199076917960        0.75250711532658       -2.75099639474382
N           -2.64193953294723       -1.58781450376954        2.56513038296231
B            0.85801608631416       -0.47528624847733       -4.10960286552164
N            0.01386181302407       -3.82576316847423       -1.12436757781273
B            0.52603318916050       -2.35312907422735        3.74683800398396
N           -0.57691608760099       -1.48598036377119        4.15420427859815
B           -3.14131136794382       -1.66377431026417        1.24066386389645
N            2.70800546475232       -1.03091250748608        3.02744529501573
B            1.91629686824215        3.25591835826425        0.44754907888918
N            3.02182129497093       -2.36943740911638       -0.43280544967384
108
 energy: -224.029209270094 gnorm: 0.004840931262 xtb: 6.7.1pre (5071a88)
F            5.20076399055585        1.94680510808455        6.67829687986983
C            4.20648163470249        1.71776402652918        5.78997254985574
F            3.96693894500088        2.89467245029809        5.20238728877859
C            3.00633668250449        1.11368837195633        6.45225177507492
C            1.86092888890940        1.86133053930456        6.68243407534534
C            0.79533650217238        1.28861470610443        7.35361594628341
C            0.86845460126088       -0.02234243407020        7.80115420594728
C            2.00839456318071       -0.77238927044325        7.53544412760592
C            3.07760578497780       -0.21097640226242        6.86905174021482
C           -0.27555096767172       -0.68222262392000        8.55093308235015
C           -1.15275954669156        0.30054058943612        9.29891814708932
C           -0.57160576980971        1.05943977141296       10.30453998224101
C           -1.33638035944468        1.94485676799843       11.03512949157208
F           -0.74449623910125        2.68198337194854       12.00400000038443
C           -2.69091130119742        2.09319896988911       10.80040133737734
C           -3.27292743431418        1.34072474686450        9.80369288747680
C           -2.52447877862550        0.44198223762544        9.03722652489596
N           -3.15880753089090       -0.32762097480302        8.08807591872387
C           -2.35612302679419       -0.88044461268156        7.03380968828683
C           -2.92457877679484       -2.09416648468895        6.29304068935192
O           -3.97745310062637       -2.22098178461256        5.72257337673013
N           -1.93541170540147       -3.02796400646734        6.39717304302511
N           -0.88335251146926       -2.65509274529976        7.18750449287292
C           -1.08989849883418       -1.46036759834383        7.58292720965732
F            4.74938966219699        0.92207313377879        4.85245130821483
H            1.80296913759416        2.88064572119554        6.33475839704947
H           -0.09370495528972        1.87175370678145        7.53617432342842
H            2.05218822177490       -1.80296288214184        7.85110988960980
H            3.96540250210199       -0.79000396420442        6.66650840227313
H            0.16490004244289       -1.38400863975224        9.26844581461736
H            0.48110757097167        0.96288186053181       10.51606710028787
H           -3.26849738472011        2.78832499392441       11.38704454398618
H           -4.32855403142020        1.44024336925567        9.60292874403058
H           -4.08694194950021       -0.04001439803219        7.81864812298652
H           -2.11190414392348       -0.12654777925036        6.27018642349547
H           -1.93064609222645       -3.93953409762555        5.96968340223246
B            3.53730213345020       -1.58866251814277        2.03213521878864
N            3.48971349641776        1.01154167724329        1.43892378875360
B            2.62846483036814        2.33079104781944       -0.72474041979721
N            2.45419835940647       -0.61824822233563       -2.31740821872089
B            0.77420109611519       -3.78426343252285        2.95902033274065
N           -2.83576357810587       -2.88805308586443        1.91036639235210
B           -1.04934763996602        3.85655650341121        2.34796759534339
N           -0.44230372376610        0.03643630446015       -3.57430872074751
B           -0.31061373650539        1.47050085824106       -3.65754290975305
N            1.39828936196065       -3.81324907977403       -1.47564364098027
B           -3.77291581062920        2.03818296942048       -0.11280082641329
N           -2.69464479918946        2.63737575694511       -0.78273221953658
B            1.59054385519444        0.90987882909032       -4.43707884139154
N           -0.25882554089681        3.10694287943067        3.34268014358800
B            1.09725069776262       -2.87267769766341       -2.52195101194902
N           -0.43537754647217        3.66901609443030       -0.48603301451906
B           -0.82621114450489        1.90703840860988        3.73388757209376
N            1.67758616550348       -1.51394409521641        3.86099526105095
B           -0.15648692720057        3.43219348908889       -1.86108479375723
N            1.29994541177491       -0.18883727727270        4.21522164349551
B           -1.43166490322234       -0.59008025323381       -2.76566255319723
N           -3.77959176725423        1.54849434934939        1.19330410747559
B            0.33300158594070        4.32416783606803        1.75606432708945
N            0.03099775521287       -0.32271536059519        4.83676100224928
B           -2.68338561661656        1.98624714185005        2.00350686934025
N            3.88678533465567       -0.16815726051627       -0.30398004841900
B           -2.12816500415282       -3.83880871360531        1.18504989544001
N            1.03744566563761        3.52859101301579        2.79408249273976
B           -1.79611969873952       -1.05805409829659        3.51825406745276
N           -2.28062700186027       -3.74963753730053       -0.27431654803182
B            3.16098788392278       -1.08798439862655       -1.09179505801415
N           -3.04565789003515       -1.41670672869275       -0.13522573664185
B            2.04547769860148        2.76373823293712        2.10808005573372
N           -0.31752276931694       -2.93445111469500       -2.17842543150195
B           -1.49665887699481       -2.16705318923840       -2.23643953590818
N            0.62179633939902        3.84958280816649        0.44729460903969
B            1.20852950370619        2.97867251784341       -2.65226086819777
N            0.19622840577444       -4.54460142098709        1.92839920605381
B           -1.73493915956957        3.30879978927549        0.06853160285526
N           -1.99409421131570        3.20876564813484        1.50117399633449
B            1.58792859948419       -4.36896993140406        1.74654071136195
N           -0.83357915314668        0.75691842390470        4.62789502849279
B           -2.51600225745650       -2.52601331471311       -0.95740001070610
N           -0.93461611069315       -4.66296112587561        1.16625095731424
B           -2.37523769799571        0.40784298210966       -1.76919593986763
N            2.49195708779055       -3.98593160796935        0.73662125674691
B            3.99167700767043       -0.29512203996251        1.18935452997758
N            2.04733244871298        1.96262955025354       -1.95578722008134
B            1.16266565223076        2.32769804998226       -4.11965391525481
N           -4.09818239647991        0.64933139098198       -0.03253154973737
B           -1.21182095567082        2.42641727532202       -2.66035213453769
N           -2.24425590466794        1.85815911181104       -1.89985646449739
B            3.19141870035918       -2.74131007430065        0.94940808733471
N            2.50448158929933       -3.71729842111746       -0.67739236096579
B            2.23258481035767        0.33879920056031        3.25451169191162
N           -2.04185453309651        0.31077900549567        3.96722105555863
B           -0.93531520562280       -4.30738645771130       -0.25461950053032
N           -3.10972262784733       -0.10037361322014       -0.65625861294140
B            3.53611066877531        1.20909366760482       -0.00406497069996
N            2.59351351694172        1.46448271088127        2.43572671552176
B            1.66686491320324       -1.51265198690148       -3.15664313924354
N           -2.09900246195762        1.48385232141715        3.16470827549959
B            2.19333142793227        0.74962255774839       -2.74923626049600
N           -2.63653954523522       -1.59385755784530        2.56109014139218
B            0.85829280490271       -0.47490474564207       -4.10913062051067
N            0.01151402617280       -3.82826400454700       -1.12734587847254
B            0.53060710481225       -2.36452683730867        3.74365589414450
N           -0.57165953925329       -1.49600674286128        4.14895874199720
B           -3.13984607428168       -1.66930651339167        1.23940511025758
N            2.71446080806189       -1.04371566263707        3.02885630424117
B            1.92180836903916        3.24766564691939        0.45432508150293
N            3.02104306776808       -2.37590467180249       -0.43500072050502
108
 energy: -224.029273606500 gnorm: 0.003986771867 xtb: 6.7.1pre (5071a88)
F            5.18863311036197        1.97327042644929        6.68110049162152
C            4.19835751789789        1.74542675509779        5.78722489854522
F            3.95790278951388        2.92460852095987        5.20370162154878
C            2.99774878299292        1.13570387450650        6.44470522708444
C            1.84938266978556        1.87910478882248        6.67367457023767
C            0.78467136658349        1.30054477728539        7.34133109712457
C            0.86146492098086       -0.01134196206916        7.78561373793759
C            2.00448466383472       -0.75694891362330        7.52059305254115
C            3.07315843518948       -0.18974625358531        6.85796559667390
C           -0.28177413714183       -0.67522622930969        8.53220870878169
C           -1.15211242988515        0.30391118530258        9.29409822517408
C           -0.56054963499382        1.05875694934306       10.29760357267038
C           -1.31961134157192        1.93895536428291       11.04244575348204
F           -0.71865273307106        2.67365279734808       12.00805204177720
C           -2.67918534140057        2.08482691353848       10.82549679285018
C           -3.27144756288278        1.33668341649827        9.83116291205154
C           -2.52834577224176        0.44452759119476        9.04949221589956
N           -3.17191990818731       -0.31829893783546        8.10097014274856
C           -2.37742664649320       -0.85878762841446        7.03025403876528
C           -2.95054485701127       -2.06774227411817        6.28394836157639
O           -4.01013112700511       -2.19110426177240        5.72518854950452
N           -1.96002363135463       -3.00230855308387        6.37058370919027
N           -0.90076705454302       -2.63508768535727        7.15425771129718
C           -1.10322753315567       -1.44299380967655        7.56086837432160
F            4.74374589377057        0.95650354029741        4.84678117391729
H            1.78852294550852        2.89904524030587        6.32856139027597
H           -0.10717867835619        1.87957057154205        7.52366404985489
H            2.05146604707090       -1.78809595555332        7.83382536511876
H            3.96346462700496       -0.76472030118817        6.65464148157012
H            0.15915777131407       -1.38597040001430        9.24128678508989
H            0.49617624006989        0.96256928563307       10.49550448261634
H           -3.25207412972533        2.77537405139564       11.42396414992026
H           -4.33109587284442        1.43354798993518        9.64405311107831
H           -4.10629345083042       -0.03240345459174        7.84515115790011
H           -2.14487771574370       -0.09585761323036        6.26964681393078
H           -1.95360809700432       -3.90876436570246        5.93235329734989
B            3.54181541005386       -1.59989868171050        2.02879619338577
N            3.49447742387601        1.00240601333280        1.44146341617640
B            2.63238299992346        2.32579987474195       -0.71962851520743
N            2.45529359987129       -0.62100379188026       -2.31801912395098
B            0.77801847560781       -3.79646513165862        2.95350712324704
N           -2.83199958449588       -2.89628713050313        1.90966035196531
B           -1.04345766288209        3.84766157813523        2.35829520059545
N           -0.44083381633750        0.03796540893391       -3.57129091541934
B           -0.30911454002921        1.47214911467343       -3.65212667492658
N            1.39944731395051       -3.81768870124094       -1.48202539219621
B           -3.76938569016169        2.03423211509618       -0.10465758409153
N           -2.69115517205650        2.63443086654239       -0.77374679658266
B            1.59195147129235        0.91214560873678       -4.43359942058155
N           -0.25220318949040        3.09622080900077        3.35141610977877
B            1.09780638038318       -2.87439772956190       -2.52591424655070
N           -0.43124171057646        3.66409472895897       -0.47630920183118
B           -0.81942560152076        1.89474541226453        3.73850755603445
N            1.68279911557315       -1.52810577752732        3.85836151628582
B           -0.15306167698721        3.42983906776816       -1.85195712125977
N            1.30615966906814       -0.20370160803771        4.21598790977804
B           -1.42997814514857       -0.58991245018678       -2.76341736381223
N           -3.77460565823015        1.54200808515241        1.20053307511098
B            0.33885572131570        4.31536902825718        1.76637052069121
N            0.03774594544730       -0.33758835463355        4.83777086565655
B           -2.67851189828218        1.97819496682743        2.01098914612312
N            3.88700293249905       -0.17477949475619       -0.30397844218952
B           -2.12464750765086       -3.84535714286641        1.18149549866884
N            1.04394202841008        3.51800796767195        2.80270947232504
B           -1.79071376829142       -1.06928250131103        3.51966765340755
N           -2.27820330256663       -3.75353757559659       -0.27750678748106
B            3.16225872959970       -1.09326083867353       -1.09361741112959
N           -3.04374272796030       -1.42103290563087       -0.13399035884855
B            2.05106656310897        2.75382093170890        2.11470571143317
N           -0.31668885162543       -2.93665951555630       -2.18174431226976
B           -1.49516728700865       -2.16793965046884       -2.23716731075136
N            0.62648408840557        3.84234953952850        0.45679193514066
B            1.21128937031201        2.97737515988522       -2.64475173225013
N            0.19933853468029       -4.55566779721897        1.92234432269005
B           -1.73074943101714        3.30387843280304        0.07823364454220
N           -1.98925056332978        3.20172117861844        1.51106395115966
B            1.59084396669651       -4.37902789455336        1.73929358887193
N           -0.82561818354536        0.74334153019103        4.63074491333299
B           -2.51416610346774       -2.52908013644883       -0.95852293637706
N           -0.93213964020488       -4.67068328981488        1.16028108358060
B           -2.37285921723277        0.40648316374584       -1.76443577419018
N            2.49456675023321       -3.99479209526152        0.72976850701224
B            3.99490772980171       -0.30428575644710        1.18867025273661
N            2.05033353203382        1.95957927722437       -1.95077658227286
B            1.16428105413837        2.32957459270411       -4.11352452616455
N           -4.09514532037570        0.64538982404914       -0.02645802295273
B           -1.20946329193114        2.42629904067210       -2.65268331971220
N           -2.24167646224530        1.85704938898031       -1.89264091318171
B            3.19508076402246       -2.75066345320536        0.94420515588406
N            2.50592774824472       -3.72303148217642       -0.68370567200502
B            2.23793650545574        0.32596306530676        3.25573454953292
N           -2.03526459901587        0.29889291187687        3.97112629607835
B           -0.93340832380671       -4.31292368073002       -0.25994402432542
N           -3.10748422239233       -0.10367113526669       -0.65250672217002
B            3.53997096029435        1.20260043039160       -0.00123163341871
N            2.59877210459671        1.45345397109872        2.43979250322799
B            1.66743651399542       -1.51351790983090       -3.15877992271741
N           -2.09259551587128        1.47314422266462        3.17046379830363
B            2.19521914643699        0.74800965437644       -2.74693688464957
N           -2.63133948079257       -1.60291151130269        2.56141221004688
B            0.85915063029642       -0.47304473155569       -4.10834440049056
N            0.01264785581012       -3.83323949447833       -1.13313479193928
B            0.53526713587365       -2.37778714739469        3.74053758794858
N           -0.56608516569235       -1.50911036195511        4.14795908582172
B           -3.13526434343920       -1.67593464312489        1.24024590885151
N            2.71916080897451       -1.05660647054159        3.02647477447146
B            1.92642197793164        3.24031062245809        0.46185534212198
N            3.02309757121809       -2.38281605152597       -0.43924555618513
108
 energy: -224.029324398980 gnorm: 0.003311085291 xtb: 6.7.1pre (5071a88)
F            5.17936322452156        1.99027757721835        6.67540433029069
C            4.19046705601781        1.75706115745151        5.78109701214562
F            3.94559552008378        2.93472194312021        5.19514381223767
C            2.99135801108647        1.14389326645681        6.43890510649023
C            1.84135166189048        1.88491324742985        6.66690136103276
C            0.77749822499651        1.30348379265553        7.33365589859688
C            0.85727688030277       -0.00834544887003        7.77770814114836
C            2.00230529426307       -0.75110050733596        7.51353665310290
C            3.07024943367070       -0.18123652125975        6.85173132709058
C           -0.28476090213112       -0.67383025226183        8.52489727502402
C           -1.15156822939157        0.30366362591811        9.29321748481687
C           -0.55591063925156        1.05578960381751       10.29629281237868
C           -1.31142921332523        1.93463293912828       11.04610906687451
F           -0.70748461075564        2.66723480601349       12.01137204764758
C           -2.67135496412814        2.08181636879112       10.83492176762069
C           -3.26776526941640        1.33677162373019        9.84080657558574
C           -2.52850671731395        0.44619643691381        9.05433617465568
N           -3.17706253380739       -0.31246790032312        8.10604148065032
C           -2.38713144384457       -0.85130948743078        7.03087265047358
C           -2.96534931241716       -2.05926718471137        6.28637674812424
O           -4.02840703120053       -2.18093262504744        5.73447662924861
N           -1.97313242678610       -2.99443048438793        6.36334059988514
N           -0.90990154345244       -2.62952026685567        7.14319680514686
C           -1.11071888096735       -1.43777245127354        7.55453910638224
F            4.73915923248875        0.96924364940631        4.84233772710038
H            1.77792574092057        2.90461719742895        6.32189289197424
H           -0.11557138876099        1.88052580053893        7.51536221097694
H            2.05162198867463       -1.78198808073548        7.82702928659508
H            3.96203662184251       -0.75395116250757        6.64893370378342
H            0.15754948134793       -1.38769753629638        9.22984538676849
H            0.50156317119426        0.95887384968047       10.48944224916236
H           -3.24111517349588        2.77119163949775       11.43740773403053
H           -4.32760038305077        1.43435133636683        9.65769356999689
H           -4.11207779007489       -0.02630019769890        7.85412634196923
H           -2.15811553665208       -0.08794746000260        6.26915165126222
H           -1.96631003226931       -3.89958874020126        5.92118912160423
B            3.54402077004018       -1.60487128024938        2.02779322335212
N            3.49650668565233        0.99828729214573        1.44239764680223
B            2.63536535623448        2.32359606884025       -0.71777627264874
N            2.45601560651123       -0.62308274949423       -2.31801412057856
B            0.77967211132267       -3.80078854094670        2.95169229702390
N           -2.83039706044971       -2.89821962106948        1.91037768314746
B           -1.03981944274525        3.84556946088668        2.36194508689107
N           -0.43949195882114        0.03891089710128       -3.56935515414218
B           -0.30781971091738        1.47314704585874       -3.64997009568926
N            1.40002951232742       -3.82056790467855       -1.48416951347979
B           -3.76738458828659        2.03422358147872       -0.10156229972267
N           -2.68890691371269        2.63435955349221       -0.77034896658856
B            1.59358491196633        0.91237824405081       -4.43171758736510
N           -0.24855551392312        3.09335192951988        3.35448748439635
B            1.09824191170262       -2.87575612989048       -2.52693581958005
N           -0.42850225389377        3.66248793913646       -0.47280582354020
B           -0.81555624338466        1.89118675948734        3.73953440039813
N            1.68611974890256       -1.53382255851793        3.85896169132066
B           -0.15064076694774        3.42886923262960       -1.84860049901046
N            1.31024194690298       -0.20956856880467        4.21807768681805
B           -1.42852226891809       -0.58923550267675       -2.76158885290586
N           -3.77184883715829        1.54126222659359        1.20334516268408
B            0.34269386525398        4.31242456000289        1.76975500796854
N            0.04117028533375       -0.34259101140172        4.83790915254846
B           -2.67582309431831        1.97661939314022        2.01399278840312
N            3.88680427716462       -0.17814996934660       -0.30373192673060
B           -2.12299374465394       -3.84663167085318        1.18146055882883
N            1.04769652805665        3.51439738531708        2.80561249426284
B           -1.78825712181686       -1.07252295801877        3.52030207595678
N           -2.27669404649124       -3.75352252176374       -0.27742693864975
B            3.16285208709418       -1.09628167444162       -1.09406548279832
N           -3.04249755040175       -1.42126263514523       -0.13252799902804
B            2.05403071512107        2.74973726126259        2.11706423962978
N           -0.31598758230572       -2.93722105509100       -2.18200235158091
B           -1.49387666913748       -2.16752385880559       -2.23632892181374
N            0.62956079541465        3.83940345693466        0.46005989407663
B            1.21350798413869        2.97604914892014       -2.64161101300746
N            0.20064736964317       -4.56019826671985        1.92074092901268
B           -1.72813629912127        3.30290200613261        0.08189900061883
N           -1.98641844639182        3.20036142764277        1.51481841563953
B            1.59205052542196       -4.38285210219745        1.73701274973034
N           -0.82073399035752        0.73921244930565        4.63039159731006
B           -2.51286740227795       -2.52902054061002       -0.95787347724429
N           -0.93130131576335       -4.67318967608695        1.15900862256465
B           -2.37126418756951        0.40687227896162       -1.76199766003712
N            2.49584290757359       -3.99909280063097        0.72754048065389
B            3.99598335023112       -0.30847458024547        1.18838712180742
N            2.05256251406931        1.95748525029554       -1.94862860367752
B            1.16580976124753        2.32978813302725       -4.11101171711446
N           -4.09350291386810        0.64539269069438       -0.02347772109205
B           -1.20789709231495        2.42686598085702       -2.64995527434793
N           -2.23996669892362        1.85742846577148       -1.88979719666704
B            3.19714448827405       -2.75523047962194        0.94255864979166
N            2.50652071903082       -3.72596083734925       -0.68572792322068
B            2.24026090677049        0.32062011796718        3.25610006434964
N           -2.03145436329330        0.29556719211965        3.97256229353681
B           -0.93256943306643       -4.31455564376599       -0.26099493506333
N           -3.10612027107555       -0.10359574115790       -0.65035902335686
B            3.54254015793728        1.19966539566286       -0.00007976371152
N            2.60095422291563        1.44858926696186        2.44113780353644
B            1.66784429127146       -1.51465122819864       -3.15936072100675
N           -2.08940295930790        1.47042848559651        3.17266979851706
B            2.19673526721214        0.74652475749098       -2.74575586071235
N           -2.63074045074283       -1.60538701536990        2.56319779708902
B            0.85992684082686       -0.47261426896966       -4.10737187917175
N            0.01323792732480       -3.83519306363419       -1.13468822549484
B            0.53744197691782       -2.38227256660353        3.73925638129933
N           -0.56318625718697       -1.51338763572898        4.14634580276550
B           -3.13327177083608       -1.67713790471010        1.24137277957181
N            2.72118522660617       -1.06185123983174        3.02546987901396
B            1.92935083172351        3.23709377056633        0.46450235781411
N            3.02420831564413       -2.38634785722924       -0.44052322026237
108
 energy: -224.029434258304 gnorm: 0.003964782878 xtb: 6.7.1pre (5071a88)
F            5.15623405938995        2.03134530141916        6.65067518529427
C            4.16869436918981        1.77698737940187        5.76047024495061
F            3.90809009674138        2.94636760940230        5.16192548078136
C            2.97577903907616        1.15620600661280        6.42389120331218
C            1.82182027991060        1.89165545390698        6.64919051262416
C            0.76083227384373        1.30513314319451        7.31646959884694
C            0.84843927473118       -0.00570026881262        7.76214885203715
C            1.99810956181650       -0.74183884571183        7.50076932064546
C            3.06376768420988       -0.16709178860064        6.83878384080966
C           -0.29052086790013       -0.67397831541318        8.51229649263963
C           -1.14910906350907        0.30201474795360        9.29088814403012
C           -0.54568982030600        1.04685650622257       10.29426243273275
C           -1.29390532975204        1.92355941620228       11.05372644796822
F           -0.68426427780885        2.64941224399094       12.02057180691769
C           -2.65431171153213        2.07560100446089       10.85293577448282
C           -3.25831608978542        1.33906815343870        9.85682522444609
C           -2.52657900955348        0.45129281041906        9.06070505604670
N           -3.18464744908201       -0.29850659675012        8.11232645996056
C           -2.40448915805977       -0.84160190326315        7.03301603540664
C           -2.99431312777613       -2.04967339178559        6.29612307634135
O           -4.06506832487377       -2.16882981048140        5.75987467231465
N           -2.00284869245409       -2.98647001885055        6.36114178795057
N           -0.93267380593899       -2.62449853255759        7.13349708927106
C           -1.12637365460071       -1.43203187782280        7.54682558018419
F            4.72698603260077        0.98686907283382        4.83018019613677
H            1.75156003382250        2.91005875542917        6.30240002505437
H           -0.13488696003108        1.87810405457685        7.49579122783565
H            2.05275702668181       -1.77175903834993        7.81641377011027
H            3.95853013418926       -0.73540366598316        6.63815214196488
H            0.15521476355080       -1.39184819815298        9.21026900072794
H            0.51214535728520        0.94650894981996       10.48034282626398
H           -3.21758958875752        2.76316638710419       11.46294287306398
H           -4.31838917222177        1.44051320408400        9.68052486608880
H           -4.12056272071208       -0.01133852525923        7.86663052569521
H           -2.17819304410271       -0.08338423675589        6.26506914337976
H           -2.00125397293635       -3.89135331786063        5.92106515894501
B            3.54796356087220       -1.61376484268042        2.02656906009961
N            3.50018150301253        0.99078183485335        1.44357728485971
B            2.64312801754091        2.31973031818800       -0.71531074028719
N            2.45786218431547       -0.62821508281581       -2.31781346509544
B            0.78276670185018       -3.80654828756347        2.94955113858208
N           -2.82756873814451       -2.89870734734665        1.91328046017507
B           -1.03117110874096        3.84494189789012        2.36700438710141
N           -0.43582486733581        0.04113076886808       -3.56485016855073
B           -0.30429675021467        1.47549034271569       -3.64670632319892
N            1.40129813988036       -3.82738245798061       -1.48694912838474
B           -3.76269201744253        2.03747352337178       -0.09677839171399
N           -2.68332046559021        2.63652643464762       -0.76524796579983
B            1.59813279234644        0.91146523036649       -4.42808424065719
N           -0.24057343004563        3.09128537082547        3.35880754792864
B            1.09954820751157       -2.87930658690683       -2.52771835020639
N           -0.42173010709306        3.66097051558039       -0.46805931458131
B           -0.80688768596622        1.88784777489380        3.74012872739665
N            1.69382951657912       -1.54319835069034        3.86334339573940
B           -0.14456913656957        3.42747991116099       -1.84393117250324
N            1.31978297991126       -0.21886685849180        4.22494615621252
B           -1.42439651381298       -0.58682474119856       -2.75654268607586
N           -3.76597789182457        1.54399611471718        1.20787796706367
B            0.35199415800570        4.30881650708459        1.77376086975620
N            0.04793522329548       -0.34902593516088        4.83794258370424
B           -2.66981325978571        1.97734827575971        2.01899218609413
N            3.88645060989932       -0.18490406259052       -0.30321947048932
B           -2.11979760667216       -3.84616642324426        1.18406167587953
N            1.05606161414780        3.50954118080856        2.80900463159430
B           -1.78377678629022       -1.07550128860323        3.52162526929645
N           -2.27310721690798       -3.75039931502047       -0.27470586813213
B            3.16417366463739       -1.10283322409322       -1.09451407722121
N           -3.03900288328473       -1.41855381639342       -0.12798455257637
B            2.06035645964558        2.74288840334743        2.12011476872747
N           -0.31398107535815       -2.93747753093023       -2.18045742339300
B           -1.49036738403708       -2.16540028148116       -2.23290743651989
N            0.63716845526062        3.83500701765523        0.46408193562174
B            1.21939624802514        2.97240572793440       -2.63646052729005
N            0.20304702667939       -4.56744658674425        1.91969618904556
B           -1.72175528618973        3.30341321925978        0.08737355862123
N           -1.97964240346310        3.20097078693493        1.52043932832339
B            1.59425381926452       -4.38853219598830        1.73455271346764
N           -0.80989003075148        0.73485678047802        4.62757473026869
B           -2.50932779067293       -2.52618692018669       -0.95451432524196
N           -0.93007651238531       -4.67604743157312        1.15907021290610
B           -2.36730885494118        0.40943962331581       -1.75701911479296
N            2.49836637435155       -4.00735071915027        0.72469819326124
B            3.99741189864168       -0.31631472087977        1.18764334775248
N            2.05836154066522        1.95253794523637       -1.94508730001272
B            1.17001239230075        2.32910246078736       -4.10703388142155
N           -4.08967893433112        0.64862457580912       -0.01749739883593
B           -1.20402112288626        2.42914862124774       -2.64637071368327
N           -2.23565874720601        1.85976160632657       -1.88531954519483
B            3.20141502755485       -2.76406353138056        0.94052551315805
N            2.50764918992206       -3.73200583291209       -0.68826517358998
B            2.24399380073831        0.31150651818121        3.25606420568478
N           -2.02325542861912        0.29290995665312        3.97492003765314
B           -0.93092495030878       -4.31583836505732       -0.26059768836675
N           -3.10256811754343       -0.10058591800958       -0.64535579566582
B            3.54892314113771        1.19433117172015        0.00154054195994
N            2.60473856514233        1.43990326202188        2.44252330794647
B            1.66893414449042       -1.51797871158228       -3.15995711688164
N           -2.08284575695645        1.46889433933464        3.17611864114573
B            2.20075520397087        0.74264484681542       -2.74354570299837
N           -2.63317277328361       -1.60741138347990        2.56976477758184
B            0.86191601776565       -0.47256426779856       -4.10470165836522
N            0.01461823743873       -3.83805279233806       -1.13562073693083
B            0.54149817554915       -2.38799329435584        3.73742268913870
N           -0.55736648090329       -1.51851817336056        4.14188386299052
B           -3.13005360934722       -1.67637324818230        1.24496604469025
N            2.72445809185255       -1.07047519373655        3.02366446299255
B            1.93641819023890        3.23163149791574        0.46783097606091
N            3.02662770533375       -2.39340151049744       -0.44204700111968
108
 energy: -224.029509191922 gnorm: 0.003966380818 xtb: 6.7.1pre (5071a88)
F            5.13143362769399        2.08197068025468        6.63374938885068
C            4.14882559183935        1.80289162845668        5.74507029110487
F            3.87308164960648        2.96169327755545        5.13155947032443
C            2.96144975297080        1.17369625494548        6.41085242029750
C            1.80212223600536        1.90183918269361        6.63328826009180
C            0.74366164305332        1.30944638776009        7.29970291604220
C            0.83866092184451       -0.00082384794730        7.74590064177782
C            1.99379101779243       -0.72935771867648        7.48774069550731
C            3.05754456732402       -0.14841215601538        6.82748886324889
C           -0.29750936347004       -0.67366692858606        8.49690627759745
C           -1.14729241694187        0.30018590453281        9.28813402466655
C           -0.53367066738801        1.03700582493833       10.29115106597381
C           -1.27308450285093        1.91113254679691       11.06185298217762
F           -0.65327324150725        2.62934395295237       12.02854720712305
C           -2.63417183830229        2.06875135987702       10.87310820610721
C           -3.24826436285770        1.34096211629012        9.87631173380404
C           -2.52572195313314        0.45619739304312        9.06882402361425
N           -3.19275838047569       -0.28447534930060        8.11973260752249
C           -2.42463423953115       -0.82967343409390        7.03404900608797
C           -3.02680207860893       -2.03588848829816        6.30290782216167
O           -4.10478616249319       -2.15121555563276        5.78058067990760
N           -2.03648394857562       -2.97443483806283        6.35472605394475
N           -0.95753181437168       -2.61674353844533        7.11758277727617
C           -1.14346017291570       -1.42447305183981        7.53462586079171
F            4.72212870966809        1.00883338821662        4.82640153515694
H            1.72534585773390        2.91922197345351        6.28490843907579
H           -0.15567887085493        1.87751076837656        7.47657175100105
H            2.05430164527935       -1.75877117299240        7.80427980690748
H            3.95615907101383       -0.71174041715186        6.63011588535356
H            0.15154565177212       -1.39725564724408        9.18702129972745
H            0.52564739638327        0.93365751294211       10.46756597690960
H           -3.19053084391218        2.75353474156135       11.49248333679441
H           -4.30925872273696        1.44728234470736        9.70888744675265
H           -4.13008295150463        0.00488140502188        7.88334980813174
H           -2.20232515780455       -0.07403138815831        6.26207509994629
H           -2.04238557270513       -3.87908342201998        5.91342931863416
B            3.55120833477351       -1.62423605750415        2.02493306280143
N            3.50340747892589        0.98058737612005        1.44396898398996
B            2.65094797486460        2.31445947600618       -0.71265704106565
N            2.46003825827648       -0.63317402609077       -2.31811608783629
B            0.78581336729628       -3.81385986207812        2.94650281077370
N           -2.82677861649322       -2.90123545434897        1.91484095514496
B           -1.02123776501614        3.84208203646187        2.37307718999755
N           -0.43298821865952        0.04276401793500       -3.56126170790151
B           -0.30069079271500        1.47719786448262       -3.64314296975853
N            1.40144759481424       -3.83334176315339       -1.49018806663803
B           -3.75688883036738        2.03981331600962       -0.09080690921849
N           -2.67685708589284        2.63789517936671       -0.75919741491219
B            1.60167363420929        0.91042969569295       -4.42539984883835
N           -0.23144528492530        3.08622519325382        3.36356047880066
B            1.10011063979243       -2.88265387166909       -2.52938664805146
N           -0.41389356092401        3.65886964506736       -0.46238910439413
B           -0.79785376609973        1.88237600549441        3.74313339424652
N            1.70164305512664       -1.55457827814797        3.86802870889624
B           -0.13781893287925        3.42595954314835       -1.83853287033727
N            1.32880901257729       -0.22997285383006        4.23116031081783
B           -1.42136127684938       -0.58487011734876       -2.75259070208154
N           -3.75967596549320        1.54544629544119        1.21347140872001
B            0.36252538251890        4.30367645459958        1.77919141557524
N            0.05423105762005       -0.35831923594832        4.83814818584842
B           -2.66270248332432        1.97670572357348        2.02472452281694
N            3.88944080104490       -0.19295576789183       -0.30395612889403
B           -2.11818535600729       -3.84735522201613        1.18468911993890
N            1.06558348229974        3.50241663599524        2.81345096092941
B           -1.77903071058564       -1.08043956259805        3.52171006776649
N           -2.27149693706802       -3.74920079634727       -0.27381361318310
B            3.16634006326347       -1.10969657559170       -1.09568507175113
N           -3.03573677351825       -1.41728699324757       -0.12411588538643
B            2.06763166927055        2.73398981619483        2.12348234235900
N           -0.31286172970882       -2.93752429443915       -2.17976841784362
B           -1.48825241791089       -2.16379277177114       -2.23066120382239
N            0.64587690107774        3.82988855508104        0.46911320510216
B            1.22562857489573        2.96898704711311       -2.63136343964660
N            0.20451262315794       -4.57406280632412        1.91687245506557
B           -1.71423201794386        3.30298450868383        0.09367996129394
N           -1.97149000603173        3.20002354686618        1.52675265379866
B            1.59575434576061       -4.39577756356267        1.73069087386782
N           -0.79988999678027        0.72750555067220        4.62630453233177
B           -2.50704828317369       -2.52439090352489       -0.95227150040188
N           -0.92982692589173       -4.67947483930746        1.15766919577286
B           -2.36326790849843        0.41130146832255       -1.75204969710057
N            2.50005122784138       -4.01611684171768        0.72043326676819
B            4.00007415845209       -0.32629089996502        1.18637922437807
N            2.06424965735596        1.94762885782090       -1.94180629163823
B            1.17431968716303        2.32820470700997       -4.10297401075369
N           -4.08486824216951        0.65098842312333       -0.01118838484033
B           -1.19937951932238        2.43083088715925       -2.64180499265726
N           -2.23066600505648        1.86149789251708       -1.88005582914243
B            3.20415000393122       -2.77348338487743        0.93765117353355
N            2.50811970781850       -3.73851236865965       -0.69208231914220
B            2.24832519312201        0.30024777123771        3.25643161027943
N           -2.01528694252978        0.28794339272297        3.97691202467744
B           -0.93064818127603       -4.31754454176527       -0.26165489429203
N           -3.09834734365772       -0.09860618401135       -0.64012902275136
B            3.55529854994237        1.18697639974436        0.00250097272000
N            2.60911189867676        1.42917279710266        2.44371422225051
B            1.66977799985436       -1.52101826876304       -3.16080947960095
N           -2.07624862540046        1.46608648889316        3.18097790439543
B            2.20466149891828        0.73876723847204       -2.74171546422930
N           -2.63502864497428       -1.61135229234055        2.57473370943894
B            0.86324314368529       -0.47274646009116       -4.10275617425433
N            0.01507700200508       -3.84009942382588       -1.13670042591965
B            0.54586547512320       -2.39589475682285        3.73566788467846
N           -0.55167799540964       -1.52568958102810        4.13749564320587
B           -3.12861667211082       -1.67769885280057        1.24796056905868
N            2.72854586388534       -1.08110016985027        3.02307090495547
B            1.94445544255877        3.22501876096491        0.47169771232543
N            3.02833797594703       -2.40058761463228       -0.44434398146420
108
 energy: -224.029576036991 gnorm: 0.003490509524 xtb: 6.7.1pre (5071a88)
F            5.10236762378401        2.14015953934657        6.62072321147855
C            4.12887984264042        1.82980423138119        5.73185559268438
F            3.83794619484932        2.97354088355165        5.09763425179555
C            2.94736235952622        1.19201252793166        6.39930187735672
C            1.78194236940065        1.91171906601282        6.61873714873652
C            0.72632343220816        1.31333981764228        7.28418747304658
C            0.82870861230517        0.00379480625571        7.73119745381960
C            1.98988181810614       -0.71634967947999        7.47705108207898
C            3.05141039418659       -0.12871865129594        6.81889693639236
C           -0.30457962824491       -0.67422411420488        8.48212921564504
C           -1.14505167756381        0.29796859541094        9.28551085847898
C           -0.52044063389636        1.02618663330348       10.28788527038267
C           -1.25049975397948        1.89799861295274       11.06972969414986
F           -0.61909436556364        2.60684998858863       12.03627283497933
C           -2.61227105773485        2.06202565193755       10.89270527487441
C           -3.23706463270244        1.34343175073955        9.89573599370879
C           -2.52437383845522        0.46133659368646        9.07695014080128
N           -3.19984392398087       -0.27026869693447        8.12714236116840
C           -2.44418815561225       -0.81832458950831        7.03513610092014
C           -3.05786567433623       -2.02225384945627        6.30882363924290
O           -4.14154939821895       -2.13319879117718        5.79779000889939
N           -2.07074560925683       -2.96334531330877        6.35002124408178
N           -0.98318730181199       -2.61049497226444        7.10291778094453
C           -1.16036122744474       -1.41817026884443        7.52275476446406
F            4.72181380172594        1.02844341376112        4.83019351092057
H            1.69853121968815        2.92784576936622        6.26790167521938
H           -0.17717982461294        1.87589054667112        7.45849983869663
H            2.05705848081460       -1.74519032581152        7.79447005567030
H            3.95416058198873       -0.68682106495837        6.62509909527432
H            0.14740463284491       -1.40304301716276        9.16494607568075
H            0.53913031606877        0.91764468859578       10.45634463550371
H           -3.16146924545427        2.74418879034366       11.52091016149664
H           -4.29875709209224        1.45630960957609        9.73689262528866
H           -4.13888419312497        0.02220103302870        7.90134398861573
H           -2.22534987521640       -0.06448499573554        6.25964496456553
H           -2.08798406943245       -3.86857691836505        5.90979809613089
B            3.55299961794923       -1.63483011936977        2.02313585904906
N            3.50612089732620        0.96954136584028        1.44344721032489
B            2.65899638266006        2.30871905859105       -0.71077132425449
N            2.46218123886674       -0.63813021254989       -2.31897166575669
B            0.78823157248225       -3.82086104376835        2.94358476191567
N           -2.82737950334899       -2.90338011762088        1.91559512057043
B           -1.01048633276915        3.83909545991709        2.37852186337657
N           -0.43051202278390        0.04387280811676       -3.55867016205472
B           -0.29668345256595        1.47834372402856       -3.64029319394213
N            1.40053952074557       -3.83877168969040       -1.49321251707140
B           -3.75010222498781        2.04269936812996       -0.08525790859116
N           -2.66948924974439        2.63958167780260       -0.75381555536490
B            1.60468998549407        0.90874246604460       -4.42399470842163
N           -0.22183731569808        3.08088077510621        3.36786812821910
B            1.10000531562459       -2.88607062468435       -2.53138279132477
N           -0.40508884992280        3.65740197552148       -0.45770017585133
B           -0.78875520508856        1.87694814750260        3.74669939616132
N            1.70876751301317       -1.56583026443556        3.87321001741680
B           -0.13025137152487        3.42474909609722       -1.83411830450790
N            1.33683277550005       -0.24066228875615        4.23687266643857
B           -1.41887541313543       -0.58300375876315       -2.74955067017707
N           -3.75332938766623        1.54768481318589        1.21873766261153
B            0.37379617710595        4.29864543447548        1.78398425009728
N            0.05950167820923       -0.36763940821251        4.83820324060741
B           -2.65492162454417        1.97652800519027        2.02979741903811
N            3.89394708508710       -0.20147190413585       -0.30565373022510
B           -2.11800895451518       -3.84847968054362        1.18473474725846
N            1.07548237916434        3.49482951848089        2.81697834004783
B           -1.77480821977805       -1.08504077670965        3.52107046382697
N           -2.27144782601649       -3.74823717126482       -0.27347809393218
B            3.16865007634083       -1.11663834528333       -1.09733548085930
N           -3.03251524266691       -1.41572480647677       -0.12056985149308
B            2.07522390927649        2.72478793952727        2.12599046866917
N           -0.31249755973146       -2.93740998350416       -2.17938014846607
B           -1.48699532602357       -2.16211940313700       -2.22887319263426
N            0.65558483168073        3.82562638032732        0.47319067953387
B            1.23248456799432        2.96566840042418       -2.62748124576846
N            0.20476303018291       -4.57923653818214        1.91389770005624
B           -1.70561636565752        3.30292927307910        0.09909673914000
N           -1.96212507437715        3.19918818880139        1.53211361504645
B            1.59620301085954       -4.40319660766784        1.72682449677916
N           -0.79116948114325        0.72011529226309        4.62575916580756
B           -2.50553934288640       -2.52232034157949       -0.95030813765904
N           -0.93068272080650       -4.68219245950742        1.15613145434857
B           -2.35891910742630        0.41325559871804       -1.74763861812538
N            2.50045981827006       -4.02457290043394        0.71591589977561
B            4.00277166871007       -0.33699727939087        1.18465230763023
N            2.07054210174577        1.94286320791302       -1.93954698266490
B            1.17911046373159        2.32671598895922       -4.09984318237054
N           -4.07935779601477        0.65399858815633       -0.00562672288882
B           -1.19387780508263        2.43233525979563       -2.63784209239998
N           -2.22488218095382        1.86332669633575       -1.87532897143900
B            3.20512447783238       -2.78262663249777        0.93465722047959
N            2.50771604411805       -3.74514463101806       -0.69610092855703
B            2.25220311301452        0.28890563839554        3.25648756211553
N           -2.00816965164288        0.28338783952646        3.97836524265923
B           -0.93160094706958       -4.31868519769875       -0.26285343963284
N           -3.09353503351939       -0.09631262903493       -0.63514681092124
B            3.56162065617568        1.17881923614034        0.00248722853101
N            2.61340477412481        1.41814364830623        2.44407038712820
B            1.67031506277077       -1.52423125681755       -3.16189873914551
N           -2.06941869950408        1.46362730900422        3.18539909550991
B            2.20859782860508        0.73476316318077       -2.74063118378293
N           -2.63744749032364       -1.61509986708059        2.57914712495813
B            0.86419844609362       -0.47355545893077       -4.10160644245560
N            0.01460090262777       -3.84141945652973       -1.13738259874874
B            0.54963180233175       -2.40374552027322        3.73435916383836
N           -0.54685842327904       -1.53249305772648        4.13341296160032
B           -3.12867279761706       -1.67889305521988        1.25071906329215
N            2.73212156944891       -1.09182715846131        3.02309357015986
B            1.95315180697165        3.21849630441731        0.47466345961967
N            3.02910639650543       -2.40759430154760       -0.44685411537919
108
 energy: -224.029624958666 gnorm: 0.002889837657 xtb: 6.7.1pre (5071a88)
F            5.07517326704890        2.19137815975168        6.61632124625857
C            4.11346104037755        1.85245844998037        5.72465773070934
F            3.81232553250263        2.98118559260484        5.07011441020647
C            2.93619805664389        1.20804265660146        6.39218727612534
C            1.76569363288112        1.92042816727050        6.60940885394858
C            0.71258851103286        1.31677840998543        7.27362924061330
C            0.82087363520579        0.00779546440736        7.72123267501760
C            1.98720328078563       -0.70512734154542        7.47071114143677
C            3.04655328983305       -0.11155396155401        6.81456402419164
C           -0.31008934567482       -0.67472675554948        8.47106471312800
C           -1.14325112947685        0.29593685728808        9.28401809718680
C           -0.50946597946903        1.01646895493630       10.28605425991536
C           -1.23159052168653        1.88675041374547       11.07692429659506
F           -0.58996525661712        2.58744194422008       12.04268191641102
C           -2.59375681702051        2.05665957933394       10.90871419375358
C           -3.22744092000091        1.34584293783859        9.91185908329215
C           -2.52286220796101        0.46584243921923        9.08356701801002
N           -3.20477712240905       -0.25826760215833        8.13302583545574
C           -2.45885388121959       -0.80817966049243        7.03575937789754
C           -3.08168741168117       -2.00918788141344        6.31238652990234
O           -4.16914244895045       -2.11577382862026        5.80787197630202
N           -2.09754331133762       -2.95312761675958        6.34559088007866
N           -1.00382605778463       -2.60528160188472        7.09115514458899
C           -1.17336550602673       -1.41294588349284        7.51331295569958
F            4.72516518448210        1.04363963827048        4.84065902422026
H            1.67710629516309        2.93553319972277        6.25640884417424
H           -0.19458560177391        1.87424610106403        7.44633133674380
H            2.06059892503536       -1.73333626803750        7.78892721422693
H            3.95297152646231       -0.66488561345004        6.62348259701794
H            0.14357995621214       -1.40804942269989        9.14822719939171
H            0.55142894530330        0.90360092477162       10.44680692942576
H           -3.13733581855416        2.73653900911930       11.54446331510093
H           -4.29021288070396        1.46403330611386        9.76075473806131
H           -4.14477944138269        0.03745037277992        7.91620111011333
H           -2.24269159795843       -0.05479056374066        6.25883336107900
H           -2.12493969060608       -3.85898730578321        5.90603167986141
B            3.55330056272671       -1.64377642350927        2.02118985407629
N            3.50840087037606        0.96004592207655        1.44255410796840
B            2.66526909227769        2.30360158965555       -0.70971335513815
N            2.46351586959041       -0.64201660645936       -2.32033841788397
B            0.78937482161170       -3.82702157647689        2.94094189742314
N           -2.82835780838098       -2.90512265608636        1.91499144248959
B           -1.00144830350360        3.83581601302206        2.38290152496009
N           -0.42889339624473        0.04425675415409       -3.55764368499843
B           -0.29317348035729        1.47871444014809       -3.63852263460683
N            1.39879239822835       -3.84265766909810       -1.49616670170983
B           -3.74386688855852        2.04491372024843       -0.08112152182145
N           -2.66290196508233        2.64084973470202       -0.74985846655360
B            1.60644930726020        0.90716775437345       -4.42399478866278
N           -0.21386222940126        3.07571264548520        3.37169672523376
B            1.09909186764171       -2.88876954538882       -2.53378101815020
N           -0.39737313576814        3.65653523025062       -0.45445478312891
B           -0.78146634954127        1.87158875966863        3.74979924140947
N            1.71315370851408       -1.57506508474274        3.87618776234001
B           -0.12356810290727        3.42398257850915       -1.83111569026633
N            1.34184198509701       -0.24938445621842        4.23989429560003
B           -1.41733511357068       -0.58178830498204       -2.74810422784922
N           -3.74824212255642        1.54939346245865        1.22268024698737
B            0.38304716056482        4.29416747521969        1.78775612458554
N            0.06296082791926       -0.37582792600342        4.83820456752848
B           -2.64822631512612        1.97587201803573        2.03325086560258
N            3.89786073547448       -0.20876827199967       -0.30774268033284
B           -2.11900537209458       -3.84997514340214        1.18361788762764
N            1.08344355385532        3.48771255725215        2.81926925089731
B           -1.77182629856960       -1.08918044675603        3.52029765440940
N           -2.27280096121885       -3.74814162744535       -0.27436873424106
B            3.17018361413410       -1.12233146790006       -1.09928419855090
N           -3.03016753852597       -1.41462410035106       -0.11852575713973
B            2.08154527394685        2.71695533407256        2.12759780062353
N           -0.31316927126451       -2.93777279654561       -2.18031043436816
B           -1.48691037041123       -2.16111601123048       -2.22850653480337
N            0.66404378944829        3.82285978469730        0.47601480900901
B            1.23834215261670        2.96334241480527       -2.62527786505477
N            0.20379082389802       -4.58304224527945        1.91094759963128
B           -1.69785216161489        3.30272826517972        0.10295059095727
N           -1.95366205879400        3.19784550625148        1.53593000739965
B            1.59548927409689       -4.40992773224562        1.72317860250278
N           -0.78558095529191        0.71346349252774        4.62666504950689
B           -2.50507225383637       -2.52085869289230       -0.94954469898681
N           -0.93227544867119       -4.68437247677274        1.15397174947872
B           -2.35532830746935        0.41467402129246       -1.74487779876846
N            2.49936784494662       -4.03128063627609        0.71164794182002
B            4.00484036763361       -0.34629397921269        1.18288813742010
N            2.07574385071370        1.93928956282578       -1.93852606364620
B            1.18329591048522        2.32533074772680       -4.09801504222828
N           -4.07454546422441        0.65646813380297       -0.00222768934667
B           -1.18869914920448        2.43318854840177       -2.63493511304541
N           -2.21965159859056        1.86466929394115       -1.87194318685664
B            3.20432284286439       -2.78997105482978        0.93170556825841
N            2.50645514813010       -3.75068629162701       -0.69993608467843
B            2.25513753163576        0.27954910830811        3.25628234724223
N           -2.00341509275199        0.27935781812526        3.97935990613934
B           -0.93341512913755       -4.31963776933441       -0.26467776780247
N           -3.08948303135314       -0.09465219816356       -0.63187276697507
B            3.56635273836232        1.17152852100596        0.00185703360212
N            2.61710513123751        1.40890638869831        2.44399236503996
B            1.67029962515736       -1.52684925482752       -3.16341097684369
N           -2.06319238344515        1.46068994591503        3.18805205874216
B            2.21153168482881        0.73158788343570       -2.74049755340003
N           -2.63865835743627       -1.61836279456800        2.58151452424978
B            0.86462553250009       -0.47457568094472       -4.10180972405553
N            0.01322517543037       -3.84259651360414       -1.13868506397787
B            0.55193138415665       -2.41075404721751        3.73336660191781
N           -0.54385654443588       -1.53832905245987        4.13104617338492
B           -3.12924056753507       -1.67994714942042        1.25230253652940
N            2.73448072067535       -1.10094724131956        3.02307539625559
B            1.96043466834521        3.21317599682429        0.47662669773736
N            3.02871855005161       -2.41334876897228       -0.44946514689108
108
 energy: -224.029666073980 gnorm: 0.002958665276 xtb: 6.7.1pre (5071a88)
F            5.05085585209271        2.23237033998425        6.61681363475264
C            4.10184335958524        1.86850563747081        5.72150789995177
F            3.79447940738680        2.98295261494245        5.04769990674693
C            2.92748999166270        1.21963855066747        6.38889352636042
C            1.75332542948017        1.92646004546644        6.60468903051273
C            0.70259158632242        1.31864510078183        7.26824269952245
C            0.81562663825626        0.01024067891004        7.71668339278503
C            1.98593027409751       -0.69699568913666        7.46918977585201
C            3.04304709587697       -0.09878637218193        6.81406704463295
C           -0.31338279135235       -0.67554685077657        8.46546930021536
C           -1.14147054515622        0.29404776023343        9.28479178635594
C           -0.50128899029460        1.00852252463931       10.28683751279156
C           -1.21742559571565        1.87836309639381       11.08340728016682
F           -0.56907641282155        2.57181523590928       12.04919268384913
C           -2.57980520662447        2.05310306618853       10.92037734660219
C           -3.21966039635844        1.34828055229195        9.92354636146574
C           -2.52106193222069        0.46926299519295        9.08919126484391
N           -3.20739965760339       -0.24873131141160        8.13760278470919
C           -2.46736419709802       -0.79997314996205        7.03662689769211
C           -3.09600028277902       -1.99798409503911        6.31381704965899
O           -4.18428732326004       -2.10059840937158        5.81028411644370
N           -2.11553591323511       -2.94526903507543        6.34374290042044
N           -1.01829444374137       -2.60219478352100        7.08510914449703
C           -1.18171248440666       -1.40953592184498        7.50853375109228
F            4.72987714964358        1.05279917631861        4.85467079102874
H            1.66087102939151        2.94071201149847        6.24986200265018
H           -0.20747799795137        1.87178216520688        7.44016107445602
H            2.06479947911471       -1.72436711292293        7.78868447004475
H            3.95243371265164       -0.64797670222809        6.62472685134726
H            0.14115376728196       -1.41202376051307        9.13883589840201
H            0.55890497205994        0.88980128389497       10.44462707631990
H           -3.11914132845210        2.73197152403898       11.56055919930912
H           -4.28216932192783        1.47158279664507        9.77640808430429
H           -4.14787846488006        0.05006407703881        7.92715942672241
H           -2.25235215818804       -0.04594625192891        6.25974310240269
H           -2.15107753256304       -3.85197204288243        5.90576019737188
B            3.55242273417848       -1.65051021625697        2.01923838321850
N            3.51056875891535        0.95299006270664        1.44149143322033
B            2.66973346934430        2.29945912659051       -0.70965040487371
N            2.46395610233343       -0.64495596927624       -2.32207443776171
B            0.78889217809743       -3.83166462809741        2.93879775653108
N           -2.82911896160313       -2.90563252778882        1.91328203559131
B           -0.99448248109581        3.83302895954915        2.38564545112384
N           -0.42792113822320        0.04407919659684       -3.55818102965584
B           -0.29010662727117        1.47848842994793       -3.63813684773628
N            1.39639939940293       -3.84519997649140       -1.49891715012939
B           -3.73854312581768        2.04687967562256       -0.07906353154599
N           -2.65733099655084        2.64203336886728       -0.74789759818455
B            1.60731178389641        0.90566794595876       -4.42516867458511
N           -0.20790625516790        3.07172647437191        3.37470073255602
B            1.09749007865404       -2.89079956831915       -2.53632578230764
N           -0.39103170312081        3.65649089347281       -0.45318019199465
B           -0.77618552605139        1.86712776921892        3.75147694124914
N            1.71448148788005       -1.58134169567259        3.87644630649136
B           -0.11791733562261        3.42371073705560       -1.82998256293400
N            1.34385377464678       -0.25530083992831        4.24013738241397
B           -1.41662111943054       -0.58106562242234       -2.74837512971917
N           -3.74461270118496        1.55114830411919        1.22468084840428
B            0.38994103469043        4.29076803919844        1.78978927957060
N            0.06466074347335       -0.38172506062838        4.83808712006411
B           -2.64300515654998        1.97530922511419        2.03458562128300
N            3.90016995778695       -0.21451056466077       -0.30981540320973
B           -2.12093903786487       -3.85128969073973        1.18187455063223
N            1.08908555316435        3.48183947025473        2.81973962822364
B           -1.77030723706620       -1.09210846436508        3.51978707470478
N           -2.27511269488627       -3.74823837627539       -0.27603072615207
B            3.17065527204346       -1.12673574565907       -1.10130963127342
N           -3.02867750384938       -1.41340750242014       -0.11793983318359
B            2.08637474606825        2.71119622411259        2.12804040487377
N           -0.31472675095231       -2.93855984085853       -2.18233769952565
B           -1.48762121977783       -2.16044369954133       -2.22921155566533
N            0.67096891988093        3.82186170719132        0.47702619693957
B            1.24317398599515        2.96189686970168       -2.62489603901901
N            0.20162127012283       -4.58559362209161        1.90849287271260
B           -1.69126868222798        3.30275944551624        0.10472715208451
N           -1.94652463832999        3.19657582258578        1.53771656623525
B            1.59357634216081       -4.41533548215435        1.72025305080847
N           -0.78307832230182        0.70871008610145        4.62856660159683
B           -2.50544800104289       -2.51964466010837       -0.94978579181967
N           -0.93452651192337       -4.68582976967510        1.15154438162790
B           -2.35244637261592        0.41584793450318       -1.74394579723279
N            2.49682002905188       -4.03597833000014        0.70818180069583
B            4.00599857581161       -0.35348600144016        1.18123210121197
N            2.07978476988314        1.93679709854432       -1.93877525162122
B            1.18697040707145        2.32408004024550       -4.09767408944736
N           -4.07079859873430        0.65881258268142       -0.00138594365050
B           -1.18400932585937        2.43360550399336       -2.63361659551578
N           -2.21512091989692        1.86575632075408       -1.87036495518691
B            3.20216265524407       -2.79530978156237        0.92909599454101
N            2.50437011854997       -3.75497195212303       -0.70313583087434
B            2.25705764001948        0.27307093169650        3.25567215730628
N           -2.00109029102109        0.27675428985181        3.97988688727877
B           -0.93585638385108       -4.32020515295442       -0.26678855182166
N           -3.08645421077192       -0.09318229666366       -0.63060716787714
B            3.56949600918886        1.16568539387216        0.00077036237984
N            2.62020189226790        1.40222999885316        2.44344463281938
B            1.66980092501782       -1.52898394447786       -3.16527848410193
N           -2.05762241826716        1.45780795757475        3.18816399019895
B            2.21350370418181        0.72916035221346       -2.74126835448972
N           -2.63899005363119       -1.62037908810525        2.58227826293145
B            0.86475087603800       -0.47577422961135       -4.10321477527033
N            0.01106824673301       -3.84386937421049       -1.14070833378403
B            0.55245527657954       -2.41597594030184        3.73254055565576
N           -0.54278636249527       -1.54236308785085        4.13045502193722
B           -3.12977993971449       -1.67997166833822        1.25271866210083
N            2.73539632909429       -1.10764576366994        3.02255409409035
B            1.96604688118202        3.20943070253091        0.47723410975881
N            3.02738090808284       -2.41781755096554       -0.45193651922869
108
 energy: -224.029704347407 gnorm: 0.003006571292 xtb: 6.7.1pre (5071a88)
F            5.02711038320582        2.26924924376237        6.61971351833938
C            4.09124466573798        1.88292871304881        5.72034940099232
F            3.77916142202215        2.98429277644380        5.02870596308300
C            2.91884073454555        1.23018766852989        6.38703808350072
C            1.74172388809226        1.93237906277410        6.60174867553925
C            0.69350606638073        1.32046482593654        7.26500137704204
C            0.81144291126241        0.01266981143776        7.71437682159697
C            1.98524516712789       -0.68945770934174        7.46942336636176
C            3.03994006915984       -0.08697485529916        6.81462171847023
C           -0.31573516876858       -0.67593131256939        8.46229700110992
C           -1.13977357829536        0.29219318433329        9.28738100902276
C           -0.49460854024729        1.00029129137457       10.29059191249042
C           -1.20553657582867        1.86987226895151       11.09241806859374
F           -0.55192386550233        2.55698138182090       12.05838821194607
C           -2.56764353146185        2.04983173729002       10.93265045817787
C           -3.21240972086233        1.35112822226323        9.93479874461059
C           -2.51885248909829        0.47287508442758        9.09494985299760
N           -3.20939233144611       -0.23887093662069        8.14184953135381
C           -2.47338147760667       -0.79020480194630        7.03759199333602
C           -3.10743898539767       -1.98438965001811        6.31382286421286
O           -4.19649924568229       -2.08249053607825        5.80981730901595
N           -2.13024035804065       -2.93569990789904        6.34097827731824
N           -1.03060592208531       -2.59802362934166        7.08028688949745
C           -1.18846117986283       -1.40511662459676        7.50554289322908
F            4.73463869866900        1.06234216579068        4.86994291031857
H            1.64569786904194        2.94596361268280        6.24578608620098
H           -0.21911098337619        1.86938640864106        7.43676555628762
H            2.06942666662502       -1.71580465013763        7.79062902176286
H            3.95222558316338       -0.63178598233436        6.62648246272411
H            0.13933564334555       -1.41575599622907        9.13182402231702
H            0.56637633938487        0.87691436081368       10.44417974861122
H           -3.10327746047011        2.72799598834711       11.57700871024869
H           -4.27556409757072        1.47784997224000        9.79215178037782
H           -4.14956688795837        0.06301635765238        7.93596843077724
H           -2.25887163975249       -0.03478391481568        6.26224410927607
H           -2.17164571808735       -3.84275064266753        5.90416847031283
B            3.55183060627404       -1.65718449160870        2.01684569085331
N            3.51359494924012        0.94645652335231        1.44060523336092
B            2.67343411585065        2.29517495356135       -0.70968685075163
N            2.46395525805358       -0.64775733801463       -2.32406781434471
B            0.78727286784327       -3.83670802991584        2.93609464974302
N           -2.82915209093870       -2.90601103952597        1.91059493063233
B           -0.98809397936347        3.82965251354734        2.38826592409721
N           -0.42712366847762        0.04373728325868       -3.55952311996937
B           -0.28707295934076        1.47804143302803       -3.63811119063331
N            1.39352534795607       -3.84734524808004       -1.50239591305613
B           -3.73353092942284        2.04838462016525       -0.07773472640595
N           -2.65204731346779        2.64294546221602       -0.74642642396272
B            1.60798885631878        0.90446711624079       -4.42659112990475
N           -0.20238680278624        3.06736844596735        3.37788804565245
B            1.09530824385878       -2.89249103055724       -2.53941135793626
N           -0.38503983428147        3.65623457655492       -0.45213985550140
B           -0.77144077553103        1.86204308012066        3.75222891432001
N            1.71414446827830       -1.58707785344161        3.87366851975890
B           -0.11241414452803        3.42341849290062       -1.82907831984888
N            1.34464454740780       -0.26096706696744        4.23800986284319
B           -1.41616776567095       -0.58061350528761       -2.74958333047542
N           -3.74126593324679        1.55224788375808        1.22589947002952
B            0.39612684817702        4.28703954734627        1.79168932401189
N            0.06617507275519       -0.38753385601475        4.83778029053797
B           -2.63822686067423        1.97398545860508        2.03510716061914
N            3.90126988292326       -0.22021760488604       -0.31176101544082
B           -2.12330824968160       -3.85314614707730        1.17913221340760
N            1.09415374136058        3.47570455721572        2.81994753651064
B           -1.76914281554230       -1.09533769394864        3.51961402003994
N           -2.27790178374841       -3.74870676404635       -0.27879583717154
B            3.17050606426915       -1.13109160251991       -1.10356751130486
N           -3.02776219788388       -1.41241536982369       -0.11853868811491
B            2.09113263962819        2.70568657408701        2.12842281671404
N           -0.31700690337360       -2.93989533789322       -2.18571051881191
B           -1.48888148175416       -2.16016207262898       -2.23109754835007
N            0.67749132440055        3.82091413578971        0.47789877303877
B            1.24776026295723        2.96081940114342       -2.62486492763275
N            0.19869314774712       -4.58883144596109        1.90540387196911
B           -1.68497879557324        3.30238056346202        0.10610915334847
N           -1.93979244325463        3.19466308066152        1.53916151902664
B            1.59087070432307       -4.42097993107047        1.71684620822887
N           -0.78152127657868        0.70392382048417        4.63114526840095
B           -2.50637003095988       -2.51887930568670       -0.95116888652125
N           -0.93724495565966       -4.68785716134891        1.14797596702334
B           -2.34994810727132        0.41686970011924       -1.74402217838548
N            2.49345035604706       -4.04043874545209        0.70455026983531
B            4.00721384249030       -0.36037844050783        1.17956819622462
N            2.08330552925810        1.93443096105935       -1.93927842305938
B            1.19066752288145        2.32315966602935       -4.09766449178853
N           -4.06763290490818        0.66081230391607       -0.00182522808508
B           -1.17924565703949        2.43373323552030       -2.63253403710039
N           -2.21080240062170        1.86667996984685       -1.86937013844364
B            3.19977842066414       -2.80060232045509        0.92607620412685
N            2.50169392669747       -3.75910670513318       -0.70662236716437
B            2.25942350736046        0.26715176877762        3.25494601315742
N           -1.99946305112803        0.27388301209728        3.98036907109241
B           -0.93874255839584       -4.32122028565879       -0.26998722262011
N           -3.08419170355907       -0.09204817556030       -0.63070778072104
B            3.57205854939136        1.15988874650174       -0.00024064243844
N            2.62389156394349        1.39601420577783        2.44303686922477
B            1.66903880160166       -1.53090440611778       -3.16765653511781
N           -2.05173599491433        1.45390980974857        3.18692859829141
B            2.21506760173708        0.72685061417972       -2.74237384376793
N           -2.63801643618945       -1.62232643075589        2.58179031854477
B            0.86490465085445       -0.47682690877910       -4.10539394198203
N            0.00827858955909       -3.84587696167831       -1.14425132720366
B            0.55218385368100       -2.42136014295431        3.73103550795351
N           -0.54234070686756       -1.54658035698499        4.13077754835848
B           -3.12934280734350       -1.67964015787932        1.25210555847233
N            2.73619883324377       -1.11419949875979        3.02110822757213
B            1.97121031748890        3.20571245676945        0.47778377655266
N            3.02571615333249       -2.42244052911065       -0.45483265064631
108
 energy: -224.029743374407 gnorm: 0.002977350119 xtb: 6.7.1pre (5071a88)
F            5.00062790854644        2.30800721278615        6.62143459345664
C            4.07894799316196        1.89612462308637        5.71874193904566
F            3.76016084228743        2.98307926040673        5.00691563610122
C            2.90873838766800        1.23899856446697        6.38532184423227
C            1.72888958423149        1.93682856442021        6.59893854169322
C            0.68376517441342        1.32084417104127        7.26297937906322
C            0.80767930786030        0.01410156897004        7.71423807794529
C            1.98490884860756       -0.68284545398206        7.47170017745721
C            3.03667293384804       -0.07636618355888        6.81592530629584
C           -0.31721324482644       -0.67697866472639        8.46266850888854
C           -1.13736485795758        0.28966763511602        9.29316694009864
C           -0.48838186256258        0.99077080757674       10.29859600669239
C           -1.19432938880934        1.86071456687934       11.10424772567263
F           -0.53746536691723        2.54044890750960       12.07237859017368
C           -2.55598359794726        2.04679180492709       10.94599298339354
C           -3.20457265772453        1.35487030942076        9.94594419975614
C           -2.51572844839768        0.47672836939455        9.10218440440930
N           -3.21027701995219       -0.22733372887740        8.14631007450043
C           -2.47681479205202       -0.77919942680868        7.03985524204796
C           -3.11616236154921       -1.96909228956751        6.31398922814887
O           -4.20373415129325       -2.06162844294938        5.80638917384025
N           -2.14392853837998       -2.92583711585344        6.34104026285650
N           -1.04319513061644       -2.59446334222026        7.08068169971212
C           -1.19460869350219       -1.40082698230750        7.50655774253631
F            4.73974530239123        1.07116328262912        4.88692081283963
H            1.62859865670488        2.94947448506051        6.24157187387390
H           -0.23130492243878        1.86543097323281        7.43465935255742
H            2.07473635652740       -1.70773040551604        7.79582663816588
H            3.95197933853373       -0.61636433469232        6.62911090403956
H            0.13882507785621       -1.41987919744167        9.12796571096960
H            0.57143526471596        0.86061984110930       10.45133233508520
H           -3.08774672497620        2.72533255188199       11.59291897961233
H           -4.26636420613275        1.48699142194114        9.80415978077917
H           -4.14960062343136        0.07841204948857        7.94309976546823
H           -2.26048242010618       -0.02254685523110        6.26661912626571
H           -2.18993634099047       -3.83363989013353        5.90577223293234
B            3.55157348766667       -1.66420767956094        2.01406869754478
N            3.51768951789573        0.93984389088176        1.43952193687887
B            2.67728439931949        2.29026928004294       -0.71023039800934
N            2.46384019341632       -0.65112467963044       -2.32632334594365
B            0.78394478520554       -3.84168484538794        2.93291684348022
N           -2.82901735530613       -2.90527010098554        1.90711408541440
B           -0.98125046025125        3.82651066243969        2.38997170901854
N           -0.42619828684213        0.04328139859219       -3.56175393884316
B           -0.28345541884340        1.47739693890818       -3.63878402057503
N            1.38971980493058       -3.84950579947929       -1.50628029161698
B           -3.72834599706619        2.05060301115616       -0.07763530769674
N           -2.64634633144306        2.64435734218941       -0.74601147534057
B            1.60914718591360        0.90289239129155       -4.42832885115308
N           -0.19654019860728        3.06326183615575        3.38040239079153
B            1.09237038788766       -2.89420925494681       -2.54278321654716
N           -0.37845662608359        3.65593013402501       -0.45193644787974
B           -0.76673378393403        1.85730352816506        3.75161074904773
N            1.71238173551734       -1.59221608173841        3.86834296991502
B           -0.10618912455677        3.42305407959290       -1.82896316754638
N            1.34472305162478       -0.26618420345579        4.23380625738543
B           -1.41587740627981       -0.58006902436748       -2.75184893045823
N           -3.73776214530860        1.55403761081374        1.22587341761323
B            0.40283469975022        4.28326004751757        1.79267802734866
N            0.06757517315853       -0.39252838905367        4.83688086384736
B           -2.63337894146634        1.97307205875257        2.03445034716334
N            3.90174573772575       -0.22664470420025       -0.31373653242329
B           -2.12669012416110       -3.85465117201846        1.17582332983320
N            1.09959397812794        3.46957891123998        2.81928137237458
B           -1.76849966388399       -1.09794440839299        3.51950178322570
N           -2.28151987882818       -3.74862043169948       -0.28225987625970
B            3.16996511615528       -1.13610500092387       -1.10606666189007
N           -3.02734694652946       -1.41065054487762       -0.12014400114292
B            2.09653110875200        2.70020868492893        2.12820567582986
N           -0.32015756014068       -2.94139769452659       -2.18989914079153
B           -1.49069560966462       -2.15970619635306       -2.23381765924753
N            0.68459921325493        3.81986295361128        0.47797455818892
B            1.25299128237023        2.95953371013208       -2.62547836898901
N            0.19437588470910       -4.59241176422363        1.90183816918207
B           -1.67818735168854        3.30223416881639        0.10653768964016
N           -1.93272949880759        3.19304477553324        1.53966509555975
B            1.58678243255580       -4.42665214440004        1.71325486190579
N           -0.78036129109519        0.69995620753695        4.63348102447149
B           -2.50803379806041       -2.51775894062749       -0.95346148914287
N           -0.94118764524403       -4.68998856984008        1.14366501161587
B           -2.34744834454172        0.41836925941837       -1.74522411150559
N            2.48889756488138       -4.04500588612860        0.70103490177071
B            4.00876323076134       -0.36760431441078        1.17768874522222
N            2.08698488356039        1.93151961253085       -1.94029906755196
B            1.19523127136872        2.32205755364908       -4.09828679988580
N           -4.06475295658664        0.66365564792864       -0.00365206599073
B           -1.17378956542731        2.43390357934673       -2.63227595823037
N           -2.20611529333657        1.86799014813102       -1.86939013930095
B            3.19707443583916       -2.80635544964691        0.92280698204164
N            2.49800457753688       -3.76354345391196       -0.71015710484194
B            2.26248061696698        0.26165196273272        3.25384943501788
N           -1.99817187634398        0.27174677114426        3.98041864151066
B           -0.94268827942293       -4.32219911719222       -0.27389918578814
N           -3.08244172998308       -0.09026937851782       -0.63218868388961
B            3.57466780738972        1.15351883969804       -0.00148714454443
N            2.62854716901697        1.38996416826395        2.44229942120708
B            1.66805643534669       -1.53312382525712       -3.17040093722817
N           -2.04546196299022        1.45021002757040        3.18417034175983
B            2.21674806944999        0.72397315426392       -2.74394485304642
N           -2.63701586219633       -1.62332169605178        2.58062808802360
B            0.86528688216522       -0.47809714048233       -4.10819001297413
N            0.00442307497309       -3.84833167396126       -1.14886839772260
B            0.55086050561890       -2.42633530386887        3.72871266470798
N           -0.54259626658296       -1.55031176093856        4.13132914813826
B           -3.12828012224503       -1.67794210861097        1.25055785040162
N            2.73695313096261       -1.12072198958877        3.01872805429013
B            1.97685542606787        3.20170561257406        0.47768596259684
N            3.02370481935844       -2.42773488740959       -0.45803431060908
108
 energy: -224.029766408471 gnorm: 0.001810907240 xtb: 6.7.1pre (5071a88)
F            4.99982452372795        2.31101145679787        6.62063304983446
C            4.07786755305777        1.89806639056912        5.71880375640347
F            3.75688583394937        2.98500318020869        5.00726554811489
C            2.90811245133796        1.23957760195403        6.38509540680132
C            1.72805419374249        1.93710357723711        6.59868674081175
C            0.68326755829129        1.32085484216719        7.26337665108631
C            0.80815227427412        0.01434991273245        7.71497012811417
C            1.98545077119377       -0.68225503802662        7.47177023383714
C            3.03696928778180       -0.07566241279598        6.81529487348455
C           -0.31631360789994       -0.67729037932723        8.46428253741406
C           -1.13687083958663        0.28845619575677        9.29532861721985
C           -0.48902597150779        0.98913850169226       10.30195383547331
C           -1.19601368406902        1.85883116234392       11.10703460534204
F           -0.54062338208523        2.53937818857338       12.07616408671013
C           -2.55732896078664        2.04589276019889       10.94676689804439
C           -3.20481996874206        1.35443591369586        9.94550071153020
C           -2.51511277866607        0.47607666232456        9.10270367710524
N           -3.20924641179637       -0.22691415664544        8.14565702920742
C           -2.47479734740111       -0.77785447912259        7.03965491136940
C           -3.11429554522982       -1.96718842510796        6.31276125557512
O           -4.20205494871064       -2.05882936161128        5.80525947654273
N           -2.14264345725775       -2.92496954357136        6.34140711651845
N           -1.04231434434518       -2.59420723176265        7.08274756589526
C           -1.19353634197411       -1.40033340852073        7.50798013289004
F            4.74018104635454        1.07489198831832        4.88696233763695
H            1.62700806953038        2.94963959376015        6.24150982432813
H           -0.23189067039653        1.86529158488696        7.43485873138177
H            2.07538019625997       -1.70707337794061        7.79617618533395
H            3.95246273665106       -0.61529364611398        6.62878358044092
H            0.14019799721345       -1.42058204487735        9.12835872606107
H            0.57096433090677        0.85991850273208       10.45520326796906
H           -3.08970229273725        2.72485204946108       11.59289806560532
H           -4.26670477088417        1.48692702729944        9.80221950804535
H           -4.14810893577016        0.07975777212153        7.94023793898618
H           -2.25667406230543       -0.02114222144151        6.26678888105209
H           -2.18797531052429       -3.83263932355232        5.90651250650252
B            3.55218074744840       -1.66526517138127        2.01373962555000
N            3.51839668469372        0.93900169527793        1.43989012939474
B            2.67750189456724        2.28971950420460       -0.70960979201813
N            2.46401135385408       -0.65116733868078       -2.32617758704034
B            0.78271260196796       -3.84251387528092        2.93175141784925
N           -2.82944430789379       -2.90538175625140        1.90631655253173
B           -0.98092081308386        3.82598414996725        2.39037035621780
N           -0.42609378040238        0.04403346630376       -3.56193023917832
B           -0.28315190873408        1.47808511265634       -3.63848632261746
N            1.38908481964961       -3.84927164457083       -1.50708696019331
B           -3.72849906573524        2.05092829206884       -0.07765429749447
N           -2.64625922401491        2.64465934268646       -0.74576595911230
B            1.60973393173585        0.90357166638559       -4.42776156050931
N           -0.19624364799476        3.06229785386268        3.38035243241720
B            1.09192647958678       -2.89367340322177       -2.54323010425579
N           -0.37812837290549        3.65541590183804       -0.45110401301932
B           -0.76687444038165        1.85673878172776        3.75153360563046
N            1.71175521411215       -1.59311649958051        3.86668071159838
B           -0.10579506260764        3.42309381419166       -1.82816955091761
N            1.34458840447044       -0.26727210784524        4.23273814069829
B           -1.41598386431618       -0.57943225612364       -2.75231368797327
N           -3.73755951936293        1.55388499258038        1.22563774144465
B            0.40338638344816        4.28253440942188        1.79347130098566
N            0.06763112977221       -0.39331357543570        4.83640229372939
B           -2.63343386024469        1.97277757556152        2.03456245507884
N            3.90187843068745       -0.22737960858311       -0.31346903054977
B           -2.12747199085372       -3.85465490505855        1.17465065595429
N            1.10015906295857        3.46888563140776        2.82019647252513
B           -1.76874899037595       -1.09846379071784        3.51908781844549
N           -2.28211153136252       -3.74829167349396       -0.28344938468785
B            3.16997591843796       -1.13651511728352       -1.10612032422276
N           -3.02794907686841       -1.41039334321888       -0.12109368210342
B            2.09710536214562        2.69932730660042        2.12884413630574
N           -0.32069339454238       -2.94088916274363       -2.19066515379137
B           -1.49118455402638       -2.15922201759354       -2.23477702357554
N            0.68485290153299        3.81877162014121        0.47889443103517
B            1.25341577650750        2.95968887002153       -2.62463615244583
N            0.19340318970579       -4.59325409941629        1.90039487348475
B           -1.67809261876152        3.30208491756890        0.10709938895016
N           -1.93283689228588        3.19283048228925        1.54017111328468
B            1.58581966501073       -4.42709708358265        1.71219708273453
N           -0.78020152009061        0.69915506186063        4.63301140550533
B           -2.50872173980656       -2.51749347205535       -0.95464160518908
N           -0.94219226822075       -4.69048132896783        1.14225808753461
B           -2.34769075368507        0.41897119205085       -1.74563442340043
N            2.48833110737118       -4.04553483112163        0.70039796917000
B            4.00939720755551       -0.36845450665619        1.17774114324915
N            2.08706846907324        1.93127275855966       -1.93970119233384
B            1.19576121637778        2.32276890884192       -4.09767644701501
N           -4.06510982882854        0.66399439138620       -0.00389418846561
B           -1.17348557361255        2.43447630750790       -2.63185817216622
N           -2.20607479589348        1.86856529245105       -1.86931546910101
B            3.19715007392847       -2.80721632950573        0.92224670337486
N            2.49737819690211       -3.76373728863908       -0.71083210113016
B            2.26333804439997        0.26072355821603        3.25415556189095
N           -1.99807939697492        0.27100571901835        3.98014508418702
B           -0.94352946736204       -4.32230445461096       -0.27525286772928
N           -3.08301213645374       -0.08985703806525       -0.63291662392800
B            3.57484414144590        1.15281725198271       -0.00098255231062
N            2.62934449103192        1.38913421284389        2.44276233388640
B            1.66801061252642       -1.53261674455214       -3.17050079782681
N           -2.04585978159512        1.44988344644185        3.18440320234050
B            2.21696172981790        0.72400255379662       -2.74364844345023
N           -2.63711658460402       -1.62335027217834        2.57969161009095
B            0.86550698986279       -0.47728699971808       -4.10817779391553
N            0.00369120766354       -3.84826551483098       -1.15009444925314
B            0.55026885181706       -2.42710384883660        3.72757482006999
N           -0.54290594132925       -1.55123559191967        4.13073596292480
B           -3.12809542090555       -1.67770344830640        1.24956659274865
N            2.73731203996548       -1.12175388120508        3.01825789770729
B            1.97727177931775        3.20093062446485        0.47847487168043
N            3.02367182341253       -2.42827349897997       -0.45849542799029
108
 energy: -224.029812250096 gnorm: 0.003457531279 xtb: 6.7.1pre (5071a88)
F            4.99238559017300        2.32821119138831        6.61750660019471
C            4.07087376935678        1.90890546199074        5.71858621742663
F            3.73920826793666        2.99514837089231        5.00786674778959
C            2.90428128694369        1.24379938681828        6.38488898176718
C            1.72289886806329        1.93901851522413        6.59880448665806
C            0.68024473348528        1.32104499198158        7.26644624405029
C            0.81036505708693        0.01594973830674        7.72014592615530
C            1.98821071518895       -0.67853354089419        7.47384914661534
C            3.03790372528599       -0.07078254514219        6.81418384596797
C           -0.31144118093602       -0.67871247641149        8.47342329502552
C           -1.13415845728165        0.28400828556819        9.30580809993082
C           -0.49259534186587        0.98136325347772       10.31920925793013
C           -1.20479870611733        1.84946691103066       11.12143708241040
F           -0.55728392724849        2.52948705037719       12.09831812329052
C           -2.56442039126711        2.04083698261319       10.95175065967842
C           -3.20575066033338        1.35292463422234        9.94378011554793
C           -2.51134166424230        0.47502937738230        9.10455996989363
N           -3.20255418637843       -0.22281830525733        8.14140954941504
C           -2.46265475166848       -0.77078367727993        7.03835739463456
C           -3.10321126481486       -1.95760974332997        6.30742415965758
O           -4.19042764920111       -2.04334511904181        5.79800087042411
N           -2.13590214509258       -2.92086553440796        6.34346380882857
N           -1.03811680298271       -2.59394486617547        7.09327932978106
C           -1.18729642193858       -1.39872697894495        7.51527773067829
F            4.74013420204289        1.09325465517916        4.88708466801276
H            1.61758078666977        2.95068771852114        6.24133812207130
H           -0.23536997231282        1.86450219589528        7.43790429306044
H            2.07926886664395       -1.70318260653842        7.79883081581134
H            3.95368077189441       -0.60915868413774        6.62678679147471
H            0.14808355775588       -1.42299873625419        9.13298756439702
H            0.56680742338720        0.85229779076646       10.47887492494451
H           -3.09992180394616        2.72076643824143       11.59455739166591
H           -4.26690147153512        1.48827814095765        9.79181277212145
H           -4.13826816126590        0.08884824161940        7.92526256573579
H           -2.23513617502425       -0.01338448296894        6.26845862969158
H           -2.17790687726720       -3.82797954285213        5.90893713785815
B            3.55460927334886       -1.67131702956323        2.01149651335688
N            3.52237139717056        0.93445865122302        1.44167806784387
B            2.67896770364249        2.28673292477489       -0.70644023831936
N            2.46506699936038       -0.65132576740340       -2.32590849289565
B            0.77618190042261       -3.84749838116531        2.92541134346938
N           -2.83186430613727       -2.90589774622398        1.90157436160293
B           -0.97894784209495        3.82296918793080        2.39244754530793
N           -0.42535932446979        0.04826315251146       -3.56310693943657
B           -0.28144774945565        1.48199347851110       -3.63725000257775
N            1.38554949053702       -3.84808848241047       -1.51172044892736
B           -3.72900366434245        2.05288479224941       -0.07794937931086
N           -2.64550977418110        2.64647665127123       -0.74465081401207
B            1.61296369536494        0.90727803135501       -4.42530173114802
N           -0.19447908227680        3.05684443775841        3.38008944437673
B            1.08952604989588       -2.89086220303166       -2.54610899240177
N           -0.37601893108770        3.65282495147887       -0.44671841185017
B           -0.76765258296001        1.85335886008151        3.75138687846177
N            1.70788739376061       -1.59863927445171        3.85744289121444
B           -0.10333077349165        3.42345708619665       -1.82405525363005
N            1.34328977567605       -0.27352819384468        4.22636315066345
B           -1.41660039078600       -0.57580478307908       -2.75524330234628
N           -3.73642866597273        1.55333056083513        1.22425918705376
B            0.40661693359982        4.27853331236664        1.79787893325179
N            0.06774475603353       -0.39801405227578        4.83378580102414
B           -2.63367290484956        1.97132489779645        2.03510935528117
N            3.90275420895193       -0.23146934288903       -0.31244648377497
B           -2.13158467790323       -3.85454929796598        1.16791591040137
N            1.10339081807811        3.46479669818054        2.82511477782933
B           -1.77043364511865       -1.10141796955776        3.51674701525577
N           -2.28543709462305       -3.74644433882945       -0.29020882988609
B            3.17013312287367       -1.13877007610808       -1.10683687838037
N           -3.03102290421713       -1.40890942938357       -0.12622027246959
B            2.10030196142274        2.69453849604721        2.13211866955564
N           -0.32354593540188       -2.93815592784897       -2.19506028567406
B           -1.49376028825069       -2.15637600330325       -2.24007834320331
N            0.68650050244548        3.81305410410127        0.48385004414587
B            1.25601332906050        2.96068029770445       -2.62043271994511
N            0.18812562113770       -4.59785129602560        1.89252543322542
B           -1.67728109083680        3.30145254782309        0.10991984604900
N           -1.93308535097581        3.19174143253621        1.54270370870494
B            1.58056570213513       -4.42985491954310        1.70614222402551
N           -0.77960560408009        0.69446560844854        4.63066552801706
B           -2.51238903367899       -2.51584036569885       -0.96115591531271
N           -0.94764250673173       -4.69308447768835        1.13441962322287
B           -2.34853202199682        0.42223655877089       -1.74775448809688
N            2.48509304048184       -4.04862262177456        0.69640453524131
B            4.01259014658314       -0.37334416290997        1.17777040278307
N            2.08800390709846        1.93018173725454       -1.93678857750012
B            1.19876647976968        2.32655444982653       -4.09473822172579
N           -4.06668123620475        0.66600958364060       -0.00537687377848
B           -1.17160900531566        2.43768938550929       -2.62983011865147
N           -2.20557529309759        1.87179757052939       -1.86910801078219
B            3.19704368099086       -2.81199925949348        0.91879487698379
N            2.49397310351443       -3.76511221181686       -0.71492598701063
B            2.26719172765137        0.25527557562387        3.25488641236209
N           -1.99786895834683        0.26700714809828        3.97847584455414
B           -0.94811593342560       -4.32278030706203       -0.28269801757437
N           -3.08556368036910       -0.08756077497787       -0.63671202066139
B            3.57604755334578        1.14888123715552        0.00138006671558
N            2.63359050593479        1.38459550466181        2.44500520445006
B            1.66782698230284       -1.53000631484442       -3.17149447456861
N           -2.04797573665949        1.44805321562496        3.18571659959205
B            2.21839437546049        0.72428997120876       -2.74244417346919
N           -2.63779212632988       -1.62365370170049        2.57442328259562
B            0.86674732268825       -0.47295522180038       -4.10848204916122
N           -0.00027636769894       -3.84777700212345       -1.15664788001796
B            0.54671068141023       -2.43202270568478        3.72165909126823
N           -0.54507641324918       -1.55651674425169        4.12791846482340
B           -3.12738573914629       -1.67650009584145        1.24421486804066
N            2.73852172866923       -1.12790614864189        3.01529131441712
B            1.97974119315825        3.19679888305708        0.48260264129720
N            3.02328496283283       -2.43137784335944       -0.46141755059695
108
 energy: -224.029828891861 gnorm: 0.002688817778 xtb: 6.7.1pre (5071a88)
F            4.98942950260588        2.33161828206496        6.61764500795010
C            4.06892505312396        1.91125473040379        5.71816545601423
F            3.73680536589046        2.99703002459350        5.00715758490216
C            2.90298426839047        1.24550922905093        6.38485676275595
C            1.72128191557072        1.93992572812139        6.59941967975434
C            0.67946464919093        1.32154161142625        7.26776997096510
C            0.81052080931599        0.01666837137245        7.72176764895471
C            1.98857786458226       -0.67725259027007        7.47485715871740
C            3.03736634195263       -0.06899093661229        6.81449063434374
C           -0.31064590818016       -0.67853373353178        8.47510412295284
C           -1.13402626293918        0.28401712840006        9.30713462092859
C           -0.49340674358446        0.97991863944966       10.32202373216461
C           -1.20606874062824        1.84771525991834       11.12408266686901
F           -0.55925140225105        2.52571775640867       12.10252620011259
C           -2.56534932745189        2.04003862083403       10.95296004242799
C           -3.20574938958472        1.35341324681516        9.94368756447654
C           -2.51077202233798        0.47595004336558        9.10447165400874
N           -3.20109823804717       -0.22141168924890        8.14043307032793
C           -2.46018548511143       -0.77018966682767        7.03822899037643
C           -3.10070601228618       -1.95657897807124        6.30670241325743
O           -4.18718687721837       -2.04131885029684        5.79558461497819
N           -2.13468458330377       -2.92066336511046        6.34427578738645
N           -1.03739747662490       -2.59439018880072        7.09475551974394
C           -1.18591089134915       -1.39900596737968        7.51641649141198
F            4.73843514864015        1.09552499113868        4.88684678907761
H            1.61525801842548        2.95143715369525        6.24155330285001
H           -0.23643612311873        1.86442166266500        7.43967500371915
H            2.08063738541508       -1.70175044966250        7.79999492142580
H            3.95336820165427       -0.60692485790669        6.62658667979663
H            0.14927711825759       -1.42230783969910        9.13519933206450
H            0.56546837420666        0.84950958863338       10.48343605573970
H           -3.10125640180832        2.71925637086070       11.59603718278877
H           -4.26643517303962        1.48910000040934        9.79067739602752
H           -4.13611559603339        0.09099312921725        7.92350313135155
H           -2.23166950052163       -0.01257835429025        6.26915383404987
H           -2.17660710861130       -3.82786248637759        5.90944014769784
B            3.55422885689187       -1.67271511318923        2.01077355884306
N            3.52304732958878        0.93345902498533        1.44188187507195
B            2.67946831790471        2.28620285583967       -0.70597727205860
N            2.46527913006328       -0.65124782262028       -2.32628480866744
B            0.77523107347139       -3.84876505374967        2.92417733209088
N           -2.83238962575936       -2.90600972937632        1.90031377001815
B           -0.97832405701533        3.82226721162232        2.39300854881016
N           -0.42505577916256        0.04922184192571       -3.56330460594256
B           -0.28095378674479        1.48294460193874       -3.63712356384676
N            1.38490272418036       -3.84794910572443       -1.51292666462932
B           -3.72867900332885        2.05346283792071       -0.07793736395156
N           -2.64504058156067        2.64703781440376       -0.74442018197057
B            1.61351206867255        0.90807325180668       -4.42532941349733
N           -0.19397520793303        3.05564156759751        3.38033421406953
B            1.08913620002235       -2.89043595542177       -2.54712132569753
N           -0.37527954869452        3.65268432186633       -0.44595683847643
B           -0.76763496081144        1.85238077463216        3.75168189077380
N            1.70698155263572       -1.60015794216104        3.85599851240909
B           -0.10256573927954        3.42376228011540       -1.82338784598232
N            1.34273069086481       -0.27501766427401        4.22524325772309
B           -1.41644682594551       -0.57490048366171       -2.75566653914247
N           -3.73614649514246        1.55351137088961        1.22412744438595
B            0.40744117180158        4.27774850660133        1.79885655526951
N            0.06754244785299       -0.39937773396399        4.83336971884560
B           -2.63348355351740        1.97113752363303        2.03524792847174
N            3.90297558390018       -0.23227046502209       -0.31260057156628
B           -2.13223545482207       -3.85454163458661        1.16635190068369
N            1.10408970932560        3.46364490561919        2.82596475146285
B           -1.77090491775689       -1.10216039913951        3.51619681022181
N           -2.28609885548066       -3.74606351846889       -0.29171061256004
B            3.17021258500670       -1.13918395366710       -1.10732798032941
N           -3.03127153644785       -1.40847425111395       -0.12708861989691
B            2.10089165664541        2.69346532016622        2.13263191762782
N           -0.32397149673509       -2.93766950424534       -2.19617447164394
B           -1.49406619992621       -2.15565531384024       -2.24111269594506
N            0.68717113061218        3.81237596381580        0.48475492546238
B            1.25674695511012        2.96105626486375       -2.61988320600336
N            0.18718367542236       -4.59864649481305        1.89099391897806
B           -1.67672035717733        3.30152829534138        0.11041382714555
N           -1.93265451042748        3.19156668649621        1.54315323020843
B            1.57962584964344       -4.43071782479918        1.70469286564665
N           -0.77975288749425        0.69322920932422        4.63055486630857
B           -2.51281535846727       -2.51525447425128       -0.96233696838971
N           -0.94858596565034       -4.69347040859510        1.13274796234570
B           -2.34840973271490        0.42299168093494       -1.74809881299879
N            2.48432442237631       -4.04939386779937        0.69510710743663
B            4.01277131250644       -0.37455099831034        1.17758463901539
N            2.08858287955979        1.93024422058634       -1.93649956829038
B            1.19945722018689        2.32732492375802       -4.09437105521313
N           -4.06656099316714        0.66660436007653       -0.00566035509044
B           -1.17105529779744        2.43850391000320       -2.62956763269478
N           -2.20520428820122        1.87260554758472       -1.86909636679042
B            3.19652521585742       -2.81299249804777        0.91780572230186
N            2.49337171989564       -3.76559166079091       -0.71613758710708
B            2.26727239620253        0.25386622267612        3.25458514095758
N           -1.99803246568792        0.26619491155971        3.97805373080660
B           -0.94890877692672       -4.32274252626838       -0.28422245430216
N           -3.08551654241907       -0.08698238842022       -0.63720917399272
B            3.57639009917837        1.14804245310539        0.00156754111976
N            2.63413906185278        1.38346751277895        2.44524324673914
B            1.66779304035798       -1.52955720175196       -3.17208384518167
N           -2.04807361076785        1.44755695263713        3.18593964528057
B            2.21882877548289        0.72451527674989       -2.74251089344717
N           -2.63798837907964       -1.62395601551591        2.57338865464985
B            0.86696490184323       -0.47208613327115       -4.10882223357953
N           -0.00091645383779       -3.84755399257579       -1.15788550333445
B            0.54588669266960       -2.43347195119567        3.72078861348681
N           -0.54578413042993       -1.55773944115815        4.12767730520105
B           -3.12759339855576       -1.67639603823292        1.24329848504783
N            2.73814461801327       -1.12948768156751        3.01459627117489
B            1.98040716080272        3.19609202331580        0.48330997690383
N            3.02299879551368       -2.43202779995281       -0.46231080318094
108
 energy: -224.029878010091 gnorm: 0.001363024159 xtb: 6.7.1pre (5071a88)
F            4.97598629143377        2.34684410549876        6.61750335122391
C            4.05955406993889        1.92162026565363        5.71593593462724
F            3.72602592815544        3.00479726369703        5.00293529142653
C            2.89630337514246        1.25332013052014        6.38432291985565
C            1.71315088660136        1.94415740909746        6.60203756570392
C            0.67524468127633        1.32371812029336        7.27379428929394
C            0.81066099232764        0.01972647277603        7.72896628685306
C            1.98997980066350       -0.67131609658930        7.47949440850226
C            3.03458712029210       -0.06057748000467        6.81577446418605
C           -0.30716684413282       -0.67787567929650        8.48332318990656
C           -1.13370118653803        0.28335071813189        9.31407958754473
C           -0.49703448388622        0.97239444336197       10.33585597746901
C           -1.21153845940221        1.83887684784728       11.13756162121103
F           -0.56759270444532        2.50760754966594       12.12303670167408
C           -2.56924992996500        2.03597340024030       10.95942499310160
C           -3.20571015547291        1.35573590528628        9.94373986379405
C           -2.50847556950725        0.47974057166708        9.10469406525809
N           -3.19487978343561       -0.21433823920038        8.13582949054006
C           -2.44916908270199       -0.76734426017493        7.03797868101937
C           -3.08970221798631       -1.95160184634214        6.30367391138398
O           -4.17232807286840       -2.03171079301021        5.78344353174626
N           -2.12938156989934       -2.91967191986373        6.34901847083212
N           -1.03454109894689       -2.59673794173868        7.10304798055616
C           -1.18010701415189       -1.40049463824753        7.52302889999123
F            4.73059359443144        1.10506579917014        4.88605399010939
H            1.60408704756142        2.95511846418149        6.24285368819394
H           -0.24171156392978        1.86404954171173        7.44874517318407
H            2.08684385419988       -1.69506728492772        7.80545297014790
H            3.95166808336018       -0.59622768347597        6.62534093761254
H            0.15449660447005       -1.41928243648362        9.14561176056819
H            0.55969815985836        0.83616497790080       10.50462226464502
H           -3.10682089103294        2.71284490368639       11.60321931070524
H           -4.26443189205555        1.49439608535385        9.78523264204862
H           -4.12693328861025        0.10196435536408        7.91520171776495
H           -2.21514880361893       -0.00924715986699        6.27206650512852
H           -2.17134680498602       -3.82683684482781        5.91261009069919
B            3.55222919253148       -1.67911097960418        2.00740342638624
N            3.52618188532978        0.92873378125406        1.44262699926384
B            2.68181127972968        2.28362817172021       -0.70410969447694
N            2.46620962576505       -0.65098708637211       -2.32825680199901
B            0.77098618702515       -3.85435375617486        2.91848569249953
N           -2.83484792543917       -2.90653786218720        1.89440879023217
B           -0.97515352478310        3.81914171920822        2.39549736727924
N           -0.42363078577598        0.05362584465837       -3.56449927823346
B           -0.27864628740388        1.48735186169119       -3.63692441457960
N            1.38202139815013       -3.84741449740734       -1.51865262333205
B           -3.72673540864804        2.05621014441275       -0.07797109677839
N           -2.64251037264137        2.64970982323385       -0.74350019580393
B            1.61594719372263        0.91150072110640       -4.42581988783431
N           -0.19148179444845        3.05025783268709        3.38152762979018
B            1.08740690189044       -2.88867513734160       -2.55202475966720
N           -0.37159148045191        3.65237941436846       -0.44287985922510
B           -0.76726420111724        1.84797937846069        3.75305508962149
N            1.70279590641986       -1.60686081246688        3.84962517368117
B           -0.09881468431095        3.42532391732002       -1.82071741294614
N            1.34011860377196       -0.28163686767360        4.22036547507967
B           -1.41603332811019       -0.57070363094587       -2.75828673482415
N           -3.73465333976089        1.55453659298896        1.22347321476039
B            0.41141146712651        4.27425496493898        1.80299652414328
N            0.06646750998233       -0.40556149399234        4.83161602017013
B           -2.63217441534822        1.97035900627341        2.03561769025597
N            3.90399148786994       -0.23600520941067       -0.31351963920514
B           -2.13525431543962       -3.85461219380645        1.15914995020849
N            1.10735295435086        3.45827198972504        2.82940618880233
B           -1.77299995729604       -1.10547621136065        3.51362405106673
N           -2.28916465884671       -3.74440991182006       -0.29861163141856
B            3.17054884446995       -1.14115378423280       -1.10975760308486
N           -3.03212866314358       -1.40638843518435       -0.13103822109405
B            2.10365769426559        2.68847639978044        2.13468632605376
N           -0.32580108062463       -2.93533782865997       -2.20133636520187
B           -1.49519553749279       -2.15201818067087       -2.24557749234685
N            0.69060667732100        3.80967157990466        0.48845010653264
B            1.26025175170865        2.96262448928491       -2.61778623728499
N            0.18283280425702       -4.60200836767403        1.88398719284478
B           -1.67373963871031        3.30207861488178        0.11242680373642
N           -1.93018709777766        3.19083010170325        1.54496964708000
B            1.57531060523466       -4.43470317449465        1.69798237774623
N           -0.78063542989488        0.68768658988192        4.63031108252295
B           -2.51460552576033       -2.51247288704432       -0.96763120096858
N           -0.95285829633435       -4.69510668742614        1.12508300495000
B           -2.34729451386644        0.42647124768733       -1.74956391445244
N            2.48064798100885       -4.05295142236607        0.68896877797146
B            4.01338266720983       -0.38022793533972        1.17658499585337
N            2.09140047500902        1.93046994629619       -1.93549746614509
B            1.20267543388202        2.33061707982144       -4.09299633736802
N           -4.06560189774320        0.66948032419824       -0.00710434362432
B           -1.16830064086233        2.44227655869645       -2.62856928120797
N           -2.20311984911843        1.87632941415401       -1.86910415041541
B            3.19390710832601       -2.81754046558363        0.91319180043794
N            2.49067551067416       -3.76788115585237       -0.72187063713865
B            2.26744470147544        0.24746580508318        3.25309075253163
N           -1.99880332720739        0.26262931378112        3.97595380636751
B           -0.95247289909932       -4.32248465904793       -0.29124752558099
N           -3.08481267555676       -0.08424836891655       -0.63939352670105
B            3.57798541176678        1.14404544289120        0.00219773593955
N            2.63650668076901        1.37811890793469        2.44601092121776
B            1.66766865931627       -1.52766663356333       -3.17506063636448
N           -2.04801432970189        1.44532655461517        3.18655793302385
B            2.22092928987082        0.72544117542111       -2.74306231805231
N           -2.63872827514385       -1.62541015003435        2.56866971632751
B            0.86796427393575       -0.46827384894062       -4.11059071821923
N           -0.00373538003269       -3.84652343028711       -1.16364052162815
B            0.54209169989201       -2.43987321924460        3.71683709931545
N           -0.54905531363454       -1.56314175961550        4.12681468517744
B           -3.12880882440341       -1.67595460669946        1.23914187246323
N            2.73632161723045       -1.13661089066230        3.01147001233127
B            1.98360280662980        3.19287034043664        0.48623370982985
N            3.02160331611112       -2.43498953506578       -0.46651864483638
108
 energy: -224.029911803230 gnorm: 0.002915056127 xtb: 6.7.1pre (5071a88)
F            4.95758425977597        2.36986377087770        6.61527005938421
C            4.04517815567948        1.93728168986792        5.71277123416318
F            3.70777084860352        3.01655231949942        4.99681686557736
C            2.88585286014698        1.26459995768731        6.38337244250041
C            1.70068084436638        1.95057326459177        6.60540459154880
C            0.66838195685079        1.32684564771057        7.28239431214255
C            0.81072306740582        0.02408622284323        7.73909863152929
C            1.99188617750551       -0.66254684385871        7.48554487759036
C            3.03075424945813       -0.04823440840977        6.81665478761874
C           -0.30201855414859       -0.67761408687294        8.49613313927492
C           -1.13283945903911        0.28067599574435        9.32630131837210
C           -0.50229124763450        0.96010537037137       10.35825190665697
C           -1.22000648291270        1.82455483972686       11.15936469205663
F           -0.58136890792878        2.48168382186634       12.15542079586323
C           -2.57515558003082        2.02925687098267       10.96970705298402
C           -3.20553070937630        1.35836204583813        9.94415884517595
C           -2.50492164668019        0.48371880059109        9.10632745282824
N           -3.18606810255894       -0.20390662711511        8.12939536998283
C           -2.43352057541129       -0.76216604752261        7.03811103327823
C           -3.07397181691145       -1.94312931937523        6.29898664848731
O           -4.15120748713132       -2.01671821743138        5.76639147672574
N           -2.12154595041795       -2.91775511087618        6.35679782708579
N           -1.03049946427561       -2.59972245492166        7.11751025467063
C           -1.17221552179261       -1.40193778961576        7.53425672432897
F            4.72021544308492        1.12097206009688        4.88540830617651
H            1.58664755383326        2.96069628880752        6.24491684851608
H           -0.25010104804263        1.86346963311596        7.46137420238420
H            2.09528735371191       -1.68520098735503        7.81294880878417
H            3.94958421403329       -0.58011788885346        6.62325603925172
H            0.16282133535848       -1.41652991562185        9.15924720954969
H            0.55192752876737        0.81723005657969       10.53658767462397
H           -3.11544682775095        2.70409378147273       11.61324113252529
H           -4.26184670152582        1.50265049248268        9.77665934811779
H           -4.11394175530634        0.11874537078922        7.90167160104553
H           -2.18934163814109       -0.00422631967485        6.27582165047172
H           -2.16380737051861       -3.82460436663697        5.91901228712382
B            3.54975056967758       -1.68878417212339        2.00249099274322
N            3.53083193051216        0.92118025180496        1.44376533721390
B            2.68525739291424        2.27951503517713       -0.70126189744168
N            2.46746377514871       -0.65080157718106       -2.33107068489455
B            0.76420098533128       -3.86238017091689        2.90949250526291
N           -2.83867679304991       -2.90729874958759        1.88538307201280
B           -0.97001199538047        3.81452418939704        2.39937245783996
N           -0.42137700344737        0.06017581744335       -3.56637820782147
B           -0.27496354253084        1.49385606356315       -3.63652044404221
N            1.37758916590455       -3.84669185097150       -1.52756397760334
B           -3.72361235751634        2.06047774347532       -0.07798240846490
N           -2.63842406617202        2.65382490445253       -0.74205227595987
B            1.61971515186628        0.91673006489834       -4.42631111262292
N           -0.18754685712828        3.04229465588938        3.38359880767022
B            1.08474159736731       -2.88600707318221       -2.55945915026609
N           -0.36580592536565        3.65201269604318       -0.43833141245926
B           -0.76633893258293        1.84145751758981        3.75489095197652
N            1.69691715639331       -1.61661413104732        3.84024118089605
B           -0.09288621347648        3.42770422404730       -1.81668401642603
N            1.33681497133555       -0.29154620938386        4.21362905870330
B           -1.41483388439267       -0.56443128883817       -2.76165006943081
N           -3.73219044009575        1.55611379223430        1.22245430141646
B            0.41765539787186        4.26899086522831        1.80901618918598
N            0.06497581087125       -0.41481207639799        4.82898589856858
B           -2.62977658030237        1.96910916441858        2.03597496091783
N            3.90535274519620       -0.24188294594342       -0.31476714574669
B           -2.14030988291460       -3.85483431417838        1.14812468111511
N            1.11236556163513        3.45016683312250        2.83436026226098
B           -1.77571459303426       -1.11046853086188        3.50955378640249
N           -2.29391054769286       -3.74180533154070       -0.30929266467233
B            3.17085249282084       -1.14434596575851       -1.11331471394655
N           -3.03336491900362       -1.40300946230009       -0.13732011310608
B            2.10804676319444        2.68071198366762        2.13782534235211
N           -0.32872979093661       -2.93188651377056       -2.20960876783798
B           -1.49711385325016       -2.14693032818179       -2.25302528183218
N            0.69609852818782        3.80574287511755        0.49383309061497
B            1.26576035168060        2.96493985644729       -2.61458894104378
N            0.17590541397539       -4.60698265617504        1.87299514936729
B           -1.66893076301622        3.30295233424698        0.11550449463230
N           -1.92611774228669        3.18964672531577        1.54774443968346
B            1.56851072384467       -4.44063001130038        1.68778832682784
N           -0.78178405033061        0.67940279754597        4.62992130395220
B           -2.51723601073952       -2.50809588621885       -0.97588134182363
N           -0.95959126488802       -4.69752181721524        1.11318868974760
B           -2.34595919227920        0.43201157453906       -1.75219273297391
N            2.47488907716898       -4.05833788195910        0.67980304096069
B            4.01441965135063       -0.38890701878874        1.17509407041718
N            2.09534519651417        1.93042553589759       -1.93389498059837
B            1.20756995818238        2.33564972900526       -4.09093800685848
N           -4.06414974148402        0.67400933294143       -0.00940026582163
B           -1.16380442779761        2.44798288806831       -2.62691315683034
N           -2.19984675238174        1.88209735036035       -1.86911498941543
B            3.19003906487486       -2.82453555511240        0.90631713630563
N            2.48638564476202       -3.77123464235798       -0.73053982683431
B            2.26837315297930        0.23791431433082        3.25145338521093
N           -1.99961972714321        0.25712946640851        3.97273493144262
B           -0.95803616968027       -4.32195425290264       -0.30228893706943
N           -3.08400919197340       -0.07986997298249       -0.64307220253938
B            3.58028781556736        1.13778876473123        0.00327514777294
N            2.64022396489083        1.36970645060345        2.44719280017029
B            1.66746686691304       -1.52476885369817       -3.17956977298801
N           -2.04738131969456        1.44182151244516        3.18696466837059
B            2.22385534659333        0.72659201871816       -2.74365935686007
N           -2.63954003425567       -1.62748382661882        2.56138564586944
B            0.86956526223460       -0.46247144351162       -4.11335993892661
N           -0.00814578800255       -3.84499563125124       -1.17292892445262
B            0.53664826072788       -2.44899987931506        3.71048812317963
N           -0.55346880915644       -1.57121934087243        4.12507001990992
B           -3.13051473480179       -1.67501839039877        1.23252537526997
N            2.73412874635857       -1.14710516761055        3.00697149443794
B            1.98858750867393        3.18787415075045        0.49063414429634
N            3.01948389385321       -2.43947947648685       -0.47280399380041
108
 energy: -224.029930570268 gnorm: 0.002305775715 xtb: 6.7.1pre (5071a88)
F            4.95044003217227        2.37996000820755        6.61305784661077
C            4.03851464832874        1.94416074618344        5.71151209967593
F            3.69840403224901        3.02165142379032        4.99426469023619
C            2.88094515129191        1.26942096418898        6.38315193055466
C            1.69496603423986        1.95351291980321        6.60672175065699
C            0.66492134432436        1.32817961095725        7.28581399175713
C            0.81048651574120        0.02593474803278        7.74301554318375
C            1.99244776668774       -0.65867016870622        7.48776346995407
C            3.02914914982208       -0.04284721701598        6.81674379078053
C           -0.30000137478200       -0.67785031920547        8.50179932193211
C           -1.13227495246831        0.27867896154675        9.33252193155275
C           -0.50444479451850        0.95420483264865       10.36863766675231
C           -1.22365475032084        1.81773754016600       11.16952111873823
F           -0.58786323922309        2.47090580415099       12.17015413870425
C           -2.57749050473507        2.02598164321871       10.97465857174736
C           -3.20517438519290        1.35909555586524        9.94484229554209
C           -2.50325417325479        0.48467427042057        9.10786421523211
N           -3.18251434890730       -0.19926588928470        8.12710741345614
C           -2.42761001793326       -0.75956848194730        7.03872723769924
C           -3.06812248351624       -1.93935226953349        6.29782349350985
O           -4.14318467325583       -2.01067494980902        5.76078000597301
N           -2.11854675451276       -2.91678589743863        6.36075286803061
N           -1.02915139207164       -2.60060828289042        7.12476952898636
C           -1.16954924110280       -1.40207396323869        7.53977137958279
F            4.71603179085930        1.12860260853057        4.88542097866151
H            1.57854436682802        2.96328669573808        6.24615654833010
H           -0.25411782060807        1.86330894600420        7.46637673583495
H            2.09821142597752       -1.68092421423091        7.81564693130238
H            3.94868805516146       -0.57299520157340        6.62226324486524
H            0.16662319255749       -1.41630419864702        9.16384455431311
H            0.54895348314690        0.80931421176497       10.55024938468617
H           -3.11900491685326        2.70067355644102       11.61744411653338
H           -4.26061955674914        1.50654332037296        9.77332565591949
H           -4.10869219749962        0.12622584593406        7.89580941134682
H           -2.17816774561204       -0.00250813880211        6.27712461169105
H           -2.16132940952173       -3.82335608605369        5.92284045495981
B            3.54882962304471       -1.69310566879763        2.00041101925405
N            3.53262465519523        0.91749364170107        1.44416218781462
B            2.68683898625696        2.27757920804428       -0.70007705337101
N            2.46791656976550       -0.65088461874828       -2.33232549695200
B            0.76111762602291       -3.86559846229020        2.90525535096653
N           -2.84045832802181       -2.90760152964914        1.88131928285377
B           -0.96740256142714        3.81258320672637        2.40120586876690
N           -0.42044868020135        0.06314326156970       -3.56772635725425
B           -0.27311420769764        1.49679528861772       -3.63657573021329
N            1.37557524386766       -3.84647646120250       -1.53172952501452
B           -3.72182894639747        2.06247093227795       -0.07798715562782
N           -2.63620248381328        2.65572603188570       -0.74140827343140
B            1.62145486794636        0.91897826744490       -4.42650022174254
N           -0.18562932117867        3.03898419078376        3.38487722800421
B            1.08354793623393       -2.88489457498878       -2.56289384120248
N           -0.36296788348644        3.65214772877506       -0.43653386542255
B           -0.76547901046178        1.83856701928517        3.75550688399479
N            1.69483341480624       -1.62076067832662        3.83666642592916
B           -0.08999357937860        3.42886896821371       -1.81503600364353
N            1.33591060842854       -0.29590862633828        4.21139292916478
B           -1.41479042173709       -0.56152741037230       -2.76412311831853
N           -3.73087636907885        1.55692619340399        1.22198828268812
B            0.42061355970584        4.26672907672209        1.81144835213523
N            0.06440807037480       -0.41894407042429        4.82786068299511
B           -2.62826367940778        1.96855798263690        2.03594240965208
N            3.90579601340201       -0.24465412643522       -0.31535627218927
B           -2.14286878283338       -3.85504555079621        1.14320310843090
N            1.11461051611340        3.44652085235438        2.83618910861085
B           -1.77652601205383       -1.11269387532842        3.50755211356096
N           -2.29615866107097       -3.74067150077665       -0.31414228164989
B            3.17080285761281       -1.14593931968097       -1.11489882449803
N           -3.03381049433760       -1.40142059441433       -0.14020380987893
B            2.11007939446445        2.67712358498413        2.13914125752956
N           -0.33000707688913       -2.93003919265829       -2.21327963185950
B           -1.49776879093850       -2.14417672991703       -2.25603395188072
N            0.69889297844087        3.80441805083400        0.49591692978584
B            1.26840642873607        2.96589115978798       -2.61323719705426
N            0.17266669100306       -4.60898187610596        1.86791872926645
B           -1.66639330316601        3.30349506586865        0.11680908276112
N           -1.92383086234029        3.18909196326299        1.54891510010125
B            1.56538861289053       -4.44325845681882        1.68323494268657
N           -0.78212510870597        0.67575282080526        4.62980327725623
B           -2.51853776145556       -2.50612825343555       -0.97962439446374
N           -0.96266703890527       -4.69843136485094        1.10775738093960
B           -2.34479908382798        0.43456263865581       -1.75325147939327
N            2.47219290398324       -4.06074976192871        0.67572712685254
B            4.01478664298684       -0.39288710445351        1.17436787238441
N            2.09708445976060        1.93019393437742       -1.93324748470609
B            1.21000803578252        2.33788191955904       -4.09011346973602
N           -4.06321118870842        0.67617348793165       -0.01059075481754
B           -1.16146240035781        2.45053954936241       -2.62620368198632
N           -2.19794628099566        1.88467234256253       -1.86903786622402
B            3.18826425551810       -2.82770816130673        0.90330350579640
N            2.48432600412182       -3.77266657682937       -0.73444855738335
B            2.26899419196012        0.23369076468623        3.25099473543509
N           -1.99968421706097        0.25464536589055        3.97125095311076
B           -0.96059748173723       -4.32155174930234       -0.30742122342604
N           -3.08340014351024       -0.07780102016916       -0.64475569404632
B            3.58123057207742        1.13482950640624        0.00370532864558
N            2.64180222211818        1.36571795558051        2.44762780034584
B            1.66738869590863       -1.52353541409060       -3.18168237419708
N           -2.04643178586767        1.44007686931439        3.18660597769677
B            2.22515293970414        0.72694269434956       -2.74388256851184
N           -2.63968454843795       -1.62838208405817        2.55812326483521
B            0.87034452080624       -0.45991389566984       -4.11469107054572
N           -0.01019737599889       -3.84437645701683       -1.17743610606798
B            0.53455926635104       -2.45269513410366        3.70750790086794
N           -0.55495736960106       -1.57469925951391        4.12389865687468
B           -3.13129569476361       -1.67449215534429        1.22947312473734
N            2.73342924974307       -1.15160175665099        3.00515994252797
B            1.99093578838624        3.18563738013299        0.49242144958790
N            3.01844527581759       -2.44147536720352       -0.47557816746684
108
 energy: -224.029959300059 gnorm: 0.001092629852 xtb: 6.7.1pre (5071a88)
F            4.93894866053050        2.39653597891870        6.60843449723892
C            4.02687439966676        1.95550784654467        5.70943118995979
F            3.68178556590251        3.02990456381951        4.98998718908290
C            2.87232452837896        1.27753164124720        6.38315380298084
C            1.68505414645744        1.95864422936828        6.60906046707849
C            0.65856623418774        1.33049944217050        7.29134762619409
C            0.80952074269380        0.02904224826322        7.74910066162142
C            1.99279885747685       -0.65215463725869        7.49121088584942
C            3.02616152503001       -0.03379028363826        6.81693624301902
C           -0.29723901557670       -0.67841900539427        8.51091632646416
C           -1.13134095359530        0.27505361973390        9.34319937268962
C           -0.50765245188846        0.94406511625872       10.38595168630816
C           -1.22900470143494        1.80616186654641       11.18669427931532
F           -0.59785487134670        2.45326561751623       12.19460632798171
C           -2.58057697937339        2.02054467988420       10.98353790790663
C           -3.20418747977196        1.36033976623695        9.94684950836135
C           -2.50055333047284        0.48612207662463        9.11112394254290
N           -3.17716194926585       -0.19110869326397        8.12407249174534
C           -2.41940381967411       -0.75553032175790        7.04057125731210
C           -3.06028904107055       -1.93392909916803        6.29776506939995
O           -4.13221136003854       -2.00255959955852        5.75449803458591
N           -2.11457324761561       -2.91547201899360        6.36811145962251
N           -1.02760644802731       -2.60180558159257        7.13702700252850
C           -1.16619548750405       -1.40203372802397        7.54901976232440
F            4.70848739014817        1.14119345660348        4.88547944940304
H            1.56455242798051        2.96786781219858        6.24867334067839
H           -0.26139620626969        1.86317248258753        7.47431517400631
H            2.10217119952195       -1.67381681144706        7.81975060826902
H            3.94686731900292       -0.56098983599437        6.62080687233955
H            0.17266457740821       -1.41651131269297        9.17033642476335
H            0.54455935213220        0.79592984173139       10.57224273074880
H           -3.12389042124559        2.69533932690356       11.62497001666214
H           -4.25825099627709        1.51347271223313        9.76918086444995
H           -4.10079364585328        0.13872341799085        7.88737329785951
H           -2.16142567145713       -0.00102506309426        6.27883796861777
H           -2.15913403129128       -3.82169009872019        5.93059454632812
B            3.54709949620274       -1.70040514126546        1.99693208097116
N            3.53505880753423        0.91091670997605        1.44449526813019
B            2.68969294701169        2.27427497976257       -0.69838845946732
N            2.46850570934061       -0.65121988404227       -2.33471220471783
B            0.75616264379807       -3.87054867786345        2.89798528143214
N           -2.84348897078236       -2.90778433844639        1.87428723300763
B           -0.96246912002191        3.80959183533056        2.40441472458922
N           -0.41851800382025        0.06791647258381       -3.56987969926711
B           -0.26959817006951        1.50151432145377       -3.63681084299964
N            1.37226225609370       -3.84647112819227       -1.53902986693092
B           -3.71816732354521        2.06619497609143       -0.07795523613597
N           -2.63182783030235        2.65921577446018       -0.74038130217793
B            1.62439683392224        0.92250547337669       -4.42715701573650
N           -0.18206219314939        3.03390932043420        3.38762803270967
B            1.08169169007256       -2.88328429037116       -2.56895294091302
N           -0.35768008022508        3.65304741509639       -0.43400018039250
B           -0.76323363373577        1.83367708097745        3.75629815495442
N            1.69223935088748       -1.62768952308348        3.83199641834285
B           -0.08470626556831        3.43110337776213       -1.81267357900556
N            1.33520091057715       -0.30322950893897        4.20897178248440
B           -1.41347919886192       -0.55669094047113       -2.76699798058019
N           -3.72838742020407        1.55879052727699        1.22130035753379
B            0.42591307776696        4.26316622741578        1.81512693476245
N            0.06360119360149       -0.42597424336731        4.82612930247049
B           -2.62500778117840        1.96785238327431        2.03564790333617
N            3.90632362208920       -0.24944955048408       -0.31665027983530
B           -2.14741086141105       -3.85533911178233        1.13487628219950
N            1.11844790037829        3.44032404452208        2.83854532011525
B           -1.77734545826629       -1.11636257273965        3.50395727363671
N           -2.29991101120666       -3.73853599246731       -0.32243562120600
B            3.17046772402724       -1.14881678407511       -1.11776700629443
N           -3.03405843218950       -1.39830347135827       -0.14507842287719
B            2.11353791748323        2.67099603213415        2.14107137423211
N           -0.33209761857759       -2.92732453008018       -2.22010867421319
B           -1.49889681935339       -2.14017008810098       -2.26194956832562
N            0.70425551254104        3.80310380656879        0.49881550886960
B            1.27316432391798        2.96740760690411       -2.61131181123669
N            0.16715749130369       -4.61184831739092        1.85935511873308
B           -1.66137028071322        3.30474444471754        0.11879866939590
N           -1.91906482599670        3.18826179255344        1.55069678956094
B            1.56016402761975       -4.44775653816998        1.67558502221138
N           -0.78239650473607        0.66969772124035        4.62978172751782
B           -2.52013454425998       -2.50234962972913       -0.98588844704406
N           -0.96778670401904       -4.69946227542528        1.09857525768742
B           -2.34306344766849        0.43921420467188       -1.75553346745873
N            2.46753419047936       -4.06486091852953        0.66874898460410
B            4.01504260276664       -0.39977248481652        1.17290840472373
N            2.10008770672183        1.92962689773720       -1.93240670258573
B            1.21441667037401        2.34143760369344       -4.08901553529893
N           -4.06118056620426        0.68025682339450       -0.01274530896077
B           -1.15702377137830        2.45490023343165       -2.62522223609863
N           -2.19432604885149        1.88925094363761       -1.86903910416288
B            3.18503350592146       -2.83307356483763        0.89820106059550
N            2.48078260175579       -3.77512063708568       -0.74116253734149
B            2.26989848298949        0.22652976110935        3.25027597344996
N           -1.99937995011300        0.25060847956820        3.96872132262684
B           -0.96483333727617       -4.32047412349308       -0.31616877805833
N           -3.08212813646735       -0.07391247884680       -0.64772229878287
B            3.58278107654283        1.12967432302818        0.00412460800773
N            2.64413046161604        1.35872898496778        2.44806911901167
B            1.66726706915096       -1.52166265441219       -3.18561727211848
N           -2.04368902540047        1.43691996473284        3.18523753066293
B            2.22722615655589        0.72734988639736       -2.74441958589061
N           -2.63961522218607       -1.62974602170830        2.55265297355373
B            0.87171204633782       -0.45587344095798       -4.11739627584112
N           -0.01358611821866       -3.84332064874427       -1.18531751358412
B            0.53157268898783       -2.45856270458878        3.70259976337196
N           -0.55683741382293       -1.58031636773640        4.12151108987865
B           -3.13261237891055       -1.67325206356869        1.22428372843322
N            2.73233630802013       -1.15903880631833        3.00234766526450
B            1.99516564012141        3.18204549370146        0.49498863896593
N            3.01645000694495       -2.44483512289183       -0.48032421277111
108
 energy: -224.029983755552 gnorm: 0.001933443898 xtb: 6.7.1pre (5071a88)
F            4.92166720787616        2.42063531762123        6.60174124702909
C            4.00947946032361        1.97214297832195        5.70633668486813
F            3.65711125873984        3.04216854438444        4.98403529721319
C            2.85954551596766        1.28963672535659        6.38352133559685
C            1.67032705141235        1.96626981119263        6.61266567174951
C            0.64880544635467        1.33404190964631        7.29911953882501
C            0.80738022068021        0.03370184075985        7.75747701083251
C            1.99257068468494       -0.64261752868279        7.49605139120221
C            3.02118061716538       -0.02047284276906        6.81753251727535
C           -0.29414134448225       -0.67904490146584        8.52309975800536
C           -1.13023133075769        0.27031629908929        9.35795135264253
C           -0.51166571830636        0.92968805823838       10.40985135812772
C           -1.23530302233124        1.78994899669000       11.21072027417903
F           -0.60990327186673        2.42807442851903       12.22841415879093
C           -2.58377320449539        2.01313609517919       10.99703242781687
C           -3.20241609310566        1.36241729535356        9.95117926535041
C           -2.49696437843233        0.48880199154729        9.11638481133103
N           -3.17024091418177       -0.17895877441072        8.12100255481031
C           -2.40987178726028       -0.75082332283828        7.04422143854431
C           -3.05186108730167       -1.92815874570476        6.30066144094482
O           -4.12043253938108       -1.99436036377962        5.75073027815453
N           -2.11051140905591       -2.91426398698686        6.37913095737974
N           -1.02625678501276       -2.60335402936926        7.15325217802875
C           -1.16254522868835       -1.40199660074148        7.56134681234755
F            4.69599942397592        1.15932300305182        4.88490858960233
H            1.54397382645856        2.97472700928041        6.25247870615799
H           -0.27261761996724        1.86310651253327        7.48519474290504
H            2.10707464005714       -1.66351145794163        7.82531062310406
H            3.94356750795319       -0.54351965823427        6.61902094327642
H            0.18052409169631       -1.41668029030138        9.17891324162356
H            0.53878130721975        0.77605432400280       10.60252919949027
H           -3.12908332354631        2.68758294905084       11.63735836285849
H           -4.25443845655368        1.52316568137677        9.76607635581369
H           -4.09067151561901        0.15604884185481        7.87831020452520
H           -2.14174469276699       -0.00092494050325        6.28097569166292
H           -2.15866304693021       -3.82059871653176        5.94306577738793
B            3.54420886042001       -1.71124435067084        1.99176552853658
N            3.53780618213371        0.90087595613370        1.44452512765609
B            2.69445223461977        2.26957262168368       -0.69628707715582
N            2.46933987425290       -0.65188764380431       -2.33857094272522
B            0.74946799069836       -3.87753477999667        2.88734451743172
N           -2.84784774847307       -2.90764111575435        1.86402647655425
B           -0.95459668620285        3.80558070034655        2.40917471625061
N           -0.41582980133118        0.07507736932371       -3.57404786284805
B           -0.26399143328212        1.50862902789417       -3.63768977042806
N            1.36736802283306       -3.84678265490336       -1.54989195369236
B           -3.71185213817634        2.07203557611285       -0.07802567005460
N           -2.62450793255249        2.66462060066064       -0.73904681772613
B            1.62882056576552        0.92759161219582       -4.42846831599782
N           -0.17634384384446        3.02709843279882        3.39227391478070
B            1.07901851969241       -2.88119786268657       -2.57813046148180
N           -0.34921588792776        3.65512747317614       -0.43077168939715
B           -0.75896517707416        1.82639550275761        3.75707487253500
N            1.68971636564001       -1.63829543850058        3.82703817336779
B           -0.07625219451781        3.43469309985792       -1.80964996869432
N            1.33522913295262       -0.31423870670365        4.20713444003174
B           -1.41278916194048       -0.54929459286547       -2.77351883124837
N           -3.72423164801548        1.56209362194649        1.22026159013936
B            0.43419149458651        4.25824649977151        1.82015940434241
N            0.06276762678632       -0.43645521170222        4.82377620694743
B           -2.61943556590403        1.96712417444410        2.03500439085178
N            3.90700290903399       -0.25660336867534       -0.31898513276595
B           -2.15407897161966       -3.85557578849540        1.12287648785284
N            1.12431512437340        3.43121534185766        2.84129518737589
B           -1.77800772666717       -1.12167157110850        3.49860842875361
N           -2.30555761785162       -3.73532846102165       -0.33443640888765
B            3.16984614254572       -1.15321335730907       -1.12224766868625
N           -3.03411446050609       -1.39351724762744       -0.15202300656955
B            2.11869025028130        2.66196328961914        2.14361110590458
N           -0.33493282240829       -2.92279093401189       -2.22968688353319
B           -1.49992897629804       -2.13298968599621       -2.26939187312178
N            0.71295080013671        3.80217923363054        0.50250100491183
B            1.28077871194538        2.96970873526342       -2.60882505688778
N            0.15926427889803       -4.61561733153662        1.84698888765505
B           -1.65311585788591        3.30707302782589        0.12142519499944
N           -1.91102097952157        3.18726453804864        1.55306645620278
B            1.55275300795766       -4.45457314108886        1.66439158135518
N           -0.78207863765453        0.66091553959447        4.62971884345106
B           -2.52273947242664       -2.49676986342312       -0.99492137521972
N           -0.97507563729357       -4.70039127481054        1.08528608432174
B           -2.33884350680479        0.44610698656613       -1.75834376763025
N            2.46075752092487       -4.07105264913498        0.65832855802242
B            4.01500873717845       -0.41011513435941        1.17042964315357
N            2.10498948493771        1.92875784766908       -1.93149037662393
B            1.22155477989672        2.34665627693582       -4.08769042061029
N           -4.05735852200734        0.68667057455256       -0.01624978902463
B           -1.14983932236074        2.46150891976533       -2.62413379590072
N           -2.18795562113219        1.89601934187516       -1.86901663291439
B            3.18011231317703       -2.84102623653352        0.89061779583520
N            2.47545585759476       -3.77878441428502       -0.75113431269151
B            2.27082523251271        0.21571544741865        3.24906436341191
N           -1.99835104085292        0.24495345544559        3.96512785771367
B           -0.97103399399694       -4.31854311922631       -0.32884433182839
N           -3.07928711418837       -0.06797188662804       -0.65182011107000
B            3.58527317059662        1.12203378549523        0.00432387287248
N            2.64707352292083        1.34818074228271        2.44840250462258
B            1.66713016009480       -1.51920599404296       -3.19169744320450
N           -2.03842293249357        1.43204360636992        3.18257217834560
B            2.23058234064409        0.72787208398580       -2.74554414679845
N           -2.63936326977453       -1.63153951609142        2.54486335703576
B            0.87386960764432       -0.45004323495600       -4.12159632686202
N           -0.01862128790548       -3.84189969106243       -1.19697215139737
B            0.52786242326583       -2.46711530029497        3.69573500750173
N           -0.55888874157026       -1.58836848131659        4.11746687800680
B           -3.13445061619056       -1.67114371409121        1.21687128707616
N            2.73067847112378       -1.17009206585207        2.99842321300937
B            2.00184359750697        3.17704971577282        0.49828599846470
N            3.01327054278617       -2.44983839091409       -0.48740196309394
108
 energy: -224.029999928386 gnorm: 0.001773280429 xtb: 6.7.1pre (5071a88)
F            4.91335195423875        2.43138638086879        6.59944592683145
C            4.00168174384561        1.97979793162555        5.70508855612006
F            3.64613288332916        3.04835187454090        4.98223608320674
C            2.85393233826235        1.29516237870953        6.38381547567505
C            1.66373430598431        1.96956193523932        6.61417165339082
C            0.64418193707686        1.33560718383671        7.30193389451061
C            0.80582070954267        0.03576848997814        7.76043708908720
C            1.99191897040406       -0.63843178499240        7.49779468410751
C            3.01850312999854       -0.01455730469541        6.81792118591697
C           -0.29360492194258       -0.67906678034475        8.52712247208268
C           -1.13002547728989        0.26874845184203        9.36333919135681
C           -0.51278970463364        0.92400637530345       10.41844262963425
C           -1.23664482292678        1.78365046424924       11.21970309630945
F           -0.61261189822216        2.41785556933754       12.24059876619502
C           -2.58401387314863        2.01023318055344       11.00338165207093
C           -3.20144671813104        1.36322647388344        9.95464864472468
C           -2.49577929300670        0.49025773713036        9.11931693272177
N           -3.16809099169942       -0.17382937466902        8.12121328147665
C           -2.40806884772192       -0.74993267034088        7.04666602470798
C           -3.05124575759741       -1.92765031693504        6.30472527191631
O           -4.11983424511735       -1.99399021141982        5.75492515813944
N           -2.11054012425038       -2.91420369386151        6.38369772443256
N           -1.02659786114640       -2.60377751608229        7.15828458259920
C           -1.16211077847069       -1.40201445158223        7.56540989201443
F            4.68942299116854        1.16784065395608        4.88387788612092
H            1.53498121764114        2.97769741162762        6.25395145765519
H           -0.27794808180841        1.86308676152118        7.48900559288918
H            2.10863328453624       -1.65903993270917        7.82714487203448
H            3.94158807332286       -0.53597313886412        6.61839039124138
H            0.18286720427449       -1.41655375078558        9.18176057679146
H            0.53678025038354        0.76749031926914       10.61339146619699
H           -3.12947934051442        2.68409631674671       11.64411495393999
H           -4.25259331653584        1.52644517716514        9.76771187158381
H           -4.08767114131220        0.16232887823130        7.87767966238781
H           -2.13811146595802       -0.00252590919646        6.28172043659111
H           -2.16078960283423       -3.82133158277850        5.94936034974567
B            3.54281048171337       -1.71628873232387        1.98937542556909
N            3.53828274878538        0.89599133051424        1.44412632683546
B            2.69726878309590        2.26767370741775       -0.69560989910716
N            2.46969455524768       -0.65230552708357       -2.34053766073810
B            0.74693119237037       -3.88056096330894        2.88262768419178
N           -2.84957609632960       -2.90684513357077        1.85947084134319
B           -0.95051943369305        3.80419228072817        2.41133053300339
N           -0.41408471894827        0.07813993095737       -3.57537538825011
B           -0.26106394426453        1.51162441906412       -3.63805881794688
N            1.36518618922921       -3.84723123732326       -1.55484058989129
B           -3.70853978253845        2.07521722897846       -0.07799136013576
N           -2.62068628111257        2.66743923936930       -0.73846226907510
B            1.63102324329106        0.92966197268923       -4.42924451602414
N           -0.17326667887973        3.02459046414028        3.39466165431916
B            1.07790804003824       -2.88035878049622       -2.58230751123442
N           -0.34484575392904        3.65646174439587       -0.42950921524858
B           -0.75622924183795        1.82313608365938        3.75696985813876
N            1.68977708467564       -1.64363870060858        3.82638804070496
B           -0.07194902768337        3.43652409079026       -1.80848041615689
N            1.33628119265788       -0.31955579968880        4.20775471989775
B           -1.41078851636151       -0.54594799106558       -2.77436314376128
N           -3.72195186552464        1.56424625612920        1.21990777488561
B            0.43844950868140        4.25624871533060        1.82223203607809
N            0.06289309921543       -0.44120777718008        4.82283922079557
B           -2.61641314388071        1.96719522865638        2.03477404516067
N            3.90729334453035       -0.25994986721756       -0.32038328447765
B           -2.15691426937455       -3.85508363646252        1.11763323077223
N            1.12735901392570        3.42724346495560        2.84218278633815
B           -1.77785477763612       -1.12383235420283        3.49628475429461
N           -2.30790289319684       -3.73327458670379       -0.33969113220384
B            3.16949194125967       -1.15529621426733       -1.12446558195101
N           -3.03381374724410       -1.39073229514189       -0.15504705581390
B            2.12113963651501        2.65784667575044        2.14458585926403
N           -0.33623350513674       -2.92129655994757       -2.23449939857796
B           -1.50062584999505       -2.13062680871938       -2.27377716532171
N            0.71749533302630        3.80218035203320        0.50390480965218
B            1.28466739903204        2.97072343358901       -2.60782312094654
N            0.15589902630638       -4.61703519417155        1.84161414158530
B           -1.64875724088367        3.30840937548623        0.12254711732035
N           -1.90669487475187        3.18712115335881        1.55410689528338
B            1.54963464441259       -4.45774929670461        1.65934812822899
N           -0.78091884091577        0.65719110794763        4.62932969702605
B           -2.52330067745596       -2.49366678815906       -0.99887744540868
N           -0.97821000663460       -4.70019755429502        1.07951512917103
B           -2.33753857475128        0.44965327623519       -1.76016702373230
N            2.45788284555537       -4.07399280332220        0.65353266407736
B            4.01473104965999       -0.41498199271875        1.16899483804739
N            2.10761293001464        1.92832561560118       -1.93115835528578
B            1.22525165697009        2.34880903950464       -4.08718621068856
N           -4.05539637748593        0.69014435039358       -0.01781268898169
B           -1.14609973505815        2.46459114879170       -2.62375997610533
N           -2.18482080852701        1.89943505727410       -1.86915708516587
B            3.17801149658254       -2.84472823894327        0.88709380194354
N            2.47301914358179       -3.78050565955054       -0.75566345265024
B            2.27097641409770        0.21047175816327        3.24836971080041
N           -1.99722663334795        0.24277556875908        3.96380675029357
B           -0.97374071788532       -4.31728866787205       -0.33431551859761
N           -3.07806030921840       -0.06476419929466       -0.65381287760636
B            3.58674360754956        1.11859701279658        0.00411939975092
N            2.64800855486154        1.34316261170826        2.44833277784154
B            1.66711179769981       -1.51825774949046       -3.19467240703116
N           -2.03528501027351        1.42988027684691        3.18121460882152
B            2.23218486637666        0.72803126057303       -2.74620693316463
N           -2.63915906105414       -1.63177789997828        2.54156036600249
B            0.87493634416680       -0.44765110352244       -4.12383142884589
N           -0.02088212179975       -3.84117708093614       -1.20217060757526
B            0.52676891226147       -2.47099849989249        3.69291525021042
N           -0.55918559195095       -1.59182915532357        4.11503599904274
B           -3.13475871035897       -1.66947251249890        1.21361893744398
N            2.73000225056389       -1.17531671598251        2.99676952632006
B            2.00534962621301        3.17496654855755        0.49950913788581
N            3.01168513624181       -2.45220022914987       -0.49066332708340
108
 energy: -224.030026026456 gnorm: 0.001135627138 xtb: 6.7.1pre (5071a88)
F            4.90093231939807        2.44652211677275        6.59765538770278
C            3.99090618273677        1.99118265632764        5.70373458265249
F            3.63100228709244        3.05864242873697        4.98139044352134
C            2.84627260315960        1.30308974181352        6.38414545679418
C            1.65444574564891        1.97397211644442        6.61578755037449
C            0.63728490956932        1.33760926310348        7.30459924254541
C            0.80278371756746        0.03841242109281        7.76314887073280
C            1.99033116223559       -0.63280263940112        7.49930398248742
C            3.01427201034575       -0.00633520343827        6.81830926157072
C           -0.29407450843738       -0.67897409357640        8.53045079695633
C           -1.13003963398583        0.26721585118992        9.36895986996682
C           -0.51307437270027        0.91717543716108       10.42733078284840
C           -1.23613697235021        1.77601701621929       11.22992512397526
F           -0.61219169098200        2.40485550786096       12.25378320003201
C           -2.58262094975090        2.00652338256240       11.01273282836111
C           -3.19995822802446        1.36404324550794        9.96141625198679
C           -2.49482041350082        0.49243563129048        9.12404518883100
N           -3.16678934623261       -0.16721075222791        8.12345378235134
C           -2.40920016266842       -0.75023490664744        7.05089243605266
C           -3.05526279530301       -1.92961716626223        6.31387407550129
O           -4.12636394731995       -1.99746711087740        5.76886187592161
N           -2.11356657858941       -2.91478077297844        6.38935198137036
N           -1.02869170207832       -2.60418008428639        7.16216368213317
C           -1.16333798895739       -1.40217332786876        7.56886896133523
F            4.67936667086494        1.18120023341983        4.88142101795982
H            1.52261417943180        2.98169344097905        6.25531981561583
H           -0.28602044744403        1.86281094603862        7.49236441360787
H            2.11015046308444       -1.65305681620026        7.82859033553640
H            3.93838300493997       -0.52567798308233        6.61763729972132
H            0.18438020889715       -1.41646312971137        9.18397021727296
H            0.53531035412549        0.75646198988296       10.62437615146536
H           -3.12725305609862        2.67901961018577       11.65533979761742
H           -4.25013604412609        1.52935961382707        9.77378741229240
H           -4.08608355831290        0.16908462993841        7.88108665542670
H           -2.14026939159411       -0.00682424535139        6.28200654428610
H           -2.16715865174992       -3.82425106882641        5.95947571503345
B            3.54081485372822       -1.72374210965632        1.98608268663243
N            3.53774274703639        0.88842950453227        1.44305985755860
B            2.70248563071907        2.26528361876140       -0.69490442802930
N            2.47029962524234       -0.65314158853156       -2.34342640992854
B            0.74399428253763       -3.88477408481738        2.87622455981198
N           -2.85167838044563       -2.90482416121438        1.85358663072490
B           -0.94402415762496        3.80285231698984        2.41421034473248
N           -0.41185059180982        0.08268191598750       -3.57832508337098
B           -0.25635522097520        1.51602830135416       -3.63881083536538
N            1.36191954136805       -3.84815064830833       -1.56161935738081
B           -3.70307040610417        2.08027363491050       -0.07812835726080
N           -2.61439599099939        2.67176573879626       -0.73781467623772
B            1.63457793257725        0.93250951551006       -4.43027487013739
N           -0.16819903970868        3.02183261511398        3.39813435371346
B            1.07617294971648       -2.87932016078133       -2.58804966818965
N           -0.33779994116866        3.65851772041996       -0.42789768592241
B           -0.75133082413299        1.81874473220313        3.75610614636225
N            1.69153257318168       -1.65207353688240        3.82777952596323
B           -0.06493170229675        3.43909482447448       -1.80698445812776
N            1.33928350853578       -0.32764060101254        4.21079621074631
B           -1.40982213022424       -0.54089935961725       -2.77851692421548
N           -3.71789944139037        1.56799317951482        1.21926080751626
B            0.44532529624437        4.25366762342277        1.82492535160049
N            0.06385147672196       -0.44782015500413        4.82170246555692
B           -2.61149227416684        1.96781976053117        2.03453158461023
N            3.90780426304490       -0.26498530781751       -0.32267002796694
B           -2.16058196770819       -3.85354771751680        1.11087032897640
N            1.13238367070560        3.42196028535749        2.84322194277314
B           -1.77711364774581       -1.12643478401300        3.49326418276799
N           -2.31128213383432       -3.72992157622225       -0.34644095148604
B            3.16900279698157       -1.15845424186970       -1.12769533976131
N           -3.03343378296437       -1.38640330380681       -0.15901011470277
B            2.12486208819321        2.65191719814653        2.14587221154071
N           -0.33799334071113       -2.91841495363860       -2.24022022845809
B           -1.50110130823578       -2.12562683929958       -2.27821961547006
N            0.72477544106546        3.80226808035131        0.50569537644934
B            1.29117005467019        2.97216329615658       -2.60639292751293
N            0.15145690322278       -4.61888872071313        1.83447665758501
B           -1.64178738133772        3.31068088981487        0.12398946901406
N           -1.89978379051011        3.18738558762660        1.55549268013515
B            1.54553480716104       -4.46237612950144        1.65234421215971
N           -0.77758299207032        0.65242345219174        4.62794509490143
B           -2.52476117096036       -2.48929137154154       -1.00420394990240
N           -0.98248772793494       -4.69929488318035        1.07195295800791
B           -2.33376523782385        0.45476870077299       -1.76192936538934
N            2.45411382995812       -4.07848598399718        0.64678921509817
B            4.01397701358841       -0.42223418254900        1.16665904884059
N            2.11232501472316        1.92764238012279       -1.93075276446845
B            1.23144705737560        2.35187585231715       -4.08646447019716
N           -4.05200208888443        0.69564858807442       -0.02026303958027
B           -1.14006435228885        2.46919517540807       -2.62347413035811
N           -2.17931492215335        1.90438770258452       -1.86931038507537
B            3.17535097808250       -2.85025800088604        0.88211049266836
N            2.46939439105899       -3.78303565520626       -0.76191748316049
B            2.27087513221863        0.20245611177872        3.24734449845546
N           -1.99463841909044        0.24032312084467        3.96249384032297
B           -0.97768043804763       -4.31529392188153       -0.34144656212938
N           -3.07560680997373       -0.05986011599133       -0.65641701749715
B            3.58951659074758        1.11372469559986        0.00358592098889
N            2.64872687363889        1.33558911053125        2.44804931188421
B            1.66708764268800       -1.51723771322923       -3.19883093482980
N           -2.03014146523422        1.42712490305446        3.17938754035914
B            2.23510010722715        0.72814204236191       -2.74735269562795
N           -2.63903248555923       -1.63124832002727        2.53743998030980
B            0.87668516058750       -0.44433262909182       -4.12690143431224
N           -0.02432843180866       -3.84029720920901       -1.20921939144261
B            0.52596166888615       -2.47651831348054        3.68931901082416
N           -0.55877468430334       -1.59643976427753        4.11061578946913
B           -3.13447983291869       -1.66630862580649        1.20934146085841
N            2.72918760807158       -1.18313652435276        2.99470018079400
B            2.01112988187074        3.17206401185592        0.50104708273680
N            3.00933474110412       -2.45580197177481       -0.49519342183317
108
 energy: -224.030044370425 gnorm: 0.001258088570 xtb: 6.7.1pre (5071a88)
F            4.88809549482798        2.46275492669079        6.59691532640610
C            3.97996822538603        2.00403475974173        5.70293832875842
F            3.61550374257584        3.07094117546845        4.98162928861998
C            2.83825470148873        1.31150172350247        6.38384136729449
C            1.64446742096915        1.97850382819055        6.61654491192959
C            0.62980622859149        1.33920440365047        7.30629904297507
C            0.79961085621252        0.04059520431220        7.76493733263988
C            1.98899029714881       -0.62708537464829        7.49994771509460
C            3.01028765503421        0.00243026875087        6.81790835094126
C           -0.29450327144646       -0.67946459743357        8.53331646666660
C           -1.12983311340060        0.26491858565037        9.37460997102959
C           -0.51276695462350        0.90986266499297       10.43619740509904
C           -1.23507863089801        1.76748187194124       11.24070360972913
F           -0.61107015475640        2.39079344111639       12.26801408426266
C           -2.58099243227267        2.00179410117266       11.02253628330282
C           -3.19846458364763        1.36415742865792        9.96821814841658
C           -2.49392512425825        0.49379383487739        9.12884378091140
N           -3.16607724331207       -0.16089159445361        8.12538070262202
C           -2.41056279449169       -0.74977565601351        7.05457938563085
C           -3.06000103620840       -1.93042164266265        6.32203866570189
O           -4.13393401937290       -1.99860926248889        5.78228292187205
N           -2.11760831297046       -2.91491701157380        6.39445899222990
N           -1.03167356556878       -2.60475733333542        7.16614034611238
C           -1.16496823842671       -1.40234354986897        7.57226225231204
F            4.67043621033080        1.19734924420787        4.87937725924171
H            1.50934270970276        2.98584989512579        6.25603689176690
H           -0.29481949557276        1.86184877387152        7.49492502694760
H            2.11228752640553       -1.64695381079018        7.82920961503478
H            3.93566075912079       -0.51447069217454        6.61626779368219
H            0.18593194227245       -1.41731285869245        9.18516806427474
H            0.53477223382678        0.74586833334216       10.63474733013273
H           -3.12475840246715        2.67312979669541       11.66700913804132
H           -4.24802488780079        1.53195374950330        9.77931245964217
H           -4.08511811082409        0.17620430033150        7.88342696897088
H           -2.14181774451208       -0.00994611279408        6.28193384192205
H           -2.17378141474734       -3.82688590686507        5.96982516383702
B            3.53916705858189       -1.73191399322891        1.98288078140361
N            3.53724008704924        0.88015798043535        1.44216399459962
B            2.70848784596219        2.26265786574708       -0.69381501553913
N            2.47110832029732       -0.65414484950903       -2.34608354577735
B            0.74050228465526       -3.88948657228808        2.86961289173587
N           -2.85385140342815       -2.90235945415092        1.84773569276986
B           -0.93709840605141        3.80153699492669        2.41703961628530
N           -0.40916219732542        0.08732514642093       -3.58038843866641
B           -0.25146667736849        1.52043995843717       -3.63913313293734
N            1.35830295043690       -3.84898485126487       -1.56843704329515
B           -3.69787406911024        2.08579639175834       -0.07815848095340
N           -2.60815858686560        2.67639915216963       -0.73698179727338
B            1.63860132923255        0.93535502584501       -4.43082269293266
N           -0.16263635224907        3.01873283412784        3.40095037654539
B            1.07411286024510       -2.87804321694350       -2.59358945149484
N           -0.33040730171972        3.65978877518617       -0.42565352406848
B           -0.74643378047386        1.81463220883748        3.75525724449427
N            1.69304333874890       -1.66111287809375        3.82878774501548
B           -0.05756063997283        3.44146274368671       -1.80492311200666
N            1.34238831203353       -0.33632322596203        4.21370299718675
B           -1.40743944958941       -0.53568615947028       -2.78047601415183
N           -3.71349348549384        1.57196815480113        1.21859520610549
B            0.45294071959241        4.25074297356844        1.82805433005389
N            0.06508059143183       -0.45444950963353        4.82044720642642
B           -2.60665342153925        1.96866209391052        2.03469289638352
N            3.90857601735184       -0.27061075169849       -0.32469003060151
B           -2.16428880683442       -3.85135597384216        1.10396539758149
N            1.13828902282530        3.41672920884462        2.84522456668930
B           -1.77654956146245       -1.12871378338658        3.49029744560228
N           -2.31468901641268       -3.72586065547569       -0.35324967053313
B            3.16868211963179       -1.16192694227046       -1.13078118479847
N           -3.03341496769500       -1.38149414924276       -0.16323750514645
B            2.12919224527664        2.64555360579244        2.14765952533390
N           -0.34021454779642       -2.91582115310943       -2.24631357515013
B           -1.50228964006443       -2.12141411549630       -2.28388630478461
N            0.73225843887491        3.80088966802784        0.50821756246193
B            1.29810296846556        2.97335602975481       -2.60433681189002
N            0.14656646461433       -4.62130035433184        1.82702748329829
B           -1.63477834882192        3.31277358929144        0.12583279365276
N           -1.89304739726443        3.18788307013667        1.55725634352340
B            1.54092807770562       -4.46710047652860        1.64500995369011
N           -0.77348238454084        0.64776667216514        4.62580966022321
B           -2.52616725294775       -2.48435453340779       -1.00977969210871
N           -0.98739005537812       -4.69860738605392        1.06422175647206
B           -2.33134440624277        0.46042059613977       -1.76432462072196
N            2.45013096632191       -4.08348336971147        0.63993986161996
B            4.01340499669322       -0.43012894347806        1.16447055307910
N            2.11765251717205        1.92675988596358       -1.92989297628757
B            1.23793814773541        2.35493987819785       -4.08523522945341
N           -4.04914863103824        0.70163943449119       -0.02238851134951
B           -1.13375851467590        2.47390937143766       -2.62276301639158
N           -2.17415918553960        1.90986130091552       -1.86951188120062
B            3.17293184702576       -2.85643242369003        0.87704441263069
N            2.46553754890529       -3.78585457417728       -0.76825808769065
B            2.27121184268913        0.19381915909581        3.24666698183379
N           -1.99174700627888        0.23802217709560        3.96138970045902
B           -0.98203706194611       -4.31343293010460       -0.34872780290056
N           -3.07405041108661       -0.05442866851386       -0.65946110711931
B            3.59286715591255        1.10845450030809        0.00344735448884
N            2.64971159644139        1.32741138099251        2.44812072755777
B            1.66702370524450       -1.51608509718177       -3.20280119929069
N           -2.02577014586837        1.42512686491124        3.17858772604907
B            2.23837419214365        0.72813098955033       -2.74821094122830
N           -2.63930412691079       -1.63009366761350        2.53327883789403
B            0.87850789797406       -0.44087923595801       -4.12982557136287
N           -0.02812177084360       -3.83922293947337       -1.21628336762464
B            0.52477012220672       -2.48234318060044        3.68538348828430
N           -0.55857617455052       -1.60123600192223        4.10581976372848
B           -3.13382952891727       -1.66247745605716        1.20480187364814
N            2.72855790960434       -1.19163161347430        2.99262043456943
B            2.01746697165973        3.16842172846831        0.50322349250178
N            3.00710077146897       -2.45987023170646       -0.49971057323688
108
 energy: -224.030057516981 gnorm: 0.001096801332 xtb: 6.7.1pre (5071a88)
F            4.87835566646118        2.47513517742536        6.59762207769880
C            3.97162104887471        2.01482605486663        5.70307669725743
F            3.60453510837267        3.08160668279480        4.98280474821478
C            2.83169621457836        1.31869790248479        6.38322799078004
C            1.63623055187417        1.98249882618237        6.61648657280316
C            0.62357819314304        1.34042967737787        7.30653748302544
C            0.79694593517984        0.04221891545891        7.76499242443206
C            1.98796754953721       -0.62226715035282        7.49938933860637
C            3.00729764270553        0.01002708961847        6.81695949457553
C           -0.29497717517479       -0.68006509797655        8.53429543311315
C           -1.12967293573457        0.26257248649758        9.37822624436351
C           -0.51219765478179        0.90388468591956       10.44171418761673
C           -1.23370880270101        1.76023356264541       11.24829576871201
F           -0.60919885945344        2.37989248760623       12.27750221336155
C           -2.57911517492706        1.99711031171056       11.03003959140985
C           -3.19693989264918        1.36323082884483        9.97381967718429
C           -2.49328315464212        0.49392508191386        9.13249545679623
N           -3.16595114457774       -0.15692134503534        8.12707838418991
C           -2.41227384917776       -0.74901771473500        7.05705106758221
C           -3.06426135794860       -1.93013067049588        6.32716671642142
O           -4.13988018350987       -1.99794866180171        5.79093583013513
N           -2.12178502015047       -2.91461581817414        6.39758693530609
N           -1.03489539546882       -2.60491584209705        7.16830218529115
C           -1.16680033562000       -1.40225578155687        7.57413479234672
F            4.66444829803191        1.21103917182420        4.87875138131052
H            1.49846007009894        2.98956420972704        6.25624278400671
H           -0.30228042867397        1.86064531742462        7.49586880883899
H            2.11428718068300       -1.64177495549549        7.82862754244062
H            3.93396381295314       -0.50441941684294        6.61498964139507
H            0.18710803434412       -1.41840263579542        9.18431146106940
H            0.53508769672060        0.73831791358890       10.64015416304898
H           -3.12213151613760        2.66762242711321       11.67606458577286
H           -4.24618214323188        1.53296792459910        9.78474258214913
H           -4.08481392732029        0.18099621853653        7.88572000115981
H           -2.14336966173546       -0.01150240789213        6.28211453184105
H           -2.17957050998794       -3.82823182834479        5.97687009309244
B            3.53785569593113       -1.73869988115670        1.98062904089627
N            3.53688043545253        0.87322411350864        1.44173263675190
B            2.71368987428306        2.26039440798580       -0.69257218948213
N            2.47184676901628       -0.65505362649211       -2.34786801367013
B            0.73750629712251       -3.89332377950685        2.86452951787514
N           -2.85570930621640       -2.90041637472255        1.84348888850446
B           -0.93139020323291        3.80047827640668        2.41927223605121
N           -0.40727538898993        0.09113513790237       -3.58195915095861
B           -0.24753493068234        1.52407579619364       -3.63892093225847
N            1.35531441273391       -3.84949889315603       -1.57354145221507
B           -3.69381375174268        2.09021224351157       -0.07792712457823
N           -2.60326354439463        2.68009326027935       -0.73605829761150
B            1.64183713548925        0.93758171418937       -4.43082474663287
N           -0.15798058163954        3.01600496324872        3.40266988977954
B            1.07230795636355       -2.87700116664500       -2.59762982789429
N           -0.32436612520364        3.66014964640333       -0.42339060054407
B           -0.74268669193817        1.81175301242765        3.75504897108562
N            1.69382763977494       -1.66831179356606        3.82940375876439
B           -0.05150885384304        3.44291871892783       -1.80282005357304
N            1.34462892462776       -0.34330421103339        4.21590749417344
B           -1.40655993821943       -0.53144785986389       -2.78293411631292
N           -3.70978842655519        1.57507932372264        1.21825564333593
B            0.45935954179992        4.24831993883921        1.83084965822592
N            0.06598386131934       -0.45961949864218        4.81945320009150
B           -2.60287410996297        1.96948219904509        2.03520597440421
N            3.90933242342224       -0.27535931251744       -0.32596032308748
B           -2.16712961233642       -3.84941872291605        1.09885474583473
N            1.14345506185820        3.41268539630757        2.84750984920451
B           -1.77635294972035       -1.13018373400157        3.48798703284465
N           -2.31741047016223       -3.72254299796924       -0.35820523285385
B            3.16854710075356       -1.16486331634787       -1.13292922234986
N           -3.03358812555833       -1.37760149389655       -0.16628524411145
B            2.13290282800399        2.64028039846700        2.14940314224199
N           -0.34203113304324       -2.91333605689004       -2.25037998534152
B           -1.50311862405748       -2.11740061616669       -2.28739441689114
N            0.73825889937609        3.79888869671744        0.51076174647232
B            1.30388817180843        2.97408647304532       -2.60229681189200
N            0.14253162432345       -4.62343680779379        1.82130935393525
B           -1.62927953608573        3.31431439497766        0.12760882172749
N           -1.88789054397538        3.18843777452104        1.55892339673530
B            1.53706351340200       -4.47077865306069        1.63930247578041
N           -0.77012384048257        0.64420455474371        4.62393199300498
B           -2.52759981633947       -2.48044541653115       -1.01384757694621
N           -0.99153580411325       -4.69835321132933        1.05842146960647
B           -2.32899574910864        0.46488330552392       -1.76557250824112
N            2.44685087267668       -4.08770149828542        0.63464204942218
B            4.01293137933595       -0.43671635192909        1.16306034698100
N            2.12236799492486        1.92599301978875       -1.92887769783566
B            1.24308142236625        2.35732930438359       -4.08385036291012
N           -4.04693088650780        0.70643945089294       -0.02359172386822
B           -1.12884829778957        2.47773811523726       -2.62187826805561
N           -2.17007294986761        1.91424309389130       -1.86934581997223
B            3.17097151763411       -2.86159718629607        0.87325014026691
N            2.46249016454051       -3.78829808601770       -0.77313657711419
B            2.27171390066000        0.18677462140585        3.24655149864946
N           -1.98948981376395        0.23639122595188        3.96061359047973
B           -0.98562718926803       -4.31215831712024       -0.35420695249282
N           -3.07274333695418       -0.05010152850226       -0.66147922731757
B            3.59586983588975        1.10404682641116        0.00370679719637
N            2.65062352671396        1.32062906382317        2.44852530011529
B            1.66690914754747       -1.51518472522474       -3.20554736031274
N           -2.02296611822421        1.42432801331370        3.17888462530657
B            2.24126973480615        0.72805279714509       -2.74854529682360
N           -2.64003220325291       -1.62905293319016        2.53037230931620
B            0.87987453474438       -0.43806281615790       -4.13159659606257
N           -0.03118481669995       -3.83827471017840       -1.22141204021546
B            0.52347259266742       -2.48690970246482        3.68221463123541
N           -0.55873506015746       -1.60495015899625        4.10207077958121
B           -3.13361475205065       -1.65947760573500        1.20150358121872
N            2.72804900159002       -1.19859872453654        2.99122561471215
B            2.02282922791960        3.16516144416578        0.50543043626036
N            3.00543758152748       -2.46330358164445       -0.50303477502879
108
 energy: -224.030071897370 gnorm: 0.000813492718 xtb: 6.7.1pre (5071a88)
F            4.86914056750543        2.48715722295350        6.60003177943539
C            3.96388934145446        2.02652225234502        5.70404085358340
F            3.59529481938828        3.09358177036171        4.98514461500600
C            2.82519180871121        1.32671657466384        6.38231498483480
C            1.62778031823907        1.98707394375082        6.61558528506338
C            0.61706688345235        1.34170953453703        7.30536722061504
C            0.79420428717883        0.04381361684094        7.76351354257867
C            1.98707962692936       -0.61712278192920        7.49769471033911
C            3.00463169394732        0.01843691828461        6.81548795811568
C           -0.29550435626916       -0.68105049747678        8.53355139034243
C           -1.12921785314728        0.25982837206478        9.38050307512495
C           -0.51079252927310        0.89784477731427       10.44543501008670
C           -1.23126157049114        1.75262559518100       11.25471877493233
F           -0.60579851202233        2.36879061363699       12.28549651790859
C           -2.57647024796803        1.99139265685549       11.03717935460519
C           -3.19514089962006        1.36112758374368        9.97924583258881
C           -2.49266552009209        0.49311282012835        9.13553090725308
N           -3.16628525702900       -0.15407829124979        8.12846226238132
C           -2.41433490395119       -0.74761141559307        7.05831639823926
C           -3.06882920275577       -1.92846242912312        6.32989795337414
O           -4.14539130074899       -1.99482595705598        5.79540640543920
N           -2.12706558220884       -2.91384250440412        6.39913459592500
N           -1.03906675204530       -2.60515918073248        7.16890349717267
C           -1.16903699050426       -1.40219850704845        7.57447020499917
F            4.65958290218877        1.22567524334003        4.87914475051973
H            1.48727467495771        2.99390694992971        6.25581763960187
H           -0.31029204840572        1.85906782983090        7.49523586941811
H            2.11657115685063       -1.63631325344772        7.82666071494672
H            3.93286505076792       -0.49309807710966        6.61347976203360
H            0.18840177917088       -1.42003514676319        9.18134817516669
H            0.53657334757019        0.73112813648149       10.64289488885146
H           -3.11873211834072        2.66081287553045       11.68507286668871
H           -4.24432170495092        1.53265625686094        9.79078994127529
H           -4.08508202609202        0.18489825748725        7.88813416447828
H           -2.14500590675628       -0.01140303333840        6.28214598863864
H           -2.18610801589677       -3.82851261518648        5.98118446494370
B            3.53647461232665       -1.74576247352489        1.97879844534252
N            3.53682570055953        0.86603402009220        1.44181681284881
B            2.71931165249074        2.25789460713718       -0.69083002554629
N            2.47271406757470       -0.65613966994876       -2.34918477734315
B            0.73406752707286       -3.89724270366192        2.85977117278910
N           -2.85788678996053       -2.89854219176039        1.83974548021646
B           -0.92544975370001        3.79931561046871        2.42161602819279
N           -0.40534951562279        0.09495522511835       -3.58284790467883
B           -0.24373913711004        1.52772309781190       -3.63836872614440
N            1.35214529057234       -3.84988733454260       -1.57811123126533
B           -3.68991904691168        2.09468278076703       -0.07722461547870
N           -2.59851063188677        2.68378473101913       -0.73470418432070
B            1.64508561170307        0.93966197654510       -4.43031505544995
N           -0.15308397676081        3.01285535809021        3.40393184783588
B            1.07033875212491       -2.87599597107440       -2.60114466281396
N           -0.31822084806386        3.65994195138162       -0.42047503276206
B           -0.73924916256650        1.80925982522017        3.75571699829213
N            1.69384664182642       -1.67542138474501        3.82953971242552
B           -0.04539727931182        3.44413153817265       -1.80011164879396
N            1.34633646869704       -0.35026304911566        4.21767385714065
B           -1.40568491830643       -0.52713034802522       -2.78473015503935
N           -3.70602424560989        1.57816765072320        1.21834871859728
B            0.46620552384934        4.24573075523859        1.83416676292079
N            0.06663222086805       -0.46470487233267        4.81857313591204
B           -2.59924483036945        1.97052264445541        2.03630490624818
N            3.91023746627997       -0.28042142169119       -0.32672046256505
B           -2.17004471018049       -3.84735685019178        1.09421183192441
N            1.14916784919162        3.40872427403487        2.85076404136668
B           -1.77658752409997       -1.13126923830287        3.48581028410491
N           -2.32020427499193       -3.71909542327983       -0.36262860798606
B            3.16856529947561       -1.16805657380677       -1.13462780469394
N           -3.03392794450553       -1.37369301018354       -0.16882669279879
B            2.13707613658934        2.63491120170432        2.15170942717116
N           -0.34399506934383       -2.91074751097910       -2.25378482488187
B           -1.50406898782978       -2.11330445681517       -2.29030440570977
N            0.74426164084750        3.79589864004270        0.51405219103889
B            1.30976230958738        2.97444490668113       -2.59966217395274
N            0.13819780110299       -4.62579372578327        1.81593486512300
B           -1.62389798222870        3.31571049139461        0.12985612379746
N           -1.88297107585493        3.18916833651543        1.56100431874863
B            1.53285515320041       -4.47437581858178        1.63394084176395
N           -0.76700252754517        0.64069976622311        4.62223922385601
B           -2.52918325316963       -2.47641633974260       -1.01738142296671
N           -0.99607944391244       -4.69848059433541        1.05308440579889
B           -2.32696424948736        0.46931917009634       -1.76632435132823
N            2.44337524002282       -4.09216532395644        0.62971576673286
B            4.01257697697734       -0.44359471102922        1.16217994543007
N            2.12750339751073        1.92507680912045       -1.92737848982650
B            1.24806056853508        2.35950845582295       -4.08190467357307
N           -4.04487178897369        0.71130336843856       -0.02397102301816
B           -1.12393101396545        2.48142024557082       -2.62038115675053
N           -2.16617937755532        1.91862785699015       -1.86873570677995
B            3.16881038031926       -2.86699800754078        0.86987405702548
N            2.45941614611960       -3.79102697628634       -0.77765485666477
B            2.27247621340556        0.17964198797689        3.24690571050273
N           -1.98747624091822        0.23495500298864        3.96001832792334
B           -0.98942931664208       -4.31105438537345       -0.35925453688957
N           -3.07157913940648       -0.04575325307030       -0.66291987948748
B            3.59919914001538        1.09935886684556        0.00449042608751
N            2.65195015636589        1.31375150579361        2.44951187583715
B            1.66674127604777       -1.51436149195753       -3.20774301403466
N           -2.02099715436599        1.42441379835593        3.18041062568776
B            2.24443010341729        0.72781392042402       -2.74834550796542
N           -2.64145027949911       -1.62798945805177        2.52799901999813
B            0.88116631078156       -0.43531958156056       -4.13276003919760
N           -0.03433522212143       -3.83718205136460       -1.22582635940182
B            0.52161322087713       -2.49144292579002        3.67914272318844
N           -0.55940809564872       -1.60852650207333        4.09867409991698
B           -3.13396763239287       -1.65660009863016        1.19868556586753
N            2.72744343865370       -1.20577410709119        2.99017100061429
B            2.02842240529356        3.16131136580954        0.50829244902181
N            3.00387578101167       -2.46699901814839       -0.50595037372529
108
 energy: -224.030087922523 gnorm: 0.000876807353 xtb: 6.7.1pre (5071a88)
F            4.85881530543220        2.50152163842181        6.60409778682308
C            3.95530433776728        2.04147272207993        5.70580943691889
F            3.58557764333023        3.10928820386583        4.98907115102967
C            2.81769507246598        1.33719072155620        6.38116126388141
C            1.61770438317079        1.99311312499631        6.61389867670910
C            0.60909824532429        1.34343731316490        7.30268776244564
C            0.79079861499880        0.04586677560020        7.76021446630550
C            1.98612397215949       -0.61054254707533        7.49459114488866
C            3.00175666473536        0.02931255356704        6.81338331523927
C           -0.29624131025554       -0.68240586759066        8.53090526320514
C           -1.12851585299523        0.25599467276051        9.38209812328428
C           -0.50843921602788        0.89031427482196       10.44819691254476
C           -1.22735693777428        1.74309634806358       11.26105904572074
F           -0.60029809706150        2.35554824092181       12.29305922582808
C           -2.57255424789227        1.98350375969423       11.04542596244352
C           -3.19277638475347        1.35718964607402        9.98604923605351
C           -2.49198997413837        0.49113231560036        9.13891542955774
N           -3.16703211070185       -0.15187159287901        8.13015875797673
C           -2.41727284575811       -0.74535055590262        7.05867300918093
C           -3.07439370789507       -1.92508854137618        6.33055432704907
O           -4.15142534548928       -1.98933668755130        5.79700323921733
N           -2.13430251636379       -2.91222149201247        6.39913898569225
N           -1.04481076740653       -2.60514701957662        7.16757498554856
C           -1.17207319235218       -1.40188321180374        7.57301304016079
F            4.65433757748137        1.24413216163039        4.88004364777892
H            1.47381776432538        2.99968127728540        6.25480288647425
H           -0.32027478841772        1.85710046946732        7.49279100189084
H            2.11947838891369       -1.62935068227759        7.82318054317195
H            3.93216523122670       -0.47834724948113        6.61181916403398
H            0.18998017831290       -1.42245453670336        9.17559644392606
H            0.53920345442702        0.72263280658836       10.64351347111074
H           -3.11381320657244        2.65135873319291       11.69585732933378
H           -4.24206375624009        1.53058553447159        9.79927047617023
H           -4.08593969703335        0.18835739057246        7.89179316181497
H           -2.14786361770440       -0.00940130821187        6.28222507706244
H           -2.19508220597630       -3.82748768416120        5.98297384622865
B            3.53472699260165       -1.75452954118066        1.97698257232957
N            3.53730399705268        0.85718437543182        1.44246510195429
B            2.72614398689864        2.25451839506775       -0.68812528070142
N            2.47370877873571       -0.65765269950008       -2.35030903040249
B            0.72939325916143       -3.90199905199674        2.85435141099656
N           -2.86097230270527       -2.89644543597250        1.83556581729853
B           -0.91801263051716        3.79778030642366        2.42485162554560
N           -0.40307127385374        0.09956450312539       -3.58322364446948
B           -0.23891309962816        1.53217103770391       -3.63668796839876
N            1.34812518341023       -3.85043396557697       -1.58312540129711
B           -3.68513573839227        2.10023865226063       -0.07580879242445
N           -2.59273121902857        2.68839054093544       -0.73253185832748
B            1.64894359706733        0.94198250172056       -4.42933109180329
N           -0.14695075093755        3.00869782250773        3.40557325201160
B            1.06787867402858       -2.87496086645590       -2.60495085483270
N           -0.31057308361557        3.65947443479839       -0.41635757599706
B           -0.73524979229374        1.80635908618362        3.75743199857011
N            1.69315561770407       -1.68387682366473        3.82928635623177
B           -0.03782867527106        3.44524435841741       -1.79623087043247
N            1.34785052544933       -0.35858356097993        4.21934931219264
B           -1.40474693260357       -0.52193880055772       -2.78633929947576
N           -3.70149292755649        1.58195723030388        1.21901734108894
B            0.47477297412557        4.24255221323669        1.83875914950508
N            0.06701691775469       -0.47095008042020        4.81765838142901
B           -2.59481199193352        1.97199758896457        2.03811131861200
N            3.91132837377803       -0.28682737224878       -0.32714823192016
B           -2.17396412206793       -3.84502965790355        1.08896294116186
N            1.15639754895569        3.40375522337528        2.85529997701742
B           -1.77729347103018       -1.13244296175873        3.48334843090096
N           -2.32382571438632       -3.71493783216931       -0.36760750547534
B            3.16851312194352       -1.17220153184814       -1.13620247178584
N           -3.03430308776052       -1.36893688033600       -0.17136111728789
B            2.14234976690088        2.62820935686516        2.15484869281210
N           -0.34647046848613       -2.90768385621468       -2.25745798368321
B           -1.50529771293059       -2.10843048184068       -2.29340701376015
N            0.75172314115170        3.79213106931677        0.51863842491044
B            1.31704492088561        2.97470648933330       -2.59598400110042
N            0.13253838759170       -4.62868673577015        1.80976291672886
B           -1.61728110493720        3.31745589982412        0.13308622498596
N           -1.87696931388577        3.19018825329487        1.56397562842027
B            1.52736104839490       -4.47879331990139        1.62790047292200
N           -0.76381001510358        0.63631565602835        4.62083914697133
B           -2.53112072392670       -2.47139291372619       -1.02113410058374
N           -1.00199263286953       -4.69890052670097        1.04699365346982
B           -2.32437730432869        0.47478715339747       -1.76659488734607
N            2.43888061170088       -4.09773089669694        0.62420873413162
B            4.01242846373619       -0.45218552299463        1.16164502962014
N            2.13377548906924        1.92377090791693       -1.92502850885140
B            1.25405420498779        2.36196787550363       -4.07906383475179
N           -4.04222309530809        0.71733070328157       -0.02373577680859
B           -1.11820569725795        2.48611045548800       -2.61818088952755
N           -2.16152253951438        1.92406338054212       -1.86748340888554
B            3.16588418500576       -2.87372616764497        0.86625113787124
N            2.45558931771503       -3.79463800235062       -0.78270891197965
B            2.27365670382952        0.17101116092703        3.24775082743014
N           -1.98540216396928        0.23328624136872        3.95939544714564
B           -0.99430721377072       -4.30974972667496       -0.36499584750969
N           -3.06991786206342       -0.04040254480179       -0.66394166561953
B            3.60341243786406        1.09336298332755        0.00591273129260
N            2.65403445364787        1.30540296018653        2.45116781960149
B            1.66644960039869       -1.51354115061998       -3.20992934301327
N           -2.01885227100547        1.42493419522698        3.18295726123246
B            2.24817292484694        0.72732392032670       -2.74752484479221
N           -2.64369547772396       -1.62694231611339        2.52561106175101
B            0.88260218249727       -0.43211215191271       -4.13356743619198
N           -0.03826806498688       -3.83584780603317       -1.23058576079682
B            0.51884239757056       -2.49692771488345        3.67563380488395
N           -0.56072275474548       -1.61277115499408        4.09512743903263
B           -3.13510225835498       -1.65333384806918        1.19577220090295
N            2.72665036524192       -1.21458862434264        2.98926897528562
B            2.03549287113461        3.15667634314357        0.51224215959269
N            3.00187641086639       -2.47171345830710       -0.50905616434641
108
 energy: -224.030103756429 gnorm: 0.001157514628 xtb: 6.7.1pre (5071a88)
F            4.84857740746700        2.51679087564283        6.60876376038740
C            3.94678649593454        2.05791897914557        5.70790480120954
F            3.57593591678912        3.12695833198798        4.99404955934877
C            2.81024813255872        1.34879311237835        6.37995823663348
C            1.60737261005567        1.99977918970301        6.61169700786733
C            0.60078126946260        1.34543853374045        7.29904816579934
C            0.78728278846860        0.04825298179097        7.75593619624834
C            1.98535854327929       -0.60322851765189        7.49088942331469
C            2.99909055028331        0.04128424775262        6.81114500133214
C           -0.29704477976172       -0.68394440287663        8.52680754069544
C           -1.12757766702574        0.25173985466544        9.38272517197622
C           -0.50543905309505        0.88225144012336       10.44985015910890
C           -1.22262586801746        1.73265621796908       11.26680316565096
F           -0.59364981630986        2.34149460776499       12.29976518406314
C           -2.56802723448381        1.97430859266794       11.05393963863447
C           -3.19023372542688        1.35195983604638        9.99329978605550
C           -2.49126876446163        0.48841558437304        9.14212108916538
N           -3.16799529366482       -0.15043074739871        8.13189497916680
C           -2.42053030001038       -0.74238698749695        7.05800179644141
C           -3.08038509631913       -1.92058026350223        6.32968072833337
O           -4.15748759833379       -1.98226039183210        5.79595961127904
N           -2.14232444578991       -2.90974325180893        6.39738350546889
N           -1.05119977625260       -2.60483738682734        7.16436070645133
C           -1.17541808747367       -1.40132048597500        7.56989660099785
F            4.64887590276911        1.26442747577800        4.88072793201593
H            1.45992547809803        3.00612115739921        6.25345862694256
H           -0.33077236084584        1.85519873155757        7.48900951904367
H            2.12259400530972       -1.62171856271121        7.81880905771931
H            3.93187422222816       -0.46221950232265        6.61027809208191
H            0.19159215785188       -1.42538062505503        9.16795371372482
H            0.54253882890640        0.71344773252016       10.64271212284061
H           -3.10812315194983        2.64025457518987       11.70733719205192
H           -4.23977466210487        1.52674145464346        9.80899552406863
H           -4.08720890691991        0.19089934025242        7.89621674374088
H           -2.15158273540016       -0.00551268040520        6.28226818658375
H           -2.20509042798937       -3.82467448764580        5.98094305607425
B            3.53275300733230       -1.76396200496351        1.97537511354898
N            3.53850454146975        0.84784662909497        1.44371892142754
B            2.73329117356471        2.25065212947874       -0.68494618999350
N            2.47477647599201       -0.65946293053733       -2.35109160977788
B            0.72392782880532       -3.90713263192860        2.84892560596328
N           -2.86465191242963       -2.89441651874846        1.83136404907029
B           -0.90987673475994        3.79597774353331        2.42883477120426
N           -0.40049184708991        0.10450952552924       -3.58322811368719
B           -0.23409130204306        1.53694560225805       -3.63537142301592
N            1.34354236089982       -3.85110022656756       -1.58806142604281
B           -3.67984926780960        2.10628824319140       -0.07385719383403
N           -2.58635126547204        2.69334927368738       -0.72976859905437
B            1.65306340227041        0.94439302778661       -4.42792333548698
N           -0.14035321036112        3.00399965054399        3.40793669598643
B            1.06509850535391       -2.87399136174627       -2.60869684723017
N           -0.30232095687741        3.65947459763084       -0.41163109794094
B           -0.73107742437814        1.80305989931128        3.75988836846149
N            1.69178675395295       -1.69269149819123        3.82855567190089
B           -0.02973650649992        3.44697887036690       -1.79178194162454
N            1.34885983238078       -0.36728826158490        4.22054731879810
B           -1.40345493256762       -0.51619976762709       -2.78741118590335
N           -3.69681420200177        1.58615935933904        1.22022883990859
B            0.48408862643822        4.23900740772736        1.84414360068576
N            0.06702579731194       -0.47775454412674        4.81689486317338
B           -2.58996547590172        1.97369135799193        2.04027888272721
N            3.91242672432013       -0.29383740715334       -0.32715579305066
B           -2.17871843886327       -3.84290371216211        1.08363396412085
N            1.16416194845767        3.39813600301787        2.86050545836257
B           -1.77827747455454       -1.13379746616386        3.48093369526020
N           -2.32814949524435       -3.71068290097790       -0.37268451639074
B            3.16843907595293       -1.17686354794831       -1.13747786072756
N           -3.03476125926638       -1.36391565206026       -0.17357610805380
B            2.14835816530545        2.62110640417448        2.15872039649323
N           -0.34929037180726       -2.90437157382564       -2.26103962357979
B           -1.50666432820984       -2.10300071247150       -2.29611599141926
N            0.75987643285174        3.78836740233856        0.52387679693102
B            1.32464378873075        2.97479326796000       -2.59164633200479
N            0.12606663172329       -4.63173428328632        1.80346394529094
B           -1.61000575714224        3.31951151698548        0.13690191653196
N           -1.87030285153177        3.19129051282506        1.56750927801931
B            1.52110180023361       -4.48369467401541        1.62192091458388
N           -0.76113864914640        0.63138675394147        4.62023380850882
B           -2.53343368299746       -2.46603433424945       -1.02470970181559
N           -1.00866608034792       -4.69946200911154        1.04071519866284
B           -2.32168206599810        0.48055231588488       -1.76642270505186
N            2.43370618514718       -4.10367874052360        0.61882875036081
B            4.01248518986647       -0.46145837375436        1.16154267182660
N            2.14033839666504        1.92213221708299       -1.92221533531869
B            1.26043865042914        2.36444543553427       -4.07560114346309
N           -4.03922517388892        0.72389875163443       -0.02299629174967
B           -1.11157199505078        2.49079223428924       -2.61515375700262
N           -2.15625529664454        1.92973013549107       -1.86558464679005
B            3.16236542155025       -2.88096563973626        0.86283191730199
N            2.45118508650317       -3.79861771865866       -0.78765229316286
B            2.27502532660990        0.16193411005371        3.24887609587622
N           -1.98356181416534        0.23141686950065        3.95877507725476
B           -0.99987765900069       -4.30825588957867       -0.37085593673798
N           -3.06801590582672       -0.03469933403606       -0.66440719974888
B            3.60771195167762        1.08669225139576        0.00781969174778
N            2.65685919284271        1.29667866854079        2.45340124526069
B            1.66606191401834       -1.51279564620393       -3.21186550505434
N           -2.01631122252653        1.42531341402215        3.18569202810969
B            2.25227986221342        0.72657524026640       -2.74627580361400
N           -2.64625231546486       -1.62616733722470        2.52340252341715
B            0.88421426248161       -0.42875542285048       -4.13410340520446
N           -0.04274472152791       -3.83446383697903       -1.23533748769087
B            0.51554356923042       -2.50285777908481        3.67218645857074
N           -0.56243336866152       -1.61727873698805        4.09199076497167
B           -3.13685039711315       -1.65007020341846        1.19311621356494
N            2.72568991971404       -1.22399326224806        2.98854753647788
B            2.04289502320556        3.15126799838336        0.51681698520751
N            2.99955898005760       -2.47689443925766       -0.51199021690236
108
 energy: -224.030122716763 gnorm: 0.001359846351 xtb: 6.7.1pre (5071a88)
F            4.83776933865280        2.53404806589869        6.61403187811589
C            3.93767642515535        2.07706668611971        5.71034455813788
F            3.56530349723668        3.14805756145911        5.00059715796423
C            2.80243371340780        1.36232368326348        6.37865445273033
C            1.59622892246027        2.00756600937615        6.60903155682592
C            0.59166575618662        1.34789073731448        7.29431127729012
C            0.78343345644091        0.05112115107068        7.75029045234962
C            1.98473683551273       -0.59469931457168        7.48616802867275
C            2.99650580631612        0.05515765711911        6.80856341466669
C           -0.29798953934067       -0.68568246707702        8.52090857706530
C           -1.12641663634115        0.24654211542726        9.38270671077514
C           -0.50166737602965        0.87292044576500       10.45068840833648
C           -1.21679653971186        1.72052571842055       11.27236248172620
F           -0.58543130868078        2.32554209502843       12.30612244952582
C           -2.56264656838094        1.96307933685961       11.06344829556063
C           -3.18743621615519        1.34482787761663       10.00187892213319
C           -2.49054176306923        0.48451359306275        9.14577891687436
N           -3.16938120539435       -0.14988104168705        8.13419470143747
C           -2.42458166585616       -0.73847676743917        7.05645046414316
C           -3.08707059186421       -1.91426660085838        6.32660091948583
O           -4.16431633203203       -1.97312089850795        5.79290172550300
N           -2.15168367229882       -2.90604028374920        6.39350653601081
N           -1.05850747732130       -2.60380397686457        7.15850884603923
C           -1.17922344545090       -1.40014248248276        7.56456561290284
F            4.64256775431428        1.28834928995146        4.88075954961783
H            1.44469765683854        3.01361038787451        6.25166564483113
H           -0.34238205701800        1.85330145192239        7.48365212762329
H            2.12628913688298       -1.61279193213437        7.81347450850656
H            3.93203256440838       -0.44365029768268        6.60880281931207
H            0.19322737340290       -1.42909889139511        9.15769804633271
H            0.54673345031354        0.70311446912798       10.64035626588686
H           -3.10129230163272        2.62656205927800       11.72054863479243
H           -4.23738789194357        1.52069980718729        9.82080362749792
H           -4.08915688678149        0.19242712572201        7.90210636910578
H           -2.15706478222377        0.00071273283279        6.28255374298439
H           -2.21705212502638       -3.81997463267292        5.97524703789050
B            3.53048155531557       -1.77485462681191        1.97377964884567
N            3.54072525697483        0.83725141759627        1.44563798947079
B            2.74086126185997        2.24573676349557       -0.68071179164472
N            2.47574070903807       -0.66169787567764       -2.35153939570607
B            0.71717701707806       -3.91311264685490        2.84309594833668
N           -2.86919989347036       -2.89214119073297        1.82664369387753
B           -0.90042392332661        3.79382198144310        2.43406536600782
N           -0.39766716003794        0.11005615659451       -3.58270425603191
B           -0.22780720938573        1.54230037260924       -3.63207077400437
N            1.33804126215508       -3.85209340974709       -1.59333212756860
B           -3.67356631021739        2.11347493251501       -0.07120769879956
N           -2.57882528294516        2.69929406712638       -0.72611982578236
B            1.65775967178764        0.94693877418795       -4.42605047475728
N           -0.13275966680120        2.99852365025274        3.41154147627838
B            1.06182063778029       -2.87303666136593       -2.61262343109557
N           -0.29259149548511        3.65960553719950       -0.40585220249761
B           -0.72627192148988        1.79896764640649        3.76306352285661
N            1.68968295037317       -1.70261960017752        3.82722071730832
B           -0.02011510353202        3.44846620993516       -1.78622304634117
N            1.34950823858812       -0.37712075407101        4.22128865408673
B           -1.40207912640357       -0.50985606116486       -2.78814347880035
N           -3.69161279653813        1.59120455685098        1.22204930516263
B            0.49474829963030        4.23497191329625        1.85077326618867
N            0.06674776494887       -0.48569471345067        4.81618394886416
B           -2.58428388018839        1.97574667970634        2.04294180881407
N            3.91356938348825       -0.30206085465454       -0.32674677575390
B           -2.18481604908025       -3.84076551029004        1.07766394469709
N            1.17290851680843        3.39123243883891        2.86640700100085
B           -1.77953787700833       -1.13555138121390        3.47846048365947
N           -2.33353872684356       -3.70587374496367       -0.37843276464010
B            3.16805996444309       -1.18237238718255       -1.13848816061346
N           -3.03519893626833       -1.35801146133975       -0.17578987653983
B            2.15509872030858        2.61265795332696        2.16316119810765
N           -0.35269030606620       -2.90091266674290       -2.26514101711542
B           -1.50844410822769       -2.09723653233857       -2.29936960972070
N            0.76956558265348        3.78488566636511        0.53014030048352
B            1.33367946839058        2.97513280992023       -2.58650814804801
N            0.11815442849835       -4.63514565469708        1.79653834844829
B           -1.60134139541432        3.32208216942802        0.14169689552646
N           -1.86234695014725        3.19257921228455        1.57197285059046
B            1.51348987620483       -4.48956652115977        1.61554237049786
N           -0.75871210229124        0.62550444976007        4.62044676998109
B           -2.53603477270683       -2.45972818242150       -1.02852886619825
N           -1.01669066829404       -4.70004348109248        1.03367458051409
B           -2.31813994972355        0.48743243969269       -1.76570782939660
N            2.42732906209270       -4.11044267793758        0.61319430953863
B            4.01291351689166       -0.47219498849097        1.16181032549613
N            2.14726387538006        1.91999492208299       -1.91849366229902
B            1.26802521049945        2.36723934341714       -4.07143882837441
N           -4.03550085868491        0.73168251287693       -0.02196249299421
B           -1.10433310627451        2.49671984451841       -2.61163489696880
N           -2.15011208662607        1.93649134567364       -1.86299684392177
B            3.15805023847425       -2.88936107292340        0.85932136456307
N            2.44578612532278       -3.80330147606791       -0.79283446953326
B            2.27677671616022        0.15163080381122        3.25035175901345
N           -1.98175397840859        0.22916239432239        3.95815648875844
B           -1.00663068993907       -4.30639782132655       -0.37735478204199
N           -3.06548403348791       -0.02794891370823       -0.66447182269000
B            3.61253667526943        1.07878617071746        0.01034618361760
N            2.66051021437411        1.28668636719472        2.45613229644836
B            1.66551983573873       -1.51213732833040       -3.21373944931711
N           -2.01282264107367        1.42526994994137        3.18846754349234
B            2.25633725683570        0.72547550353222       -2.74433688182758
N           -2.64911246059221       -1.62550864404856        2.52105658587806
B            0.88593643840579       -0.42505292706778       -4.13427087751342
N           -0.04815744557950       -3.83302625060152       -1.24058530186787
B            0.51149455047872       -2.50974565845835        3.66853726748361
N           -0.56464745095653       -1.62248246137515        4.08909816897777
B           -3.13910133080520       -1.64631786047550        1.19035974028264
N            2.72458063615877       -1.23478589373826        2.98790764383024
B            2.05164863313623        3.14582435799292        0.52224703083829
N            2.99654783801091       -2.48296289240085       -0.51495865611008
108
 energy: -224.030149442606 gnorm: 0.001423054248 xtb: 6.7.1pre (5071a88)
F            4.82397146032857        2.55719710872167        6.62079620991315
C            3.92582317652459        2.10334454118222        5.71351603480201
F            3.55093848039280        3.17764421800713        5.01034697781834
C            2.79249101644637        1.38080056481592        6.37676571766331
C            1.58178310692549        2.01817625938897        6.60519984607445
C            0.57980867304334        1.35136310049889        7.28747488552413
C            0.77850070966477        0.05515196817707        7.74214472615996
C            1.98425274449535       -0.58294977426532        7.47949979016605
C            2.99343886241027        0.07406399951661        6.80494724727211
C           -0.29930002500968       -0.68801452017324        8.51174560132461
C           -1.12476898244206        0.23930241549883        9.38176078265872
C           -0.49625279694178        0.86020261038224       10.45067952710068
C           -1.20858600729380        1.70359982119305       11.27908122936717
F           -0.57371244963808        2.30382887146655       12.31348030562384
C           -2.55522611209065        1.94691794029778       11.07628842739018
C           -3.18375544662849        1.33403891150871       10.01377146614767
C           -2.48964719443001        0.47856652386349        9.15059137216308
N           -3.17160880913047       -0.15012488498038        8.13757817277315
C           -2.43049301008403       -0.73265894607699        7.05363249405732
C           -3.09661527941641       -1.90504736301549        6.32164780672215
O           -4.17422608490476       -1.95999610708784        5.78822908756166
N           -2.16444253267247       -2.89989575452418        6.38601152031563
N           -1.06833540989039       -2.60154548492012        7.14811345615594
C           -1.18450369040377       -1.39802817485994        7.55575803939073
F            4.63369687481433        1.32173590230367        4.87959083419288
H            1.42488616507203        3.02390395896633        6.24926224196729
H           -0.35748976569774        1.85110574309217        7.47582010884761
H            2.13144939587077       -1.60056396346964        7.80580121221511
H            3.93263001408830       -0.41852035775720        6.60685585733849
H            0.19505116285663       -1.43453529404014        9.14240684866436
H            0.55278096910118        0.68935987956648       10.63570983782187
H           -3.09168674130226        2.60687739421202       11.73869110985288
H           -4.23438073899269        1.51065543782851        9.83755653165880
H           -4.09239951152729        0.19305450056795        7.91091821632988
H           -2.16572174866522        0.01076012316276        6.28298986325191
H           -2.23310481776557       -3.81153789199717        5.96319053647547
B            3.52735281850393       -1.78982294788425        1.97186181679146
N            3.54475698626899        0.82305536139968        1.44888811727203
B            2.75084622635850        2.23872049175250       -0.67477973654322
N            2.47711042939500       -0.66494068444779       -2.35170661878455
B            0.70750734128574       -3.92149800259088        2.83558842583851
N           -2.87570605459588       -2.88900936607311        1.82040219646089
B           -0.88733521771997        3.79074751138735        2.44199666618750
N           -0.39348292263990        0.11775996663398       -3.58187431754127
B           -0.21991569911997        1.54966303062842       -3.62914104974628
N            1.33005104634976       -3.85354670810918       -1.60021797452262
B           -3.66467257411029        2.12352318760954       -0.06728184559317
N           -2.56807533672561        2.70748322268227       -0.72071035030410
B            1.66431939014676        0.95037518140639       -4.42305740631814
N           -0.12242136041134        2.99097934659135        3.41776144599510
B            1.05700524581984       -2.87175018477013       -2.61771543078477
N           -0.27921664524138        3.66086167763909       -0.39779456274352
B           -0.71961425468432        1.79281552036119        3.76751142697604
N            1.68631594610327       -1.71599661239776        3.82490656649396
B           -0.00700824892269        3.45179000822445       -1.77852158061568
N            1.34988632557737       -0.39038596891648        4.22168682090277
B           -1.39973629184660       -0.50073751537812       -2.78863548335015
N           -3.68472140608365        1.59852596120345        1.22494523630800
B            0.50938272037171        4.22916560092784        1.86027205902858
N            0.06617678809157       -0.49668222502833        4.81549083647280
B           -2.57634625742741        1.97858779467212        2.04667461706185
N            3.91508518884626       -0.31347568173988       -0.32571790771390
B           -2.19386307817415       -3.83809692605085        1.06972179959044
N            1.18466146326142        3.38126680156725        2.87454513617857
B           -1.78127005264897       -1.13828137137788        3.47556149272768
N           -2.34159907005648       -3.69944839273811       -0.38613557053983
B            3.16748995629980       -1.19009437112123       -1.13944672597723
N           -3.03607086850517       -1.34987557560961       -0.17843379323952
B            2.16477928017829        2.60125348396062        2.16988482544716
N           -0.35767443849526       -2.89597740219681       -2.27045921842957
B           -1.51098241731470       -2.08874241290896       -2.30306615097884
N            0.78307164931002        3.78076359834939        0.53883211610643
B            1.34561451591018        2.97539561034074       -2.57907623159483
N            0.10680883503529       -4.63974971304993        1.78741493763187
B           -1.58909285740429        3.32591675170598        0.14858428089976
N           -1.85095013358398        3.19426597204950        1.57846417940141
B            1.50261405704669       -4.49796452180062        1.60729695376854
N           -0.75596491963245        0.61721586163323        4.62173004107150
B           -2.54011724928687       -2.45113974247699       -1.03343882059580
N           -1.02804432804033       -4.70059458967213        1.02420846496434
B           -2.31343580976163        0.49676013034018       -1.76441609308188
N            2.41802134799497       -4.11957855451738        0.60603266778957
B            4.01370796388697       -0.48695363503745        1.16259271580334
N            2.15648672524094        1.91679849870587       -1.91324653498789
B            1.27862671300774        2.37092105777047       -4.06531522662264
N           -4.03031223198897        0.74261539532103       -0.02041247177518
B           -1.09326497044794        2.50414104586772       -2.60590154487301
N           -2.14104962984715        1.94551700481501       -1.85881750354421
B            3.15178763354048       -2.90091198211779        0.85495439069488
N            2.43778458049813       -3.80965890403713       -0.79940385894102
B            2.27926456467806        0.13771778894202        3.25248264913455
N           -1.97956837217167        0.22590051983339        3.95759058732195
B           -1.01637817225811       -4.30359176860666       -0.38599120720136
N           -3.06213244926270       -0.01865173291140       -0.66415891677217
B            3.61860863117688        1.06765054461989        0.01418531501496
N            2.66623149981385        1.27328836047330        2.46035467517178
B            1.66469791832064       -1.51129517670290       -3.21588862359114
N           -2.00720838397813        1.42433307178995        3.19154788886801
B            2.26222256154582        0.72373126549735       -2.74150435166411
N           -2.65274714804913       -1.62475509518372        2.51806284612443
B            0.88856019917655       -0.42003256064594       -4.13436998615202
N           -0.05610618926518       -3.83114046190154       -1.24769743148477
B            0.50580286639156       -2.51932302033288        3.66392855258645
N           -0.56782299809991       -1.62971055111070        4.08592790758913
B           -3.14227463131183       -1.64109962339801        1.18696908147787
N            2.72303000154530       -1.24949388248079        2.98716375167648
B            2.06317644314305        3.13763653430500        0.52995553159476
N            2.99209215209198       -2.49136957234942       -0.51860741661706
108
 energy: -224.030182953021 gnorm: 0.001393488681 xtb: 6.7.1pre (5071a88)
F            4.80549295242609        2.58885698125904        6.62966647419559
C            3.90959150207319        2.14010942057912        5.71767096285346
F            3.53074339207945        3.21975702288939        5.02483031361449
C            2.77917216262557        1.40652313180771        6.37393414960248
C            1.56239892142792        2.03305225011327        6.59995821766874
C            0.56395355875809        1.35637808292550        7.27784899785539
C            0.77192658283063        0.06080329895826        7.73032143974492
C            1.98377759491040       -0.56658302721613        7.46971735029281
C            2.98944245647513        0.10033521831530        6.79958278065860
C           -0.30120497287085       -0.69115712928843        8.49785198945523
C           -1.12243057240840        0.22916982727757        9.37951774134784
C           -0.48842347212651        0.84258622908292       10.44953920164592
C           -1.19681934339002        1.67964578633032       11.28772124337788
F           -0.55679424170503        2.27302340597977       12.32300263244072
C           -2.54475071560868        1.92355927529459       11.09417055054615
C           -3.17870197638065        1.31811273734205       10.03053563456394
C           -2.48853789849152        0.46972019238555        9.15720727982548
N           -3.17523844753246       -0.15136829609815        8.14272829131315
C           -2.43945430167327       -0.72436577626993        7.04950923414748
C           -3.11055774104410       -1.89177867932747        6.31413638950429
O           -4.18955782998251       -1.94140902063982        5.78274972029692
N           -2.18216977800904       -2.89033694497819        6.37334214368285
N           -1.08166482983618       -2.59742651381547        7.13097425058585
C           -1.19191197459499       -1.39452284410964        7.54193561701225
F            4.62081056051783        1.36923907953247        4.87651810170839
H            1.39822922171162        3.03840430681679        6.24619158036013
H           -0.37767821684013        1.84843873463270        7.46491010125299
H            2.13871858017231       -1.58356955723382        7.79443649790403
H            3.93351683210915       -0.38383842729627        6.60366948153404
H            0.19704012983926       -1.44237464884508        9.11984389340053
H            0.56157130982872        0.67051990527199       10.62799860495189
H           -3.07795035813429        2.57826038313981       11.76439398752958
H           -4.23036868038657        1.49516396958042        9.86134715318558
H           -4.09766602838588        0.19258095398347        7.92405543647416
H           -2.17941002596554        0.02556990336536        6.28378096227865
H           -2.25485317717822       -3.79842164692980        5.94337246360412
B            3.52299595620413       -1.81097447279077        1.96930256337605
N            3.55140873491168        0.80325681270778        1.45392482028548
B            2.76402414325193        2.22828526135118       -0.66589227393192
N            2.47870319636266       -0.66955672572017       -2.35146238972651
B            0.69360993141026       -3.93358697195177        2.82553745201139
N           -2.88497546698143       -2.88415204930185        1.81170599096499
B           -0.86890609936129        3.78646339742129        2.45389763300398
N           -0.38782042361673        0.12847865427031       -3.58036625671229
B           -0.20772199692462        1.55983520723025       -3.62266342433964
N            1.31847213046797       -3.85578276729955       -1.60961831967786
B           -3.65195340144028        2.13802167698619       -0.06154433320475
N           -2.55266915139015        2.71934905518592       -0.71271149331500
B            1.67362724711241        0.95507706724226       -4.41857515818209
N           -0.10794203999980        2.98060003905892        3.42783590604331
B            1.04999968966578       -2.86991226217571       -2.62447666482992
N           -0.26007512810852        3.66267902941347       -0.38624310943312
B           -0.71004547650383        1.78364337508549        3.77340077650503
N            1.68130330625355       -1.73475963051934        3.82129259815970
B            0.01192434495708        3.45577016105120       -1.76734594338104
N            1.35012477224105       -0.40900273674969        4.22179908388788
B           -1.39671712212862       -0.48819734349282       -2.78908830376044
N           -3.67517990944391        1.60931480240736        1.22924155042621
B            0.52980442091981        4.22093312966948        1.87391425304325
N            0.06545035753348       -0.51211395609821        4.81478023223439
B           -2.56516636647265        1.98262450870429        2.05205072931920
N            3.91721345184999       -0.32970240985522       -0.32387216471486
B           -2.20709117674879       -3.83415496420911        1.05866901158220
N            1.20081217245491        3.36668008122201        2.88555102287322
B           -1.78350879720454       -1.14236873565056        3.47202182553395
N           -2.35335368686122       -3.69017132271259       -0.39691374523615
B            3.16640235383134       -1.20097997186860       -1.14039682290387
N           -3.03739350702250       -1.33799479311311       -0.18206703739578
B            2.17807852446153        2.58481446796522        2.17923619427078
N           -0.36497057327236       -2.88937366173990       -2.27805490115906
B           -1.51490993158141       -2.07729594476923       -2.30868057325961
N            0.80245210033362        3.77591060631146        0.55110161329457
B            1.36293054451271        2.97631118684938       -2.56868749057012
N            0.09038271580730       -4.64621050433069        1.77499174705156
B           -1.57146592262326        3.33150727282516        0.15864345446716
N           -1.83452445031459        3.19661798571598        1.58801313351749
B            1.48690405238222       -4.51013484430169        1.59611693994382
N           -0.75221839599949        0.60554125484784        4.62419495227768
B           -2.54588869132262       -2.43877439714690       -1.04024796432358
N           -1.04433472266002       -4.70081693882014        1.01108186696111
B           -2.30630714056735        0.51036223261514       -1.76230588549055
N            2.40435338827070       -4.13227103992621        0.59644949114643
B            4.01514994766321       -0.50782450446746        1.16396989855566
N            2.16862006047084        1.91213450998331       -1.90541644784118
B            1.29402551305992        2.37622298215287       -4.05667704584095
N           -4.02292134074298        0.75840881416464       -0.01853950244337
B           -1.07820306326024        2.51540201723554       -2.59805673687521
N           -2.12820170161098        1.95868022465087       -1.85270010677365
B            3.14279634774127       -2.91725419968866        0.84912916900576
N            2.42597564282809       -3.81851336934597       -0.80814599568162
B            2.28286596164948        0.11815987612773        3.25553376363415
N           -1.97656724966685        0.22125135563893        3.95730531923840
B           -1.03047728226604       -4.29937421865580       -0.39787819273084
N           -3.05736363336387       -0.00514944010511       -0.66369442953676
B            3.62688503618416        1.05174620680739        0.01991954458635
N            2.67453064120902        1.25430957314072        2.46635399222160
B            1.66339631366784       -1.51019245043793       -3.21851880837909
N           -1.99842315610616        1.42206190898206        3.19502589949637
B            2.26956897954648        0.72111343457313       -2.73711213237082
N           -2.65731703844281       -1.62334906864184        2.51383731644300
B            0.89215840820330       -0.41302042932171       -4.13410776503635
N           -0.06774340566124       -3.82863420705242       -1.25771441963843
B            0.49779903767804       -2.53298947065037        3.65782840414765
N           -0.57228531355267       -1.64001557306886        4.08206256494092
B           -3.14628637575217       -1.63317280254856        1.18229971022332
N            2.72089337299796       -1.27022803773204        2.98617362174981
B            2.07964612561006        3.12701777428393        0.54087638727499
N            2.98540004023049       -2.50323831204772       -0.52337446545650
108
 energy: -224.030211633413 gnorm: 0.001278096475 xtb: 6.7.1pre (5071a88)
F            4.78507695883336        2.62373622945315        6.63959146597216
C            3.89112312414617        2.18199654950961        5.72240198218866
F            3.50773459079282        3.26844080430580        5.04257406275943
C            2.76415107848122        1.43583443780151        6.37051231497031
C            1.54090308026303        2.05030877387531        6.59443058880482
C            0.54647589308162        1.36244302052145        7.26699660984924
C            0.76447651947220        0.06730013482282        7.71613043263122
C            1.98291867329009       -0.54803977389898        7.45746512232817
C            2.98461820891633        0.13013040430875        6.79262528653479
C           -0.30362164623400       -0.69446340207599        8.48090911085639
C           -1.11985287199761        0.21741961311803        9.37629869027362
C           -0.47925953168937        0.82237246872153       10.44717357182584
C           -1.18287774796868        1.65187119812810       11.29679039634896
F           -0.53650275210199        2.23734690965677       12.33266687374699
C           -2.53235092945161        1.89613163358415       11.11451055333383
C           -3.17280946015317        1.29909277227735       10.05010173354298
C           -2.48746404828244        0.45904784692121        9.16492229008589
N           -3.18004594848053       -0.15349749385634        8.14923388874376
C           -2.45093693788545       -0.71521427243995        7.04521366774123
C           -3.12755330967940       -1.87691248610183        6.30583557246075
O           -4.20924888791265       -1.92106477387069        5.77946238356553
N           -2.20242781879518       -2.87873141007858        6.35712345446586
N           -1.09643979756761       -2.59154876977376        7.10880809541843
C           -1.20069524683200       -1.38996299384018        7.52501602664094
F            4.60534128162936        1.42412791706966        4.87195658976345
H            1.36875858534672        3.05532336101921        6.24348580033084
H           -0.39984564720274        1.84586865473374        7.45293632810032
H            2.14667105377621       -1.56428892364070        7.78024632342111
H            3.93402014563839       -0.34461797309818        6.59907831782373
H            0.19870455105652       -1.45126437072668        9.09283359350951
H            0.57196777385763        0.64978887289217       10.61725692016191
H           -3.06155515282722        2.54449835210782       11.79400521608096
H           -4.22572518451541        1.47640313660859        9.88921169098147
H           -4.10453503266412        0.19089415651024        7.94014514909285
H           -2.19716704975295        0.04207378699497        6.28485649499238
H           -2.27883691947856       -3.78296738973713        5.91953839714298
B            3.51792797228281       -1.83551646586189        1.96642954220076
N            3.55975691927927        0.78048879078151        1.46006448698147
B            2.77887014736179        2.21590091226523       -0.65557358770859
N            2.48062441531085       -0.67489288584528       -2.35085979745946
B            0.67749606201623       -3.94769420778323        2.81430361872881
N           -2.89574987189917       -2.87789097940500        1.80194403407791
B           -0.84753762813399        3.78156978231220        2.46811755051414
N           -0.38108095135388        0.14102249367026       -3.57872450899622
B           -0.19425354070422        1.57157458760839       -3.61666591548288
N            1.30470028549461       -3.85822725074325       -1.62036811866063
B           -3.63702935468492        2.15502841635928       -0.05483555827184
N           -2.53445102656510        2.73311219822644       -0.70326802027300
B            1.68456059521015        0.96051971736984       -4.41301179001607
N           -0.09125356309104        2.96888755220924        3.44049433983620
B            1.04154346384824       -2.86747275323433       -2.63204868426656
N           -0.23784051653976        3.66530114131318       -0.37287188507189
B           -0.69874725455399        1.77266349110354        3.77961696931657
N            1.67550861626688       -1.75639980041900        3.81709609861620
B            0.03383729910351        3.46132002276891       -1.75447299258457
N            1.35042623172962       -0.43047795097626        4.22189426857209
B           -1.39306122487751       -0.47325509933551       -2.78950996620949
N           -3.66416373122649        1.62237686974780        1.23433754866947
B            0.55341173596336        4.21109271912614        1.88976295314334
N            0.06488821005669       -0.52976135257596        4.81408226113220
B           -2.55220432755573        1.98727634875394        2.05837864454478
N            3.91975742323581       -0.34861965285830       -0.32146379786813
B           -2.22254770993621       -3.82898963046607        1.04617485069471
N            1.21926328338320        3.34940083670842        2.89800524859519
B           -1.78589172867833       -1.14715684057789        3.46845161454219
N           -2.36723978090179       -3.67903856477752       -0.40908463678469
B            3.16503051864191       -1.21354572330359       -1.14119055559105
N           -3.03935517708823       -1.32388980530861       -0.18614278225734
B            2.19358493947182        2.56573190453836        2.19028107340857
N           -0.37371152227783       -2.88132489943146       -2.28656616879901
B           -1.51960245754196       -2.06339066062117       -2.31468451757718
N            0.82503022424918        3.77052989405773        0.56521560815162
B            1.38269823837589        2.97726016273566       -2.55652713554501
N            0.07112439435426       -4.65360695926424        1.76103597828879
B           -1.55076399528827        3.33804110155738        0.17046558569642
N           -1.81513626933671        3.19926858969529        1.59931019340154
B            1.46847408904638       -4.52435969023645        1.58341369989743
N           -0.74757503298021        0.59221053800976        4.62716953272649
B           -2.55299567622007       -2.42426931084512       -1.04795343291252
N           -1.06333686546399       -4.70027124215732        0.99619382472358
B           -2.29824870713672        0.52618051539493       -1.75981303069077
N            2.38804902970305       -4.14674415808152        0.58558356051233
B            4.01686132923053       -0.53207092270363        1.16572317042551
N            2.18259431959245        1.90665315392648       -1.89644080757482
B            1.31207443014390        2.38228553654976       -4.04651103601275
N           -4.01457327500929        0.77704867058523       -0.01660306075008
B           -1.05974134910996        2.52783851540302       -2.58835846484325
N           -2.11283376877196        1.97384165572973       -1.84530439596341
B            3.13224656184406       -2.93619281699850        0.84257187831359
N            2.41178749056616       -3.82851429682854       -0.81798904134552
B            2.28710412968264        0.09555231536151        3.25907272240355
N           -1.97303982905733        0.21596996185547        3.95766223938309
B           -1.04704652221973       -4.29406744247472       -0.41129556010655
N           -3.05233006837168        0.01072686568098       -0.66322771867515
B            3.63598592678818        1.03307780477674        0.02675509778115
N            2.68438203071358        1.23230041628639        2.47345462984177
B            1.66186194816294       -1.50874464993852       -3.22124502404575
N           -1.98759945962079        1.41870601365589        3.19839902920765
B            2.27852139722668        0.71803048148167       -2.73211333971986
N           -2.66217938049457       -1.62105723046676        2.50899941578697
B            0.89652164780474       -0.40483825217556       -4.13373379223184
N           -0.08165913255877       -3.82553608339945       -1.26930070324150
B            0.48866979988860       -2.54878815786311        3.65098410998435
N           -0.57736849124782       -1.65196492954146        4.07775757460623
B           -3.15048755006586       -1.62334054700219        1.17707105770905
N            2.71846820182803       -1.29421050480263        2.98507720545873
B            2.09848557784890        3.11437521533169        0.55357329680134
N            2.97731925794250       -2.51692147605200       -0.52861868366738
108
 energy: -224.030227192379 gnorm: 0.001084755660 xtb: 6.7.1pre (5071a88)
F            4.76843834487976        2.65149906651755        6.64804917859732
C            3.87552636644668        2.21678369741821        5.72659128643405
F            3.48857736674440        3.30938183590748        5.05867865690890
C            2.75138463981399        1.46020597125529        6.36746718161702
C            1.52317938258041        2.06500116766947        6.59030600897634
C            0.53221312727617        1.36787500604273        7.25835840019078
C            0.75820687836006        0.07283000804760        7.70407317068811
C            1.98170389866591       -0.53271059403023        7.44648212773728
C            2.97997355652737        0.15471718214071        6.78593157843887
C           -0.30582267343179       -0.69703292100350        8.46625940815827
C           -1.11763013139573        0.20789621260895        9.37277146547276
C           -0.47130023698610        0.80561073718349       10.44429565045768
C           -1.17076148185142        1.62803496590846       11.30414625760721
F           -0.51880868804467        2.20652933786296       12.34047049825574
C           -2.52150435702037        1.87242701123197       11.13159368113861
C           -3.16754112822149        1.28294103643715       10.06630328058908
C           -2.48651305704987        0.45018388093237        9.17097286372300
N           -3.18437594684361       -0.15520626614323        8.15464892136134
C           -2.46129316559401       -0.70808144183785        7.04215919557197
C           -3.14314320874879       -1.86570125765017        6.30105520796954
O           -4.22766944530750       -1.90535654790153        5.77985508035778
N           -2.21911476676556       -2.86874167918758        6.34267192951269
N           -1.10844440308632       -2.58613011267360        7.08917434126564
C           -1.20845184941173       -1.38614186308050        7.51089960303815
F            4.59167237494885        1.47034693404707        4.86775567366672
H            1.34497880543736        3.07012533284917        6.24284040126943
H           -0.41758185557248        1.84435874119387        7.44427549998019
H            2.15233814080666       -1.54866084666075        7.76645951241217
H            3.93332544883617       -0.31250319832687        6.59358659002879
H            0.19978819010476       -1.45833653621625        9.06977576989547
H            0.58099780299366        0.63256934351897       10.60733944572154
H           -3.04714702717790        2.51532448843595       11.81894073929337
H           -4.22151245625274        1.46016963658520        9.91271502719711
H           -4.11064289113462        0.18920727600189        7.95381054945451
H           -2.21277850478892        0.05459076416274        6.28550199022776
H           -2.29722101707246       -3.76966286728823        5.89870184533495
B            3.51349923875054       -1.85640420794314        1.96390409306569
N            3.56728104173980        0.76115485931092        1.46537668132537
B            2.79126122598746        2.20509659973824       -0.64687684107285
N            2.48212650157768       -0.67931630136752       -2.35024477802529
B            0.66379584586555       -3.95966507576502        2.80493918810673
N           -2.90499508154904       -2.87180432771255        1.79383220357671
B           -0.82933583833907        3.77750074308567        2.48032685607838
N           -0.37541117525863        0.15176482904435       -3.57722957460463
B           -0.18207933369816        1.58153194926196       -3.61032036963681
N            1.29273994407069       -3.86010089531461       -1.62948101272205
B           -3.62425431414484        2.16971940242551       -0.04909737717264
N           -2.51883775531671        2.74497166354413       -0.69516691091255
B            1.69399664783927        0.96508378923565       -4.40825643451431
N           -0.07709770979369        2.95916780021865        3.45165781868833
B            1.03412025871593       -2.86513165415663       -2.63833912142839
N           -0.21876557216630        3.66721490169196       -0.36157485533411
B           -0.68903561286093        1.76322376347643        3.78433383580147
N            1.67056179569288       -1.77470514213326        3.81349016812121
B            0.05270614587489        3.46544873388407       -1.74353929249034
N            1.35067195985628       -0.44866731971145        4.22192466436046
B           -1.39014806456351       -0.46049683763753       -2.78994013285468
N           -3.65473171152284        1.63394404147272        1.23867843475810
B            0.57348812215122        4.20242555525357        1.90306781288987
N            0.06462850750035       -0.54442404823782        4.81348661158068
B           -2.54129395517049        1.99132608150216        2.06390520400881
N            3.92204965914409       -0.36479672774719       -0.31939874610998
B           -2.23563811864489       -3.82373415046466        1.03572335039512
N            1.23481630990242        3.33446535897774        2.90828434153707
B           -1.78776042908023       -1.15100977183183        3.46565078603320
N           -2.37906431067014       -3.66892711488065       -0.41923006137616
B            3.16390445224832       -1.22414992838693       -1.14195068253780
N           -3.04125782295075       -1.31139344257523       -0.18969470466371
B            2.20680512317922        2.54938295850941        2.19968001423488
N           -0.38132773664936       -2.87429341566736       -2.29374131682606
B           -1.52376354894995       -2.05145428473967       -2.31988771149375
N            0.84432749888864        3.76571759327311        0.57705273508544
B            1.39980585778941        2.97834149429661       -2.54648199730621
N            0.05458906412026       -4.65978528878087        1.74942697204258
B           -1.53301330052444        3.34355246839870        0.18059531531498
N           -1.79848458710958        3.20153633342616        1.60902402010343
B            1.45261490986479       -4.53638527908743        1.57265074601323
N           -0.74325107150860        0.58119659969062        4.62948323812124
B           -2.55914269883814       -2.41152388651838       -1.05449076203261
N           -1.07961024130756       -4.69898298658330        0.98376318463602
B           -2.29133479787097        0.53999535658024       -1.75778694649798
N            2.37382469533775       -4.15882358943079        0.57634671395008
B            4.01829648830374       -0.55280052601958        1.16716062109368
N            2.19419899961128        1.90210482384063       -1.88884919073580
B            1.32775996251809        2.38752590350464       -4.03808522822319
N           -4.00762816380125        0.79323926575827       -0.01525294778993
B           -1.04444862286149        2.53884373016229       -2.58044656549793
N           -2.09985231900189        1.98704359654938       -1.83908599938722
B            3.12307216153074       -2.95219705673522        0.83693786155695
N            2.39937156109853       -3.83673910178243       -0.82629532298791
B            2.29065963277609        0.07630083073246        3.26192202992837
N           -1.96998067945753        0.21173966464770        3.95853683518550
B           -1.06126166424944       -4.28916154947032       -0.42249314783878
N           -3.04833869934481        0.02463655643961       -0.66308969201798
B            3.64337057054784        1.01697036867100        0.03259311145829
N            2.69283775307773        1.21346216370223        2.47946006454174
B            1.66040670745126       -1.50736299835707       -3.22336656335085
N           -1.97822512748348        1.41563617253979        3.20101298781251
B            2.28557950627855        0.71542516526218       -2.72781118458124
N           -2.66601710020912       -1.61823356827769        2.50474540399468
B            0.90018461402553       -0.39780351758433       -4.13328424415453
N           -0.09376502171887       -3.82266323406378       -1.27917112724513
B            0.48098607123086       -2.56210942520294        3.64520326129520
N           -0.58161008276165       -1.66198082050932        4.07387596242234
B           -3.15370401189232       -1.61424801034655        1.17258933115300
N            2.71635880324210       -1.31460168410390        2.98406616151266
B            2.11443374302068        3.10326692878267        0.56433412618929
N            2.97028986798539       -2.52842537933933       -0.53310892313779
108
 energy: -224.030233931846 gnorm: 0.000706007360 xtb: 6.7.1pre (5071a88)
F            4.75938553250178        2.66584061207633        6.65327649224517
C            3.86648878762348        2.23647245798771        5.72932559683176
F            3.47781023630966        3.33316772752610        5.06941091505745
C            2.74392601701443        1.47408605301873        6.36582971901333
C            1.51344199368650        2.07390192736277        6.58919702562750
C            0.52439279891937        1.37141026618809        7.25426122482118
C            0.75437464514921        0.07591439608386        7.69665622734863
C            1.98016845743538       -0.52450180245482        7.43861464384699
C            2.97658971143870        0.16828128347979        6.78089179198293
C           -0.30724690485509       -0.69833126074715        8.45759399464828
C           -1.11639894968865        0.20225780838556        9.37081598568103
C           -0.46663580552267        0.79571743272766       10.44254971140832
C           -1.16341662596796        1.61410243677572       11.30821211499175
F           -0.50810659284964        2.18797196317769       12.34495588033178
C           -2.51482209636310        1.85859642940928       11.14139230579975
C           -3.16422355878183        1.27350864042089       10.07587641836438
C           -2.48597015834523        0.44495633773023        9.17472113829665
N           -3.18704893956595       -0.15605484118951        8.15804861069493
C           -2.46791235451279       -0.70470894827215        7.04117393584377
C           -3.15220037763069       -1.85980954584502        6.29826813086727
O           -4.23923904638643       -1.89772170769007        5.78237100637415
N           -2.22844013590429       -2.86326893877710        6.33419742693459
N           -1.11482072005594       -2.58264931921003        7.07711543349925
C           -1.21293368551441       -1.38385425264286        7.50261101780791
F            4.58318091188529        1.49711672911340        4.86502826485289
H            1.33203160554554        3.07928003669128        6.24419570149885
H           -0.42718107179289        1.84404150259927        7.44071699694039
H            2.15462116084322       -1.54038463984214        7.75668463572755
H            3.93189102357054       -0.29487648131602        6.58862403221793
H            0.20038057928143       -1.46213645617392        9.05613914430413
H            0.58629847765323        0.62267935672702       10.60116205019682
H           -3.03837915362615        2.49795160509299       11.83352540818445
H           -4.21873893967659        1.45097970524592        9.92640733973889
H           -4.11428085469973        0.18835866666260        7.96197431174101
H           -2.22266731656554        0.06029483457141        6.28592812698568
H           -2.30715089081804       -3.76318871026069        5.88841503682515
B            3.51076329822382       -1.86883463573096        1.96228272167049
N            3.57214271015531        0.74963851516364        1.46849289168356
B            2.79818152725871        2.19826493228578       -0.64167699386058
N            2.48318891413107       -0.68187588626097       -2.34988953847280
B            0.65563945729777       -3.96663843134519        2.79943444128541
N           -2.91066069222904       -2.86754733514012        1.78920689567154
B           -0.81849264315182        3.77523270533672        2.48746778058396
N           -0.37209384687878        0.15831860861203       -3.57638903640521
B           -0.17549845512318        1.58754578132489       -3.60755524535901
N            1.28544365666516       -3.86092879440837       -1.63493225828775
B           -3.61667363610608        2.17864389981197       -0.04576956055388
N           -2.50949879910054        2.75210400574601       -0.69042893829391
B            1.69948821830614        0.96789172445037       -4.40537188791607
N           -0.06864309515795        2.95362210750566        3.45825431430163
B            1.02954076091053       -2.86342549743755       -2.64202519998150
N           -0.20738521037222        3.66823759553054       -0.35493076377004
B           -0.68326046311610        1.75779268995979        3.78672147814735
N            1.66760051456469       -1.78545669380063        3.81127565808293
B            0.06387584329199        3.46832875126504       -1.73719699729964
N            1.35087174912225       -0.45934927390872        4.22181800377069
B           -1.38858578416954       -0.45263414822199       -2.79032142737152
N           -3.64909151960255        1.64123311972757        1.24117997395476
B            0.58544130739677        4.19720137621873        1.91077033846162
N            0.06465917825701       -0.55274768426255        4.81291739417339
B           -2.53495331847372        1.99390705136526        2.06725025687880
N            3.92357605114203       -0.37452709811708       -0.31816397912804
B           -2.24331753436469       -3.81978685819341        1.02965101216236
N            1.24404829538810        3.32544234500082        2.91400776692434
B           -1.78889287270870       -1.15294068296767        3.46408138075851
N           -2.38605714737742       -3.66232898394620       -0.42507737415046
B            3.16314790800526       -1.23038534883421       -1.14234367430460
N           -3.04271153768832       -1.30357166858782       -0.19190349624432
B            2.21449843835601        2.53940619136904        2.20483990431615
N           -0.38599467131679       -2.86974796254128       -2.29791460300866
B           -1.52635148585599       -2.04397777773975       -2.32294829420075
N            0.85579760716094        3.76274050286113        0.58392784973900
B            1.40980832316756        2.97881881070596       -2.54055943289755
N            0.04463866127293       -4.66331562851955        1.74268221340339
B           -1.52243977209698        3.34675343880958        0.18657600297418
N           -1.78857651289878        3.20298766446870        1.61476615656638
B            1.44302519766186       -4.54334660562969        1.56620165264184
N           -0.74032545620200        0.57503863722414        4.63046959881449
B           -2.56293942082214       -2.40356677939785       -1.05837614385231
N           -1.08938239537846       -4.69751362934746        0.97656700937735
B           -2.28745001108791        0.54841382427974       -1.75670760044180
N            2.36510969180972       -4.16582844381267        0.57075103434539
B            4.01928012675613       -0.56519779153717        1.16796545908203
N            2.20110133961041        1.89931443343176       -1.88455320337963
B            1.33682830221546        2.39064371649017       -4.03310212990834
N           -4.00378027556371        0.80316345869033       -0.01466513307522
B           -1.03498208350238        2.54523058443938       -2.57558200502590
N           -2.09205099706387        1.99500539971679       -1.83541990732351
B            3.11751973038463       -2.96168745271531        0.83350310907998
N            2.39178623002150       -3.84146357939913       -0.83129532236679
B            2.29286141313400        0.06486250160617        3.26346020979606
N           -1.96814764520053        0.20960270207775        3.95943423697821
B           -1.06977667360689       -4.28585361687492       -0.42899393337198
N           -3.04640118231099        0.03321048630341       -0.66323147067220
B            3.64760962424768        1.00719144528851        0.03598652495577
N            2.69784600039003        1.20207610525775        2.48275775504220
B            1.65957143317821       -1.50634442865948       -3.22456749856612
N           -1.97276496804562        1.41397957893770        3.20254058245200
B            2.29027485208191        0.71390859153363       -2.72557850033294
N           -2.66819986874468       -1.61572978993544        2.50203885615890
B            0.90236628843571       -0.39345167948433       -4.13290832903715
N           -0.10112903719516       -3.82058125313354       -1.28502128419448
B            0.47639264547354       -2.56979404462841        3.64165443815019
N           -0.58417596286512       -1.66769014001396        4.07122229746059
B           -3.15554967646485       -1.60827351170774        1.16987120942624
N            2.71509353431473       -1.32671640422098        2.98339024271759
B            2.12412374931074        3.09708822310147        0.57049607786707
N            2.96592531319547       -2.53518426968505       -0.53579036437201
108
 energy: -224.030237866952 gnorm: 0.000521160982 xtb: 6.7.1pre (5071a88)
F            4.75526293114184        2.67145502958230        6.65645598366768
C            3.86193098336957        2.24597935836591        5.73102076923345
F            3.47276148070962        3.34532107821743        5.07619178491791
C            2.73994259449846        1.48069326163909        6.36490461555860
C            1.50875255342909        2.07856430555532        6.58965870149379
C            0.52070952774803        1.37342835670287        7.25328252131563
C            0.75234313540158        0.07728709556172        7.69307227445448
C            1.97875186142201       -0.52111136639340        7.43356332569691
C            2.97414776968960        0.17424435934646        6.77699661844676
C           -0.30796657987859       -0.69910175294785        8.45359567346265
C           -1.11572675534678        0.19947674690382        9.36986483650056
C           -0.46424057920239        0.79042721942068       10.44192028780577
C           -1.15960324245367        1.60650641530346       11.31084504837953
F           -0.50253422146244        2.17775697631618       12.34779174973085
C           -2.51123681104138        1.85138992738046       11.14669681047198
C           -3.16227996449646        1.26911081479123       10.08064748409475
C           -2.48553564271556        0.44273798184729        9.17639587627706
N           -3.18823231428824       -0.15565469244231        8.15934308993193
C           -2.47130837312611       -0.70375193814069        7.04114902966320
C           -3.15737311160397       -1.85839644003117        6.29899748661016
O           -4.24578431754910       -1.89562631190099        5.78600697519066
N           -2.23267755822333       -2.86103132547928        6.33024863594859
N           -1.11763811195541       -2.58117788054399        7.07137985869096
C           -1.21533321009794       -1.38322072168415        7.49929726378579
F            4.57853653387538        1.51064710325196        4.86338455728527
H            1.32634655420862        3.08463448425110        6.24728946249608
H           -0.43132007757441        1.84450776466010        7.44120145679838
H            2.15455052727473       -1.53743492615740        7.74935261750555
H            3.93000409535939       -0.28726818508923        6.58369506823394
H            0.20083757011117       -1.46388461331719        9.04978253719745
H            0.58899409429008        0.61730679163660       10.59823308408654
H           -3.03369230718255        2.48901193818625       11.84116992048924
H           -4.21700680514648        1.44697380093005        9.93321819260428
H           -4.11588441479306        0.18876261467824        7.96556633214219
H           -2.22718714079820        0.06132732089962        6.28548617814275
H           -2.31090100984619       -3.76066491571730        5.88385801733959
B            3.50913728848484       -1.87544074496049        1.96124537655135
N            3.57504703246999        0.74357700804090        1.47006346699631
B            2.80197241834664        2.19462962036246       -0.63938431752530
N            2.48368923351465       -0.68315169151993       -2.34986097816950
B            0.65124897888232       -3.97016020753045        2.79644272983089
N           -2.91398788486813       -2.86472798136677        1.78683151999569
B           -0.81257043749804        3.77422860572137        2.49102467133421
N           -0.37038237182189        0.16205489698268       -3.57601737326386
B           -0.17162294267315        1.59096258914275       -3.60565304090731
N            1.28131003536736       -3.86109931021727       -1.63794907228418
B           -3.61269297187722        2.18368816067000       -0.04410820411843
N           -2.50457775959962        2.75613156758960       -0.68807363871545
B            1.70252489827989        0.96943240561102       -4.40409867819674
N           -0.06403959729830        2.95083685149783        3.46150464606068
B            1.02685075917789       -2.86232446804387       -2.64410841498497
N           -0.20129454667641        3.66863024182163       -0.35163254207272
B           -0.68024802048574        1.75520949499980        3.78780713420826
N            1.66591769140803       -1.79098543809131        3.80996983776767
B            0.06985787554985        3.46957243051612       -1.73403378579529
N            1.35096010546310       -0.46482027013325        4.22160720839590
B           -1.38793126060953       -0.44816988433960       -2.79072135437312
N           -3.64604502836287        1.64553273753550        1.24239573738795
B            0.59202898577875        4.19428101948169        1.91456457437180
N            0.06474567952018       -0.55681036573413        4.81241857796132
B           -2.53168447118807        1.99558967125371        2.06906105320964
N            3.92453633699952       -0.37975382250829       -0.31769720766410
B           -2.24738694634874       -3.81693876082019        1.02644573616942
N            1.24914052544035        3.32073494446095        2.91697090114079
B           -1.78964976652361       -1.15352071442288        3.46322212132877
N           -2.38984253229793       -3.65828977477044       -0.42812222873552
B            3.16290179897491       -1.23368005197837       -1.14286072112814
N           -3.04377580673890       -1.29899710523862       -0.19328470646755
B            2.21901502273630        2.53431744791442        2.20766926228624
N           -0.38869713250163       -2.86702262217199       -2.30015254009151
B           -1.52791148390942       -2.03965191834552       -2.32463120631469
N            0.86188352448953        3.76064310898497        0.58734935207573
B            1.41522437424237        2.97931967354767       -2.53787149639164
N            0.03919053141713       -4.66504453701739        1.73911203845352
B           -1.51684559729235        3.34857237146103        0.18959440076570
N           -1.78327171711243        3.20399825179518        1.61769033987566
B            1.43774842423423       -4.54683885937630        1.56262264465344
N           -0.73856397193446        0.57214736982478        4.63069364746262
B           -2.56518925810522       -2.39895001021613       -1.06055121509037
N           -1.09476505657570       -4.69615855907321        0.97282211166693
B           -2.28560516092630        0.55323501806165       -1.75639622081797
N            2.36024171418054       -4.16943979987508        0.56755558672788
B            4.01974139854016       -0.57186257607668        1.16822132143314
N            2.20471883072386        1.89807744136844       -1.88265855454822
B            1.34176317763629        2.39247240943676       -4.03091408749169
N           -4.00196879176285        0.80880567658355       -0.01456626108457
B           -1.03031707738837        2.54897802289902       -2.57340674670264
N           -2.08815739462072        1.99956231554527       -1.83375403280675
B            3.11436906041103       -2.96665189371377        0.83146029144487
N            2.38754263505931       -3.84383535136694       -0.83414453014843
B            2.29402623676198        0.05886591076771        3.26401673301094
N           -1.96725794300263        0.20889267752280        3.96017920222710
B           -1.07446898456952       -4.28377453561186       -0.43243138055695
N           -3.04570347752404        0.03815585060742       -0.66358891311537
B            3.64961048329997        1.00183548554908        0.03759348840365
N            2.70078574930118        1.19613067579317        2.48446190493592
B            1.65893794148020       -1.50565843246841       -3.22528688466209
N           -1.97016121965831        1.41354670475419        3.20354416407129
B            2.29233380774559        0.71313535331494       -2.72454210664792
N           -2.66940538712817       -1.61362889634611        2.50033874440332
B            0.90341821953015       -0.39097315359899       -4.13282502868605
N           -0.10526475784162       -3.81915557582314       -1.28818206336297
B            0.47382122312494       -2.57361539143922        3.63957508122185
N           -0.58566619089213       -1.67041580977625        4.06942054845894
B           -3.15669386700138       -1.60459835151011        1.16826339602593
N            2.71432503419689       -1.33310449353347        2.98287594185691
B            2.12908209688171        3.09295147525375        0.57366649217549
N            2.96358902140203       -2.53871080285753       -0.53746557911443
