$hessian                                                                        
        0.4103212141   0.1258021117  -0.0420348137  -0.0500982334  -0.0138540827
       -0.0169500322  -0.0096258074   0.0044395592   0.0549304069  -0.2082873390
       -0.0311022055  -0.0246159470   0.0010625641  -0.0022578286  -0.0002617371
       -0.0008894658   0.0019386666  -0.0002877317  -0.0004161578  -0.0016647167
       -0.0005378191   0.0006743607   0.0018819418  -0.0004829661  -0.0214780225
        0.0230955584  -0.0209329565   0.0056088436  -0.0068388331  -0.0022564492
       -0.0013795752   0.0052950055  -0.0030585470  -0.0018345294  -0.0023172871
        0.0023977226   0.0018030733   0.0018977495  -0.0023250172  -0.0167492233
       -0.0070347890   0.0070453764  -0.0018160358   0.0003250613  -0.0003833791
        0.0039585701  -0.0018726844   0.0021954559  -0.0029586240  -0.0011020876
        0.0010182717   0.0017807101  -0.0002878101  -0.0007168808   0.0013531417
        0.0018782055   0.0018673836   0.0010997659  -0.0035239816  -0.0023685635
       -0.0021557344   0.0036071415   0.0038596516  -0.0022422499  -0.0011349327
       -0.0073703358   0.0057463951   0.0028808910   0.0044421127  -0.0014387114
       -0.0015906806  -0.0018456416  -0.0014642799   0.0001069135   0.0003560502
        0.0012417317   0.0004829727  -0.0005578455  -0.0010557016  -0.0002554728
       -0.0003035739   0.0017808290   0.0009982238   0.0010978929  -0.0021219926
       -0.0006420948   0.0011363741   0.0014033618   0.0022425317  -0.0009313229
       -0.0012112790  -0.0014374293   0.0004636019   0.0011443409   0.0011761498
       -0.0001979257  -0.0013073606  -0.0005080028   0.0005833745   0.0016072296
        0.0001703144  -0.0002368590  -0.0242434460  -0.0246677093  -0.0047478513
       -0.1075582372  -0.0735063893   0.0497950521   0.0223699457  -0.0054820555
        0.0127420448  -0.0018810712   0.0050278990  -0.0050176689   0.0015300519
       -0.0035991304   0.0018445274   0.0000631308   0.0037928495  -0.0034031312
       -0.0010292799  -0.0011097196   0.0001306945   0.0010337486   0.0011885383
        0.0001220983  -0.0008675071  -0.0016541348  -0.0006920148   0.0012708841
        0.0008256703   0.0004706520  -0.0012477706  -0.0004968152   0.0001474301
        0.0009474219   0.0007543166   0.0001254774   0.0007730990  -0.0002879348
       -0.0000146663  -0.0008895760   0.0004639836   0.0004036070   0.0008052519
        0.0002819751   0.0000147202  -0.0008674478  -0.0003771046   0.0003784447
       -0.0010156377   0.0031364696  -0.0006847436   0.0018883972  -0.0011568670
        0.0006850361  -0.0015796436   0.0007249464   0.0002538952   0.0010151987
       -0.0008603219   0.0000756800  -0.0011484397   0.0013639515   0.0004507067
        0.0009076554  -0.0015389976  -0.0004677047   0.0026094631   0.0009735590
       -0.0007887437  -0.0048892089  -0.0010298636   0.0004799298   0.0052809821
        0.0010980161  -0.0134197247  -0.0004425955  -0.0000177524   0.0101577925
       -0.0007246764  -0.0035814293  -0.0031524554  -0.0022776238   0.0009752183
        0.0024842009  -0.0012729077   0.0004767470   0.0006483363   0.0012829687
        0.0000151587  -0.0003198392  -0.0015851507   0.0003397756   0.0009393692
        0.0013036254  -0.0009067984  -0.0010407344  -0.0014801922   0.0012087577
        0.0010200586   0.0010905873  -0.0010252949  -0.0004872049   0.0005369543
        0.0014995252   0.0010467103  -0.0022033705  -0.0034563470  -0.0018727822
       -0.0004339197   0.0017519969  -0.0000463152   0.0008725277  -0.0019387672
       -0.0009982142
        0.1258021117   0.2414334728  -0.1258024374  -0.0074197213  -0.0402429995
        0.0347710935  -0.0044391503   0.0112091309   0.0044390593  -0.0347704172
       -0.0402428355   0.0074200608  -0.0002706738  -0.0006557603   0.0005659152
       -0.0002519727   0.0008725463  -0.0007168928  -0.0003488273  -0.0004244915
        0.0002404336   0.0008626861   0.0006743974  -0.0005578910   0.0124707289
        0.0028243418  -0.0062620802   0.0028311048  -0.0043329695   0.0033422864
        0.0011438734   0.0012123104  -0.0016989050  -0.0019257715  -0.0001394335
        0.0010711447   0.0020708262  -0.0004961345   0.0003871240  -0.0094167383
       -0.0035412060   0.0010275250  -0.0005564411   0.0009861353  -0.0004959551
        0.0021954341  -0.0022033298   0.0027466672  -0.0015365016   0.0002149514
       -0.0004706523   0.0010979275  -0.0008895203  -0.0002519710   0.0001851186
        0.0011429047  -0.0001851581   0.0003145949  -0.0018427701   0.0001743195
       -0.0018638451   0.0028260566  -0.0017056060   0.0049468519  -0.0021305494
       -0.0049468845   0.0017055604   0.0028260794   0.0018638074  -0.0001743547
       -0.0018427829  -0.0003146075  -0.0005659492  -0.0006557934   0.0002706733
        0.0005578326   0.0006743779  -0.0008626757  -0.0002404586  -0.0004245148
        0.0003488271   0.0007168278   0.0008725275   0.0002519577  -0.0011743084
        0.0004952181   0.0006599388   0.0011457699  -0.0000130390  -0.0005403819
       -0.0010425283  -0.0000536846   0.0006825788   0.0006391891   0.0000620472
       -0.0004984318  -0.0007640748   0.0003283553   0.0006022434   0.0008109569
       -0.0006709885  -0.0003368353  -0.0215748513  -0.0161389200  -0.0065677987
       -0.0788006880  -0.1370260699   0.0788009552   0.0065678395  -0.0161391250
        0.0215748072   0.0010125066   0.0046080260  -0.0011649131  -0.0007444979
       -0.0027698617   0.0007445002   0.0011649357   0.0046080224  -0.0010124536
       -0.0005663833  -0.0002714631   0.0005856620   0.0004798664   0.0004667725
       -0.0004966877  -0.0002958174  -0.0008818753   0.0002958041   0.0004966597
        0.0004667647  -0.0004798787  -0.0005856642  -0.0002714736   0.0005663975
        0.0003460407   0.0001510483  -0.0003460427   0.0002879184  -0.0003247873
       -0.0002819747  -0.0004358260   0.0006763880   0.0004358577   0.0002819768
       -0.0003247811  -0.0002878899  -0.0004622770   0.0000469871   0.0004623042
        0.0002773383   0.0028684907  -0.0002773001   0.0008430049  -0.0012271014
        0.0003059576  -0.0006727615   0.0010636142   0.0003616854   0.0002771605
       -0.0010520070  -0.0002771440  -0.0003616513   0.0010635994   0.0006728087
       -0.0003059544  -0.0012271025  -0.0008429752   0.0016988660   0.0012122993
       -0.0011438682  -0.0033423324  -0.0043329849  -0.0028311240   0.0062620306
        0.0028244258  -0.0124706458  -0.0010275156  -0.0035412793   0.0094167662
       -0.0003871485  -0.0004961285  -0.0020707991  -0.0010711575  -0.0001394751
        0.0019257930  -0.0006022304   0.0003283365   0.0007641043   0.0004984147
        0.0000620305  -0.0006391667  -0.0006825930  -0.0000537135   0.0010425443
        0.0005403532  -0.0000130516  -0.0011457448  -0.0006599235   0.0004951887
        0.0011743599   0.0003368072  -0.0006709969  -0.0008109316   0.0004706460
        0.0002149080   0.0015365363  -0.0027466859  -0.0022033250  -0.0021964066
        0.0004959777   0.0009861073   0.0005564863   0.0002519553  -0.0008895365
       -0.0010978752
       -0.0420348137  -0.1258024374   0.4103209012  -0.0246162914   0.0311029958
       -0.2082867058   0.0549302402  -0.0044397087  -0.0096265691  -0.0169497363
        0.0138546269  -0.0500973899   0.0003559950  -0.0001068405  -0.0014642953
        0.0010979489  -0.0009983031   0.0017807168  -0.0003035623   0.0002555338
       -0.0010557012  -0.0005578747  -0.0004830418   0.0012417326  -0.0134193770
       -0.0010985037   0.0052813555   0.0004797433   0.0010301258  -0.0048891617
       -0.0007886686  -0.0009737057   0.0026095369   0.0024842335  -0.0009751239
       -0.0022776992  -0.0031524546   0.0035813595  -0.0007245708   0.0101580720
        0.0000178561  -0.0004429033  -0.0000462339  -0.0017519352  -0.0004339166
       -0.0018726850   0.0034563460  -0.0022033498   0.0010468019  -0.0014994536
        0.0005369230  -0.0009982914   0.0019387422   0.0008725375   0.0018673685
       -0.0018782997   0.0013530567  -0.0018457495   0.0015907903  -0.0014386134
        0.0044422383  -0.0028810879   0.0057462454  -0.0073703540   0.0011351430
       -0.0022420744   0.0038595477  -0.0036073070  -0.0021558665  -0.0023685362
        0.0035240542   0.0010998730  -0.0002616889   0.0022578367   0.0010625724
       -0.0004829974  -0.0018820066   0.0006743975  -0.0005377863   0.0016647417
       -0.0004161470  -0.0002877527  -0.0019387373  -0.0008895233   0.0010201096
       -0.0012086656  -0.0014802074  -0.0010407659   0.0009067114   0.0013036529
        0.0009394444  -0.0003397105  -0.0015851472  -0.0003198984  -0.0000152406
        0.0012829786   0.0006483903  -0.0004766526  -0.0012729181  -0.0004872780
        0.0010252525   0.0010906262   0.0127435325   0.0054833508   0.0223698853
        0.0497950702   0.0735040015  -0.1075595638  -0.0047481124   0.0246677994
       -0.0242432636  -0.0034027382  -0.0037924324   0.0000631862   0.0018444829
        0.0035990875   0.0015299066  -0.0050203147  -0.0050278475  -0.0018798726
        0.0001474622   0.0004968631  -0.0012477773   0.0004706102  -0.0008257329
        0.0012708733  -0.0006919929   0.0016541992  -0.0008674789   0.0001220403
       -0.0011886012   0.0010337396   0.0001307631   0.0011097377  -0.0010292893
        0.0001254240  -0.0007543588   0.0009474217   0.0000146155  -0.0002819723
        0.0008052426   0.0004036926  -0.0004640305  -0.0008895774  -0.0000146688
        0.0002878845   0.0007730998   0.0003784575   0.0003771250  -0.0008674701
       -0.0006846200  -0.0031362796  -0.0010154445  -0.0004677964   0.0015390265
        0.0009076111   0.0004507886  -0.0013639360  -0.0011484216   0.0000755710
        0.0008603875   0.0010151746   0.0002540984  -0.0007250786  -0.0015796766
        0.0006846660   0.0011569913   0.0018882203  -0.0030587587  -0.0052951615
       -0.0013795676  -0.0022564442   0.0068390368   0.0056089526  -0.0209332987
       -0.0230956380  -0.0214782365   0.0070453291   0.0070348504  -0.0167492854
       -0.0023252512  -0.0018978186   0.0018034378   0.0023979575   0.0023171861
       -0.0018346407   0.0005834644   0.0005080176  -0.0013073608  -0.0001980166
       -0.0011761698   0.0011443404   0.0004637021   0.0014374010  -0.0012113313
       -0.0009314096  -0.0022425625   0.0014034671   0.0011364237   0.0006420477
       -0.0021221458  -0.0002368620  -0.0001702747   0.0016073144   0.0010182813
        0.0011027959  -0.0029587208   0.0021964920   0.0018728314   0.0039585889
       -0.0003831505  -0.0003258293  -0.0018165058  -0.0007168272   0.0002877494
        0.0017808215
       -0.0500982334  -0.0074197213  -0.0246162914   0.4292320182   0.0783999715
        0.1115625086  -0.2082865391   0.0347720973  -0.0169492693  -0.0454790723
        0.0048052806  -0.0635336482  -0.0011158586   0.0018591524   0.0003964821
        0.0009861251  -0.0017519356   0.0003250496   0.0004123435   0.0017183033
        0.0006333336  -0.0004245343  -0.0016647407   0.0002555352   0.0032109472
       -0.0115006802   0.0048906295  -0.0036408879   0.0044559514  -0.0000485786
        0.0017698319  -0.0041672353   0.0023939572   0.0008402976   0.0021585054
       -0.0015340901  -0.0003765588  -0.0019937559   0.0020359512   0.0064236445
        0.0052236457  -0.0041853660   0.0014899423   0.0006333345   0.0005593160
       -0.0018160469  -0.0000462211  -0.0005564491   0.0017388462   0.0013424816
       -0.0011411822  -0.0010557176  -0.0005377908   0.0002404554  -0.0019511481
       -0.0019383364  -0.0023744962  -0.0013178765   0.0047039400   0.0021859660
        0.0032571107  -0.0032792167   0.0023069871  -0.0269995586   0.0208872491
        0.0150135326  -0.0139826401  -0.0058781422  -0.0092129914   0.0027017145
        0.0015109192   0.0019647794   0.0027679796  -0.0010755854  -0.0012314133
       -0.0014642659   0.0002617242   0.0005659583   0.0017388990  -0.0003965034
        0.0005183700  -0.0029587132  -0.0010467823  -0.0015365137   0.0014519778
        0.0011223437  -0.0003709699  -0.0008624743  -0.0021780441   0.0004357889
        0.0008875343   0.0015470170  -0.0000004850  -0.0010257464  -0.0011879257
       -0.0002335733   0.0010655831   0.0007878676  -0.0000287264  -0.0013230200
       -0.0006316005  -0.0002462252  -0.0019186031   0.0007061165  -0.0091531652
        0.0097705479  -0.0054181223   0.0168227944  -0.0081653285  -0.0006741129
       -0.0021633381   0.0032828680   0.0001204001   0.0016566925  -0.0026903905
        0.0011251329  -0.0029002353   0.0002006228  -0.0024967515   0.0032424362
        0.0010656777   0.0010790530   0.0002771499  -0.0011645252  -0.0010705577
       -0.0003980354   0.0012116487   0.0017212465   0.0011022270  -0.0017064863
       -0.0005768897  -0.0010629335   0.0014874239   0.0001700682   0.0002543083
       -0.0011097943  -0.0005410459  -0.0005313048  -0.0008895803   0.0004358463
       -0.0004036071   0.0007908324  -0.0002217809   0.0000138853  -0.0008674651
       -0.0004623018  -0.0003784633   0.0007823714   0.0002833087  -0.0000138502
        0.0014353719  -0.0008401483   0.0012729971  -0.0015070047   0.0002806614
       -0.0010804565   0.0013305690   0.0000520726   0.0003994686  -0.0011871537
        0.0004396800  -0.0006575192   0.0011430758  -0.0010409876   0.0005424966
       -0.0015559613   0.0010041700  -0.0009766921  -0.0013389376   0.0033350766
        0.0033933675   0.0166136710  -0.0031495806  -0.0066213125  -0.0869688272
       -0.0792781322  -0.0260626983  -0.0238982837  -0.0350735704   0.0013124793
        0.0005433024   0.0041441056   0.0053623722   0.0014192456  -0.0028130062
       -0.0021937233   0.0012024778  -0.0007884872  -0.0000582649  -0.0015482164
        0.0006082989  -0.0002326711   0.0019775113  -0.0011592469  -0.0007214492
       -0.0012267141   0.0030811749   0.0005601622   0.0010742023  -0.0019036115
        0.0001787856  -0.0012096079   0.0014327594  -0.0004745044  -0.0024227095
       -0.0039045750   0.0010755523   0.0002149353   0.0014994566  -0.0011028394
        0.0006891136  -0.0018591418   0.0013424808  -0.0006557832   0.0022578548
       -0.0001069233
       -0.0138540827  -0.0402429995   0.0311029958   0.0783999715   0.2470475384
        0.0783999182   0.0311038992  -0.0402436070  -0.0138542487  -0.0048047944
        0.0222193471  -0.0048047888  -0.0000812679   0.0006891174   0.0005183641
       -0.0004959689  -0.0004338990  -0.0003833862   0.0006928534   0.0004123171
        0.0005593095  -0.0003488272  -0.0004161312  -0.0003035660  -0.0005383398
       -0.0014126492  -0.0005383377  -0.0011679221   0.0023986483   0.0003630473
        0.0001841323  -0.0010215275   0.0001114640   0.0001587196   0.0007616085
        0.0001587284   0.0001114763  -0.0010215403   0.0001841371   0.0003630084
        0.0023986305  -0.0011679371   0.0005593116   0.0004123239   0.0006928437
       -0.0003833795  -0.0004339136  -0.0004959516   0.0005183590   0.0006891158
       -0.0000812744  -0.0003035634  -0.0004161413  -0.0003488277  -0.0021954459
        0.0001132272  -0.0014662116   0.0005678055   0.0011660874   0.0016588988
        0.0025912863  -0.0017848562  -0.0021744613   0.0120102097   0.0040847740
        0.0029455086  -0.0103787764  -0.0014395054  -0.0009024422   0.0025887913
       -0.0010667101  -0.0002512736   0.0012313527  -0.0024226953  -0.0021486584
       -0.0003560230   0.0010625797   0.0002706657   0.0011411618  -0.0011158725
        0.0000812734  -0.0010182656   0.0005369327   0.0004706593   0.0004332377
        0.0004194483   0.0003651836  -0.0003041613  -0.0005981434  -0.0003041675
        0.0003651808   0.0004194421   0.0004332433  -0.0004595879  -0.0001919346
       -0.0005364175   0.0003684993   0.0001245310   0.0003685063  -0.0005364151
       -0.0001919447  -0.0004595952  -0.0009025622  -0.0014396019  -0.0103787936
        0.0029456571   0.0040850215   0.0120098533  -0.0021743826  -0.0017848272
        0.0025913568   0.0016589011   0.0011661143   0.0005677654  -0.0014662196
        0.0001131997  -0.0021954268  -0.0002512509  -0.0010666621   0.0025887972
        0.0005648049   0.0000041269   0.0004645480  -0.0010308557   0.0000881831
       -0.0006571138   0.0010491666  -0.0002181186   0.0005979440  -0.0008843520
        0.0005072108  -0.0006530008   0.0007078049  -0.0006989616   0.0003933710
       -0.0006161707   0.0004536390  -0.0005756875  -0.0004639700   0.0006763840
       -0.0004639774   0.0002217726  -0.0003932776   0.0002833192  -0.0003771182
        0.0000469808  -0.0003771217   0.0002833135  -0.0003932782   0.0002217786
        0.0005979486  -0.0002181005   0.0010491632  -0.0006571131   0.0000881718
       -0.0010308524   0.0004645456   0.0000041335   0.0005648061  -0.0005756860
        0.0004536329  -0.0006161716   0.0003933654  -0.0006989514   0.0007078105
       -0.0006530003   0.0005071975  -0.0008843568   0.0023278726   0.0032308398
        0.0006965114   0.0043056258  -0.0185492606  -0.0253410256  -0.0752580091
       -0.1587222477  -0.0752568012  -0.0253410052  -0.0185488316   0.0043060389
        0.0006965702   0.0032308460   0.0023277985  -0.0003792868  -0.0016092743
       -0.0003792481   0.0003202745  -0.0009336920   0.0003202885  -0.0006233082
        0.0010993327  -0.0004161484   0.0006229874  -0.0013534680  -0.0000573670
        0.0001308419   0.0025651222   0.0001308146  -0.0000573848  -0.0013534565
        0.0006230088  -0.0004161498   0.0010993204  -0.0006233198  -0.0021486585
       -0.0024226528   0.0012313954   0.0004706432   0.0005369030  -0.0010182862
        0.0000812727  -0.0011158562   0.0011411706   0.0002706797   0.0010625601
       -0.0003560428
       -0.0169500322   0.0347710935  -0.2082867058   0.1115625086   0.0783999182
        0.4292293651  -0.0246154534  -0.0074198603  -0.0500977918  -0.0635335813
        0.0048052167  -0.0454781849  -0.0011411506   0.0013424817   0.0017388381
       -0.0005564655  -0.0000462167  -0.0018160411   0.0005593219   0.0006333245
        0.0014899255   0.0002404499  -0.0005377866  -0.0010557141   0.0048905533
       -0.0115006001   0.0032109598  -0.0041852495   0.0052236707   0.0064236367
        0.0020359181  -0.0019937368  -0.0003765723  -0.0015340699   0.0021584936
        0.0008402991   0.0023939435  -0.0041672058   0.0017698245  -0.0000486251
        0.0044558654  -0.0036408816   0.0006333368   0.0017182914   0.0004123083
        0.0003250552  -0.0017519319   0.0009861459   0.0003964750   0.0018591249
       -0.0011158565   0.0002555256  -0.0016647444  -0.0004245278  -0.0029002358
        0.0011251491  -0.0026903485   0.0016567204   0.0001203662   0.0032828303
       -0.0021634326  -0.0006740511  -0.0081653068   0.0168229301  -0.0054183497
        0.0097703374  -0.0091530015   0.0007061870  -0.0019184782   0.0032423838
       -0.0024967820   0.0002006025   0.0010754838  -0.0039045747  -0.0024226658
       -0.0001068984   0.0022578442  -0.0006558059   0.0013424548  -0.0018591347
        0.0006891122  -0.0011027987   0.0014994706   0.0002149411  -0.0000004871
        0.0015470322   0.0008875237   0.0004357959  -0.0021780289  -0.0008624680
       -0.0003709619   0.0011223393   0.0014519690  -0.0002462343  -0.0006315906
       -0.0013230023  -0.0000287218   0.0007878678   0.0010655962  -0.0002335755
       -0.0011879481  -0.0010257762  -0.0092130966  -0.0058782385  -0.0139823979
        0.0150133980   0.0208869693  -0.0270000208   0.0023070673  -0.0032791698
        0.0032571522   0.0021859490   0.0047039227  -0.0013179400  -0.0023744944
       -0.0019383368  -0.0019510786   0.0019648079   0.0015109511   0.0027016512
        0.0003994586   0.0000520697   0.0013305549  -0.0010804475   0.0002806661
       -0.0015069892   0.0012729857  -0.0008401573   0.0014353561  -0.0009766783
        0.0010041628  -0.0015559471   0.0005424852  -0.0010409800   0.0011430670
       -0.0006575139   0.0004396718  -0.0011871310  -0.0004035982   0.0004358390
       -0.0008895789  -0.0000138555   0.0002833103   0.0007823636  -0.0003784619
       -0.0004623067  -0.0008674587   0.0000138759  -0.0002217668   0.0007908306
        0.0011022388   0.0017212466   0.0012116143  -0.0003980363  -0.0010705530
       -0.0011644958   0.0002771494   0.0010790549   0.0010656568  -0.0005313055
       -0.0005410512  -0.0011097661   0.0002543009   0.0001700915   0.0014874029
       -0.0010629350  -0.0005769042  -0.0017064628   0.0053623991   0.0041440224
        0.0005432054   0.0013119231  -0.0350735910  -0.0238978219  -0.0260627260
       -0.0792768977  -0.0869673896  -0.0066208729  -0.0031490428   0.0166136984
        0.0033933731   0.0033349940  -0.0013390377  -0.0021937389  -0.0028129499
        0.0014192975  -0.0000582678  -0.0007884651   0.0012024975  -0.0004744931
        0.0014327570  -0.0012096124   0.0001787627  -0.0019035974   0.0010742228
        0.0005601843   0.0030811258  -0.0012267484  -0.0007214518  -0.0011592041
        0.0019775185  -0.0002326780   0.0006082646  -0.0015482072  -0.0012313687
       -0.0010755128   0.0027679778  -0.0015365461  -0.0010468042  -0.0029586812
        0.0005183736  -0.0003964735   0.0017388786   0.0005659521   0.0002616884
       -0.0014642694
       -0.0096258074  -0.0044391503   0.0549302402  -0.2082865391   0.0311038992
       -0.0246154534   0.4103185525  -0.1258030296  -0.0420330573  -0.0500975355
        0.0138543617  -0.0169511782   0.0005369141  -0.0014994509   0.0010467718
       -0.0022033084   0.0034563281  -0.0018726478  -0.0004339257  -0.0017519162
       -0.0000462397   0.0008725421   0.0019387295  -0.0009982886   0.0052810652
       -0.0010984544  -0.0134194687  -0.0004427776   0.0000178653   0.0101578967
       -0.0007245779   0.0035813424  -0.0031524492  -0.0022776609  -0.0009750993
        0.0024842228   0.0026094878  -0.0009736838  -0.0007886791  -0.0048891464
        0.0010300855   0.0004798281  -0.0010557005   0.0002555241  -0.0003035610
        0.0017807103  -0.0009982888   0.0010979361  -0.0014642903  -0.0001068475
        0.0003560100   0.0012417191  -0.0004830368  -0.0005578699   0.0015299506
        0.0035990435   0.0018444577   0.0000630911  -0.0037924018  -0.0034027128
       -0.0242428420   0.0246677306  -0.0047479205  -0.1075577990   0.0735036283
        0.0497940099   0.0223699299   0.0054829634   0.0127430408  -0.0018799772
       -0.0050278098  -0.0050202567  -0.0029586886   0.0011028358   0.0010183013
        0.0017808036   0.0002877121  -0.0007168335  -0.0018165068  -0.0003257978
       -0.0003831354   0.0039585876   0.0018727801   0.0021964161  -0.0015851320
       -0.0003397002   0.0009394422   0.0013036546   0.0009067072  -0.0010407484
       -0.0014801940  -0.0012086660   0.0010201089   0.0010905899   0.0010252478
       -0.0004872782  -0.0012729253  -0.0004766389   0.0006483842   0.0012829687
       -0.0000152399  -0.0003199145  -0.0021558454  -0.0036071637   0.0038596404
       -0.0022422020   0.0011350864  -0.0073703252   0.0057462676  -0.0028810176
        0.0044422076  -0.0014386316   0.0015907513  -0.0018457382   0.0013530720
       -0.0018782803   0.0018673663   0.0010998681   0.0035240086  -0.0023685785
       -0.0011484174  -0.0013639062   0.0004507908   0.0009076218   0.0015389914
       -0.0004677958  -0.0010154797  -0.0031362244  -0.0006846028   0.0018882248
        0.0011569656   0.0006846485  -0.0015796622  -0.0007250491   0.0002541105
        0.0010151704   0.0008603646   0.0000755663   0.0008052462  -0.0002819862
        0.0000146151  -0.0008674530   0.0003771229   0.0003784554   0.0007731083
        0.0002878831  -0.0000146728  -0.0008895657  -0.0004640045   0.0004036965
       -0.0008674723   0.0016541790  -0.0006920061   0.0012708685  -0.0008257304
        0.0004706156  -0.0012477592   0.0004968634   0.0001474631   0.0009474062
       -0.0007543551   0.0001254324  -0.0010292654   0.0011097383   0.0001307466
        0.0010337317  -0.0011885984   0.0001220551   0.0018033688  -0.0018978774
       -0.0023252575  -0.0167490520   0.0070349906   0.0070453863  -0.0214787237
       -0.0230956058  -0.0209329049   0.0056089627   0.0068389390  -0.0022565877
       -0.0013796393  -0.0052951567  -0.0030586810  -0.0018345773   0.0023172205
        0.0023979311  -0.0013073560   0.0005080345   0.0005834515   0.0016072996
       -0.0001703034  -0.0002368870  -0.0021221174   0.0006420818   0.0011364198
        0.0014034266  -0.0022425890  -0.0009313976  -0.0012113066   0.0014374220
        0.0004636846   0.0011443558  -0.0011761810  -0.0001979991   0.0010625896
        0.0022578197  -0.0002617271  -0.0008895311  -0.0019387251  -0.0002877146
       -0.0004161370   0.0016647312  -0.0005378052   0.0006743731  -0.0018820124
       -0.0004829761
        0.0044395592   0.0112091309  -0.0044397087   0.0347720973  -0.0402436070
       -0.0074198603  -0.1258030296   0.2414369859   0.1258044634   0.0074197159
       -0.0402434445  -0.0347715227  -0.0004706566   0.0002149448  -0.0015365269
        0.0027466989  -0.0022033730   0.0021954707  -0.0004959532   0.0009861475
       -0.0005564567  -0.0002519814  -0.0008895285   0.0010979541  -0.0062621562
        0.0028246416   0.0124706967   0.0010274881  -0.0035413306  -0.0094169086
        0.0003871234  -0.0004961340   0.0020708621   0.0010711641  -0.0001394671
       -0.0019258072  -0.0016989274   0.0012123747   0.0011438721   0.0033422948
       -0.0043330304   0.0028311483   0.0002404321  -0.0004245106  -0.0003488283
       -0.0007169029   0.0008725685  -0.0002519868   0.0005659182  -0.0006557828
       -0.0002706667  -0.0005578930   0.0006744222   0.0008626931   0.0007444969
       -0.0027699218  -0.0007444875  -0.0011649093   0.0046081042   0.0010124922
        0.0215749787  -0.0161393955   0.0065679925   0.0788005466  -0.1370281973
       -0.0788013808  -0.0065682501  -0.0161392805  -0.0215749516  -0.0010124239
        0.0046080985   0.0011649458   0.0015365695   0.0002149048   0.0004706307
       -0.0010978991  -0.0008895411   0.0002519796   0.0005565091   0.0009861223
        0.0004959662  -0.0021964818  -0.0022033654  -0.0027466854   0.0006825840
       -0.0000537025  -0.0010425485  -0.0005404078  -0.0000130181   0.0011457846
        0.0006599514   0.0004952109  -0.0011743398  -0.0003368248  -0.0006709891
        0.0008109786   0.0006022561   0.0003283446  -0.0007640919  -0.0004984374
        0.0000620610   0.0006391974   0.0018638902   0.0028260783   0.0017055419
       -0.0049469006  -0.0021304962   0.0049469361  -0.0017056104   0.0028261454
       -0.0018638947   0.0001743016  -0.0018428030   0.0003146271  -0.0001851463
        0.0011429347   0.0001851152  -0.0003146422  -0.0018428177  -0.0001743330
        0.0003616952   0.0010636196  -0.0006727870   0.0003059539  -0.0012271150
        0.0008430272  -0.0002772760   0.0028685373   0.0002773188  -0.0008430032
       -0.0012271179  -0.0003059385   0.0006728261   0.0010636073  -0.0003616761
       -0.0002771552  -0.0010520153   0.0002771775  -0.0002819822  -0.0003247819
        0.0002879271   0.0004623076   0.0000469754  -0.0004622913  -0.0002878973
       -0.0003247789   0.0002819856   0.0004358661   0.0006763883  -0.0004358450
        0.0002957980  -0.0008819032  -0.0002958144  -0.0004966896   0.0004667952
        0.0004798712   0.0005856643  -0.0002714839  -0.0005663962  -0.0003460441
        0.0001510638   0.0003460489   0.0005663965  -0.0002714920  -0.0005856772
       -0.0004798761   0.0004667857   0.0004966672  -0.0020708395  -0.0004961279
       -0.0003871194   0.0094169229  -0.0035413999  -0.0010276077  -0.0124705258
        0.0028247256   0.0062622809  -0.0028312119  -0.0043330417  -0.0033423004
       -0.0011438438   0.0012123637   0.0016989056   0.0019258147  -0.0001395044
       -0.0010712024   0.0007641181   0.0003283277  -0.0006022485  -0.0008109493
       -0.0006709932   0.0003368269   0.0011743798   0.0004951790  -0.0006599532
       -0.0011457562  -0.0000130279   0.0005403792   0.0010425540  -0.0000537338
       -0.0006826148  -0.0006391791   0.0000620485   0.0004984288   0.0002706603
       -0.0006558125  -0.0005659546   0.0002519831   0.0008725527   0.0007168347
        0.0003488229  -0.0004245310  -0.0002404615  -0.0008626763   0.0006744063
        0.0005578461
        0.0549304069   0.0044390593  -0.0096265691  -0.0169492693  -0.0138542487
       -0.0500977918  -0.0420330573   0.1258044634   0.4103200488  -0.0246173219
       -0.0311033049  -0.2082865847   0.0010182420  -0.0011021076  -0.0029586203
        0.0021954668  -0.0018726792   0.0039585664  -0.0003833816   0.0003250563
       -0.0018160330  -0.0007168748  -0.0002877984   0.0017807162  -0.0209329389
        0.0230955445  -0.0214780331   0.0070452079  -0.0070349327  -0.0167492245
       -0.0023249906   0.0018977559   0.0018030845   0.0023977114  -0.0023173144
       -0.0018345348  -0.0030585272   0.0052950253  -0.0013795958  -0.0022564506
       -0.0068387661   0.0056088857  -0.0005378226  -0.0016647218  -0.0004161451
       -0.0002877340   0.0019386566  -0.0008894782  -0.0002617335  -0.0022578194
        0.0010625884  -0.0004829553   0.0018819417   0.0006743435   0.0018445333
       -0.0035991334   0.0015300521  -0.0050176412   0.0050279143  -0.0018810560
        0.0127421323  -0.0054820817   0.0223698835   0.0497939867  -0.0735070469
       -0.1075578710  -0.0047483020  -0.0246678325  -0.0242431796  -0.0034030891
        0.0037928724   0.0000631526   0.0010467357   0.0014995166   0.0005369270
       -0.0009982259  -0.0019387449   0.0008725487  -0.0000462952   0.0017519946
       -0.0004339338  -0.0018728336  -0.0034563424  -0.0022033267   0.0004635845
       -0.0014374189  -0.0012112743  -0.0009313333   0.0022425420   0.0014033612
        0.0011363592  -0.0006421135  -0.0021219990  -0.0002368010   0.0001703218
        0.0016072288   0.0005833708  -0.0005080167  -0.0013073425  -0.0001979150
        0.0011761495   0.0011443153   0.0044421731   0.0028809417   0.0057463089
       -0.0073703109  -0.0011348887  -0.0022421814   0.0038596390   0.0036071553
       -0.0021557953  -0.0023685800  -0.0035239420   0.0010998191   0.0018673996
        0.0018782087   0.0013530955  -0.0018456693  -0.0015906910  -0.0014386697
        0.0002538874   0.0007249331  -0.0015796549   0.0006850337  -0.0011568578
        0.0018883951  -0.0006847205   0.0031364731  -0.0010156522  -0.0004677185
       -0.0015389886   0.0009076674   0.0004507185   0.0013639396  -0.0011484611
        0.0000756754  -0.0008603173   0.0010152117  -0.0000146626  -0.0002879209
        0.0007730918   0.0003784352  -0.0003771250  -0.0008674528   0.0000147283
        0.0002819763   0.0008052399   0.0004036036   0.0004639817  -0.0008895870
       -0.0006920199  -0.0016541506  -0.0008674822   0.0001221069   0.0011885562
        0.0010337355   0.0001306857  -0.0011097373  -0.0010292766   0.0001254854
        0.0007543299   0.0009474223   0.0001474147  -0.0004968302  -0.0012477736
        0.0004706630   0.0008256788   0.0012708691  -0.0031524854  -0.0035813975
       -0.0007246108   0.0101578391  -0.0000178456  -0.0004427036  -0.0134194448
        0.0010982860   0.0052811685   0.0004798693  -0.0010299174  -0.0048891649
       -0.0007887019   0.0009736128   0.0026094733   0.0024841907   0.0009751701
       -0.0022776566   0.0006483396   0.0004767284  -0.0012729029  -0.0004872144
       -0.0010252749   0.0010905907   0.0010200612   0.0012087222  -0.0014802095
       -0.0010407293  -0.0009067601   0.0013036499   0.0009393599   0.0003397465
       -0.0015851611  -0.0003198299   0.0000151828   0.0012829722   0.0003560315
        0.0001068902  -0.0014642769   0.0010979176   0.0009982357   0.0017808132
       -0.0003035821  -0.0002554880  -0.0010556922  -0.0005578327   0.0004829935
        0.0012417322
       -0.2082873390  -0.0347704172  -0.0169497363  -0.0454790723  -0.0048047944
       -0.0635335813  -0.0500975355   0.0074197159  -0.0246173219   0.4292303582
       -0.0784014989   0.1115620236  -0.0024226481   0.0039045705   0.0010755409
        0.0002149179  -0.0014994421  -0.0011021062   0.0006891361   0.0018591403
        0.0013424637  -0.0006558054  -0.0022578297  -0.0001068397  -0.0869672296
        0.0792772943  -0.0260621642  -0.0238976495   0.0350736217   0.0013123287
        0.0005432409  -0.0041440566   0.0053623791   0.0014192777   0.0028129483
       -0.0021937174  -0.0013390085  -0.0033350334   0.0033933888   0.0166136486
        0.0031491694  -0.0066210406   0.0017388719   0.0003964380   0.0005183623
       -0.0029585994   0.0010467869  -0.0015365048   0.0027679542   0.0010755033
       -0.0012313912  -0.0014642777  -0.0002617222   0.0005659308  -0.0026903874
       -0.0011250881  -0.0029001964   0.0002006460   0.0024967531   0.0032424103
       -0.0019186039  -0.0007061358  -0.0091530305   0.0097706025   0.0054182044
        0.0168226698  -0.0081653002   0.0006741619  -0.0021633839   0.0032828305
       -0.0001203975   0.0016567640   0.0017388476  -0.0013424754  -0.0011411712
       -0.0010557074   0.0005378273   0.0002404661   0.0014899559  -0.0006333097
        0.0005593033  -0.0018165178   0.0000462630  -0.0005564606   0.0019775388
        0.0011591896  -0.0007213968  -0.0012267487  -0.0030811415   0.0005601758
        0.0010742096   0.0019035713   0.0001787533  -0.0012096067  -0.0014327294
       -0.0004745020   0.0012024547   0.0007885083  -0.0000582868  -0.0015482159
       -0.0006083166  -0.0002327050   0.0032571211   0.0032791706   0.0023070104
       -0.0269999339  -0.0208868518   0.0150135887  -0.0139824776   0.0058782032
       -0.0092129711   0.0027016803  -0.0015109746   0.0019647508  -0.0019511135
        0.0019383297  -0.0023744954  -0.0013179525  -0.0047039248   0.0021859874
        0.0011430822   0.0010409708   0.0005424670  -0.0015559588  -0.0010041312
       -0.0009766863   0.0014353799   0.0008401496   0.0012729870  -0.0015069919
       -0.0002806231  -0.0010804482   0.0013305759  -0.0000520692   0.0003994467
       -0.0011871327  -0.0004396402  -0.0006575316  -0.0008674424   0.0004622925
       -0.0003784381   0.0007823654  -0.0002833316  -0.0000139141  -0.0008895687
       -0.0004358552  -0.0004036978   0.0007908514   0.0002217690   0.0000138806
        0.0012116187  -0.0017212810   0.0011022088  -0.0017064734   0.0005768887
       -0.0010629407   0.0014874115  -0.0001701131   0.0002542861  -0.0011097930
        0.0005410610  -0.0005313221   0.0010656700  -0.0010790858   0.0002771284
       -0.0011645073   0.0010705626  -0.0003980422  -0.0003765392   0.0019937775
        0.0020359507   0.0064235906  -0.0052236886  -0.0041853209   0.0032110833
        0.0115006693   0.0048906164  -0.0036409309  -0.0044559005  -0.0000485522
        0.0017698731   0.0041672260   0.0023939556   0.0008402781  -0.0021585020
       -0.0015340949   0.0010656030  -0.0007878190  -0.0000287485  -0.0013230014
        0.0006316076  -0.0002462152   0.0014519558  -0.0011223398  -0.0003710271
       -0.0008624408   0.0021780618   0.0004357690   0.0008875168  -0.0015470212
       -0.0000004911  -0.0010257234   0.0011879325  -0.0002335927  -0.0011158735
       -0.0018591346   0.0003964782   0.0009861492   0.0017519169   0.0003258067
        0.0004123161  -0.0017183253   0.0006333158  -0.0004245061   0.0016647442
        0.0002554717
       -0.0311022055  -0.0402428355   0.0138546269   0.0048052806   0.0222193471
        0.0048052167   0.0138543617  -0.0402434445  -0.0311033049  -0.0784014989
        0.2470486367  -0.0784004603   0.0021486541  -0.0024227095  -0.0012313873
       -0.0004706494   0.0005369338   0.0010182607  -0.0000812896  -0.0011158722
       -0.0011411715  -0.0002706557   0.0010625914   0.0003559994   0.0752571659
       -0.1587233279   0.0752573231   0.0253410340  -0.0185494618  -0.0043059325
       -0.0006965314   0.0032308805  -0.0023278718   0.0003792438  -0.0016092880
        0.0003792796  -0.0023278069   0.0032308846  -0.0006965576  -0.0043059906
       -0.0185490301   0.0253410725  -0.0011411843  -0.0011158524  -0.0000812710
        0.0010182746   0.0005369077  -0.0004706489  -0.0012314024  -0.0024226649
        0.0021486699   0.0003560145   0.0010625751  -0.0002706729   0.0014662495
        0.0001132083   0.0021954486   0.0002512519  -0.0010667012  -0.0025888210
        0.0009025290  -0.0014395417   0.0103788423  -0.0029456732   0.0040848622
       -0.0120101380   0.0021744560  -0.0017848516  -0.0025913182  -0.0016589169
        0.0011661121  -0.0005678015  -0.0005183715   0.0006891245   0.0000812798
        0.0003035853  -0.0004161494   0.0003488221  -0.0005593219   0.0004123253
       -0.0006928493   0.0003831533  -0.0004339151   0.0004959654  -0.0006230205
       -0.0013534613   0.0000573764  -0.0001308090   0.0025651485  -0.0001308334
        0.0000573496  -0.0013534677  -0.0006229987   0.0004161794   0.0010993383
        0.0006233180  -0.0003202880  -0.0009337104  -0.0003202725   0.0006233358
        0.0010993380   0.0004161345  -0.0025913459  -0.0017848518   0.0021744124
       -0.0120098236   0.0040851088  -0.0029456541   0.0103788718  -0.0014396675
        0.0009025453  -0.0025888217  -0.0010666554   0.0002512641   0.0021954547
        0.0001131830   0.0014662265  -0.0005677842   0.0011661367  -0.0016589147
       -0.0003933797  -0.0006989565  -0.0007078048   0.0006530193   0.0005072064
        0.0008843615  -0.0005979585  -0.0002181101  -0.0010491718   0.0006571293
        0.0000881698   0.0010308616  -0.0004645577   0.0000041345  -0.0005648041
        0.0005757024   0.0004536308   0.0006161794   0.0003771164   0.0000469810
        0.0003771127  -0.0002833248  -0.0003932703  -0.0002217649   0.0004640264
        0.0006763930   0.0004640179  -0.0002217762  -0.0003932778  -0.0002833142
       -0.0010491789  -0.0002180857  -0.0005979478   0.0008843742   0.0005071932
        0.0006530060  -0.0007078209  -0.0006989444  -0.0003933635   0.0006161911
        0.0004536228   0.0005756887  -0.0005648130   0.0000041431  -0.0004645438
        0.0010308672   0.0000881586   0.0006571137  -0.0001114772  -0.0010215548
       -0.0001841509  -0.0003630559   0.0023986771   0.0011679574   0.0005383022
       -0.0014127415   0.0005382960   0.0011679691   0.0023986621  -0.0003630363
       -0.0001841566  -0.0010215699  -0.0001114891  -0.0001587239   0.0007616214
       -0.0001587118  -0.0003685111   0.0001245172  -0.0003685028   0.0005364303
       -0.0001919498   0.0004595963  -0.0004332466   0.0004194523  -0.0003651680
        0.0003041683  -0.0005981688   0.0003041634  -0.0003651764   0.0004194534
       -0.0004332366   0.0004595952  -0.0001919478   0.0005364196   0.0000812811
        0.0006891251  -0.0005183676   0.0004959545  -0.0004339263   0.0003831373
       -0.0006928498   0.0004123357  -0.0005593136   0.0003488256  -0.0004161562
        0.0003035764
       -0.0246159470   0.0074200608  -0.0500973899  -0.0635336482  -0.0048047888
       -0.0454781849  -0.0169511782  -0.0347715227  -0.2082865847   0.1115620236
       -0.0784004603   0.4292298972  -0.0012313631   0.0010755177   0.0027679563
       -0.0015365153   0.0010467836  -0.0029585929   0.0005183744   0.0003964392
        0.0017388641   0.0005659247  -0.0002617275  -0.0014642801  -0.0260621365
        0.0792774268  -0.0869679477  -0.0066209109   0.0031492125   0.0166136967
        0.0033933557  -0.0033350614  -0.0013390291  -0.0021936913   0.0028129597
        0.0014192855   0.0053623778  -0.0041440785   0.0005432106   0.0013123174
        0.0350735422  -0.0238980328   0.0013424820   0.0018591359   0.0006891036
       -0.0011021051  -0.0014994487   0.0002149549   0.0010755452   0.0039045511
       -0.0024226825  -0.0001068562  -0.0022578446  -0.0006557961  -0.0023745111
        0.0019383425  -0.0019510975   0.0019647549  -0.0015109824   0.0027016711
       -0.0092130034   0.0058782545  -0.0139824616   0.0150132070  -0.0208872158
       -0.0269999306   0.0023071011   0.0032791546   0.0032571243   0.0021859297
       -0.0047039628  -0.0013179450   0.0003964520  -0.0018591383  -0.0011158552
        0.0002554874   0.0016647422  -0.0004245264   0.0006333026  -0.0017183221
        0.0004123239   0.0003258380   0.0017519271   0.0009861374   0.0001787575
        0.0019036002   0.0010741980   0.0005601855  -0.0030811501  -0.0012267414
       -0.0007213850   0.0011592034   0.0019775359  -0.0002327295  -0.0006083154
       -0.0015482083  -0.0000582764   0.0007885163   0.0012024727  -0.0004745159
       -0.0014327609  -0.0012095834  -0.0021634252   0.0006740424  -0.0081653185
        0.0168230457   0.0054182747   0.0097703536  -0.0091530181  -0.0007060925
       -0.0019184960   0.0032424191   0.0024967659   0.0002005912  -0.0029002213
       -0.0011250974  -0.0026903412   0.0016567980  -0.0001203611   0.0032828140
        0.0002542815  -0.0001701107   0.0014874080  -0.0010629416   0.0005768886
       -0.0017064708   0.0011021992  -0.0017212822   0.0012116226  -0.0003980388
        0.0010705552  -0.0011645100   0.0002771261  -0.0010790792   0.0010656683
       -0.0005313232   0.0005410522  -0.0011097805  -0.0003784346   0.0004622898
       -0.0008674491   0.0000138786   0.0002217709   0.0007908471  -0.0004037016
       -0.0004358651  -0.0008895697  -0.0000139203  -0.0002833165   0.0007823667
        0.0012730099   0.0008401571   0.0014353627  -0.0009767018  -0.0010041313
       -0.0015559391   0.0005424768   0.0010409742   0.0011430660  -0.0006575409
       -0.0004396460  -0.0011871139   0.0003994445  -0.0000520530   0.0013305663
       -0.0010804606  -0.0002806345  -0.0015069862   0.0023940000   0.0041672118
        0.0017698125  -0.0000486505  -0.0044559012  -0.0036408746   0.0048906933
        0.0115005853   0.0032109270  -0.0041852938  -0.0052235986   0.0064236581
        0.0020359508   0.0019937405  -0.0003765829  -0.0015341077  -0.0021584752
        0.0008403153  -0.0000287468  -0.0007878064   0.0010656257  -0.0002335906
        0.0011879402  -0.0010257480  -0.0000005046  -0.0015470216   0.0008875341
        0.0004357848   0.0021780480  -0.0008624680  -0.0003710305  -0.0011223205
        0.0014519657  -0.0002462293   0.0006315876  -0.0013230023  -0.0011411603
       -0.0013424452   0.0017388650  -0.0005564824   0.0000462462  -0.0018165189
        0.0005593113  -0.0006332927   0.0014899548   0.0002404622   0.0005378102
       -0.0010557173
        0.0010625641  -0.0002706738   0.0003559950  -0.0011158586  -0.0000812679
       -0.0011411506   0.0005369141  -0.0004706566   0.0010182420  -0.0024226481
        0.0021486541  -0.0012313631   0.2470467223  -0.0783992562  -0.0783991134
       -0.0402433385   0.0138542848  -0.0311038380   0.0222193450   0.0048044573
        0.0048044328  -0.0402434898  -0.0311040550   0.0138543725   0.0032308211
       -0.0006965496  -0.0023278269  -0.0185488332   0.0253409769  -0.0043058158
       -0.1587214379   0.0752577402   0.0752573038  -0.0185489354  -0.0043056643
        0.0253409817   0.0032308220  -0.0023278428  -0.0006965335  -0.0016092473
        0.0003792722   0.0003792628  -0.0011158494  -0.0011411545  -0.0000812644
        0.0010625761   0.0003559870  -0.0002706689  -0.0024226537  -0.0012313501
        0.0021486553   0.0005369308   0.0010182594  -0.0004706607  -0.0017846248
        0.0021743998  -0.0025913324   0.0040848270  -0.0029455651  -0.0120100229
       -0.0014395135   0.0009024908   0.0103787232  -0.0010666828   0.0002512748
       -0.0025887818   0.0001132146   0.0014662082   0.0021954170   0.0011660800
       -0.0016588884  -0.0005677926   0.0004123002  -0.0005593074  -0.0006928433
       -0.0004161419   0.0003035651   0.0003488293   0.0006890992  -0.0005183569
        0.0000812632  -0.0004339119   0.0003831395   0.0004959622  -0.0010666876
       -0.0025887737   0.0002512714  -0.0014396986   0.0103787251   0.0009024513
        0.0040847814  -0.0120101192  -0.0029455109  -0.0017848367  -0.0025912987
        0.0021744175   0.0011660804  -0.0005678044  -0.0016588888   0.0001132326
        0.0021954268   0.0014662030   0.0010993275   0.0004161522   0.0006233128
       -0.0013534460   0.0000573731  -0.0006229892   0.0025651116  -0.0001308437
       -0.0001308376  -0.0013534462  -0.0006229874   0.0000573744   0.0010993339
        0.0006233043   0.0004161439  -0.0009337053  -0.0003202651  -0.0003202598
        0.0023986173   0.0011679010  -0.0003630316  -0.0014125936   0.0005383610
        0.0005383533   0.0023986100  -0.0003630139   0.0011678983  -0.0010215316
       -0.0001114634  -0.0001841282   0.0007615899  -0.0001587254  -0.0001587297
       -0.0010215245  -0.0001841225  -0.0001114653  -0.0004161317   0.0003488253
        0.0003035784   0.0004123107  -0.0006928487  -0.0005593062  -0.0004338983
        0.0004959680   0.0003831373   0.0006891038   0.0000812620  -0.0005183635
       -0.0006989497  -0.0007077987  -0.0003933570   0.0005072142   0.0008843455
        0.0006529938  -0.0002181123  -0.0010491593  -0.0005979341   0.0000881851
        0.0010308498   0.0006571098   0.0000041264  -0.0005648034  -0.0004645375
        0.0004536397   0.0006161703   0.0005756880   0.0000881730   0.0006571085
        0.0010308507  -0.0002181162  -0.0005979371  -0.0010491542   0.0005072030
        0.0006529944   0.0008843499  -0.0006989555  -0.0003933628  -0.0007077932
        0.0004536321   0.0005756836   0.0006161777   0.0000041220  -0.0004645423
       -0.0005647976   0.0004194294  -0.0003651713  -0.0004332317  -0.0005981400
        0.0003041644   0.0003041675   0.0004194282  -0.0004332388  -0.0003651791
       -0.0001919380   0.0005364144   0.0004595974   0.0001245128  -0.0003684946
       -0.0003684934  -0.0001919276   0.0004595826   0.0005364187  -0.0003932789
       -0.0002217673  -0.0002833050   0.0006763923   0.0004640072   0.0004640156
       -0.0003932771  -0.0002833178  -0.0002217619   0.0000469885   0.0003771184
        0.0003771123
       -0.0022578286  -0.0006557603  -0.0001068405   0.0018591524   0.0006891174
        0.0013424817  -0.0014994509   0.0002149448  -0.0011021076   0.0039045705
       -0.0024227095   0.0010755177  -0.0783992562   0.4292316107   0.1115629620
        0.0074196321  -0.0500976885  -0.0246167330  -0.0048056048  -0.0454788570
       -0.0635336170  -0.0347722020  -0.2082864764  -0.0169500998  -0.0041440650
        0.0005432712   0.0053624175   0.0350735657  -0.0238982662   0.0013122360
        0.0792778592  -0.0869687556  -0.0260630861   0.0031494678   0.0166136707
       -0.0066212515  -0.0033350736  -0.0013389717   0.0033934064   0.0028129746
        0.0014192573  -0.0021937345   0.0003964681   0.0017388744   0.0005183603
       -0.0002617614  -0.0014642761   0.0005659119   0.0010755670   0.0027679760
       -0.0012314107   0.0010467539  -0.0029587177  -0.0015365236   0.0006742262
       -0.0081653306  -0.0021633805   0.0054183254   0.0097705159   0.0168228475
       -0.0007061666  -0.0019185744  -0.0091531155   0.0024967706   0.0002006061
        0.0032424241  -0.0011251270  -0.0026903733  -0.0029002197  -0.0001203682
        0.0032828387   0.0016567728  -0.0006332958   0.0014899476   0.0005593093
        0.0005378333  -0.0010557122   0.0002404259  -0.0013424811   0.0017388724
       -0.0011411686   0.0000462395  -0.0018165264  -0.0005564738  -0.0015109301
        0.0027016937   0.0019647955   0.0058779362  -0.0139826156  -0.0092130297
       -0.0208871983  -0.0269996267   0.0150135914   0.0032792239   0.0032571106
        0.0023070059  -0.0047039402  -0.0013178989   0.0021859863   0.0019383059
       -0.0019511411  -0.0023745327  -0.0014327564  -0.0012095970  -0.0004745006
        0.0019036204   0.0010741414   0.0001787536  -0.0030811747  -0.0012266997
        0.0005601870   0.0011592004   0.0019775375  -0.0007213477  -0.0006083283
       -0.0015482170  -0.0002327051   0.0007885335   0.0012024600  -0.0000582989
       -0.0044559459  -0.0036408772  -0.0000485624   0.0115006986   0.0032109291
        0.0048905955  -0.0052236487   0.0064236514  -0.0041853174   0.0019937844
       -0.0003765756   0.0020359554  -0.0021585000   0.0008403120  -0.0015340875
        0.0041672445   0.0017698156   0.0023939524   0.0016647209  -0.0004245113
        0.0002554712  -0.0017183077   0.0004123465   0.0006333404   0.0017519286
        0.0009861302   0.0003258124  -0.0018591443  -0.0011158557   0.0003964689
       -0.0001700942   0.0014874295   0.0002542915   0.0005768740  -0.0017064797
       -0.0010629352  -0.0017212574   0.0012116435   0.0011022193   0.0010705527
       -0.0011645319  -0.0003980509  -0.0010790711   0.0010656884   0.0002771321
        0.0005410413  -0.0011097998  -0.0005313263  -0.0002806538  -0.0015069894
       -0.0010804477   0.0008401678   0.0014353717   0.0012729890  -0.0010041658
       -0.0015559596  -0.0009766900   0.0010410011   0.0011430815   0.0005424683
       -0.0004396672  -0.0011871409  -0.0006575349  -0.0000520488   0.0013305837
        0.0003994541  -0.0015470376   0.0008874811  -0.0000005001   0.0021780550
       -0.0008624493   0.0004357475  -0.0011223054   0.0014519927  -0.0003709249
        0.0006315990  -0.0013230152  -0.0002462332  -0.0007878542   0.0010656014
       -0.0000287556   0.0011879233  -0.0010257394  -0.0002335922   0.0002217808
        0.0007908578   0.0000138735  -0.0004358688  -0.0008895709  -0.0004036943
       -0.0002833143   0.0007823852  -0.0000138964   0.0004622956  -0.0008674600
       -0.0003784380
       -0.0002617371   0.0005659152  -0.0014642953   0.0003964821   0.0005183641
        0.0017388381   0.0010467718  -0.0015365269  -0.0029586203   0.0010755409
       -0.0012313873   0.0027679563  -0.0783991134   0.1115629620   0.4292305624
       -0.0347719738  -0.0169505743  -0.2082865416  -0.0048055763  -0.0635336324
       -0.0454783913   0.0074197240  -0.0246155495  -0.0500974952  -0.0033350390
        0.0033934039  -0.0013390172   0.0031492809  -0.0066210812   0.0166136840
        0.0792774220  -0.0260630971  -0.0869683245   0.0350735594   0.0013120353
       -0.0238981320  -0.0041440325   0.0053624315   0.0005432267   0.0028129563
       -0.0021937252   0.0014192651   0.0018591390   0.0013424985   0.0006891160
       -0.0022578278  -0.0001068162  -0.0006557704   0.0039045652   0.0010755113
       -0.0024227005  -0.0014994628  -0.0011027817   0.0002149512   0.0032790635
        0.0023070215   0.0032571291  -0.0208870880   0.0150134853  -0.0269998321
        0.0058781443  -0.0092130568  -0.0139825345  -0.0015109357   0.0019647523
        0.0027016813   0.0019383217  -0.0023745191  -0.0019511259  -0.0047039377
        0.0021859736  -0.0013179316  -0.0017182983   0.0006333237   0.0004123309
        0.0016647274   0.0002554996  -0.0004245104  -0.0018591374   0.0003964411
       -0.0011158491   0.0017519382   0.0003257985   0.0009861324   0.0024967821
        0.0032424147   0.0002006102  -0.0007060418  -0.0091530573  -0.0019185079
        0.0054184004   0.0168229543   0.0097704060   0.0006740025  -0.0021634171
       -0.0081653175  -0.0001203592   0.0016567904   0.0032828419  -0.0011251455
       -0.0029002303  -0.0026903549  -0.0006083126  -0.0002327071  -0.0015482254
        0.0011591912  -0.0007213346   0.0019775252  -0.0030811520   0.0005601761
       -0.0012267116   0.0019036176   0.0001787601   0.0010741357  -0.0014327564
       -0.0004744774  -0.0012095885   0.0007885304  -0.0000582872   0.0012024472
       -0.0052236565  -0.0041852855   0.0064236763   0.0115006573   0.0048905598
        0.0032109179  -0.0044559221  -0.0000486014  -0.0036408579   0.0041672358
        0.0023939357   0.0017698158  -0.0021584978  -0.0015340984   0.0008403245
        0.0019937660   0.0020359289  -0.0003765658   0.0005378186   0.0002404391
       -0.0010557023  -0.0006333155   0.0005593183   0.0014899607   0.0000462263
       -0.0005564819  -0.0018165079  -0.0013424772  -0.0011411571   0.0017388994
        0.0010409876   0.0005424813   0.0011430761  -0.0010041662  -0.0009766713
       -0.0015559460   0.0008401668   0.0012730038   0.0014353728  -0.0002806648
       -0.0010804405  -0.0015069749  -0.0000520562   0.0003994645   0.0013305866
       -0.0004396680  -0.0006575198  -0.0011871277   0.0010705613  -0.0003980566
       -0.0011645302  -0.0017212565   0.0011022099   0.0012116203   0.0005768878
       -0.0010629442  -0.0017064884  -0.0001700924   0.0002542983   0.0014874081
        0.0005410537  -0.0005313251  -0.0011098071  -0.0010790724   0.0002771291
        0.0010656793  -0.0011223074  -0.0003709671   0.0014519830   0.0021780452
        0.0004357539  -0.0008624405  -0.0015470430  -0.0000004962   0.0008874957
        0.0011879346  -0.0002335931  -0.0010257428  -0.0007878250  -0.0000287590
        0.0010656193   0.0006315702  -0.0002462224  -0.0013230025  -0.0002833171
       -0.0000138994   0.0007823643  -0.0004358648  -0.0004036823  -0.0008895738
        0.0002217767   0.0000139016   0.0007908562   0.0004622812  -0.0003784769
       -0.0008674507
       -0.0008894658  -0.0002519727   0.0010979489   0.0009861251  -0.0004959689
       -0.0005564655  -0.0022033084   0.0027466989   0.0021954668   0.0002149179
       -0.0004706494  -0.0015365153  -0.0402433385   0.0074196321  -0.0347719738
        0.2414347904  -0.1258015523   0.1258040990  -0.0402429535   0.0347703244
       -0.0074200727   0.0112091275   0.0044394214  -0.0044391613  -0.0004960891
        0.0003871158   0.0020708334  -0.0035413498   0.0010275465  -0.0094168203
        0.0028246260  -0.0062621871   0.0124705015  -0.0043329927   0.0033422817
        0.0028311818   0.0012123566  -0.0016989187   0.0011438553  -0.0001394751
        0.0010711467  -0.0019257790  -0.0004245112   0.0002404260  -0.0003488287
        0.0006743693  -0.0005578909   0.0008626929  -0.0006557880   0.0005659031
       -0.0002706590   0.0008725520  -0.0007168683  -0.0002519765  -0.0161395192
       -0.0065678167  -0.0215748416  -0.1370268660   0.0788010833  -0.0788006698
       -0.0161389104   0.0215749060   0.0065680475   0.0046080637  -0.0011649661
        0.0010124454  -0.0027698840   0.0007445291  -0.0007444585   0.0046080448
       -0.0010124978   0.0011648854   0.0009861311   0.0005564845   0.0004959620
       -0.0008895052  -0.0010978930   0.0002519819   0.0002149415   0.0015365359
        0.0004706456  -0.0022033772  -0.0021964135  -0.0027466650  -0.0018427931
        0.0001743056   0.0003146056   0.0028262444  -0.0017055712  -0.0018638535
       -0.0021305234  -0.0049469240   0.0049468507   0.0028260690   0.0018638440
        0.0017055889  -0.0018427885  -0.0003146150  -0.0001743551   0.0011429163
       -0.0001851348   0.0001851270  -0.0006709805  -0.0003368083   0.0008109748
        0.0004951933   0.0006599493  -0.0011743319  -0.0000130113  -0.0005403877
        0.0011457893  -0.0000537004   0.0006825686  -0.0010425553   0.0000620571
       -0.0004984264   0.0006391943   0.0003283428   0.0006022354  -0.0007640881
       -0.0043330079  -0.0028311044  -0.0033423275   0.0028243684  -0.0124708103
        0.0062620424  -0.0035412282   0.0094168070  -0.0010275076  -0.0004961760
       -0.0020708171  -0.0003871501  -0.0001394579   0.0019258031  -0.0010711775
        0.0012123057  -0.0011438718   0.0016988731   0.0006743364  -0.0008626841
        0.0005578388  -0.0004245131   0.0003488209  -0.0002404733   0.0008725400
        0.0002519648   0.0007168314  -0.0006557862   0.0002706803  -0.0005659541
       -0.0002714747   0.0005856516  -0.0005663948   0.0004667802  -0.0004966841
        0.0004798714  -0.0008818864   0.0002957953  -0.0002958221   0.0004667698
       -0.0004798695   0.0004966676  -0.0002714754   0.0005663897  -0.0005856753
        0.0001510540  -0.0003460384   0.0003460469  -0.0012271149  -0.0008429713
       -0.0003059325   0.0028685080  -0.0002773179   0.0002773066  -0.0012270945
        0.0003059775   0.0008430275   0.0010636064   0.0003616728  -0.0006727844
       -0.0010520080  -0.0002771333   0.0002771778   0.0010636081   0.0006727977
       -0.0003616750  -0.0000537000   0.0010425609  -0.0006826096  -0.0000130620
       -0.0011457581   0.0005403751   0.0004951944   0.0011743510  -0.0006599685
       -0.0006710056  -0.0008109252   0.0003368294   0.0003283495   0.0007641017
       -0.0006022450   0.0000620309  -0.0006391693   0.0004984239   0.0006763872
        0.0004358490  -0.0004358412  -0.0003247781  -0.0002878877   0.0002819846
        0.0000469829   0.0004622959  -0.0004622916  -0.0003247907  -0.0002819521
        0.0002879265
        0.0019386666   0.0008725463  -0.0009983031  -0.0017519356  -0.0004338990
       -0.0000462167   0.0034563281  -0.0022033730  -0.0018726792  -0.0014994421
        0.0005369338   0.0010467836   0.0138542848  -0.0500976885  -0.0169505743
       -0.1258015523   0.4103213310  -0.0420341434   0.0311021239  -0.2082871673
       -0.0246156873  -0.0044392610  -0.0096260965   0.0549303002   0.0035813313
       -0.0007246177  -0.0031524660   0.0000179356  -0.0004428154   0.0101580272
       -0.0010985014   0.0052812031  -0.0134195352   0.0010300936  -0.0048891929
        0.0004797737  -0.0009736929   0.0026095115  -0.0007886683  -0.0009751180
       -0.0022776705   0.0024842359   0.0002555072  -0.0010557098  -0.0003035696
       -0.0004829669   0.0012417290  -0.0005578972  -0.0001068376  -0.0014642810
        0.0003560095  -0.0009982873   0.0017808134   0.0010979223   0.0054833399
        0.0223699300   0.0127433434   0.0735041527  -0.1075595732   0.0497947133
        0.0246676495  -0.0242433399  -0.0047481013  -0.0037924666   0.0000631539
       -0.0034027065   0.0035991051   0.0015299125   0.0018444615  -0.0050278891
       -0.0018798990  -0.0050202639  -0.0003258171  -0.0018165213  -0.0003831479
        0.0002876766   0.0017808070  -0.0007168771   0.0011027902  -0.0029587141
        0.0010182837   0.0018728590   0.0039585915   0.0021964516   0.0015907558
       -0.0014386696  -0.0018456921  -0.0028808665   0.0057462987   0.0044422080
        0.0011350171  -0.0022421138  -0.0073703756  -0.0036072196  -0.0021558473
        0.0038596231   0.0035240464   0.0010998429  -0.0023685916  -0.0018782868
        0.0013530931   0.0018673860   0.0010252618   0.0010905815  -0.0004872852
       -0.0012086653  -0.0014802378   0.0010201261   0.0009067134   0.0013036624
       -0.0010408011  -0.0003397403  -0.0015851352   0.0009394997  -0.0000152330
        0.0012829720  -0.0003199042  -0.0004766517  -0.0012729194   0.0006483733
        0.0068390482   0.0056089362  -0.0022565510  -0.0230959045  -0.0214783019
       -0.0209329665   0.0070348693  -0.0167492569   0.0070453504  -0.0018978404
        0.0018034134  -0.0023252317   0.0023172136  -0.0018346225   0.0023979351
       -0.0052951990  -0.0013795730  -0.0030586931  -0.0018819442   0.0006744228
       -0.0004829832   0.0016647408  -0.0004161528  -0.0005377970  -0.0019387520
       -0.0008895139  -0.0002877208   0.0022578428   0.0010625635  -0.0002617393
        0.0004968494  -0.0012477664   0.0001474616  -0.0008257235   0.0012708874
        0.0004706235   0.0016541832  -0.0008674962  -0.0006920120  -0.0011885943
        0.0010337434   0.0001220480   0.0011097291  -0.0010292827   0.0001307351
       -0.0007543567   0.0009474211   0.0001254227   0.0011570002   0.0018882316
        0.0006846625  -0.0031362705  -0.0010154392  -0.0006846111   0.0015390075
        0.0009075974  -0.0004678004  -0.0013639133  -0.0011483980   0.0004507927
        0.0008603822   0.0010151561   0.0000755596  -0.0007250683  -0.0015796565
        0.0002541095   0.0014373976  -0.0012113844   0.0004636713  -0.0022425738
        0.0014034818  -0.0009314219   0.0006420837  -0.0021221103   0.0011365291
       -0.0001702477   0.0016073136  -0.0002369153   0.0005079596  -0.0013073898
        0.0005834347  -0.0011761696   0.0011443791  -0.0001980024  -0.0004640197
       -0.0008895572   0.0004036774   0.0002878964   0.0007731059  -0.0000146767
        0.0003771188  -0.0008674469   0.0003784673  -0.0002819527   0.0008052639
        0.0000146064
       -0.0002877317  -0.0007168928   0.0017807168   0.0003250496  -0.0003833862
       -0.0018160411  -0.0018726478   0.0021954707   0.0039585664  -0.0011021062
        0.0010182607  -0.0029585929  -0.0311038380  -0.0246167330  -0.2082865416
        0.1258040990  -0.0420341434   0.4103194602  -0.0138543828  -0.0169494609
       -0.0500978230   0.0044395917   0.0549302906  -0.0096263823   0.0018977303
       -0.0023250067   0.0018030682  -0.0070348789   0.0070452954  -0.0167491624
        0.0230952803  -0.0209331136  -0.0214781684  -0.0068387634  -0.0022563954
        0.0056089044   0.0052949849  -0.0030585717  -0.0013796164  -0.0023172939
        0.0023977211  -0.0018345144  -0.0016647311  -0.0005378000  -0.0004161337
        0.0018818671  -0.0004829781   0.0006743605  -0.0022578165  -0.0002617357
        0.0010625885   0.0019386547  -0.0002876742  -0.0008894858  -0.0246679490
       -0.0047479473  -0.0242430797  -0.0735063402   0.0497946326  -0.1075574435
       -0.0054818424   0.0127420755   0.0223698916   0.0050278407  -0.0050176879
       -0.0018810742  -0.0035991069   0.0018445400   0.0015300656   0.0037928146
       -0.0034031242   0.0000631318   0.0017519981  -0.0000463004  -0.0004339329
       -0.0019386769  -0.0009982561   0.0008725648   0.0014995303   0.0010467008
        0.0005369265  -0.0034563629  -0.0018727752  -0.0022033139  -0.0035239642
       -0.0023685431   0.0010998215   0.0036072551   0.0038596111  -0.0021557687
       -0.0011349769  -0.0073702742  -0.0022422233   0.0028809892   0.0044421265
        0.0057463056  -0.0015906965  -0.0018456489  -0.0014386742   0.0018782258
        0.0018673926   0.0013531000   0.0001703255  -0.0002368035   0.0016072258
       -0.0006421348   0.0011364133  -0.0021219836   0.0022425318  -0.0009313508
        0.0014033684  -0.0014374099   0.0004635945  -0.0012113144   0.0011761498
       -0.0001979261   0.0011443105  -0.0005080097   0.0005833495  -0.0013073502
       -0.0010299022   0.0004798938  -0.0048891609   0.0010981079  -0.0134194697
        0.0052810794  -0.0000177219   0.0101578038  -0.0004426614  -0.0035814406
       -0.0031524337  -0.0007246203   0.0009752029   0.0024841806  -0.0022776507
        0.0009736075  -0.0007887078   0.0026094565   0.0004829132  -0.0005578548
        0.0012417250  -0.0002554929  -0.0003035854  -0.0010557101   0.0009982522
        0.0010978994   0.0017808029   0.0001068992   0.0003560363  -0.0014642662
       -0.0011097245   0.0001306842  -0.0010292637   0.0011885479   0.0001220939
        0.0010337249  -0.0016541420  -0.0006920175  -0.0008674858   0.0008256839
        0.0004706580   0.0012708683  -0.0004968221   0.0001474214  -0.0012477619
        0.0007543281   0.0001254719   0.0009474077  -0.0015389871  -0.0004676960
        0.0009076663   0.0031364472  -0.0006847525  -0.0010156579  -0.0011568451
        0.0006850473   0.0018884020   0.0007249245   0.0002538852  -0.0015796406
       -0.0008603103   0.0000756806   0.0010152029   0.0013639339   0.0004506925
       -0.0011484477   0.0003397866   0.0009394048  -0.0015851566  -0.0009067741
       -0.0010407544   0.0013036657   0.0012087135   0.0010200439  -0.0014802517
       -0.0010252668  -0.0004871908   0.0010905998   0.0004767216   0.0006483046
       -0.0012729105   0.0000151772  -0.0003198252   0.0012829646   0.0004639746
        0.0004035970  -0.0008895787   0.0002819844   0.0000147175   0.0008052455
       -0.0003771130   0.0003784366  -0.0008674391  -0.0002879213  -0.0000146112
        0.0007730957
       -0.0004161578  -0.0003488273  -0.0003035623   0.0004123435   0.0006928534
        0.0005593219  -0.0004339257  -0.0004959532  -0.0003833816   0.0006891361
       -0.0000812896   0.0005183744   0.0222193450  -0.0048056048  -0.0048055763
       -0.0402429535   0.0311021239  -0.0138543828   0.2470494569   0.0784019386
        0.0784015501  -0.0402431048  -0.0138545078   0.0311024246  -0.0010215774
        0.0001841650   0.0001114962   0.0023986915  -0.0011679943   0.0003630575
       -0.0014128002  -0.0005382797  -0.0005382744   0.0023986923   0.0003630533
       -0.0011679853  -0.0010215741   0.0001114838   0.0001841678   0.0007616321
        0.0001587144   0.0001587153   0.0004123335   0.0005593201   0.0006928497
       -0.0004161592  -0.0003035730  -0.0003488255   0.0006891349   0.0005183674
       -0.0000812883  -0.0004339266  -0.0003831546  -0.0004959593  -0.0014398723
       -0.0103789190  -0.0009025526   0.0040851164   0.0120099123   0.0029457005
       -0.0017848689   0.0025913414  -0.0021744382   0.0011661455   0.0005677808
        0.0016589318   0.0001131851  -0.0021954638  -0.0014662425  -0.0010666690
        0.0025888406  -0.0002512434  -0.0011158599   0.0011411970   0.0000812836
        0.0010625893  -0.0003560113   0.0002706630  -0.0024227004   0.0012314153
       -0.0021486695   0.0005369194  -0.0010183009   0.0004706422   0.0011661375
        0.0016589213   0.0005677909  -0.0017846560  -0.0021744522   0.0025913406
        0.0040850418   0.0029457287   0.0120099825  -0.0014396326  -0.0009025655
       -0.0103789122  -0.0010666823  -0.0002512387   0.0025888338   0.0001131860
       -0.0014662603  -0.0021954675  -0.0001919565  -0.0004595981  -0.0005364240
        0.0004194608   0.0003651828   0.0004332473  -0.0005981794  -0.0003041691
       -0.0003041591   0.0004194598   0.0004332450   0.0003651803  -0.0001919582
       -0.0005364298  -0.0004596015   0.0001245439   0.0003685032   0.0003684993
       -0.0185494587  -0.0253410785   0.0043060713  -0.1587241347  -0.0752571696
       -0.0752570784  -0.0185493500   0.0043060447  -0.0253410932   0.0032309129
        0.0023278355   0.0006965481  -0.0016093073  -0.0003792547  -0.0003792675
        0.0032309101   0.0006965460   0.0023278466   0.0010625896   0.0002706633
       -0.0003560520  -0.0011158713   0.0000812896   0.0011411851   0.0005369214
        0.0004706389  -0.0010183056  -0.0024227116  -0.0021486619   0.0012314095
        0.0000041398   0.0004645557   0.0005648101   0.0000881594  -0.0006571311
       -0.0010308697  -0.0002180974   0.0005979609   0.0010491762   0.0005071984
       -0.0006530242  -0.0008843768  -0.0006989552   0.0003933832   0.0007078157
        0.0004536265  -0.0005757060  -0.0006161906   0.0005071990  -0.0008843724
       -0.0006530171  -0.0002180889   0.0010491842   0.0005979600   0.0000881592
       -0.0010308697  -0.0006571205   0.0000041464   0.0005648180   0.0004645539
        0.0004536272  -0.0006161898  -0.0005757026  -0.0006989499   0.0007078278
        0.0003933773  -0.0013534729  -0.0000573620   0.0006230091   0.0025651664
        0.0001308139   0.0001308118  -0.0013534706   0.0006230282  -0.0000573636
        0.0010993385  -0.0006233334  -0.0004161610  -0.0009337057   0.0003202881
        0.0003202816   0.0010993328  -0.0004161729  -0.0006233357  -0.0003932729
        0.0002833254   0.0002217741   0.0000469707  -0.0003771320  -0.0003771315
       -0.0003932749   0.0002217845   0.0002833190   0.0006763873  -0.0004640252
       -0.0004639908
       -0.0016647167  -0.0004244915   0.0002555338   0.0017183033   0.0004123171
        0.0006333245  -0.0017519162   0.0009861475   0.0003250563   0.0018591403
       -0.0011158722   0.0003964392   0.0048044573  -0.0454788570  -0.0635336324
        0.0347703244  -0.2082871673  -0.0169494609   0.0784019386   0.4292299688
        0.1115615635  -0.0074199048  -0.0500974651  -0.0246163304  -0.0041671908
        0.0017698602   0.0023939704   0.0044558922  -0.0036409131  -0.0000486186
       -0.0115006074   0.0032110575   0.0048906593   0.0052236806   0.0064235934
       -0.0041853591  -0.0019937424  -0.0003765504   0.0020359560   0.0021585041
        0.0008402850  -0.0015341141   0.0006333404   0.0014899366   0.0005593024
       -0.0005378116  -0.0010556996   0.0002404376   0.0013425133   0.0017388544
       -0.0011411821  -0.0000462311  -0.0018165183  -0.0005564727  -0.0058781486
       -0.0139824458  -0.0092129961   0.0208869581  -0.0269999728   0.0150133951
       -0.0032791549   0.0032571127   0.0023070353   0.0047039157  -0.0013179483
        0.0021859268  -0.0019383597  -0.0019510961  -0.0023744831   0.0015109647
        0.0027016516   0.0019647753  -0.0003964635   0.0017388621   0.0005183655
        0.0002617115  -0.0014642778   0.0005659127  -0.0010755507   0.0027679707
       -0.0012313842  -0.0010468290  -0.0029586993  -0.0015365270   0.0001204201
        0.0032828220   0.0016567559  -0.0006742914  -0.0081652974  -0.0021634195
       -0.0054181290   0.0097705418   0.0168227430   0.0007060985  -0.0019185756
       -0.0091530267  -0.0024967264   0.0002006454   0.0032424016   0.0011250953
       -0.0026903772  -0.0029002280  -0.0011879327  -0.0010257256  -0.0002335619
        0.0015470468   0.0008874741  -0.0000004975  -0.0021780347  -0.0008624262
        0.0004357868   0.0011223313   0.0014519766  -0.0003709264  -0.0006315956
       -0.0013229993  -0.0002462070   0.0007878832   0.0010655893  -0.0000287488
       -0.0350736169  -0.0238976347   0.0013124213  -0.0792772990  -0.0869671380
       -0.0260617644  -0.0031491661   0.0166136555  -0.0066209814   0.0033350289
       -0.0013390307   0.0033933667  -0.0028129738   0.0014192865  -0.0021937128
        0.0041440646   0.0005432220   0.0053623538   0.0022578056  -0.0006557914
       -0.0001069120  -0.0018591125   0.0006891360   0.0013424923   0.0014994427
        0.0002149210  -0.0011028126  -0.0039045731  -0.0024226480   0.0010755291
        0.0000520848   0.0013305781   0.0003994648   0.0002806503  -0.0015069802
       -0.0010804272  -0.0008401262   0.0014353728   0.0012729906   0.0010041464
       -0.0015559600  -0.0009766744  -0.0010409717   0.0011430879   0.0005424871
        0.0004396549  -0.0011871378  -0.0006575091  -0.0005769249  -0.0017064642
       -0.0010629149   0.0017212634   0.0012116113   0.0011022004  -0.0010705795
       -0.0011645081  -0.0003980229   0.0010790841   0.0010656709   0.0002771326
       -0.0005410718  -0.0011097887  -0.0005312965   0.0001700993   0.0014874155
        0.0002543032  -0.0019036040   0.0010741695   0.0001787747   0.0030811215
       -0.0012267272   0.0005601408  -0.0011591887   0.0019775420  -0.0007213271
        0.0006082817  -0.0015482165  -0.0002326881  -0.0007885312   0.0012024632
       -0.0000582780   0.0014327288  -0.0012096129  -0.0004744861   0.0002833218
        0.0007823779  -0.0000138702  -0.0004623065  -0.0008674500  -0.0003784506
       -0.0002217635   0.0007908578   0.0000139033   0.0004358482  -0.0008895705
       -0.0004035973
       -0.0005378191   0.0002404336  -0.0010557012   0.0006333336   0.0005593095
        0.0014899255  -0.0000462397  -0.0005564567  -0.0018160330   0.0013424637
       -0.0011411715   0.0017388641   0.0048044328  -0.0635336170  -0.0454783913
       -0.0074200727  -0.0246156873  -0.0500978230   0.0784015501   0.1115615635
        0.4292294883   0.0347706059  -0.0169508448  -0.2082868927  -0.0019937394
        0.0020359522  -0.0003765579   0.0052236341  -0.0041853292   0.0064236330
       -0.0115005633   0.0048906850   0.0032109906   0.0044558616  -0.0000486462
       -0.0036408717  -0.0041671890   0.0023939804   0.0017698402   0.0021584753
       -0.0015341067   0.0008403060   0.0017182924   0.0006333160   0.0004123175
       -0.0016647260   0.0002555299  -0.0004244992   0.0018591161   0.0003964315
       -0.0011158649  -0.0017519263   0.0003258305   0.0009861512   0.0007059500
       -0.0091530010  -0.0019184994  -0.0054181214   0.0168229242   0.0097703941
       -0.0006740977  -0.0021634000  -0.0081652995   0.0001203927   0.0016567185
        0.0032828452   0.0011251034  -0.0029002129  -0.0026903499  -0.0024967449
        0.0032424235   0.0002006245  -0.0018591093   0.0013424992   0.0006891248
        0.0022578252  -0.0001068494  -0.0006557879  -0.0039045512   0.0010755324
       -0.0024226545   0.0014994594  -0.0011028022   0.0002149375   0.0047039332
        0.0021859090  -0.0013179558  -0.0032790052   0.0023070763   0.0032571354
        0.0208870668   0.0150132507  -0.0270000289  -0.0058783492  -0.0092130080
       -0.0139824137   0.0015109764   0.0019647883   0.0027016446  -0.0019383618
       -0.0023745077  -0.0019510910  -0.0006316030  -0.0002462326  -0.0013230036
        0.0011223084  -0.0003709328   0.0014519754  -0.0021780446   0.0004357666
       -0.0008624259   0.0015470366  -0.0000005170   0.0008874702  -0.0011879449
       -0.0002335719  -0.0010257335   0.0007878701  -0.0000287651   0.0010655788
       -0.0031491052  -0.0066208725   0.0166136908  -0.0792771792  -0.0260617437
       -0.0869672247  -0.0350735878   0.0013123716  -0.0238977112   0.0041440814
        0.0053623642   0.0005432026  -0.0028129603  -0.0021937017   0.0014192938
        0.0033350464   0.0033933565  -0.0013390459   0.0002617259   0.0005659305
       -0.0014642797  -0.0003964634   0.0005183688   0.0017388564  -0.0010468126
       -0.0015365314  -0.0029586964  -0.0010755111  -0.0012313604   0.0027679838
        0.0010790652   0.0002771198   0.0010656588  -0.0010705716  -0.0003980389
       -0.0011645124   0.0017212706   0.0011022024   0.0012116062  -0.0005769145
       -0.0010629306  -0.0017064762   0.0001701077   0.0002542961   0.0014874081
       -0.0005410602  -0.0005313147  -0.0011097878   0.0010041527  -0.0009766832
       -0.0015559582  -0.0008401433   0.0012729955   0.0014353712   0.0002806470
       -0.0010804448  -0.0015069866   0.0000520659   0.0003994585   0.0013305707
        0.0004396648  -0.0006575222  -0.0011871481  -0.0010409735   0.0005424865
        0.0011430816  -0.0011591781  -0.0007213908   0.0019775083   0.0030811409
        0.0005601637  -0.0012267335  -0.0019036054   0.0001787785   0.0010741541
        0.0014327437  -0.0004744967  -0.0012096036  -0.0007884535  -0.0000582841
        0.0012024802   0.0006082650  -0.0002326836  -0.0015482250  -0.0002217724
        0.0000138704   0.0007908371  -0.0004623102  -0.0003784720  -0.0008674590
        0.0002833196  -0.0000138721   0.0007823606   0.0004358265  -0.0004036812
       -0.0008895842
        0.0006743607   0.0008626861  -0.0005578747  -0.0004245343  -0.0003488272
        0.0002404499   0.0008725421  -0.0002519814  -0.0007168748  -0.0006558054
       -0.0002706557   0.0005659247  -0.0402434898  -0.0347722020   0.0074197240
        0.0112091275  -0.0044392610   0.0044395917  -0.0402431048  -0.0074199048
        0.0347706059   0.2414356752   0.1258030294  -0.1258023687   0.0012123606
        0.0011438455  -0.0016989164  -0.0043330145   0.0028312149   0.0033422766
        0.0028246938   0.0124704692  -0.0062622644  -0.0035413788  -0.0094168620
        0.0010275860  -0.0004960924   0.0020708344   0.0003871112  -0.0001394888
       -0.0019257930   0.0010711718   0.0009861347  -0.0005564951  -0.0004959689
       -0.0008894658   0.0010979323  -0.0002519769   0.0002149217  -0.0015365426
       -0.0004706400  -0.0022033114   0.0021964833   0.0027466879   0.0028262677
        0.0017056173   0.0018638493  -0.0021305249   0.0049468655  -0.0049469458
        0.0028260556  -0.0018638722  -0.0017055519  -0.0018428167   0.0003146346
        0.0001743096   0.0011429110   0.0001851452  -0.0001851266  -0.0018428035
       -0.0001743334  -0.0003146170  -0.0004245225  -0.0002404554   0.0003488260
        0.0006743404   0.0005578750  -0.0008626925  -0.0006557952  -0.0005659325
        0.0002706742   0.0008725375   0.0007168573   0.0002519695   0.0046080904
        0.0010124220  -0.0011649711  -0.0161391735   0.0065681976   0.0215749101
       -0.1370273986  -0.0788004205   0.0788013841  -0.0161393948  -0.0215748947
       -0.0065678296   0.0046080802   0.0011648817  -0.0010125162  -0.0027698875
       -0.0007444784   0.0007445336   0.0000620535   0.0006391854  -0.0004984167
       -0.0000537168  -0.0010425683   0.0006825939  -0.0000130123   0.0011457704
       -0.0005404014   0.0004951882  -0.0011743556   0.0006599678  -0.0006709791
        0.0008109567  -0.0003368114   0.0003283362  -0.0007641079   0.0006022532
       -0.0035412489  -0.0010274684   0.0094168337   0.0028244465   0.0062620601
       -0.0124708225  -0.0043330214  -0.0033423151  -0.0028311157   0.0012123234
        0.0016988971  -0.0011438825  -0.0001394583  -0.0010711629   0.0019258016
       -0.0004961656  -0.0003871405  -0.0020708432  -0.0008894925   0.0002519801
       -0.0010978989   0.0009861545   0.0004959554   0.0005564667  -0.0022033728
       -0.0027466775  -0.0021964381   0.0002149537   0.0004706555   0.0015365176
        0.0010636157  -0.0006728102   0.0003616791  -0.0012270906   0.0008430157
        0.0003059677   0.0028685330   0.0002772831  -0.0002773250  -0.0012271052
       -0.0003059442  -0.0008429895   0.0010636210  -0.0003616909   0.0006727942
       -0.0010520050   0.0002771624  -0.0002771423   0.0004667658   0.0004966782
       -0.0004798616  -0.0008819050  -0.0002958105   0.0002958065   0.0004667705
        0.0004798725  -0.0004966679  -0.0002714880  -0.0005663998   0.0005856710
        0.0001510488   0.0003460407  -0.0003460290  -0.0002714851  -0.0005856731
        0.0005663991   0.0004952047  -0.0006599602   0.0011743480  -0.0000130511
        0.0005404022  -0.0011457698  -0.0000537010  -0.0006825972   0.0010425696
        0.0000620374   0.0004984267  -0.0006391743   0.0003283356  -0.0006022544
        0.0007641012  -0.0006709941   0.0003368179  -0.0008109406   0.0000469769
       -0.0004623020   0.0004623076  -0.0003247785   0.0002819674  -0.0002878824
        0.0006763918  -0.0004358639   0.0004358577  -0.0003247819   0.0002878956
       -0.0002819739
        0.0018819418   0.0006743974  -0.0004830418  -0.0016647407  -0.0004161312
       -0.0005377866   0.0019387295  -0.0008895285  -0.0002877984  -0.0022578297
        0.0010625914  -0.0002617275  -0.0311040550  -0.2082864764  -0.0246155495
        0.0044394214  -0.0096260965   0.0549302906  -0.0138545078  -0.0500974651
       -0.0169508448   0.1258030294   0.4103186955  -0.0420335641   0.0052951521
       -0.0013796431  -0.0030587097  -0.0068389576   0.0056089780  -0.0022565404
        0.0230955052  -0.0214786753  -0.0209330657  -0.0070349572  -0.0167490835
        0.0070453866   0.0018978528   0.0018033682  -0.0023252495  -0.0023172109
       -0.0018345771   0.0023979391   0.0003257892  -0.0018165200  -0.0003831432
       -0.0002876488   0.0017807965  -0.0007168719  -0.0011028120  -0.0029586873
        0.0010182949  -0.0018727743   0.0039585862   0.0021964354   0.0028809255
        0.0057462503   0.0044421666  -0.0011350632  -0.0022421523  -0.0073703215
        0.0036071903  -0.0021558617   0.0038596143  -0.0035240356   0.0010998685
       -0.0023685638   0.0018783005   0.0013530639   0.0018673592  -0.0015907707
       -0.0014386493  -0.0018456769  -0.0002555206  -0.0010557009  -0.0003035694
        0.0004829637   0.0012417191  -0.0005578913   0.0001068277  -0.0014642734
        0.0003560039   0.0009982991   0.0017807966   0.0010979126   0.0050277920
       -0.0018799662  -0.0050202878  -0.0054828451   0.0223699163   0.0127431522
       -0.0735035030  -0.1075579782   0.0497943945  -0.0246677623  -0.0242428520
       -0.0047478659   0.0037923927   0.0000630962  -0.0034027279  -0.0035990431
        0.0015299472   0.0018445113   0.0011761842   0.0011443634  -0.0001980011
       -0.0014374059  -0.0012113665   0.0004636756   0.0022425846   0.0014034550
       -0.0009314620  -0.0006420970  -0.0021220938   0.0011365274   0.0001702721
        0.0016073005  -0.0002369099  -0.0005079790  -0.0013073766   0.0005834391
       -0.0000178281  -0.0004428025   0.0101579264   0.0010984311   0.0052811258
       -0.0134194167  -0.0010300965  -0.0048891451   0.0004798070   0.0009736982
        0.0026094823  -0.0007886647   0.0009751078  -0.0022776645   0.0024842094
       -0.0035813587  -0.0007245770  -0.0031524244  -0.0019386574   0.0008725656
       -0.0009982234   0.0017519183  -0.0004339198  -0.0000462351  -0.0034563407
       -0.0022033030  -0.0018727797   0.0014994588   0.0005369117   0.0010467563
        0.0007250430  -0.0015796558   0.0002541030  -0.0011569577   0.0018882313
        0.0006846678   0.0031362280  -0.0010154751  -0.0006846264  -0.0015389876
        0.0009076135  -0.0004677863   0.0013638984  -0.0011484093   0.0004507800
       -0.0008603589   0.0010151615   0.0000755718   0.0008257311   0.0012708722
        0.0004706241  -0.0016541924  -0.0008674716  -0.0006920020   0.0011885988
        0.0010337247   0.0001220471  -0.0011097357  -0.0010292637   0.0001307404
        0.0007543641   0.0009474094   0.0001254254  -0.0004968598  -0.0012477523
        0.0001474627   0.0012086454  -0.0014802526   0.0010200960  -0.0009067066
        0.0013036783  -0.0010407646   0.0003397241  -0.0015851283   0.0009394864
        0.0000152416   0.0012829660  -0.0003198961   0.0004766464  -0.0012729167
        0.0006483684  -0.0010252501   0.0010905921  -0.0004872692  -0.0003771271
       -0.0008674372   0.0003784680   0.0002819681   0.0008052573   0.0000146659
        0.0004640076  -0.0008895580   0.0004036724  -0.0002878881   0.0007731055
       -0.0000147225
       -0.0004829661  -0.0005578910   0.0012417326   0.0002555352  -0.0003035660
       -0.0010557141  -0.0009982886   0.0010979541   0.0017807162  -0.0001068397
        0.0003559994  -0.0014642801   0.0138543725  -0.0169500998  -0.0500974952
       -0.0044391613   0.0549303002  -0.0096263823   0.0311024246  -0.0246163304
       -0.2082868927  -0.1258023687  -0.0420335641   0.4103211895  -0.0009737083
       -0.0007886579   0.0026095269   0.0010301192   0.0004797321  -0.0048891712
       -0.0010985955  -0.0134194287   0.0052812914   0.0000179610   0.0101580685
       -0.0004428600   0.0035813301  -0.0031524889  -0.0007245929  -0.0009750999
        0.0024842394  -0.0022776841  -0.0017519385  -0.0000462065  -0.0004338993
        0.0019386643  -0.0009983110   0.0008725542  -0.0014994451   0.0010467973
        0.0005369227   0.0034563290  -0.0018728530  -0.0022033583  -0.0036073326
        0.0038595935  -0.0021558454   0.0011350702  -0.0073703649  -0.0022421071
       -0.0028810315   0.0044422589   0.0057462585   0.0015907684  -0.0018457622
       -0.0014386241  -0.0018782813   0.0018673716   0.0013530654   0.0035240276
       -0.0023685769   0.0010998613   0.0016647382  -0.0005377905  -0.0004161466
       -0.0018819426  -0.0004830347   0.0006744237   0.0022578402  -0.0002617294
        0.0010625697  -0.0019387448  -0.0002877267  -0.0008895178  -0.0037924734
       -0.0034026947   0.0000631696   0.0246677916  -0.0047483091  -0.0242432798
        0.0735044479   0.0497944455  -0.1075596636   0.0054835089   0.0127434308
        0.0223698919  -0.0050279077  -0.0050202602  -0.0018798784   0.0035991077
        0.0018444845   0.0015298940  -0.0000152371  -0.0003198969   0.0012829740
       -0.0003397251   0.0009394987  -0.0015851421   0.0009067026  -0.0010407831
        0.0013036844  -0.0012086483   0.0010201224  -0.0014802514   0.0010252520
       -0.0004872847   0.0010905943  -0.0004766434   0.0006483757  -0.0012729290
        0.0070348998   0.0070452715  -0.0167492789  -0.0230959003  -0.0209330134
       -0.0214782498   0.0068390267  -0.0022565250   0.0056089538  -0.0052952046
       -0.0030586969  -0.0013795709   0.0023172103   0.0023979323  -0.0018346356
       -0.0018978393  -0.0023252275   0.0018034287   0.0002876699  -0.0007168513
        0.0017808217  -0.0003258424  -0.0003831480  -0.0018165170   0.0018728608
        0.0021964653   0.0039585868   0.0011028024   0.0010182731  -0.0029587054
       -0.0013639257   0.0004507997  -0.0011484083   0.0015390133  -0.0004678129
        0.0009075983  -0.0031362791  -0.0006845960  -0.0010154398   0.0011569984
        0.0006846576   0.0018882201  -0.0007250723   0.0002541143  -0.0015796587
        0.0008603877   0.0000755591   0.0010151630  -0.0011885951   0.0001220516
        0.0010337357   0.0016541860  -0.0006920116  -0.0008674806  -0.0008257218
        0.0004706207   0.0012708752   0.0004968548   0.0001474647  -0.0012477664
       -0.0007543502   0.0001254309   0.0009474116   0.0011097317   0.0001307433
       -0.0010292776   0.0006420766   0.0011364672  -0.0021221432  -0.0022425724
       -0.0009314473   0.0014034950   0.0014373834   0.0004636786  -0.0012113935
       -0.0011761677  -0.0001979949   0.0011443602   0.0005080241   0.0005834411
       -0.0013073682  -0.0001702784  -0.0002368573   0.0016073104   0.0003771194
        0.0003784568  -0.0008674585   0.0002878925  -0.0000146748   0.0007731052
       -0.0004640212   0.0004036994  -0.0008895675  -0.0002819792   0.0000146685
        0.0008052491
       -0.0214780225   0.0124707289  -0.0134193770   0.0032109472  -0.0005383398
        0.0048905533   0.0052810652  -0.0062621562  -0.0209329389  -0.0869672296
        0.0752571659  -0.0260621365   0.0032308211  -0.0041440650  -0.0033350390
       -0.0004960891   0.0035813313   0.0018977303  -0.0010215774  -0.0041671908
       -0.0019937394   0.0012123606   0.0052951521  -0.0009737083   0.3485519877
       -0.1248666195  -0.0720709276  -0.1233390554   0.0470807609   0.0500644219
       -0.0153128635   0.0296855158  -0.0093163796  -0.0106023676  -0.0032555533
        0.0098318247   0.0155833225  -0.0093164744  -0.0026211747  -0.0839345154
       -0.0209363345   0.0487863397  -0.0003765399   0.0023939594   0.0001114738
        0.0018030581  -0.0031524444   0.0020708412  -0.0013389934   0.0053623869
       -0.0023278354   0.0026094813  -0.0030587145  -0.0016988963   0.0043389700
        0.0021692357   0.0047841812   0.0019958132  -0.0048349693  -0.0071859553
        0.0032388190  -0.0015795669   0.0307734928  -0.0148882861   0.0116952789
       -0.0031393567   0.0046449430  -0.0004159611   0.0001831608  -0.0037960780
        0.0015042127  -0.0014607612  -0.0017064630   0.0009766781   0.0008843639
        0.0012708662  -0.0001220577  -0.0004966687  -0.0015069688   0.0003980400
       -0.0006571058   0.0018882225   0.0004677785   0.0008429851  -0.0036938965
        0.0002479718   0.0028232802   0.0031410206   0.0026717594  -0.0023060553
       -0.0030539183  -0.0025391823   0.0017495986   0.0020475430   0.0019995832
       -0.0003140030  -0.0021502327  -0.0005299661   0.0012597884   0.0018716904
       -0.0006213389  -0.0008172770  -0.0034818830  -0.0023722761  -0.0020497777
        0.0024605230   0.0012531239   0.0018898326  -0.0238939357  -0.0120369821
        0.0147606049  -0.0004904744   0.0045397742  -0.0031559282  -0.0020566869
       -0.0031800028  -0.0005833505   0.0018998045   0.0019245801   0.0003599496
       -0.0019743988  -0.0019788629   0.0001819504   0.0028286776   0.0021617777
        0.0010981558  -0.0020449537  -0.0017291604  -0.0014657944   0.0021526448
        0.0008587412   0.0011773085  -0.0017119082  -0.0004158707  -0.0000318209
        0.0016724873   0.0010369357   0.0004068911   0.0009474085  -0.0003460576
       -0.0001254772  -0.0011097757   0.0006161841   0.0006575184   0.0010151623
        0.0002771417  -0.0000755727  -0.0011871266  -0.0005756819   0.0005313305
       -0.0000387465   0.0024875750   0.0001409297   0.0007995562  -0.0019064898
       -0.0007056071  -0.0016353192   0.0013682585   0.0008363984   0.0007507580
       -0.0011803119  -0.0004068939  -0.0008547548   0.0012352225   0.0006020027
        0.0001541538  -0.0014347684  -0.0008587473   0.0007995544  -0.0010981837
       -0.0017136266  -0.0037013631   0.0020229148   0.0027813815  -0.0013789756
       -0.0044932244  -0.0052575123   0.0016729858   0.0019356748   0.0023998921
       -0.0005828856  -0.0021617890  -0.0019064746  -0.0009552989   0.0011883459
        0.0015816795  -0.0012909757   0.0005517861   0.0006406278   0.0016281857
       -0.0002697662  -0.0002527938  -0.0015025236   0.0006860657   0.0007165148
        0.0010092388  -0.0012115843  -0.0009149287  -0.0009578490   0.0009721993
        0.0007006414   0.0009658158  -0.0009889776  -0.0006589132   0.0005072093
        0.0010041385   0.0005768957  -0.0012271097  -0.0015389927  -0.0011569679
        0.0000881819   0.0010705408   0.0002806511   0.0004667628  -0.0011886030
       -0.0008256698
        0.0230955584   0.0028243418  -0.0010985037  -0.0115006802  -0.0014126492
       -0.0115006001  -0.0010984544   0.0028246416   0.0230955445   0.0792772943
       -0.1587233279   0.0792774268  -0.0006965496   0.0005432712   0.0033934039
        0.0003871158  -0.0007246177  -0.0023250067   0.0001841650   0.0017698602
        0.0020359522   0.0011438455  -0.0013796431  -0.0007886579  -0.1248666195
        0.3389468903  -0.1248651734   0.0510707618  -0.0740792450  -0.0155736934
        0.0162236078  -0.0153133295  -0.0026211140  -0.0016757206   0.0054208360
       -0.0016758835  -0.0026212839  -0.0153129310   0.0162236469  -0.0155729195
       -0.0740783037   0.0510701884   0.0020359505   0.0017697992   0.0001841325
       -0.0023250101  -0.0007245532   0.0003871177   0.0033933837   0.0005431747
       -0.0006965399  -0.0007886857  -0.0013795713   0.0011438825  -0.0027887650
        0.0006278175  -0.0039066223   0.0011981400   0.0022416029   0.0049189115
       -0.0055822589   0.0050255093  -0.0237674505   0.0113307712  -0.0140654403
       -0.0043157298  -0.0013859104   0.0034837032   0.0018581358   0.0029446345
       -0.0034830526   0.0003952041   0.0010629352  -0.0015559483  -0.0006530108
       -0.0004706635   0.0010337456  -0.0004798735   0.0010804455  -0.0011645051
        0.0010308591  -0.0006846690   0.0009076149  -0.0003059600   0.0014588754
        0.0025074633  -0.0004386411   0.0000014450  -0.0052748083   0.0000014616
       -0.0004385725   0.0025075048   0.0014588231  -0.0007929267  -0.0018541289
       -0.0012625438   0.0006278008   0.0015335976   0.0006277551  -0.0012625764
       -0.0018541123  -0.0007928450   0.0018581869   0.0034837493  -0.0013859013
       -0.0043157914  -0.0140652620   0.0113307863  -0.0237670777   0.0050257673
       -0.0055822452   0.0049188882   0.0022415024   0.0011981251  -0.0039065957
        0.0006278592  -0.0027886488   0.0003951744  -0.0034830426   0.0029446248
        0.0006952131   0.0010023640   0.0013993151  -0.0012576517  -0.0005828781
       -0.0017136255   0.0012603872   0.0000245077   0.0019536057  -0.0011773455
        0.0001541687  -0.0017996746   0.0009007554  -0.0002904282   0.0010660359
       -0.0010369688  -0.0005166163  -0.0011803174  -0.0007543331   0.0001510669
       -0.0007543215   0.0005410568   0.0004536291   0.0004396492  -0.0008603923
       -0.0010520020  -0.0008603704   0.0004396726   0.0004536335   0.0005410362
        0.0019536007   0.0000244738   0.0012603553  -0.0017136372  -0.0005828528
       -0.0012576137   0.0013993378   0.0010023346   0.0006951737  -0.0011803253
       -0.0005166047  -0.0010369497   0.0010660466  -0.0002904434   0.0009007345
       -0.0017996740   0.0001541853  -0.0011773162   0.0007056246   0.0028286813
        0.0012576317   0.0016864007  -0.0041621427  -0.0030800029   0.0044933275
        0.0096787868   0.0044932577  -0.0030800127  -0.0041621088   0.0016864088
        0.0012576481   0.0028286822   0.0007056132  -0.0000696542  -0.0020760261
       -0.0000696579   0.0006995058  -0.0005365013   0.0006994848  -0.0010057615
        0.0006812457  -0.0008948939   0.0008546972  -0.0011691868   0.0005892152
       -0.0004510970   0.0018052751  -0.0004510982   0.0005892279  -0.0011691914
        0.0008546831  -0.0008949188   0.0006812420  -0.0010057504  -0.0006530115
       -0.0015559384   0.0010629332  -0.0003059446   0.0009076238  -0.0006846542
        0.0010308529  -0.0011645118   0.0010804314  -0.0004798759   0.0010337519
       -0.0004706557
       -0.0209329565  -0.0062620802   0.0052813555   0.0048906295  -0.0005383377
        0.0032109598  -0.0134194687   0.0124706967  -0.0214780331  -0.0260621642
        0.0752573231  -0.0869679477  -0.0023278269   0.0053624175  -0.0013390172
        0.0020708334  -0.0031524660   0.0018030682   0.0001114962   0.0023939704
       -0.0003765579  -0.0016989164  -0.0030587097   0.0026095269  -0.0720709276
       -0.1248651734   0.3485547313   0.0487861143  -0.0209370758  -0.0839349511
       -0.0026211373  -0.0093164475   0.0155834853   0.0098318235  -0.0032557107
       -0.0106024713  -0.0093163718   0.0296856572  -0.0153131043   0.0500645831
        0.0470802067  -0.1233404327  -0.0019937816  -0.0041672127  -0.0010215392
        0.0018977553   0.0035813429  -0.0004961405  -0.0033350541  -0.0041440596
        0.0032308972  -0.0009736762   0.0052951991   0.0012123306  -0.0005833937
       -0.0031800330  -0.0020566658  -0.0031559237   0.0045398081  -0.0004904739
        0.0147604212  -0.0120372477  -0.0238940077   0.0018898823   0.0012531398
        0.0024605474  -0.0020498401  -0.0023721714  -0.0034818598   0.0003599753
        0.0019245963   0.0018997920   0.0005769114   0.0010041401   0.0005071965
       -0.0008256807  -0.0011886021   0.0004667824   0.0002806628   0.0010705437
        0.0000881699  -0.0011569955  -0.0015390049  -0.0012270934   0.0017495705
       -0.0025392144  -0.0030539307  -0.0023060334   0.0026718161   0.0031410723
        0.0028232791   0.0002479286  -0.0036939433  -0.0008173264  -0.0006213218
        0.0018717136   0.0012597837  -0.0005299972  -0.0021502328  -0.0003139804
        0.0019996177   0.0020475340   0.0001831982  -0.0004159634   0.0046449695
       -0.0031393666   0.0116952891  -0.0148884478   0.0307738411  -0.0015798502
        0.0032385539  -0.0071860134  -0.0048349369   0.0019959107   0.0047842779
        0.0021692555   0.0043389127  -0.0014607937   0.0015042080  -0.0037961054
        0.0008363984   0.0013682431  -0.0016353460  -0.0007056265  -0.0019064908
        0.0007995759   0.0001409507   0.0024875859  -0.0000387665  -0.0008587663
       -0.0014347742   0.0001541761   0.0006020137   0.0012352153  -0.0008547788
       -0.0004069026  -0.0011803121   0.0007507862  -0.0001254725  -0.0003460461
        0.0009474178   0.0005313189  -0.0005757068  -0.0011871324  -0.0000755625
        0.0002771517   0.0010151665   0.0006575162   0.0006161782  -0.0011097901
       -0.0014658255  -0.0017291845  -0.0020449388   0.0010981942   0.0021618188
        0.0028286720   0.0001819271  -0.0019788986  -0.0019743990   0.0004069128
        0.0010369614   0.0016724997  -0.0000318424  -0.0004158868  -0.0017119178
        0.0011773411   0.0008587575   0.0021526455  -0.0019065067  -0.0021617974
       -0.0005828561   0.0023999305   0.0019356855   0.0016729579  -0.0052575761
       -0.0044932372  -0.0013789078   0.0027813802   0.0020228854  -0.0037014277
       -0.0017136342  -0.0010981710   0.0007995820   0.0015816880   0.0011883316
       -0.0009553288   0.0006406295   0.0005517705  -0.0012909792  -0.0006589220
       -0.0009889737   0.0009658228   0.0007006417   0.0009721777  -0.0009578672
       -0.0009149362  -0.0012115711   0.0010092680   0.0007165088   0.0006860474
       -0.0015025456  -0.0002527799  -0.0002697477   0.0016282078   0.0008843599
        0.0009766645  -0.0017064869   0.0008430137   0.0004677917   0.0018882284
       -0.0006571208   0.0003980365  -0.0015069742  -0.0004966618  -0.0001220447
        0.0012708821
        0.0056088436   0.0028311048   0.0004797433  -0.0036408879  -0.0011679221
       -0.0041852495  -0.0004427776   0.0010274881   0.0070452079  -0.0238976495
        0.0253410340  -0.0066209109  -0.0185488332   0.0350735657   0.0031492809
       -0.0035413498   0.0000179356  -0.0070348789   0.0023986915   0.0044558922
        0.0052236341  -0.0043330145  -0.0068389576   0.0010301192  -0.1233390554
        0.0510707618   0.0487861143   0.2952404839  -0.1771763019  -0.0371496528
       -0.0740782805   0.0470803658  -0.0209364957   0.0138094228  -0.0015401167
       -0.0070483623  -0.0106023279   0.0098318180  -0.0016757821  -0.0178666721
       -0.0070482097   0.0315366944   0.0008402990  -0.0015340983   0.0001587245
       -0.0018345129   0.0024842105  -0.0019257776   0.0014192550  -0.0021937125
        0.0003792613  -0.0022776518   0.0023979310   0.0010711571  -0.0040218737
        0.0019396413  -0.0025082721   0.0088503412   0.0028069307   0.0129016915
       -0.0497851858   0.0126320148  -0.0086012743  -0.0014966608  -0.0001702730
       -0.0189805247  -0.0023061980   0.0042824196   0.0015972280   0.0035394689
       -0.0029114179  -0.0000743793   0.0012115957  -0.0012729954  -0.0010491658
       -0.0008674808   0.0006920150   0.0002958176   0.0014353650  -0.0011022109
        0.0005979382  -0.0010154379   0.0006846311   0.0002773217   0.0034857886
        0.0000014530  -0.0022930347  -0.0030061884  -0.0024293961   0.0038154468
        0.0044147527   0.0029979852  -0.0015842410  -0.0024784146  -0.0021487821
       -0.0004795571   0.0022757245   0.0007152980  -0.0008829329  -0.0020476924
        0.0004237634   0.0003491363   0.0033244467   0.0020507023   0.0011645861
       -0.0032059950  -0.0019281294  -0.0001385834   0.0070443429   0.0026767201
        0.0002934567  -0.0015155623  -0.0041641094   0.0022911466   0.0011293774
        0.0022658151   0.0000333628  -0.0015696361  -0.0019340237   0.0003405246
        0.0022922350   0.0016785637   0.0003473932  -0.0041621357  -0.0019356643
       -0.0020228934   0.0031175312   0.0000426553   0.0022994126  -0.0020449403
       -0.0001409086  -0.0012603562   0.0016994175  -0.0001940263   0.0004084510
       -0.0019743914  -0.0006951676  -0.0008363890  -0.0010292614   0.0005663939
       -0.0001474251   0.0010656589  -0.0005648156  -0.0003994689  -0.0011484081
       -0.0003616753  -0.0002541132   0.0011430716   0.0003933583  -0.0002542945
        0.0002485286  -0.0022086379   0.0001940190  -0.0009553026   0.0015816756
        0.0000696431   0.0016455674  -0.0011045882  -0.0004084572  -0.0008547678
        0.0010660462   0.0000318296   0.0008397276  -0.0012139716  -0.0002000586
       -0.0002904278   0.0012352227   0.0004158695  -0.0000387486   0.0014658156
        0.0019535964   0.0010373351  -0.0022994220  -0.0022570594   0.0016730079
        0.0030799716   0.0027813522  -0.0019026712  -0.0016785756  -0.0014674836
        0.0010023678   0.0019788745   0.0013682357   0.0002485166  -0.0014324016
       -0.0011045727   0.0011311603  -0.0008359940  -0.0002606982  -0.0014968753
        0.0007124934  -0.0000323632   0.0011553530  -0.0011222358  -0.0003182932
       -0.0006229768   0.0014758560   0.0005912549   0.0006700990  -0.0011508483
       -0.0002646375  -0.0008548533   0.0010875719   0.0002751372  -0.0006989593
       -0.0010409742  -0.0001700852   0.0010636218   0.0013639038   0.0007250537
        0.0000041279  -0.0010790747   0.0000520689  -0.0002714683   0.0011097393
        0.0004968130
       -0.0068388331  -0.0043329695   0.0010301258   0.0044559514   0.0023986483
        0.0052236707   0.0000178653  -0.0035413306  -0.0070349327   0.0350736217
       -0.0185494618   0.0031492125   0.0253409769  -0.0238982662  -0.0066210812
        0.0010275465  -0.0004428154   0.0070452954  -0.0011679943  -0.0036409131
       -0.0041853292   0.0028312149   0.0056089780   0.0004797321   0.0470807609
       -0.0740792450  -0.0209370758  -0.1771763019   0.2952443318  -0.0371491849
        0.0510703593  -0.1233402512   0.0487861681  -0.0070484756  -0.0178666828
        0.0315367668   0.0098318251  -0.0106025268  -0.0016758100  -0.0015398415
        0.0138095333  -0.0070486414  -0.0015340863   0.0008403259   0.0001587266
        0.0023977186  -0.0022777003   0.0010711586  -0.0021936953   0.0014193099
        0.0003792609   0.0024842286  -0.0018346396  -0.0019258061   0.0042827863
       -0.0023062761   0.0015972223  -0.0001704588  -0.0014965979  -0.0189806198
        0.0126320138  -0.0497854139  -0.0086010038   0.0028071081   0.0088502559
        0.0129019454   0.0019395957  -0.0040218712  -0.0025083137  -0.0029114272
        0.0035395326  -0.0000743681  -0.0011022201   0.0014353772   0.0005979535
        0.0006920198  -0.0008674915   0.0002957965  -0.0012730191   0.0012116276
       -0.0010491714   0.0006846107  -0.0010154614   0.0002773071  -0.0041641473
       -0.0015155385   0.0022911898   0.0026764782   0.0070443574   0.0002934055
       -0.0019282190  -0.0032059961  -0.0001385871   0.0020507701   0.0033244495
        0.0011645959  -0.0019340521  -0.0015696202   0.0003405153   0.0022658608
        0.0011293711   0.0000333808  -0.0021488448  -0.0024784164  -0.0004795544
        0.0029980738   0.0044147168  -0.0015842444  -0.0024294771  -0.0030062573
        0.0038154246   0.0000014905   0.0034858330  -0.0022930217   0.0004237499
       -0.0020477235   0.0003491568   0.0007153395   0.0022757418  -0.0008829374
       -0.0016786145  -0.0019026564  -0.0014675018   0.0030800339   0.0016729843
        0.0027813714  -0.0022994555   0.0010373741  -0.0022570931   0.0014658320
       -0.0000387745   0.0019536087  -0.0014324218   0.0002485417  -0.0011045764
        0.0019789016   0.0010023465   0.0013682411   0.0011097286  -0.0002714791
        0.0004968204  -0.0010790684   0.0000041483   0.0000520877   0.0013639340
        0.0010636153   0.0007250631  -0.0010409856  -0.0006989520  -0.0001700928
       -0.0011045708   0.0016456052  -0.0004084495   0.0015816943  -0.0009553321
        0.0000696537  -0.0022086389   0.0002485608   0.0001940294   0.0012352408
       -0.0002904558   0.0004158736  -0.0012139648   0.0008397516  -0.0002000482
        0.0010660466  -0.0008547929   0.0000318363  -0.0001409532  -0.0020449561
       -0.0012603700   0.0000426803   0.0031175482   0.0022994371  -0.0019357469
       -0.0041621485  -0.0020229156   0.0016786100   0.0022922359   0.0003474085
       -0.0006952128  -0.0019744125  -0.0008363926  -0.0001940128   0.0016994337
        0.0004084707  -0.0011508678   0.0006700859  -0.0002646390   0.0014758607
       -0.0006230047   0.0005912491  -0.0011222292   0.0011553870  -0.0003182310
        0.0007124774  -0.0014969054  -0.0000323688  -0.0008360143   0.0011311717
       -0.0002606924   0.0010875742  -0.0008548805   0.0002751460   0.0003933743
        0.0011430779  -0.0002542867  -0.0003616950  -0.0011484241  -0.0002541034
       -0.0005647998   0.0010656794  -0.0003994479   0.0005663908  -0.0010292968
       -0.0001474159
       -0.0022564492   0.0033422864  -0.0048891617  -0.0000485786   0.0003630473
        0.0064236367   0.0101578967  -0.0094169086  -0.0167492245   0.0013123287
       -0.0043059325   0.0166136967  -0.0043058158   0.0013122360   0.0166136840
       -0.0094168203   0.0101580272  -0.0167491624   0.0003630575  -0.0000486186
        0.0064236330   0.0033422766  -0.0022565404  -0.0048891712   0.0500644219
       -0.0155736934  -0.0839349511  -0.0371496528  -0.0371491849   0.4209146952
       -0.0155731019   0.0500644425  -0.0839347196  -0.0015399827   0.0293023525
       -0.0178669046  -0.0032556245  -0.0032556320   0.0054208475   0.0293023305
       -0.0015402297  -0.0178670337   0.0021585018   0.0021584947   0.0007615988
       -0.0023173082  -0.0009751060  -0.0001394421   0.0028129716   0.0028129434
       -0.0016092908  -0.0009751232  -0.0023172120  -0.0001394638   0.0057411819
        0.0069998847   0.0065260703   0.0204266861  -0.0324462340  -0.0304693649
       -0.0108403978  -0.0108400959  -0.1704087054  -0.0324460675   0.0204270880
       -0.0304692092   0.0069999657   0.0057412635   0.0065260554  -0.0024368721
       -0.0024368291  -0.0038904893  -0.0017212628  -0.0008401335  -0.0002180914
        0.0016541505   0.0016541864  -0.0008819012  -0.0008401608  -0.0017212661
       -0.0002180970   0.0031362938   0.0031362528   0.0028685103   0.0022803226
        0.0041578694   0.0012826179   0.0010801651  -0.0081268268  -0.0051721009
       -0.0019497229   0.0024816090   0.0052113356  -0.0004440278  -0.0011023519
       -0.0038660225  -0.0003851720   0.0012148678   0.0023505328  -0.0007992141
       -0.0025547340  -0.0024678363  -0.0011023700  -0.0004440139  -0.0038660257
        0.0024815887  -0.0019497105   0.0052113291  -0.0081268394   0.0010800496
       -0.0051721354   0.0041578975   0.0022802979   0.0012825755  -0.0025547326
       -0.0007991833  -0.0024678915   0.0012148753  -0.0003851916   0.0023505152
       -0.0003474110  -0.0014675145   0.0032689990  -0.0016863994   0.0023999122
       -0.0037014009  -0.0000427239  -0.0071012713   0.0010373961   0.0017291914
        0.0024875769   0.0000244833  -0.0009271531  -0.0022086379   0.0016455871
       -0.0001819302   0.0013993260  -0.0016353385  -0.0001306864   0.0005856601
       -0.0012477739  -0.0002771300   0.0004645475   0.0013305721  -0.0004508025
       -0.0006728056  -0.0015796670  -0.0005424941  -0.0007078007   0.0014874184
        0.0014324188   0.0009271413   0.0016994196  -0.0011883735  -0.0011883511
       -0.0020760320   0.0009271581   0.0014323993   0.0016994165  -0.0006020099
       -0.0009007462  -0.0017119078   0.0002000652   0.0002000665   0.0017575969
       -0.0009007610  -0.0006019978  -0.0017119177   0.0024875988   0.0017291623
        0.0000244736  -0.0071012727  -0.0000426440   0.0010374078   0.0023998814
       -0.0016864275  -0.0037014108  -0.0014674983  -0.0003473880   0.0032690044
        0.0013993182  -0.0001819532  -0.0016353541  -0.0022086449  -0.0009271353
        0.0016455963  -0.0007031585  -0.0008839636   0.0017099188   0.0009167904
        0.0012981432  -0.0013268563  -0.0013002634  -0.0013002421   0.0015802301
        0.0012981563   0.0009167809  -0.0013268656  -0.0008840036  -0.0007031766
        0.0017099105   0.0002809204   0.0002809234  -0.0017083904  -0.0007078047
       -0.0005424814   0.0014874101  -0.0006728110  -0.0004507975  -0.0015796667
        0.0004645517  -0.0002771242   0.0013305803   0.0005856660  -0.0001307518
       -0.0012477769
       -0.0013795752   0.0011438734  -0.0007886686   0.0017698319   0.0001841323
        0.0020359181  -0.0007245779   0.0003871234  -0.0023249906   0.0005432409
       -0.0006965314   0.0033933557  -0.1587214379   0.0792778592   0.0792774220
        0.0028246260  -0.0010985014   0.0230952803  -0.0014128002  -0.0115006074
       -0.0115005633   0.0028246938   0.0230955052  -0.0010985955  -0.0153128635
        0.0162236078  -0.0026211373  -0.0740782805   0.0510703593  -0.0155731019
        0.3389438416  -0.1248664309  -0.1248661292  -0.0740785174  -0.0155730253
        0.0510705830  -0.0153129716  -0.0026209978   0.0162236101   0.0054207778
       -0.0016758613  -0.0016758154   0.0017698389   0.0020359320   0.0001841321
       -0.0013796018  -0.0007886377   0.0011438651   0.0005432517   0.0033933678
       -0.0006965523  -0.0007246076  -0.0023252160   0.0003871449   0.0034836411
       -0.0013859139   0.0018581207  -0.0140652036   0.0113307641  -0.0043157120
        0.0050253761  -0.0055822161  -0.0237671927   0.0022415875   0.0011981194
        0.0049188260   0.0006278037  -0.0027886675  -0.0039065865  -0.0034829972
        0.0029446222   0.0003952013  -0.0011644874   0.0010804330   0.0010308541
        0.0010337377  -0.0004706283  -0.0004798730  -0.0015559212   0.0010629284
       -0.0006529929   0.0009076132  -0.0006846707  -0.0003059570   0.0022415936
        0.0049188552   0.0011980877   0.0050254116  -0.0237673122  -0.0055821270
       -0.0140652380  -0.0043156564   0.0113308038   0.0034837380   0.0018581164
       -0.0013859103  -0.0034830187   0.0003952233   0.0029446415   0.0006277812
       -0.0039066133  -0.0027887103  -0.0018541158  -0.0007928798  -0.0012625487
        0.0025074809  -0.0004386243   0.0014588206  -0.0052747714   0.0000014762
        0.0000015059   0.0025074820   0.0014588222  -0.0004386220  -0.0018541242
       -0.0012625281  -0.0007928570   0.0015335974   0.0006277753   0.0006277692
       -0.0041621197  -0.0030799545   0.0016864361   0.0096787884   0.0044931878
        0.0044931982  -0.0041621056   0.0016864054  -0.0030799591   0.0028286749
        0.0007055906   0.0012576108  -0.0020760176  -0.0000696481  -0.0000696339
        0.0028286688   0.0012576031   0.0007056005   0.0010337285  -0.0004798822
       -0.0004706564  -0.0011644958   0.0010308653   0.0010804447   0.0009075986
       -0.0003059640  -0.0006846563  -0.0015559389  -0.0006529927   0.0010629477
        0.0010023574   0.0013993181   0.0006951779  -0.0005828902  -0.0017136117
       -0.0012576166   0.0000245095   0.0019536066   0.0012603630   0.0001541459
       -0.0017996648  -0.0011773182  -0.0002904243   0.0010660419   0.0009007432
       -0.0005166288  -0.0011803019  -0.0010369454   0.0001541644  -0.0011773304
       -0.0017996695   0.0000245172   0.0012603584   0.0019535890  -0.0005828669
       -0.0012576142  -0.0017136238   0.0010023563   0.0006951778   0.0013993051
       -0.0005166166  -0.0010369394  -0.0011803129  -0.0002904178   0.0009007395
        0.0010660295  -0.0011691788   0.0005892300   0.0008547020   0.0018052530
       -0.0004511033  -0.0004511064  -0.0011691708   0.0008546825   0.0005892109
        0.0006812127  -0.0010057565  -0.0008948953  -0.0005364674   0.0006995132
        0.0006995022   0.0006812177  -0.0008949147  -0.0010057526   0.0004536381
        0.0004396569   0.0005410393  -0.0010520113  -0.0008603596  -0.0008603753
        0.0004536353   0.0005410427   0.0004396470   0.0001510485  -0.0007543579
       -0.0007543242
        0.0052950055   0.0012123104  -0.0009737057  -0.0041672353  -0.0010215275
       -0.0019937368   0.0035813424  -0.0004961340   0.0018977559  -0.0041440566
        0.0032308805  -0.0033350614   0.0752577402  -0.0869687556  -0.0260630971
       -0.0062621871   0.0052812031  -0.0209331136  -0.0005382797   0.0032110575
        0.0048906850   0.0124704692  -0.0214786753  -0.0134194287   0.0296855158
       -0.0153133295  -0.0093164475   0.0470803658  -0.1233402512   0.0500644425
       -0.1248664309   0.3485548520  -0.0720693891  -0.0209364403  -0.0839343086
        0.0487859107  -0.0093162189   0.0155834557  -0.0026212626  -0.0032557014
       -0.0106023511   0.0098318531   0.0023939391  -0.0003765961   0.0001114645
       -0.0030585172   0.0026095193  -0.0016989163   0.0053623703  -0.0013390702
       -0.0023278463  -0.0031524265   0.0018034383   0.0020708388  -0.0004160390
        0.0046449713   0.0001831612   0.0116952620  -0.0148885236  -0.0031393528
       -0.0015795101   0.0032388171   0.0307738026  -0.0048349919   0.0019958734
       -0.0071859890   0.0021692919   0.0043389387   0.0047842375   0.0015042073
       -0.0037961178  -0.0014607750   0.0003980387  -0.0015069869  -0.0006571229
       -0.0001221048   0.0012708776  -0.0004966868   0.0009766759  -0.0017064717
        0.0008843631   0.0004677989   0.0018882320   0.0008429941   0.0045397464
       -0.0004905758  -0.0031559334  -0.0120371518  -0.0238936464   0.0147606655
        0.0012532596   0.0024605647   0.0018897461  -0.0023723532  -0.0034818766
       -0.0020497716   0.0019246331   0.0018997843   0.0003599040  -0.0031800390
       -0.0020566334  -0.0005833213   0.0019996192   0.0020475275  -0.0003139904
       -0.0025392213  -0.0030539372   0.0017495910   0.0026718304   0.0031410518
       -0.0023060732   0.0002478953  -0.0036939296   0.0028233206  -0.0006213084
        0.0018717030  -0.0008173029  -0.0005300023  -0.0021502357   0.0012597687
        0.0019357475   0.0016729997   0.0023998792  -0.0044933426  -0.0013789599
       -0.0052575441   0.0020229251  -0.0037014081   0.0027813970  -0.0010981930
        0.0007995673  -0.0017136296   0.0011883637  -0.0009553074   0.0015816778
       -0.0021618299  -0.0005828706  -0.0019064885  -0.0011885533   0.0004667954
       -0.0008256717   0.0010705663   0.0000881652   0.0002806436  -0.0015390209
       -0.0012270868  -0.0011569653   0.0010041687   0.0005072021   0.0005768699
        0.0013682263  -0.0016353481   0.0008363818  -0.0019064801   0.0007995866
       -0.0007055926   0.0024875780  -0.0000387954   0.0001409111  -0.0014347708
        0.0001541781  -0.0008587500   0.0012352213  -0.0008547802   0.0006019816
       -0.0011803048   0.0007507793  -0.0004068911   0.0008587661   0.0021526560
        0.0011773368  -0.0017291871  -0.0020449420  -0.0014658144   0.0021618142
        0.0028286637   0.0010981778  -0.0019788914  -0.0019743814   0.0001819371
        0.0010369597   0.0016724838   0.0004069005  -0.0004158798  -0.0017119062
       -0.0000318357   0.0009721841  -0.0009579081   0.0007006075  -0.0012115839
        0.0010092935  -0.0009149375   0.0006860844  -0.0015025241   0.0007165602
       -0.0002697414   0.0016282032  -0.0002527941   0.0005517577  -0.0012909945
        0.0006406002  -0.0009889703   0.0009658369  -0.0006589091  -0.0005756990
       -0.0011871230   0.0005313137   0.0002771627   0.0010151634  -0.0000755669
        0.0006161717  -0.0011097854   0.0006575099  -0.0003460402   0.0009474226
       -0.0001254758
       -0.0030585470  -0.0016989050   0.0026095369   0.0023939572   0.0001114640
       -0.0003765723  -0.0031524492   0.0020708621   0.0018030845   0.0053623791
       -0.0023278718  -0.0013390291   0.0752573038  -0.0260630861  -0.0869683245
        0.0124705015  -0.0134195352  -0.0214781684  -0.0005382744   0.0048906593
        0.0032109906  -0.0062622644  -0.0209330657   0.0052812914  -0.0093163796
       -0.0026211140   0.0155834853  -0.0209364957   0.0487861681  -0.0839347196
       -0.1248661292  -0.0720693891   0.3485548968   0.0470806229   0.0500641941
       -0.1233404286   0.0296855490  -0.0093166221  -0.0153132103  -0.0032556388
        0.0098318502  -0.0106024300  -0.0041672259  -0.0019937363  -0.0010215286
        0.0052950274  -0.0009737348   0.0012123358  -0.0041440622  -0.0033350406
        0.0032308914   0.0035813758   0.0018978275  -0.0004961526  -0.0023719107
       -0.0020497910  -0.0034818650   0.0012532070   0.0018898339   0.0024605312
       -0.0120371555   0.0147606120  -0.0238938743   0.0045397486  -0.0031559677
       -0.0004905036  -0.0031800557  -0.0005833399  -0.0020566490   0.0019245958
        0.0003599485   0.0018997836   0.0010705441   0.0002806596   0.0000881723
       -0.0011885678  -0.0008257148   0.0004667929   0.0010041364   0.0005768879
        0.0005071942  -0.0015390374  -0.0011569641  -0.0012270917  -0.0048349971
       -0.0071859732   0.0019959085  -0.0015798333   0.0307738498   0.0032386585
        0.0116952422  -0.0031394295  -0.0148885092  -0.0004159570   0.0001831881
        0.0046449543   0.0015042143  -0.0014608010  -0.0037961174   0.0021693167
        0.0047842677   0.0043389453  -0.0006213211  -0.0008173221   0.0018717250
        0.0002479197   0.0028233146  -0.0036939247   0.0026718137  -0.0023060865
        0.0031410456  -0.0025391940   0.0017495898  -0.0030539489   0.0019996228
       -0.0003140030   0.0020475237  -0.0005299852   0.0012597635  -0.0021502280
        0.0020229176   0.0027813706  -0.0037014364  -0.0044933239  -0.0052575235
       -0.0013789493   0.0019357174   0.0023999101   0.0016729685  -0.0021618383
       -0.0019064760  -0.0005828693   0.0011883548   0.0015816805  -0.0009553333
       -0.0010981884  -0.0017136186   0.0007995697  -0.0001221006  -0.0004966742
        0.0012708780   0.0003980358  -0.0006571319  -0.0015069918   0.0004678132
        0.0008430012   0.0018882172   0.0009766802   0.0008843592  -0.0017064857
       -0.0019788793   0.0001819307  -0.0019743798   0.0021618372   0.0010981693
        0.0028286704  -0.0017291766  -0.0014658224  -0.0020449445   0.0008587807
        0.0011773329   0.0021526533  -0.0004158782  -0.0000318414  -0.0017119063
        0.0010369701   0.0004068935   0.0016724986  -0.0014347935  -0.0008587426
        0.0001541850   0.0024875669   0.0001409191  -0.0000387741  -0.0019065045
       -0.0007055989   0.0007995962   0.0013682377   0.0008363837  -0.0016353311
       -0.0011803196  -0.0004068956   0.0007507936   0.0012352072   0.0006019867
       -0.0008547633   0.0006860847   0.0007165399  -0.0015025393  -0.0012115920
       -0.0009149603   0.0010092809   0.0009721667   0.0007006313  -0.0009578869
       -0.0009889695  -0.0006589027   0.0009658338   0.0005517542   0.0006405909
       -0.0012909783  -0.0002697523  -0.0002527759   0.0016282119   0.0006161719
        0.0006575027  -0.0011097747   0.0002771608  -0.0000755765   0.0010151862
       -0.0005756918   0.0005313186  -0.0011871059  -0.0003460451  -0.0001254279
        0.0009474346
       -0.0018345294  -0.0019257715   0.0024842335   0.0008402976   0.0001587196
       -0.0015340699  -0.0022776609   0.0010711641   0.0023977114   0.0014192777
        0.0003792438  -0.0021936913  -0.0185489354   0.0031494678   0.0350735594
       -0.0043329927   0.0010300936  -0.0068387634   0.0023986923   0.0052236806
        0.0044558616  -0.0035413788  -0.0070349572   0.0000179610  -0.0106023676
       -0.0016757206   0.0098318235   0.0138094228  -0.0070484756  -0.0015399827
       -0.0740785174  -0.0209364403   0.0470806229   0.2952409828  -0.0371499993
       -0.1771762469  -0.1233390530   0.0487863905   0.0510704817  -0.0178665454
        0.0315366677  -0.0070483675  -0.0036408887  -0.0041852668  -0.0011679191
        0.0056088551   0.0004797181   0.0028311309  -0.0238977561  -0.0066207773
        0.0253410424  -0.0004427416   0.0070452203   0.0010274511  -0.0024784650
       -0.0004795557  -0.0021488060   0.0044147098  -0.0015842290   0.0029980318
       -0.0030061891   0.0038154344  -0.0024294348   0.0034857961  -0.0022930047
        0.0000014714  -0.0020477056   0.0003491583   0.0004237649   0.0022757280
       -0.0008829259   0.0007153156   0.0010656516  -0.0003994548  -0.0005648058
       -0.0010292755  -0.0001474492   0.0005663962   0.0011430667  -0.0002542750
        0.0003933558  -0.0011484218  -0.0002540990  -0.0003616783  -0.0014967560
       -0.0189806060  -0.0001702080  -0.0497852209  -0.0086014311   0.0126320888
        0.0088504084   0.0129016496   0.0028068431  -0.0040218552  -0.0025082569
        0.0019396473   0.0035394749  -0.0000744093  -0.0029114370  -0.0023061871
        0.0015972681   0.0042827811   0.0011293686   0.0000333510   0.0022658330
       -0.0015155401   0.0022911338  -0.0041641066   0.0070443334   0.0002934178
        0.0026763845  -0.0032059911  -0.0001385828  -0.0019281344   0.0033244547
        0.0011645713   0.0020506411  -0.0015696292   0.0003405200  -0.0019340178
        0.0031175384   0.0022994198   0.0000426202  -0.0041621478  -0.0020228986
       -0.0019356711   0.0022922327   0.0003474100   0.0016785561  -0.0019744009
       -0.0008363791  -0.0006951772   0.0016994156   0.0004084616  -0.0001940381
       -0.0020449449  -0.0012603472  -0.0001409222  -0.0008674792   0.0002958103
        0.0006920216   0.0012116054  -0.0010491780  -0.0012730106  -0.0010154334
        0.0002773274   0.0006846183   0.0014353589   0.0005979345  -0.0011022402
       -0.0019026656  -0.0014674922  -0.0016785735   0.0016730161   0.0027813467
        0.0030799642   0.0010373255  -0.0022570852  -0.0022994269  -0.0000387416
        0.0019536012   0.0014658094   0.0002485154  -0.0011045796  -0.0014324068
        0.0010023702   0.0013682340   0.0019788705  -0.0008547782   0.0000318421
        0.0010660517   0.0016455729  -0.0004084512  -0.0011045716  -0.0009553115
        0.0000696569   0.0015816914   0.0002485349   0.0001940152  -0.0022086231
       -0.0002904379   0.0004158781   0.0012352356   0.0008397290  -0.0002000530
       -0.0012139643   0.0011553508  -0.0003182583  -0.0011222308  -0.0014968833
       -0.0000323657   0.0007124815   0.0011311631  -0.0002606972  -0.0008360071
       -0.0008548697   0.0002751475   0.0010875813   0.0006700771  -0.0002646292
       -0.0011508624  -0.0006229626   0.0005912536   0.0014758525   0.0000041322
        0.0000520786  -0.0010790568   0.0010636218   0.0007250535   0.0013639136
       -0.0006989581  -0.0001700992  -0.0010409733  -0.0002714622   0.0004968600
        0.0011097234
       -0.0023172871  -0.0001394335  -0.0009751239   0.0021585054   0.0007616085
        0.0021584936  -0.0009750993  -0.0001394671  -0.0023173144   0.0028129483
       -0.0016092880   0.0028129597  -0.0043056643   0.0166136707   0.0013120353
        0.0033422817  -0.0048891929  -0.0022563954   0.0003630533   0.0064235934
       -0.0000486462  -0.0094168620  -0.0167490835   0.0101580685  -0.0032555533
        0.0054208360  -0.0032557107  -0.0015401167  -0.0178666828   0.0293023525
       -0.0155730253  -0.0839343086   0.0500641941  -0.0371499993   0.4209145625
       -0.0371493695   0.0500646856  -0.0839352589  -0.0155736606   0.0293023330
       -0.0178671610  -0.0015400520  -0.0000485551   0.0064236707   0.0003630382
       -0.0022564981  -0.0048891410   0.0033422767   0.0013125221   0.0166137057
       -0.0043061001   0.0101578820  -0.0167493104  -0.0094168431  -0.0004441307
       -0.0038660271  -0.0011023273  -0.0019496966   0.0052113566   0.0024815565
        0.0010800144  -0.0051721091  -0.0081267748   0.0022802999   0.0012826109
        0.0041578673  -0.0007991934  -0.0024679088  -0.0025547110  -0.0003851855
        0.0023505317   0.0012148567  -0.0002771277   0.0013305774   0.0004645458
       -0.0001306818  -0.0012477714   0.0005856599  -0.0005424913   0.0014874156
       -0.0007078122  -0.0004507932  -0.0015796680  -0.0006727935  -0.0324461437
       -0.0304690155   0.0204271770  -0.0108404359  -0.1704087416  -0.0108396972
        0.0204266698  -0.0304695959  -0.0324460972   0.0057413572   0.0065260673
        0.0069998629  -0.0024368969  -0.0038904877  -0.0024368107   0.0069999720
        0.0065260699   0.0057410568  -0.0025547332  -0.0024679119  -0.0007991971
        0.0041579032   0.0012825657   0.0022803135  -0.0081268743  -0.0051720325
        0.0010802215   0.0024816223   0.0052113107  -0.0019497121  -0.0011023935
       -0.0038660281  -0.0004440355   0.0012148843   0.0023505145  -0.0003851912
       -0.0000427192   0.0010373533  -0.0071012662  -0.0016863876  -0.0037013744
        0.0023999389  -0.0003474059   0.0032689855  -0.0014675304  -0.0001819233
       -0.0016353377   0.0013993403  -0.0009271633   0.0016455820  -0.0022086366
        0.0017291943   0.0000244936   0.0024875795   0.0016541407  -0.0008818876
        0.0016541338  -0.0017212803  -0.0002180806  -0.0008401233   0.0031362889
        0.0028685186   0.0031362474  -0.0008401593  -0.0002181103  -0.0017212506
       -0.0014674960   0.0032690189  -0.0003473961   0.0023998681  -0.0037014363
       -0.0016864316  -0.0071012778   0.0010374404  -0.0000426389   0.0024875916
        0.0000244643   0.0017291460  -0.0022086401   0.0016456051  -0.0009271322
        0.0013993121  -0.0016353594  -0.0001819542  -0.0006020002  -0.0017119149
       -0.0009007494   0.0009271496   0.0016994263   0.0014324001  -0.0011883622
       -0.0020760385  -0.0011883624   0.0014324153   0.0016994227   0.0009271466
       -0.0009007520  -0.0017119161  -0.0006020061   0.0002000699   0.0017576063
        0.0002000647  -0.0013002720   0.0015801933  -0.0013002626   0.0009168000
       -0.0013268618   0.0012981420  -0.0007031696   0.0017099180  -0.0008839700
        0.0002809263  -0.0017083927   0.0002809263  -0.0008839701   0.0017099157
       -0.0007031637   0.0012981369  -0.0013268339   0.0009167722   0.0004645519
        0.0013305744  -0.0002771333  -0.0006728173  -0.0015796662  -0.0004508041
       -0.0007078012   0.0014874245  -0.0005424876   0.0005856555  -0.0012477747
       -0.0001306991
        0.0023977226   0.0010711447  -0.0022776992  -0.0015340901   0.0001587284
        0.0008402991   0.0024842228  -0.0019258072  -0.0018345348  -0.0021937174
        0.0003792796   0.0014192855   0.0253409817  -0.0066212515  -0.0238981320
        0.0028311818   0.0004797737   0.0056089044  -0.0011679853  -0.0041853591
       -0.0036408717   0.0010275860   0.0070453866  -0.0004428600   0.0098318247
       -0.0016758835  -0.0106024713  -0.0070483623   0.0315367668  -0.0178669046
        0.0510705830   0.0487859107  -0.1233404286  -0.1771762469  -0.0371493695
        0.2952439841   0.0470804567  -0.0209370350  -0.0740789448  -0.0015400235
       -0.0070484668   0.0138095440   0.0044559369   0.0052236500   0.0023986326
       -0.0068388182   0.0010301440  -0.0043329947   0.0350736023   0.0031490265
       -0.0185493509   0.0000178127  -0.0070349093  -0.0035412720   0.0020504345
        0.0011646136   0.0033244682  -0.0019281750  -0.0001386110  -0.0032060150
        0.0026767882   0.0002934596   0.0070443864  -0.0041641455   0.0022911591
       -0.0015155546   0.0022658629   0.0000333702   0.0011293704  -0.0019340439
        0.0003405103  -0.0015696299  -0.0010790549   0.0000520774   0.0000041382
        0.0011097433   0.0004968563  -0.0002714837  -0.0010409724  -0.0001701049
       -0.0006989451   0.0013639458   0.0007250634   0.0010636170   0.0028072250
        0.0129020495   0.0088501586   0.0126323715  -0.0086006174  -0.0497853613
       -0.0001705577  -0.0189804817  -0.0014964116   0.0042824251   0.0015971972
       -0.0023062876  -0.0029114155  -0.0000743340   0.0035395423   0.0019395650
       -0.0025083808  -0.0040219422   0.0004237607   0.0003491593  -0.0020477254
        0.0000014535  -0.0022930083   0.0034858185  -0.0024294333   0.0038154534
       -0.0030062059   0.0029980414  -0.0015842511   0.0044147238  -0.0021488412
       -0.0004795424  -0.0024783496   0.0007153224  -0.0008829406   0.0022757314
       -0.0022994528  -0.0022570855   0.0010374160   0.0030800396   0.0027813819
        0.0016729736  -0.0016786049  -0.0014675133  -0.0019026360   0.0019789090
        0.0013682437   0.0010023455  -0.0014324063  -0.0011045821   0.0002485518
        0.0014658340   0.0019536007  -0.0000387751   0.0006920215   0.0002958029
       -0.0008675025  -0.0011022166   0.0005979589   0.0014353783   0.0006846054
        0.0002772942  -0.0010154642  -0.0012730043  -0.0010491605   0.0012116452
        0.0016785998   0.0003473993   0.0022922280  -0.0019357515  -0.0020229068
       -0.0041621332   0.0000427043   0.0022994446   0.0031175367  -0.0001409593
       -0.0012603750  -0.0020449555  -0.0001940072   0.0004084671   0.0016994276
       -0.0006952139  -0.0008363923  -0.0019744096   0.0012352482   0.0004158736
       -0.0002904547  -0.0022086387   0.0001940213   0.0002485439   0.0015816965
        0.0000696480  -0.0009553314  -0.0011045783  -0.0004084500   0.0016455851
        0.0010660540   0.0000318308  -0.0008547988  -0.0012139634  -0.0002000567
        0.0008397408  -0.0011222150  -0.0003182566   0.0011553790   0.0014758659
        0.0005912753  -0.0006229959  -0.0011508585  -0.0002646377   0.0006700958
        0.0010875892   0.0002751436  -0.0008548934  -0.0008359961  -0.0002607051
        0.0011311736   0.0007124685  -0.0000323760  -0.0014969062  -0.0005648043
       -0.0003994598   0.0010656593  -0.0003616919  -0.0002541059  -0.0011484302
        0.0003933724  -0.0002542851   0.0011430705   0.0005663873  -0.0001474639
       -0.0010292917
        0.0018030733   0.0020708262  -0.0031524546  -0.0003765588   0.0001114763
        0.0023939435   0.0026094878  -0.0016989274  -0.0030585272  -0.0013390085
       -0.0023278069   0.0053623778   0.0032308220  -0.0033350736  -0.0041440325
        0.0012123566  -0.0009736929   0.0052949849  -0.0010215741  -0.0019937424
       -0.0041671890  -0.0004960924   0.0018978528   0.0035813301   0.0155833225
       -0.0026212839  -0.0093163718  -0.0106023279   0.0098318251  -0.0032556245
       -0.0153129716  -0.0093162189   0.0296855490  -0.1233390530   0.0500646856
        0.0470804567   0.3485521594  -0.0720711302  -0.1248665696  -0.0839342829
        0.0487861098  -0.0209364423   0.0032109821   0.0048905768  -0.0005383491
       -0.0214781538  -0.0134192716   0.0124707202  -0.0869676014  -0.0260620050
        0.0752575139   0.0052810081  -0.0209331379  -0.0062620483   0.0020475393
       -0.0003139985   0.0019995752  -0.0030539419   0.0017495720  -0.0025391633
        0.0031410587  -0.0023060707   0.0026717862  -0.0036938814   0.0028233190
        0.0002479216   0.0018716949  -0.0008173185  -0.0006213256  -0.0021502083
        0.0012597667  -0.0005299748  -0.0011097682   0.0006575071   0.0006161757
        0.0009474153  -0.0001254353  -0.0003460494  -0.0011871088   0.0005313172
       -0.0005756821   0.0010151696  -0.0000755804   0.0002771456  -0.0148883455
       -0.0031392608   0.0116952783   0.0032389003   0.0307734917  -0.0015798240
        0.0019958174  -0.0071860007  -0.0048349150   0.0043389466   0.0047841952
        0.0021692348  -0.0037960978  -0.0014607459   0.0015042345   0.0046449387
        0.0001831393  -0.0004160542  -0.0020566694  -0.0005833351  -0.0031800149
       -0.0004905084  -0.0031559079   0.0045397598  -0.0238937983   0.0147606622
       -0.0120369966   0.0024605142   0.0018897993   0.0012531633  -0.0034818870
       -0.0020497616  -0.0023721580   0.0018997954   0.0003599456   0.0019245830
       -0.0020449544  -0.0014657986  -0.0017291451   0.0028286785   0.0010981561
        0.0021617927  -0.0019743865   0.0001819299  -0.0019788632   0.0016724947
        0.0004068880   0.0010369410  -0.0017119026  -0.0000318314  -0.0004158592
        0.0021526470   0.0011773110   0.0008587459   0.0012708670  -0.0004966859
       -0.0001221064  -0.0017064573   0.0008843733   0.0009766848   0.0018882188
        0.0008429829   0.0004677875  -0.0015069834  -0.0006571080   0.0003980497
        0.0016729977   0.0023998932   0.0019356805  -0.0013790084  -0.0052575241
       -0.0044932359  -0.0037013711   0.0027814066   0.0020229140   0.0007995421
       -0.0017136265  -0.0010981744  -0.0009552986   0.0015816869   0.0011883464
       -0.0005828975  -0.0019064755  -0.0021617992   0.0007507715  -0.0004069054
       -0.0011803147  -0.0016353101   0.0008363949   0.0013682381   0.0007995709
       -0.0007056052  -0.0019064905  -0.0000387558   0.0001409286   0.0024875606
        0.0001541618  -0.0008587467  -0.0014347721  -0.0008547492   0.0006019956
        0.0012352090  -0.0015025245   0.0007165545   0.0006860912   0.0016281896
       -0.0002527903  -0.0002697660  -0.0012909606   0.0006406050   0.0005517648
        0.0009658088  -0.0006589209  -0.0009889623  -0.0009578670   0.0007006483
        0.0009721781   0.0010092598  -0.0009149572  -0.0012115826   0.0000881822
        0.0002806592   0.0010705441  -0.0012271077  -0.0011569601  -0.0015390047
        0.0005072086   0.0005768822   0.0010041318   0.0004667727  -0.0008257227
       -0.0011885515
        0.0018977495  -0.0004961345   0.0035813595  -0.0019937559  -0.0010215403
       -0.0041672058  -0.0009736838   0.0012123747   0.0052950253  -0.0033350334
        0.0032308846  -0.0041440785  -0.0023278428  -0.0013389717   0.0053624315
       -0.0016989187   0.0026095115  -0.0030585717   0.0001114838  -0.0003765504
        0.0023939804   0.0020708344   0.0018033682  -0.0031524889  -0.0093164744
       -0.0153129310   0.0296856572   0.0098318180  -0.0106025268  -0.0032556320
       -0.0026209978   0.0155834557  -0.0093166221   0.0487863905  -0.0839352589
       -0.0209370350  -0.0720711302   0.3485540963  -0.1248651175   0.0500643917
       -0.1233402573   0.0470805137   0.0048905988   0.0032108953  -0.0005383381
       -0.0209328047   0.0052813829  -0.0062621463  -0.0260620202  -0.0869673239
        0.0752568921  -0.0134195318  -0.0214781948   0.0124707775  -0.0008172810
        0.0018717041  -0.0006213381   0.0028233157  -0.0036939381   0.0002479372
       -0.0023060593   0.0031410969   0.0026717766   0.0017495847  -0.0030539820
       -0.0025391852  -0.0003139855   0.0020475212   0.0019995950   0.0012597701
       -0.0021502387  -0.0005299762   0.0005313092  -0.0011871204  -0.0005756931
       -0.0001254858   0.0009474267  -0.0003460428   0.0006575143  -0.0011097747
        0.0006161801  -0.0000755732   0.0010151710   0.0002771474   0.0018899599
        0.0024605266   0.0012530450   0.0147603178  -0.0238942223  -0.0120371441
       -0.0031559096  -0.0004904337   0.0045398156  -0.0005834071  -0.0020567059
       -0.0031800428   0.0003599829   0.0018998045   0.0019245585  -0.0020498525
       -0.0034818745  -0.0023718444   0.0047842754   0.0043389073   0.0021692622
       -0.0071859699   0.0019959126  -0.0048349548   0.0307738121   0.0032384777
       -0.0015800649  -0.0031394157  -0.0148883762   0.0116952845   0.0001832224
        0.0046449624  -0.0004159296  -0.0014608009  -0.0037960854   0.0015042106
        0.0001409550  -0.0000387530   0.0024875850  -0.0007056293   0.0007995655
       -0.0019065059   0.0008363983  -0.0016353325   0.0013682522  -0.0004069136
        0.0007507745  -0.0011803244   0.0006019958  -0.0008547603   0.0012352199
       -0.0008587781   0.0001541625  -0.0014347904  -0.0008256935   0.0004667933
       -0.0011885494   0.0005769028   0.0005072013   0.0010041323  -0.0011570068
       -0.0012270977  -0.0015390082   0.0002806719   0.0000881757   0.0010705400
        0.0027813476  -0.0037014190   0.0020228864  -0.0052575420  -0.0013789041
       -0.0044932034   0.0023999417   0.0016729513   0.0019356700  -0.0019065031
       -0.0005828609  -0.0021618033   0.0015816886  -0.0009553250   0.0011883376
       -0.0017136175   0.0007995850  -0.0010981545   0.0004069054   0.0016724964
        0.0010369557   0.0001819293  -0.0019743927  -0.0019788758   0.0010981937
        0.0028286725   0.0021618090  -0.0014658266  -0.0020449331  -0.0017291705
        0.0011773433   0.0021526536   0.0008587586  -0.0000318388  -0.0017118991
       -0.0004158745   0.0007006246  -0.0009579031   0.0009721546  -0.0006589235
        0.0009658432  -0.0009889560   0.0006406075  -0.0012909775   0.0005517487
       -0.0002527943   0.0016282064  -0.0002697438   0.0007165667  -0.0015025221
        0.0006860729  -0.0009149588   0.0010092847  -0.0012115747  -0.0006571245
       -0.0015069714   0.0003980435   0.0008430173   0.0018882307   0.0004678005
        0.0008843498  -0.0017064691   0.0009766645  -0.0004966860   0.0012708855
       -0.0001220946
       -0.0023250172   0.0003871240  -0.0007245708   0.0020359512   0.0001841371
        0.0017698245  -0.0007886791   0.0011438721  -0.0013795958   0.0033933888
       -0.0006965576   0.0005432106  -0.0006965335   0.0033934064   0.0005432267
        0.0011438553  -0.0007886683  -0.0013796164   0.0001841678   0.0020359560
        0.0017698402   0.0003871112  -0.0023252495  -0.0007245929  -0.0026211747
        0.0162236469  -0.0153131043  -0.0016757821  -0.0016758100   0.0054208475
        0.0162236101  -0.0026212626  -0.0153132103   0.0510704817  -0.0155736606
       -0.0740789448  -0.1248665696  -0.1248651175   0.3389473285  -0.0155730266
        0.0510704679  -0.0740787120  -0.0115007103  -0.0115005913  -0.0014126317
        0.0230955862  -0.0010985824   0.0028244309   0.0792776556   0.0792769886
       -0.1587235957  -0.0010983614   0.0230958317   0.0028244962  -0.0007928830
       -0.0012625493  -0.0018541146  -0.0004385914   0.0014588532   0.0025074885
        0.0000013975   0.0000014239  -0.0052748107   0.0014588508  -0.0004386193
        0.0025074870  -0.0012625737  -0.0007928557  -0.0018541100   0.0006277884
        0.0006277811   0.0015335947   0.0005410540   0.0004396577   0.0004536298
       -0.0007543309  -0.0007543601   0.0001510628   0.0004396615   0.0005410442
        0.0004536294  -0.0008603908  -0.0008603709  -0.0010520020   0.0113307598
       -0.0043158174  -0.0140653765  -0.0055823820  -0.0237672879   0.0050256716
        0.0011981426   0.0049189176   0.0022415540  -0.0027886930  -0.0039066022
        0.0006278381   0.0029446430   0.0003951751  -0.0034830545  -0.0013858963
        0.0018581810   0.0034836514  -0.0039066228  -0.0027886504   0.0006278551
        0.0049189041   0.0011981111   0.0022415392  -0.0237672448  -0.0055821786
        0.0050257759  -0.0043157333   0.0113307964  -0.0140653448   0.0018581717
       -0.0013859162   0.0034837023   0.0003951939   0.0029446212  -0.0034830519
        0.0012603860   0.0019536033   0.0000244864  -0.0012576480  -0.0017136229
       -0.0005828708   0.0006952035   0.0013993286   0.0010023516  -0.0010369661
       -0.0011803117  -0.0005166095   0.0009007590   0.0010660372  -0.0002904434
       -0.0011773395  -0.0017996682   0.0001541788  -0.0004706563  -0.0004798703
        0.0010337457   0.0010629361  -0.0006530222  -0.0015559531  -0.0006846587
       -0.0003059516   0.0009076152   0.0010804492   0.0010308555  -0.0011645168
       -0.0030800049   0.0016864092  -0.0041621244   0.0044933372   0.0044932778
        0.0096787888   0.0016863938  -0.0030800279  -0.0041621381   0.0007056338
        0.0012576377   0.0028286841  -0.0000696572  -0.0000696637  -0.0020760345
        0.0012576496   0.0007056115   0.0028286818  -0.0011803301  -0.0010369472
       -0.0005166032   0.0013993298   0.0006951824   0.0010023440  -0.0017136477
       -0.0012576232  -0.0005828536   0.0019536104   0.0012603592   0.0000244847
       -0.0017996845  -0.0011773252   0.0001541850   0.0010660424   0.0009007361
       -0.0002904397   0.0008547043   0.0005892159  -0.0011691938  -0.0010057616
       -0.0008949165   0.0006812359   0.0006995065   0.0006995006  -0.0005364848
       -0.0008949100  -0.0010057491   0.0006812350   0.0005892090   0.0008546733
       -0.0011691964  -0.0004510950  -0.0004510924   0.0018052788   0.0010308586
        0.0010804287  -0.0011645160  -0.0003059521  -0.0006846643   0.0009076253
       -0.0006530067   0.0010629338  -0.0015559398  -0.0004798694  -0.0004706196
        0.0010337518
       -0.0167492233  -0.0094167383   0.0101580720   0.0064236445   0.0003630084
       -0.0000486251  -0.0048891464   0.0033422948  -0.0022564506   0.0166136486
       -0.0043059906   0.0013123174  -0.0016092473   0.0028129746   0.0028129563
       -0.0001394751  -0.0009751180  -0.0023172939   0.0007616321   0.0021585041
        0.0021584753  -0.0001394888  -0.0023172109  -0.0009750999  -0.0839345154
       -0.0155729195   0.0500645831  -0.0178666721  -0.0015398415   0.0293023305
        0.0054207778  -0.0032557014  -0.0032556388  -0.0178665454   0.0293023330
       -0.0015400235  -0.0839342829   0.0500643917  -0.0155730266   0.4209136528
       -0.0371515505  -0.0371515112   0.0064236386  -0.0000486498   0.0003630169
       -0.0167491630   0.0101580767  -0.0094167949   0.0166136356   0.0013121749
       -0.0043058903  -0.0048891571  -0.0022564902   0.0033423182  -0.0024678494
       -0.0007991854  -0.0025547049   0.0012826200   0.0022803024   0.0041578725
       -0.0051720701   0.0010800530  -0.0081267801   0.0052113268  -0.0019497133
        0.0024815627  -0.0038660338  -0.0004440190  -0.0011023415   0.0023505259
       -0.0003851980   0.0012148560   0.0014874009  -0.0005425022  -0.0007078150
       -0.0012477692  -0.0001307422   0.0005856792   0.0013305817  -0.0002771358
        0.0004645410  -0.0015796708  -0.0004507938  -0.0006727938   0.0052113300
        0.0024815581  -0.0019497543  -0.0051721934  -0.0081267433   0.0010800718
        0.0012826649   0.0041578522   0.0022802895  -0.0024679380  -0.0025546894
       -0.0007991695   0.0023505220   0.0012148462  -0.0003851934  -0.0038660276
       -0.0011023247  -0.0004441075   0.0065261168   0.0057412440   0.0069998710
       -0.0304693365   0.0204271390  -0.0324459911  -0.1704089779  -0.0108392236
       -0.0108392815  -0.0304694881  -0.0324458664   0.0204271841   0.0065261295
        0.0069998769   0.0057412626  -0.0038905242  -0.0024368093  -0.0024368186
        0.0016994371   0.0014323955   0.0009271326  -0.0020760462  -0.0011883472
       -0.0011883367   0.0016994363   0.0009271368   0.0014323886  -0.0017119201
       -0.0006019907  -0.0009007366   0.0017576029   0.0002000496   0.0002000556
       -0.0017119204  -0.0009007369  -0.0006019845  -0.0012477628   0.0005856663
       -0.0001306794   0.0014874089  -0.0007078217  -0.0005424927  -0.0015796669
       -0.0006727889  -0.0004507827   0.0013305750   0.0004645365  -0.0002771356
        0.0010373413  -0.0071012732  -0.0000426762  -0.0037013868   0.0023999266
       -0.0016863960   0.0032689768  -0.0014675336  -0.0003474116  -0.0016353332
        0.0013993415  -0.0001819262   0.0016455653  -0.0022086562  -0.0009271505
        0.0000245163   0.0024875905   0.0017291715  -0.0016353389  -0.0001819361
        0.0013993311   0.0032689858  -0.0003474202  -0.0014675234  -0.0037013981
       -0.0016863917   0.0023999140   0.0010373559  -0.0000426993  -0.0071012755
        0.0000245094   0.0017291751   0.0024875837   0.0016455710  -0.0009271628
       -0.0022086528   0.0017098979  -0.0008839816  -0.0007031647  -0.0017083834
        0.0002809403   0.0002809410   0.0017099039  -0.0007031934  -0.0008840086
       -0.0013268320   0.0009167882   0.0012981554   0.0015802096  -0.0013002538
       -0.0013002610  -0.0013268108   0.0012981390   0.0009167931  -0.0002181126
       -0.0008401474  -0.0017212601   0.0028685551   0.0031362499   0.0031362438
       -0.0002181183  -0.0017212735  -0.0008401506  -0.0008818711   0.0016541995
        0.0016541403
       -0.0070347890  -0.0035412060   0.0000178561   0.0052236457   0.0023986305
        0.0044558654   0.0010300855  -0.0043330304  -0.0068387661   0.0031491694
       -0.0185490301   0.0350735422   0.0003792722   0.0014192573  -0.0021937252
        0.0010711467  -0.0022776705   0.0023977211   0.0001587144   0.0008402850
       -0.0015341067  -0.0019257930  -0.0018345771   0.0024842394  -0.0209363345
       -0.0740783037   0.0470802067  -0.0070482097   0.0138095333  -0.0015402297
       -0.0016758613  -0.0106023511   0.0098318502   0.0315366677  -0.0178671610
       -0.0070484668   0.0487861098  -0.1233402573   0.0510704679  -0.0371515505
        0.2952423868  -0.1771757896  -0.0041853669  -0.0036408490  -0.0011679174
        0.0070453764  -0.0004429169   0.0010275388  -0.0066211608  -0.0238977974
        0.0253410830   0.0004798408   0.0056089740   0.0028311221   0.0003491477
       -0.0020477086   0.0004237781  -0.0022929911   0.0034858045   0.0000014334
        0.0038154501  -0.0030062409  -0.0024293857  -0.0015842323   0.0044147483
        0.0029980078  -0.0004795553  -0.0024783499  -0.0021488051  -0.0008829337
        0.0022757388   0.0007153068  -0.0002542959   0.0011430696   0.0003933676
       -0.0001474143  -0.0010292928   0.0005663966  -0.0003994622   0.0010656622
       -0.0005648069  -0.0002541047  -0.0011484219  -0.0003616765  -0.0001386626
       -0.0032060117  -0.0019281502   0.0002935493   0.0070444170   0.0026767604
        0.0022911275  -0.0015156063  -0.0041641462   0.0000333963   0.0011293935
        0.0022658424   0.0003404712  -0.0015696367  -0.0019340323   0.0011646607
        0.0033244746   0.0020503979  -0.0025083680  -0.0040219013   0.0019395745
        0.0129021114   0.0088500427   0.0028071738  -0.0086001324  -0.0497851581
        0.0126324808  -0.0189803185  -0.0014962234  -0.0001703978   0.0015971901
       -0.0023062886   0.0042823610  -0.0000743341   0.0035395122  -0.0029114080
        0.0001940026   0.0002485244  -0.0022086327   0.0000696699  -0.0009553053
        0.0015816995  -0.0004084602   0.0016455698  -0.0011045888   0.0000318475
       -0.0008547782   0.0010660560  -0.0002000734   0.0008397294  -0.0012139572
        0.0004158915  -0.0002904364   0.0012352347   0.0004968285  -0.0002714778
        0.0011097339  -0.0001701150  -0.0006989420  -0.0010409563   0.0007250859
        0.0010636248   0.0013639277   0.0000520673   0.0000041248  -0.0010790511
       -0.0022570936   0.0010374351  -0.0022994203   0.0027814217   0.0016729565
        0.0030799888  -0.0014675445  -0.0019026278  -0.0016785646   0.0013682712
        0.0010023361   0.0019788743  -0.0011045900   0.0002485550  -0.0014323824
        0.0019536121  -0.0000387923   0.0014658009  -0.0008363946  -0.0019744001
       -0.0006951956   0.0003473998   0.0022922287   0.0016785827  -0.0020229144
       -0.0041621161  -0.0019357107   0.0022994359   0.0031175162   0.0000426988
       -0.0012603737  -0.0020449533  -0.0001409461   0.0004084578   0.0016994218
       -0.0001940073  -0.0002646601   0.0006700774  -0.0011508571   0.0002751604
       -0.0008548911   0.0010875868  -0.0002607098   0.0011311649  -0.0008360061
       -0.0000323800  -0.0014969021   0.0007124838  -0.0003182455   0.0011553795
       -0.0011222091   0.0005912669  -0.0006229908   0.0014758498   0.0005979489
        0.0014353624  -0.0011022075   0.0002772879  -0.0010154731   0.0006845921
       -0.0010491654   0.0012116342  -0.0012729948   0.0002958021  -0.0008674950
        0.0006920144
        0.0070453764   0.0010275250  -0.0004429033  -0.0041853660  -0.0011679371
       -0.0036408816   0.0004798281   0.0028311483   0.0056088857  -0.0066210406
        0.0253410725  -0.0238980328   0.0003792628  -0.0021937345   0.0014192651
       -0.0019257790   0.0024842359  -0.0018345144   0.0001587153  -0.0015341141
        0.0008403060   0.0010711718   0.0023979391  -0.0022776841   0.0487863397
        0.0510701884  -0.1233404327   0.0315366944  -0.0070486414  -0.0178670337
       -0.0016758154   0.0098318531  -0.0106024300  -0.0070483675  -0.0015400520
        0.0138095440  -0.0209364423   0.0470805137  -0.0740787120  -0.0371515112
       -0.1771757896   0.2952434773   0.0052236682   0.0044558951   0.0023986256
       -0.0070348400   0.0000178896  -0.0035412398   0.0031493279   0.0350735701
       -0.0185492430   0.0010300683  -0.0068390208  -0.0043330201   0.0000334193
        0.0022658453   0.0011293819   0.0022911133  -0.0041641765  -0.0015155786
        0.0002935206   0.0026767588   0.0070443967  -0.0001386457  -0.0019281701
       -0.0032060203   0.0011646555   0.0020506691   0.0033244554   0.0003404872
       -0.0019340537  -0.0015696395  -0.0001701030  -0.0010409812  -0.0006989486
        0.0004968314   0.0011097434  -0.0002714894   0.0000520586  -0.0010790787
        0.0000041357   0.0007250862   0.0013639190   0.0010636162  -0.0015842296
        0.0029980463   0.0044147693   0.0038154295  -0.0024294356  -0.0030062958
       -0.0022930368   0.0000014763   0.0034858171   0.0003491567   0.0004237628
       -0.0020477057  -0.0008829281   0.0007153221   0.0022757550  -0.0004795719
       -0.0021488304  -0.0024784551   0.0015972277   0.0042824040  -0.0023063008
       -0.0189804165  -0.0001703546  -0.0014963266  -0.0086002835   0.0126322156
       -0.0497851837   0.0129021104   0.0028071488   0.0088500900  -0.0025083494
        0.0019395993  -0.0040218649  -0.0000743492  -0.0029114019   0.0035395237
       -0.0004084703  -0.0011045874   0.0016455859   0.0000696629   0.0015816854
       -0.0009553170   0.0001939974  -0.0022086530   0.0002485424   0.0004158884
        0.0012352263  -0.0002904389  -0.0002000674  -0.0012139711   0.0008397401
        0.0000318413   0.0010660462  -0.0008547718  -0.0001474193   0.0005663878
       -0.0010292747  -0.0002542947   0.0003933727   0.0011430794  -0.0002541146
       -0.0003616868  -0.0011484133  -0.0003994759  -0.0005648035   0.0010656740
        0.0022994478   0.0000426981   0.0031175309  -0.0020229326  -0.0019357012
       -0.0041621167   0.0003474091   0.0016785960   0.0022922313  -0.0008364056
       -0.0006951899  -0.0019743866   0.0004084541  -0.0001940035   0.0016994270
       -0.0012603856  -0.0001409328  -0.0020449551   0.0013682739   0.0019788843
        0.0010023379  -0.0014675339  -0.0016785901  -0.0019026492   0.0027814243
        0.0030800025   0.0016729606  -0.0022570917  -0.0022994207   0.0010374142
        0.0019536149   0.0014658035  -0.0000387901  -0.0011045941  -0.0014323989
        0.0002485498  -0.0002607016  -0.0008359835   0.0011311890   0.0002751482
        0.0010875832  -0.0008548853  -0.0002646508  -0.0011508531   0.0006701212
        0.0005912810   0.0014758546  -0.0006230074  -0.0003183020  -0.0011222275
        0.0011553764  -0.0000323761   0.0007124740  -0.0014968950  -0.0010491686
       -0.0012729845   0.0012116294   0.0002772977   0.0006846063  -0.0010154723
        0.0005979494  -0.0011022027   0.0014353815   0.0002958205   0.0006919998
       -0.0008675057
       -0.0018160358  -0.0005564411  -0.0000462339   0.0014899423   0.0005593116
        0.0006333368  -0.0010557005   0.0002404321  -0.0005378226   0.0017388719
       -0.0011411843   0.0013424820  -0.0011158494   0.0003964681   0.0018591390
       -0.0004245112   0.0002555072  -0.0016647311   0.0004123335   0.0006333404
        0.0017182924   0.0009861347   0.0003257892  -0.0017519385  -0.0003765399
        0.0020359505  -0.0019937816   0.0008402990  -0.0015340863   0.0021585018
        0.0017698389   0.0023939391  -0.0041672259  -0.0036408887  -0.0000485551
        0.0044559369   0.0032109821   0.0048905988  -0.0115007103   0.0064236386
       -0.0041853669   0.0052236682   0.4292321327   0.1115626548   0.0784000367
       -0.0500982672  -0.0246166338  -0.0074195927  -0.0454792830  -0.0635336199
        0.0048053907  -0.2082867274  -0.0169496029   0.0347718466  -0.0010257819
       -0.0002335822  -0.0011879512   0.0008874818  -0.0000004978   0.0015470526
       -0.0008624357   0.0004357440  -0.0021780501   0.0014519845  -0.0003709226
        0.0011223160  -0.0013230151  -0.0002462238  -0.0006316010   0.0010656013
       -0.0000287512   0.0007878712   0.0007908400   0.0000138729  -0.0002217786
       -0.0008895889  -0.0004036762   0.0004358437   0.0007823657  -0.0000138669
        0.0002833089  -0.0008674699  -0.0003784735  -0.0004623053  -0.0269995750
        0.0150136631   0.0208871437   0.0032571514   0.0023069664  -0.0032791956
       -0.0013178906   0.0021859805   0.0047039406  -0.0019511590  -0.0023745114
       -0.0019383165   0.0027017095   0.0019647789   0.0015109152  -0.0139826501
       -0.0092129904  -0.0058779804  -0.0026903900  -0.0029002159   0.0011251278
        0.0032828810   0.0016566916   0.0001204021  -0.0081653141  -0.0021633252
       -0.0006742713   0.0097706060   0.0168227079  -0.0054181333  -0.0019186268
       -0.0091531529   0.0007060976   0.0002006402   0.0032424427  -0.0024967554
        0.0012116427   0.0011022263   0.0017212392  -0.0011645318  -0.0003980495
       -0.0010705481   0.0010656781   0.0002771293   0.0010790519  -0.0011097993
       -0.0005313184  -0.0005410425   0.0014874171   0.0002543000   0.0001700792
       -0.0017064986  -0.0010629365  -0.0005768864  -0.0014642780   0.0005659409
        0.0002617520   0.0027679813  -0.0012314191  -0.0010755729  -0.0029587313
       -0.0015365142  -0.0010467693   0.0017388729   0.0005183579  -0.0003965054
       -0.0238981788   0.0013124337  -0.0350735832  -0.0869686609  -0.0260628244
       -0.0792780501   0.0166136510  -0.0066213496  -0.0031495519  -0.0013389442
        0.0033933952   0.0033350785   0.0014192373  -0.0021937245  -0.0028129928
        0.0005432968   0.0053623964   0.0041440846  -0.0011871512  -0.0006575185
        0.0004396779   0.0013305824   0.0003994636   0.0000520640  -0.0015069981
       -0.0010804442   0.0002806608   0.0014353882   0.0012729972  -0.0008401500
       -0.0015559685  -0.0009766815   0.0010041718   0.0011430842   0.0005424910
       -0.0010409905   0.0019775051  -0.0007214002  -0.0011592117  -0.0015482296
       -0.0002326643   0.0006082961   0.0012024857  -0.0000582764  -0.0007884729
       -0.0012096171  -0.0004744983   0.0014327635   0.0010741411   0.0001787835
       -0.0019036278  -0.0012267030   0.0005601549   0.0030811783   0.0006891262
        0.0013425005  -0.0018591370   0.0002149309  -0.0011028199   0.0014994571
       -0.0024226997   0.0010755476  -0.0039045721  -0.0006557657  -0.0001068384
        0.0022578347
        0.0003250613   0.0009861353  -0.0017519352   0.0006333345   0.0004123239
        0.0017182914   0.0002555241  -0.0004245106  -0.0016647218   0.0003964380
       -0.0011158524   0.0018591359  -0.0011411545   0.0017388744   0.0013424985
        0.0002404260  -0.0010557098  -0.0005378000   0.0005593201   0.0014899366
        0.0006333160  -0.0005564951  -0.0018165200  -0.0000462065   0.0023939594
        0.0017697992  -0.0041672127  -0.0015340983   0.0008403259   0.0021584947
        0.0020359320  -0.0003765961  -0.0019937363  -0.0041852668   0.0064236707
        0.0052236500   0.0048905768   0.0032108953  -0.0115005913  -0.0000486498
       -0.0036408490   0.0044558951   0.1115626548   0.4292295135   0.0783993497
       -0.0169504137  -0.2082864078   0.0347716620  -0.0635336350  -0.0454779633
        0.0048053309  -0.0246150552  -0.0500973143  -0.0074199030  -0.0002462268
       -0.0013230109  -0.0006315847  -0.0003709108   0.0014519877   0.0011223150
        0.0004357458  -0.0008624430  -0.0021780266  -0.0000004849   0.0008874912
        0.0015470372  -0.0002335738  -0.0010257446  -0.0011879350  -0.0000287392
        0.0010656004   0.0007878728  -0.0000138705   0.0007823774   0.0002833143
       -0.0004036005  -0.0008895717   0.0004358622   0.0000139002   0.0007908517
       -0.0002217727  -0.0003784590  -0.0008674569  -0.0004622970   0.0168230524
        0.0097702840  -0.0054184298  -0.0021634798  -0.0081653201  -0.0006740676
        0.0016567943   0.0032828058   0.0001203640  -0.0029002181  -0.0026903338
        0.0011251458   0.0032423775   0.0002005922  -0.0024967873  -0.0091530105
       -0.0019184585   0.0007060566  -0.0023745049  -0.0019510952  -0.0019383396
        0.0021859442  -0.0013179389   0.0047039243   0.0023070724   0.0032571251
       -0.0032790440   0.0150133142  -0.0269999779   0.0208871074  -0.0092131176
       -0.0139824324  -0.0058781454   0.0019648047   0.0027016468   0.0015109424
        0.0012730015   0.0014353564  -0.0008401520  -0.0010804380  -0.0015069785
        0.0002806766   0.0003994697   0.0013305738   0.0000520638  -0.0006575109
       -0.0011871303   0.0004396737   0.0005424787   0.0011430746  -0.0010409780
       -0.0009766752  -0.0015559412   0.0010041613  -0.0001068973  -0.0006557821
        0.0022578250   0.0010754784  -0.0024226815  -0.0039045644  -0.0011027903
        0.0002149588   0.0014994687   0.0013424841   0.0006891032  -0.0018591253
       -0.0066209038   0.0166137109  -0.0031491201  -0.0260628414  -0.0869678621
       -0.0792770674   0.0013119253  -0.0238980109  -0.0350735571   0.0053624101
        0.0005431924   0.0041440144  -0.0021937267   0.0014192946  -0.0028129491
        0.0033933817  -0.0013390490   0.0033350119  -0.0005313043  -0.0011097875
       -0.0005410593   0.0002771412   0.0010656716   0.0010790689  -0.0003980307
       -0.0011645104  -0.0010705677   0.0011022137   0.0012116125   0.0017212512
       -0.0010629242  -0.0017064613  -0.0005769099   0.0002543082   0.0014874151
        0.0001700901   0.0001787499   0.0010741583  -0.0019036267  -0.0004744759
       -0.0012095840   0.0014327655  -0.0000582821   0.0012024695  -0.0007885404
       -0.0002327030  -0.0015482180   0.0006082965  -0.0007213293   0.0019775445
       -0.0011591894   0.0005601652  -0.0012267220   0.0030811223   0.0005183701
        0.0017388542  -0.0003964731  -0.0015365535  -0.0029586944  -0.0010468034
       -0.0012313702   0.0027679742  -0.0010755482   0.0005659111  -0.0014642817
        0.0002617119
       -0.0003833791  -0.0004959551  -0.0004339166   0.0005593160   0.0006928437
        0.0004123083  -0.0003035610  -0.0003488283  -0.0004161451   0.0005183623
       -0.0000812710   0.0006891036  -0.0000812644   0.0005183603   0.0006891160
       -0.0003488287  -0.0003035696  -0.0004161337   0.0006928497   0.0005593024
        0.0004123175  -0.0004959689  -0.0003831432  -0.0004338993   0.0001114738
        0.0001841325  -0.0010215392   0.0001587245   0.0001587266   0.0007615988
        0.0001841321   0.0001114645  -0.0010215286  -0.0011679191   0.0003630382
        0.0023986326  -0.0005383491  -0.0005383381  -0.0014126317   0.0003630169
       -0.0011679174   0.0023986256   0.0784000367   0.0783993497   0.2470472679
       -0.0138539859   0.0311035743  -0.0402432683  -0.0048047028  -0.0048046462
        0.0222193447   0.0311036663  -0.0138545293  -0.0402434120  -0.0004595928
       -0.0005364221  -0.0001919397   0.0003651854   0.0004332327   0.0004194406
       -0.0003041633  -0.0003041682  -0.0005981443   0.0004332455   0.0003651775
        0.0004194335  -0.0005364138  -0.0004595990  -0.0001919443   0.0003685041
        0.0003684897   0.0001245282   0.0002217754   0.0002833065  -0.0003932800
       -0.0004639730  -0.0004640166   0.0006763884   0.0002833196   0.0002217650
       -0.0003932759  -0.0003771180  -0.0003771286   0.0000469818   0.0120100986
        0.0029455012   0.0040848356   0.0025912972  -0.0021744356  -0.0017848259
        0.0005678064   0.0016588891   0.0011660983  -0.0021954424  -0.0014661978
        0.0001132272   0.0025887794  -0.0002512760  -0.0010666869  -0.0103787702
       -0.0009024478  -0.0014397250  -0.0014662184  -0.0021954197   0.0001132059
        0.0016589030   0.0005677776   0.0011660893  -0.0021743967   0.0025913491
       -0.0017846355   0.0029456366   0.0120099940   0.0040848982  -0.0009025489
       -0.0103787567  -0.0014395657  -0.0002512505   0.0025887965  -0.0010666851
        0.0010491649   0.0005979347  -0.0002181056  -0.0010308548  -0.0006571128
        0.0000881872   0.0005648082   0.0004645345   0.0000041297  -0.0006161723
       -0.0005756919   0.0004536408   0.0007078031   0.0003933586  -0.0006989491
       -0.0008843563  -0.0006529983   0.0005072129  -0.0003560309   0.0002706718
        0.0010625801   0.0012313499  -0.0021486590  -0.0024226628  -0.0010182717
        0.0004706612   0.0005369323   0.0011411585   0.0000812623  -0.0011158538
       -0.0253409868   0.0043059722  -0.0185489397  -0.0752579267  -0.0752569588
       -0.1587219767   0.0043056337  -0.0253410177  -0.0185490402   0.0023278434
        0.0006965266   0.0032308379  -0.0003792761  -0.0003792568  -0.0016092611
        0.0006965568   0.0023278282   0.0032308369  -0.0005756851  -0.0006161758
        0.0004536311   0.0004645515   0.0005647987   0.0000041243  -0.0006571109
       -0.0010308509   0.0000881683   0.0005979494   0.0010491594  -0.0002181159
       -0.0006529986  -0.0008843486   0.0005071983   0.0003933722   0.0007078014
       -0.0006989579   0.0006229863  -0.0000573805  -0.0013534545  -0.0006233116
       -0.0004161278   0.0010993348   0.0003202770   0.0003202685  -0.0009336990
       -0.0004161592  -0.0006233160   0.0010993300  -0.0000573676   0.0006230027
       -0.0013534547   0.0001308319   0.0001308236   0.0025651201   0.0000812768
        0.0011411649  -0.0011158622   0.0004706463  -0.0010182709   0.0005369101
       -0.0021486538   0.0012313873  -0.0024226657   0.0002706703  -0.0003559961
        0.0010625652
        0.0039585701   0.0021954341  -0.0018726850  -0.0018160469  -0.0003833795
        0.0003250552   0.0017807103  -0.0007169029  -0.0002877340  -0.0029585994
        0.0010182746  -0.0011021051   0.0010625761  -0.0002617614  -0.0022578278
        0.0006743693  -0.0004829669   0.0018818671  -0.0004161592  -0.0005378116
       -0.0016647260  -0.0008894658  -0.0002876488   0.0019386643   0.0018030581
       -0.0023250101   0.0018977553  -0.0018345129   0.0023977186  -0.0023173082
       -0.0013796018  -0.0030585172   0.0052950274   0.0056088551  -0.0022564981
       -0.0068388182  -0.0214781538  -0.0209328047   0.0230955862  -0.0167491630
        0.0070453764  -0.0070348400  -0.0500982672  -0.0169504137  -0.0138539859
        0.4103206257  -0.0420341436   0.1258023329  -0.2082872969  -0.0246157885
       -0.0311023892  -0.0096256188   0.0549303518   0.0044393269   0.0011443299
       -0.0001979213   0.0011761306  -0.0012113217   0.0004635817  -0.0014373969
        0.0014033813  -0.0009313343   0.0022425385  -0.0021219788   0.0011364191
       -0.0006421363   0.0016072257  -0.0002368361   0.0001703190  -0.0013073374
        0.0005833510  -0.0005080062  -0.0008895705   0.0004035969   0.0004639782
        0.0007730969  -0.0000146172  -0.0002879294  -0.0008674388   0.0003784318
       -0.0003771065   0.0008052491   0.0000147144   0.0002819762  -0.0022422968
       -0.0073703204  -0.0011349113  -0.0021557225   0.0038596920   0.0036071797
        0.0010997727  -0.0023685924  -0.0035239486   0.0013531395   0.0018673907
        0.0018782081  -0.0014387211  -0.0018456419  -0.0015906609   0.0057464005
        0.0044421223   0.0028807838   0.0015300664   0.0018445115  -0.0035991312
       -0.0018810941  -0.0050176437   0.0050278920   0.0223699581   0.0127418859
       -0.0054818988  -0.1075578056   0.0497946701  -0.0735063828  -0.0242433478
       -0.0047478382  -0.0246677719   0.0000631064  -0.0034031143   0.0037928441
       -0.0008675057  -0.0006920193  -0.0016541288   0.0010337449   0.0001220988
        0.0011885492  -0.0010292710   0.0001306753  -0.0011097219   0.0009474223
        0.0001254741   0.0007543189  -0.0012477668   0.0001474212  -0.0004968057
        0.0012708808   0.0004706568   0.0008256705   0.0012417276  -0.0005578631
        0.0004829027  -0.0014642683   0.0003560552   0.0001069206   0.0017808223
        0.0010978915   0.0009982281  -0.0010557184  -0.0003035799  -0.0002554706
       -0.0004425564   0.0101577536  -0.0000177655   0.0052808979  -0.0134197334
        0.0010980269  -0.0048892107   0.0004799490  -0.0010298500   0.0026094464
       -0.0007887358   0.0009735674  -0.0022776167   0.0024842038   0.0009752137
       -0.0007246867  -0.0031524531  -0.0035814283   0.0010152042   0.0000756700
       -0.0008603208  -0.0015796330   0.0002538930   0.0007249295   0.0018884027
        0.0006850353  -0.0011568640  -0.0010156436  -0.0006847349   0.0031364548
        0.0009076563  -0.0004677066  -0.0015389908  -0.0011484346   0.0004507025
        0.0013639387  -0.0015851487   0.0009394187   0.0003398026   0.0012829646
       -0.0003198530   0.0000151622  -0.0012728928   0.0006483176   0.0004767351
        0.0010905772  -0.0004872114  -0.0010252778  -0.0014802292   0.0010200633
        0.0012087313   0.0013036460  -0.0010407575  -0.0009067921  -0.0004339199
       -0.0000462985   0.0017520021  -0.0022033581  -0.0018727720  -0.0034563429
        0.0005369537   0.0010466946   0.0014995238   0.0008725435  -0.0009982719
       -0.0019386841
       -0.0018726844  -0.0022033298   0.0034563460  -0.0000462211  -0.0004339136
       -0.0017519319  -0.0009982888   0.0008725685   0.0019386566   0.0010467869
        0.0005369077  -0.0014994487   0.0003559870  -0.0014642761  -0.0001068162
       -0.0005578909   0.0012417290  -0.0004829781  -0.0003035730  -0.0010556996
        0.0002555299   0.0010979323   0.0017807965  -0.0009983110  -0.0031524444
       -0.0007245532   0.0035813429   0.0024842105  -0.0022777003  -0.0009751060
       -0.0007886377   0.0026095193  -0.0009737348   0.0004797181  -0.0048891410
        0.0010301440  -0.0134192716   0.0052813829  -0.0010985824   0.0101580767
       -0.0004429169   0.0000178896  -0.0246166338  -0.2082864078   0.0311035743
       -0.0420341436   0.4103201685  -0.1258033199  -0.0169496243  -0.0500972425
        0.0138546814   0.0549302379  -0.0096268548  -0.0044395232  -0.0003199141
        0.0012829660  -0.0000152457   0.0009394904  -0.0015851440  -0.0003397234
       -0.0010407718   0.0013036735   0.0009066928   0.0010201174  -0.0014802549
       -0.0012086514  -0.0004872754   0.0010905907   0.0010252369   0.0006483700
       -0.0012729246  -0.0004766388   0.0004036726  -0.0008895685  -0.0004640168
        0.0000146091   0.0008052531  -0.0002819564   0.0003784681  -0.0008674525
        0.0003771274  -0.0000146704   0.0007730996   0.0002878848  -0.0073703298
       -0.0022420539   0.0011350811   0.0044422414   0.0057462076  -0.0028810381
       -0.0018456962  -0.0014386283   0.0015907973   0.0018673575   0.0013530497
       -0.0018783140  -0.0023685577   0.0010998970   0.0035240379   0.0038595516
       -0.0021559003  -0.0036073438   0.0018444712   0.0015299220   0.0035990808
       -0.0034027099   0.0000631774  -0.0037924408  -0.0047482168  -0.0242430654
        0.0246678961   0.0497946811  -0.1075592163   0.0735041095   0.0127435276
        0.0223698646   0.0054832473  -0.0050203038  -0.0018798801  -0.0050278392
       -0.0006919938  -0.0008674706   0.0016542093   0.0004706217   0.0012708689
       -0.0008257366   0.0001474615  -0.0012477638   0.0004968651   0.0001254239
        0.0009474116  -0.0007543675   0.0001307400  -0.0010292759   0.0011097491
        0.0001220416   0.0010337299  -0.0011886127  -0.0004829988   0.0006744059
       -0.0018819364  -0.0002617056   0.0010625885   0.0022578396  -0.0002877511
       -0.0008895259  -0.0019387351  -0.0005377770  -0.0004161403   0.0016647544
        0.0070452695  -0.0167492514   0.0070349089  -0.0209332725  -0.0214783187
       -0.0230955997  -0.0022564541   0.0056089845   0.0068390095  -0.0030587488
       -0.0013795933  -0.0052951756   0.0023979545  -0.0018346277   0.0023172097
       -0.0023252312   0.0018034263  -0.0018978153   0.0000755706   0.0010151594
        0.0008603722   0.0004507838  -0.0011484163  -0.0013639123  -0.0004677879
        0.0009076101   0.0015390039  -0.0006846315  -0.0010154557  -0.0031362640
        0.0006846771   0.0018882302   0.0011569793   0.0002541007  -0.0015796637
       -0.0007250636   0.0004636729  -0.0012113789   0.0014373868  -0.0001980023
        0.0011443597  -0.0011761544   0.0005834371  -0.0013073819   0.0005079614
       -0.0002368856   0.0016073050  -0.0001702589   0.0011365264  -0.0021221114
        0.0006420859  -0.0009314239   0.0014034744  -0.0022425740  -0.0003831561
       -0.0018165179  -0.0003258110   0.0021964872   0.0039585864   0.0018728202
        0.0010182697  -0.0029587090   0.0011027925  -0.0007168658   0.0017808122
        0.0002876738
        0.0021954559   0.0027466672  -0.0022033498  -0.0005564491  -0.0004959516
        0.0009861459   0.0010979361  -0.0002519868  -0.0008894782  -0.0015365048
       -0.0004706489   0.0002149549  -0.0002706689   0.0005659119  -0.0006557704
        0.0008626929  -0.0005578972   0.0006743605  -0.0003488255   0.0002404376
       -0.0004244992  -0.0002519769  -0.0007168719   0.0008725542   0.0020708412
        0.0003871177  -0.0004961405  -0.0019257776   0.0010711586  -0.0001394421
        0.0011438651  -0.0016989163   0.0012123358   0.0028311309   0.0033422767
       -0.0043329947   0.0124707202  -0.0062621463   0.0028244309  -0.0094167949
        0.0010275388  -0.0035412398  -0.0074195927   0.0347716620  -0.0402432683
        0.1258023329  -0.1258033199   0.2414347909  -0.0347706340   0.0074201104
       -0.0402430239  -0.0044393708   0.0044392099   0.0112091269   0.0006391873
       -0.0004984348   0.0000620472  -0.0010425485   0.0006825841  -0.0000536808
        0.0011457754  -0.0005403961  -0.0000130323  -0.0011743153   0.0006599646
        0.0004952127   0.0008109612  -0.0003368242  -0.0006709859  -0.0007640736
        0.0006022505   0.0003283525  -0.0004358269   0.0004358642   0.0006763875
        0.0002879193  -0.0002819573  -0.0003247880  -0.0004622817   0.0004623071
        0.0000469824   0.0002819772  -0.0002878930  -0.0003247809   0.0049468657
       -0.0049469076  -0.0021305235  -0.0018638649  -0.0017056054   0.0028261170
        0.0003145987   0.0001743143  -0.0018427820   0.0001851193  -0.0001851589
        0.0011429172  -0.0001743444  -0.0003146227  -0.0018427978   0.0017055545
        0.0018638285   0.0028262395  -0.0007444942   0.0007444885  -0.0027698833
        0.0010125044  -0.0011649070   0.0046080567   0.0065679629   0.0215748255
       -0.0161394321  -0.0788006752   0.0788010788  -0.1370268655  -0.0215749195
       -0.0065679032  -0.0161390436   0.0011649440  -0.0010124380   0.0046080538
       -0.0002958158   0.0002958036  -0.0008818891   0.0004798626  -0.0004966920
        0.0004667799  -0.0005663847   0.0005856637  -0.0002714707   0.0003460404
       -0.0003460443   0.0001510539  -0.0005856635   0.0005664005  -0.0002714829
        0.0004966586  -0.0004798795   0.0004667720   0.0005578334  -0.0008626829
        0.0006743431  -0.0005659459   0.0002706676  -0.0006558060   0.0007168291
        0.0002519632   0.0008725354  -0.0002404630   0.0003488267  -0.0004245279
       -0.0010275141   0.0094168308  -0.0035413374   0.0062620833  -0.0124705921
        0.0028245636  -0.0033423305  -0.0028311559  -0.0043330086   0.0016988757
       -0.0011438610   0.0012123294  -0.0010711675   0.0019258046  -0.0001394927
       -0.0003871477  -0.0020708098  -0.0004961240   0.0002771633  -0.0002771476
       -0.0010520077  -0.0006727648   0.0003616942   0.0010636155   0.0008430119
        0.0003059532  -0.0012271037   0.0002773371  -0.0002772873   0.0028685089
       -0.0003059571  -0.0008429860  -0.0012271042  -0.0003616551   0.0006728181
        0.0010636004  -0.0006825928   0.0010425691  -0.0000537164   0.0004984130
       -0.0006391724   0.0000620327  -0.0006022294   0.0007641152   0.0003283401
        0.0003368112  -0.0008109384  -0.0006709950  -0.0006599532   0.0011743691
        0.0004951754   0.0005403629  -0.0011457566  -0.0000130394   0.0004959791
        0.0005565011   0.0009861116  -0.0027466965  -0.0021964246  -0.0022033341
        0.0004706465   0.0015365460   0.0002149053   0.0002519676  -0.0010979057
       -0.0008894914
       -0.0029586240  -0.0015365016   0.0010468019   0.0017388462   0.0005183590
        0.0003964750  -0.0014642903   0.0005659182  -0.0002617335   0.0027679542
       -0.0012314024   0.0010755452  -0.0024226537   0.0010755670   0.0039045652
       -0.0006557880  -0.0001068376  -0.0022578165   0.0006891349   0.0013425133
        0.0018591161   0.0002149217  -0.0011028120  -0.0014994451  -0.0013389934
        0.0033933837  -0.0033350541   0.0014192550  -0.0021936953   0.0028129716
        0.0005432517   0.0053623703  -0.0041440622  -0.0238977561   0.0013125221
        0.0350736023  -0.0869676014  -0.0260620202   0.0792776556   0.0166136356
       -0.0066211608   0.0031493279  -0.0454792830  -0.0635336350  -0.0048047028
       -0.2082872969  -0.0169496243  -0.0347706340   0.4292310230   0.1115618653
       -0.0784017036  -0.0500976405  -0.0246168290   0.0074197226  -0.0012095924
       -0.0004744825  -0.0014327525   0.0010741456   0.0001787714   0.0019036208
       -0.0012267344   0.0005601532  -0.0030811428   0.0019775290  -0.0007213293
        0.0011591886  -0.0015482318  -0.0002326942  -0.0006083037   0.0012024631
       -0.0000582777   0.0007885237   0.0007823615  -0.0000139007  -0.0002833232
       -0.0008674501  -0.0003784650   0.0004622940   0.0007908557   0.0000139029
        0.0002217648  -0.0008895802  -0.0004036772  -0.0004358551   0.0097706492
        0.0168226415   0.0054181001  -0.0019186573  -0.0091530671  -0.0007060689
        0.0002006683   0.0032424187   0.0024967453  -0.0026903788  -0.0029001946
       -0.0011250870   0.0032828494   0.0016567531  -0.0001204241  -0.0081652923
       -0.0021633620   0.0006742955  -0.0019511390  -0.0023745031   0.0019383438
        0.0027016876   0.0019647274  -0.0015109543  -0.0139825448  -0.0092129422
        0.0058780810  -0.0269998311   0.0150135706  -0.0208869369   0.0032571242
        0.0023069776   0.0032791381  -0.0013179417   0.0021859643  -0.0047039239
        0.0014353936   0.0012730092   0.0008401255  -0.0015559594  -0.0009766738
       -0.0010041320   0.0011430878   0.0005424858   0.0010409619  -0.0011871312
       -0.0006575131  -0.0004396487   0.0013305868   0.0003994604  -0.0000520779
       -0.0015069856  -0.0010804330  -0.0002806411  -0.0010556919   0.0002404493
        0.0005378280   0.0017388798  -0.0011411889  -0.0013424945  -0.0018165060
       -0.0005564578   0.0000462474   0.0014899599   0.0005593031  -0.0006333431
       -0.0036409184  -0.0000485711  -0.0044559168   0.0032110778   0.0048906410
        0.0115006724   0.0064236002  -0.0041853794  -0.0052236865  -0.0003765249
        0.0020359559   0.0019937721   0.0008402868  -0.0015341154  -0.0021585100
        0.0017698739   0.0023939503   0.0041672141  -0.0011098029  -0.0005313138
        0.0005410669   0.0014874103   0.0002542945  -0.0001700993  -0.0017064899
       -0.0010629302   0.0005769072   0.0012116182   0.0011021957  -0.0017212655
       -0.0011645242  -0.0003980435   0.0010705745   0.0010656733   0.0002771250
       -0.0010790828   0.0014519681  -0.0003709761  -0.0011223268  -0.0013229995
       -0.0002462063   0.0006315896   0.0010656198  -0.0000287555  -0.0007878356
       -0.0010257385  -0.0002335893   0.0011879437   0.0008874830  -0.0000004942
       -0.0015470491  -0.0008624096   0.0004357452   0.0021780548   0.0004123228
        0.0006333144  -0.0017183089   0.0009861440   0.0003257935   0.0017519223
       -0.0011158681   0.0003964415  -0.0018591419  -0.0004244907   0.0002555108
        0.0016647252
       -0.0011020876   0.0002149514  -0.0014994536   0.0013424816   0.0006891158
        0.0018591249  -0.0001068475  -0.0006557828  -0.0022578194   0.0010755033
       -0.0024226649   0.0039045511  -0.0012313501   0.0027679760   0.0010755113
        0.0005659031  -0.0014642810  -0.0002617357   0.0005183674   0.0017388544
        0.0003964315  -0.0015365426  -0.0029586873   0.0010467973   0.0053623869
        0.0005431747  -0.0041440596  -0.0021937125   0.0014193099   0.0028129434
        0.0033933678  -0.0013390702  -0.0033350406  -0.0066207773   0.0166137057
        0.0031490265  -0.0260620050  -0.0869673239   0.0792769886   0.0013121749
       -0.0238977974   0.0350735701  -0.0635336199  -0.0454779633  -0.0048046462
       -0.0246157885  -0.0500972425   0.0074201104   0.1115618653   0.4292289647
       -0.0784007690  -0.0169513452  -0.2082866385  -0.0347709585  -0.0002327091
       -0.0015482164  -0.0006083047  -0.0007213314   0.0019775488   0.0011591658
        0.0005601366  -0.0012267316  -0.0030811334   0.0001787557   0.0010741616
        0.0019035956  -0.0004745052  -0.0012095960  -0.0014327461  -0.0000582940
        0.0012024677   0.0007885151   0.0000138687   0.0007908542   0.0002217738
       -0.0003784348  -0.0008674539   0.0004623042  -0.0000139043   0.0007823757
       -0.0002833229  -0.0004036961  -0.0008895696  -0.0004358542   0.0150131744
       -0.0270000987  -0.0208871230  -0.0092130704  -0.0139823758   0.0058782340
        0.0019648052   0.0027016339  -0.0015109871  -0.0023744793  -0.0019510793
        0.0019383412   0.0021859098  -0.0013179610  -0.0047039558   0.0023071249
        0.0032571616   0.0032790180  -0.0029002170  -0.0026903351  -0.0011251027
        0.0032424097   0.0002005865   0.0024967577  -0.0091529683  -0.0019184406
       -0.0007059826   0.0168230674   0.0097702968   0.0054183128  -0.0021634614
       -0.0081653127   0.0006741214   0.0016568020   0.0032827999  -0.0001203619
        0.0011022076   0.0012116077  -0.0017212752  -0.0010629297  -0.0017064569
        0.0005769032   0.0002542893   0.0014874118  -0.0001701174  -0.0005313187
       -0.0011097830   0.0005410575   0.0002771122   0.0010656704  -0.0010790720
       -0.0003980351  -0.0011645031   0.0010705550   0.0002554833  -0.0004245041
        0.0016647239   0.0003964351  -0.0011158522  -0.0018591189   0.0003258415
        0.0009861513   0.0017519245   0.0006333193   0.0004123108  -0.0017183037
       -0.0041852822   0.0064236529  -0.0052236163   0.0048906818   0.0032109361
        0.0115005501  -0.0000486669  -0.0036408639  -0.0044558610   0.0023939979
        0.0017698084   0.0041671849  -0.0015340984   0.0008403169  -0.0021584626
        0.0020359537  -0.0003765913   0.0019937394  -0.0006575345  -0.0011871294
       -0.0004396536   0.0005424678   0.0011430754   0.0010409811  -0.0009766891
       -0.0015559462  -0.0010041459   0.0012729892   0.0014353571   0.0008401598
       -0.0010804450  -0.0015069782  -0.0002806431   0.0003994502   0.0013305751
       -0.0000520522  -0.0000005219   0.0008874697  -0.0015470447  -0.0002335742
       -0.0010257642   0.0011879476  -0.0000287651   0.0010656030  -0.0007878564
       -0.0002462436  -0.0013230078   0.0006316064  -0.0003709303   0.0014519836
       -0.0011222958   0.0004357610  -0.0008624366   0.0021780356   0.0005593073
        0.0014899323  -0.0006332927  -0.0005564895  -0.0018165207   0.0000462417
       -0.0011411576   0.0017388671  -0.0013424636   0.0002404274  -0.0010557087
        0.0005378267
        0.0010182717  -0.0004706523   0.0005369230  -0.0011411822  -0.0000812744
       -0.0011158565   0.0003560100  -0.0002706667   0.0010625884  -0.0012313912
        0.0021486699  -0.0024226825   0.0021486553  -0.0012314107  -0.0024227005
       -0.0002706590   0.0003560095   0.0010625885  -0.0000812883  -0.0011411821
       -0.0011158649  -0.0004706400   0.0010182949   0.0005369227  -0.0023278354
       -0.0006965399   0.0032308972   0.0003792613   0.0003792609  -0.0016092908
       -0.0006965523  -0.0023278463   0.0032308914   0.0253410424  -0.0043061001
       -0.0185493509   0.0752575139   0.0752568921  -0.1587235957  -0.0043058903
        0.0253410830  -0.0185492430   0.0048053907   0.0048053309   0.0222193447
       -0.0311023892   0.0138546814  -0.0402430239  -0.0784017036  -0.0784007690
        0.2470489118   0.0138543493  -0.0311028138  -0.0402431823   0.0004161487
        0.0006233283   0.0010993424   0.0000573555  -0.0006230095  -0.0013534679
       -0.0001308073  -0.0001308133   0.0025651567  -0.0006230163   0.0000573673
       -0.0013534603   0.0006233338   0.0004161569   0.0010993417  -0.0003202846
       -0.0003202729  -0.0009337120  -0.0002833215  -0.0002217649  -0.0003932720
        0.0003771177   0.0003771328   0.0000469759  -0.0002217784  -0.0002833156
       -0.0003932759   0.0004640264   0.0004640258   0.0006763928  -0.0029457360
       -0.0120099998   0.0040849880   0.0009026120   0.0103788647  -0.0014396182
        0.0002512325  -0.0025888260  -0.0010666874   0.0014662463   0.0021954484
        0.0001131922  -0.0016589193  -0.0005677900   0.0011661254   0.0021744310
       -0.0025913445  -0.0017846537   0.0021954651   0.0014662233   0.0001131930
       -0.0025888272   0.0002512677  -0.0010666669   0.0103788854   0.0009024943
       -0.0014398375  -0.0120099419  -0.0029456288   0.0040850447  -0.0025913256
        0.0021744419  -0.0017848418  -0.0005677964  -0.0016589179   0.0011661350
       -0.0005979634  -0.0010491740  -0.0002181034   0.0006530191   0.0008843663
        0.0005071968  -0.0003933810  -0.0007078090  -0.0006989526   0.0005757015
        0.0006161870   0.0004536258  -0.0004645555  -0.0005648054   0.0000041341
        0.0006571288   0.0010308636   0.0000881617   0.0003035834   0.0003488235
       -0.0004161592  -0.0005183719   0.0000812832   0.0006891218   0.0003831502
        0.0004959571  -0.0004339269  -0.0005593247  -0.0006928456   0.0004123263
        0.0011679741  -0.0003630557   0.0023986749   0.0005382941   0.0005382865
       -0.0014127623  -0.0003630455   0.0011679679   0.0023986745  -0.0001114853
       -0.0001841572  -0.0010215668  -0.0001587203  -0.0001587154   0.0007616206
       -0.0001841602  -0.0001114867  -0.0010215706   0.0006161911   0.0005756996
        0.0004536278  -0.0007078195  -0.0003933671  -0.0006989473   0.0008843738
        0.0006530118   0.0005072028  -0.0010491785  -0.0005979476  -0.0002180899
        0.0010308689   0.0006571178   0.0000881634  -0.0005648151  -0.0004645454
        0.0000041427  -0.0004332428  -0.0003651670   0.0004194525   0.0005364271
        0.0004595964  -0.0001919561  -0.0003685090  -0.0003684960   0.0001245286
        0.0004596002   0.0005364275  -0.0001919563  -0.0003651858  -0.0004332427
        0.0004194533   0.0003041655   0.0003041650  -0.0005981739  -0.0006928523
       -0.0005593129   0.0004123340   0.0004959603   0.0003831419  -0.0004339220
        0.0000812817  -0.0005183689   0.0006891304   0.0003488284   0.0003035660
       -0.0004161559
        0.0017807101   0.0010979275  -0.0009982914  -0.0010557176  -0.0003035634
        0.0002555256   0.0012417191  -0.0005578930  -0.0004829553  -0.0014642777
        0.0003560145  -0.0001068562   0.0005369308   0.0010467539  -0.0014994628
        0.0008725520  -0.0009982873   0.0019386547  -0.0004339266  -0.0000462311
       -0.0017519263  -0.0022033114  -0.0018727743   0.0034563290   0.0026094813
       -0.0007886857  -0.0009736762  -0.0022776518   0.0024842286  -0.0009751232
       -0.0007246076  -0.0031524265   0.0035813758  -0.0004427416   0.0101578820
        0.0000178127   0.0052810081  -0.0134195318  -0.0010983614  -0.0048891571
        0.0004798408   0.0010300683  -0.2082867274  -0.0246150552   0.0311036663
       -0.0096256188   0.0549302379  -0.0044393708  -0.0500976405  -0.0169513452
        0.0138543493   0.4103188442  -0.0420335648  -0.1258023720   0.0010906317
       -0.0004872681   0.0010252312  -0.0014802401   0.0010201009  -0.0012086388
        0.0013036552  -0.0010407714   0.0009067215  -0.0015851306   0.0009394936
       -0.0003397357   0.0012829649  -0.0003198998  -0.0000152339  -0.0012729070
        0.0006483674  -0.0004766416  -0.0008674465   0.0003784499   0.0003771197
        0.0008052450   0.0000146661  -0.0002819875  -0.0008895628   0.0004036875
       -0.0004640098   0.0007731037  -0.0000146733   0.0002878846  -0.1075579021
        0.0497944042   0.0735033859  -0.0242429519  -0.0047477525   0.0246677792
        0.0000630793  -0.0034027295  -0.0037923772   0.0015299676   0.0018444642
        0.0035990489  -0.0018799779  -0.0050202716  -0.0050277994   0.0223699471
        0.0127430430   0.0054828507   0.0013530816   0.0018673577  -0.0018782879
       -0.0014386450  -0.0018457285   0.0015907516   0.0057462888   0.0044421731
       -0.0028809283  -0.0022422295  -0.0073703228   0.0011351123  -0.0021558243
        0.0038596387  -0.0036072535   0.0010998527  -0.0023685688   0.0035240216
       -0.0010154718  -0.0006846100  -0.0031362293   0.0009076176  -0.0004677876
        0.0015390042  -0.0011484082   0.0004507760  -0.0013639120   0.0010151720
        0.0000755662   0.0008603686  -0.0015796569   0.0002541080  -0.0007250458
        0.0018882260   0.0006846561   0.0011569642   0.0017808046  -0.0007168543
        0.0002876467  -0.0029586730   0.0010183098   0.0011028292   0.0039585867
        0.0021964168   0.0018727825  -0.0018165192  -0.0003831395  -0.0003258054
        0.0056089621  -0.0022565756   0.0068389663  -0.0214787303  -0.0209329411
       -0.0230955723  -0.0167490519   0.0070454354   0.0070349443   0.0018033651
       -0.0023252614  -0.0018978630  -0.0018345737   0.0023979379   0.0023172112
       -0.0013796424  -0.0030586925  -0.0052951560   0.0009474096   0.0001254262
       -0.0007543525  -0.0012477554   0.0001474635   0.0004968514   0.0012708698
        0.0004706168  -0.0008257250  -0.0008674756  -0.0006920029   0.0016541774
        0.0010337287   0.0001220467  -0.0011885936  -0.0010292634   0.0001307443
        0.0011097308  -0.0021221110   0.0011364734   0.0006420993   0.0016072989
       -0.0002369137  -0.0001703001  -0.0013073422   0.0005834452   0.0005080379
        0.0011443556  -0.0001980086  -0.0011761736  -0.0012113624   0.0004636852
        0.0014373979   0.0014034525  -0.0009314252  -0.0022425834  -0.0004161382
       -0.0005377889   0.0016647382  -0.0008895260  -0.0002877160  -0.0019387281
        0.0010625869  -0.0002617372   0.0022578281   0.0006743986  -0.0004830396
       -0.0018819382
       -0.0002878101  -0.0008895203   0.0019387422  -0.0005377908  -0.0004161413
       -0.0016647444  -0.0004830368   0.0006744222   0.0018819417  -0.0002617222
        0.0010625751  -0.0022578446   0.0010182594  -0.0029587177  -0.0011027817
       -0.0007168683   0.0017808134  -0.0002876742  -0.0003831546  -0.0018165183
        0.0003258305   0.0021964833   0.0039585862  -0.0018728530  -0.0030587145
       -0.0013795713   0.0052951991   0.0023979310  -0.0018346396  -0.0023172120
       -0.0023252160   0.0018034383   0.0018978275   0.0070452203  -0.0167493104
       -0.0070349093  -0.0209331379  -0.0214781948   0.0230958317  -0.0022564902
        0.0056089740  -0.0068390208  -0.0169496029  -0.0500973143  -0.0138545293
        0.0549303518  -0.0096268548   0.0044392099  -0.0246168290  -0.2082866385
       -0.0311028138  -0.0420335648   0.4103210484   0.1258030291  -0.0002369331
        0.0016073077   0.0001702535   0.0011365262  -0.0021221176  -0.0006420774
       -0.0009314101   0.0014034864   0.0022425738   0.0004636732  -0.0012113910
       -0.0014373971  -0.0001979962   0.0011443541   0.0011761636   0.0005834449
       -0.0013073919  -0.0005079661   0.0003784706  -0.0008674547  -0.0003771282
       -0.0000147232   0.0007730980  -0.0002878917   0.0004036810  -0.0008895702
        0.0004640214   0.0000146696   0.0008052547   0.0002819564   0.0497944336
       -0.1075597527  -0.0735045656   0.0127436121   0.0223698686  -0.0054834695
       -0.0050202745  -0.0018798586   0.0050279048   0.0018444488   0.0015299074
       -0.0035991097  -0.0034026958   0.0000631921   0.0037924693  -0.0047484112
       -0.0242432651  -0.0246678214   0.0018673668   0.0013530559   0.0018782923
       -0.0023685693   0.0010998738  -0.0035240464   0.0038595633  -0.0021558749
        0.0036073363  -0.0073703602  -0.0022420348  -0.0011350225   0.0044422467
        0.0057462235   0.0028809929  -0.0018457089  -0.0014386322  -0.0015907908
       -0.0006845988  -0.0010154408   0.0031362923   0.0006846694   0.0018882265
       -0.0011569905   0.0002541106  -0.0015796660   0.0007250741   0.0000755685
        0.0010151558  -0.0008603785   0.0004507953  -0.0011484100   0.0013639264
       -0.0004678051   0.0009076027  -0.0015390144  -0.0009982539   0.0008725617
       -0.0019386553   0.0010468062   0.0005369214   0.0014994482  -0.0018728663
       -0.0022033441  -0.0034563294  -0.0000462039  -0.0004339111   0.0017519384
        0.0004796974  -0.0048891522  -0.0010301475  -0.0134193112   0.0052814094
        0.0010986655   0.0101581034  -0.0004429223  -0.0000179641  -0.0031524801
       -0.0007245700  -0.0035813311   0.0024842320  -0.0022777002   0.0009750981
       -0.0007886387   0.0026095291   0.0009737301   0.0001254318   0.0009474150
        0.0007543613   0.0001307403  -0.0010292843  -0.0011097416   0.0001220515
        0.0010337323   0.0011885985  -0.0006920113  -0.0008674771  -0.0016542039
        0.0004706295   0.0012708735   0.0008257245   0.0001474636  -0.0012477648
       -0.0004968646   0.0010201165  -0.0014802663   0.0012086361  -0.0004872775
        0.0010906340  -0.0010252360   0.0006483811  -0.0012729198   0.0004766469
       -0.0003198950   0.0012829668   0.0000152398   0.0009394967  -0.0015851434
        0.0003397179  -0.0010407788   0.0013036708  -0.0009066974  -0.0003035728
       -0.0010557002  -0.0002555298   0.0010979388   0.0017808026   0.0009982935
        0.0003559880  -0.0014642762   0.0001068125  -0.0005578890   0.0012417324
        0.0004829735
       -0.0007168808  -0.0002519710   0.0008725375   0.0002404554  -0.0003488277
       -0.0004245278  -0.0005578699   0.0008626931   0.0006743435   0.0005659308
       -0.0002706729  -0.0006557961  -0.0004706607  -0.0015365236   0.0002149512
       -0.0002519765   0.0010979223  -0.0008894858  -0.0004959593  -0.0005564727
        0.0009861512   0.0027466879   0.0021964354  -0.0022033583  -0.0016988963
        0.0011438825   0.0012123306   0.0010711571  -0.0019258061  -0.0001394638
        0.0003871449   0.0020708388  -0.0004961526   0.0010274511  -0.0094168431
       -0.0035412720  -0.0062620483   0.0124707775   0.0028244962   0.0033423182
        0.0028311221  -0.0043330201   0.0347718466  -0.0074199030  -0.0402434120
        0.0044393269  -0.0044395232   0.0112091269   0.0074197226  -0.0347709585
       -0.0402431823  -0.1258023720   0.1258030291   0.2414356759  -0.0003368357
        0.0008109432  -0.0006709896   0.0006599651  -0.0011743498   0.0004952002
       -0.0005403763   0.0011457696  -0.0000130436   0.0006825933  -0.0010425729
       -0.0000537051  -0.0004984204   0.0006391769   0.0000620381   0.0006022518
       -0.0007641082   0.0003283424   0.0004623057  -0.0004623057   0.0000469764
       -0.0002819817   0.0002878847  -0.0003247769   0.0004358606  -0.0004358633
        0.0006763926  -0.0002878900   0.0002819568  -0.0003247834   0.0788002823
       -0.0788015228  -0.1370273982   0.0215749446   0.0065678121  -0.0161393562
       -0.0011648968   0.0010125018   0.0046080822   0.0007444652  -0.0007445056
       -0.0027698878  -0.0010124387   0.0011649571   0.0046080877  -0.0065682154
       -0.0215748975  -0.0161392544  -0.0001851417   0.0001851345   0.0011429098
        0.0001743269   0.0003146266  -0.0018428080  -0.0017056124  -0.0018638480
        0.0028262665  -0.0049468579   0.0049469533  -0.0021305257   0.0018638703
        0.0017055592   0.0028261021  -0.0003146247  -0.0001743165  -0.0018428153
       -0.0002772907   0.0002773152   0.0028685364   0.0003059523   0.0008429931
       -0.0012271028   0.0003616865  -0.0006727998   0.0010636228  -0.0002771572
        0.0002771461  -0.0010520045   0.0006728056  -0.0003616847   0.0010636182
       -0.0008430106  -0.0003059588  -0.0012270937  -0.0010979098   0.0002519792
       -0.0008894696   0.0015365370   0.0004706378   0.0002149272  -0.0021964874
       -0.0027466762  -0.0022033223   0.0005564905   0.0004959622   0.0009861419
       -0.0028312103  -0.0033422712  -0.0043330170  -0.0124705150   0.0062622775
        0.0028246440   0.0094168500  -0.0010276022  -0.0035413525  -0.0020708393
       -0.0003871073  -0.0004961079   0.0019257902  -0.0010711775  -0.0001394814
       -0.0011438464   0.0016989180   0.0012123524  -0.0003460351   0.0003460336
        0.0001510482   0.0005856714  -0.0005664030  -0.0002714869  -0.0004966716
        0.0004798672   0.0004667659   0.0002958086  -0.0002958087  -0.0008819065
       -0.0004798662   0.0004966733   0.0004667677   0.0005663979  -0.0005856740
       -0.0002714886   0.0011743528  -0.0006599647   0.0004951899  -0.0008109511
        0.0003368311  -0.0006709751   0.0007641011  -0.0006022556   0.0003283290
       -0.0006391799   0.0004984221   0.0000620472   0.0010425653  -0.0006825995
       -0.0000537136  -0.0011457672   0.0005403872  -0.0000130213   0.0003488259
       -0.0002404502  -0.0004245315   0.0002519796   0.0007168518   0.0008725391
        0.0002706564  -0.0005659257  -0.0006558061  -0.0008626852   0.0005578796
        0.0006743553
        0.0013531417   0.0001851186   0.0018673685  -0.0019511481  -0.0021954459
       -0.0029002358   0.0015299506   0.0007444969   0.0018445333  -0.0026903874
        0.0014662495  -0.0023745111  -0.0017846248   0.0006742262   0.0032790635
       -0.0161395192   0.0054833399  -0.0246679490  -0.0014398723  -0.0058781486
        0.0007059500   0.0028262677   0.0028809255  -0.0036073326   0.0043389700
       -0.0027887650  -0.0005833937  -0.0040218737   0.0042827863   0.0057411819
        0.0034836411  -0.0004160390  -0.0023719107  -0.0024784650  -0.0004441307
        0.0020504345   0.0020475393  -0.0008172810  -0.0007928830  -0.0024678494
        0.0003491477   0.0000334193  -0.0010257819  -0.0002462268  -0.0004595928
        0.0011443299  -0.0003199141   0.0006391873  -0.0012095924  -0.0002327091
        0.0004161487   0.0010906317  -0.0002369331  -0.0003368357   0.2896625281
       -0.0419227504   0.1565278373  -0.0814996814  -0.0290619874  -0.0531469862
        0.0143774515  -0.0124234105   0.0012002791  -0.0113777493  -0.0007466089
       -0.0105961001  -0.0157255350   0.0261366156   0.0124233532  -0.1122870036
        0.0524729928  -0.0560842813   0.0032571556   0.0021633563  -0.0025913562
       -0.0021558157  -0.0044421775   0.0018638809  -0.0019184659   0.0092129859
       -0.0009024988  -0.0242433523  -0.0127431610  -0.0215748184  -0.0019679580
       -0.0007882002   0.0006678640   0.0019118064   0.0004932226  -0.0015501388
       -0.0032834090  -0.0021923182   0.0018136327   0.0024121607   0.0017751114
        0.0001669633  -0.0019808282  -0.0010564087   0.0000301117   0.0015305598
        0.0003654628   0.0002933043   0.0005155121   0.0002932718   0.0026212976
       -0.0014285282  -0.0000328816  -0.0019545785   0.0020970680  -0.0003654397
        0.0012810609  -0.0012037138  -0.0000268422  -0.0010322623   0.0009671262
       -0.0001934221   0.0013597909  -0.0004157140   0.0003647117  -0.0015940564
       -0.0030062271  -0.0026763707  -0.0010802632   0.0050258449   0.0120369541
        0.0015801521  -0.0497851983   0.0108391004  -0.0126324639   0.0032384800
       -0.0147606824   0.0055821477  -0.0051721461  -0.0002934049  -0.0038154420
        0.0031410275  -0.0000015336   0.0023060614   0.0014033413  -0.0011457773
        0.0010407469  -0.0008624557   0.0003041598  -0.0004358131   0.0013036648
        0.0005403909   0.0009314417  -0.0012267231   0.0001308501  -0.0005602110
       -0.0008548912   0.0002809202  -0.0010875888   0.0009658294  -0.0002527896
        0.0008949120  -0.0013268706  -0.0000323910  -0.0005913010   0.0010092659
       -0.0004510831   0.0009149579  -0.0006229993   0.0007124835  -0.0012981679
        0.0006812326  -0.0002697396   0.0009889741  -0.0034818686  -0.0001831275
        0.0018581879   0.0065260644  -0.0015972976  -0.0025083869  -0.0020566244
        0.0039066475   0.0047842617   0.0011293569  -0.0004237815  -0.0025547291
       -0.0018541028   0.0006213530   0.0019996166   0.0033244560   0.0011023136
       -0.0021488364  -0.0006772311   0.0018795622  -0.0012665979   0.0022050268
       -0.0035423363   0.0017750418   0.0012111802   0.0039383039  -0.0028841931
       -0.0017329559  -0.0018190793   0.0015498781   0.0008326491   0.0015796831
       -0.0019892305   0.0005154716  -0.0012810382   0.0013611302   0.0010993306
        0.0006082888  -0.0014327598   0.0000620534   0.0000152425   0.0011761854
       -0.0001919486   0.0006316068  -0.0011879418  -0.0006710043  -0.0001702474
        0.0010252893
        0.0018782055   0.0011429047  -0.0018782997  -0.0019383364   0.0001132272
        0.0011251491   0.0035990435  -0.0027699218  -0.0035991334  -0.0011250881
        0.0001132083   0.0019383425   0.0021743998  -0.0081653306   0.0023070215
       -0.0065678167   0.0223699300  -0.0047479473  -0.0103789190  -0.0139824458
       -0.0091530010   0.0017056173   0.0057462503   0.0038595935   0.0021692357
        0.0006278175  -0.0031800330   0.0019396413  -0.0023062761   0.0069998847
       -0.0013859139   0.0046449713  -0.0020497910  -0.0004795557  -0.0038660271
        0.0011646136  -0.0003139985   0.0018717041  -0.0012625493  -0.0007991854
       -0.0020477086   0.0022658453  -0.0002335822  -0.0013230109  -0.0005364221
       -0.0001979213   0.0012829660  -0.0004984348  -0.0004744825  -0.0015482164
        0.0006233283  -0.0004872681   0.0016073077   0.0008109432  -0.0419227504
        0.4028861236   0.0419230528  -0.0233598042  -0.0889684882  -0.0512869940
       -0.0012005904  -0.0157258213  -0.0212332266  -0.0029117444   0.0047789469
        0.0029118412   0.0212332324  -0.0157260325   0.0012002537   0.0512874380
       -0.0889690363   0.0233595789  -0.0023071017  -0.0081653148  -0.0021743949
       -0.0038596173   0.0057463048  -0.0017055985   0.0091530130  -0.0139825626
        0.0103788123   0.0047482899   0.0223699621   0.0065680046  -0.0002677966
       -0.0021870333  -0.0014744948  -0.0004931899   0.0038991076   0.0018191061
       -0.0016219990  -0.0049010683  -0.0034175008   0.0001668763   0.0022050748
        0.0091778984   0.0017699018  -0.0005582422  -0.0035725004  -0.0008548829
        0.0020970556   0.0026212900   0.0013611153   0.0015305095  -0.0008549085
       -0.0014301504  -0.0019051641   0.0014301802   0.0008548990   0.0015305384
       -0.0013611451  -0.0006586683  -0.0018263212   0.0008521272   0.0001934337
        0.0017702764  -0.0001934310  -0.0008520865  -0.0018263256   0.0006586614
        0.0024294407   0.0070443588  -0.0081268391   0.0237672262  -0.0238940157
        0.0307736676   0.0086001018  -0.1704089456  -0.0086005460  -0.0307739378
       -0.0238937300  -0.0237671360   0.0081268610   0.0070443299  -0.0024294588
       -0.0026718258  -0.0052747706   0.0026718018  -0.0022425364  -0.0000130126
        0.0009067792   0.0021780464  -0.0005981763  -0.0021780469  -0.0009067072
       -0.0000130297   0.0022425752   0.0030811413   0.0025651155  -0.0030811800
        0.0002751444  -0.0017083912  -0.0002751351  -0.0006589063   0.0016282109
        0.0010057544   0.0009167789  -0.0014969059  -0.0014758597  -0.0012115637
        0.0018052754   0.0012115824   0.0014758392  -0.0014968998  -0.0009167905
       -0.0010057449   0.0016282046   0.0006589109   0.0020498384   0.0046449649
        0.0013859012  -0.0069999478  -0.0023062214  -0.0019395744   0.0031800228
        0.0006277913  -0.0021692782  -0.0022658444  -0.0020476866   0.0007992150
        0.0012625624   0.0018716904   0.0003139861  -0.0011646489  -0.0038660205
        0.0004795781   0.0035724813  -0.0005582543  -0.0017698931  -0.0091779069
        0.0022051653  -0.0001667820   0.0034174949  -0.0049011100   0.0016220147
       -0.0018190803   0.0038991271   0.0004930462   0.0014744445  -0.0021870513
        0.0002677727  -0.0026212595   0.0020970801   0.0008549012  -0.0006233303
       -0.0015482079   0.0004745095   0.0004984325   0.0012829678   0.0001979996
        0.0005364161  -0.0013230074   0.0002335981  -0.0008109250   0.0016073157
        0.0004872034
        0.0018673836  -0.0001851581   0.0013530567  -0.0023744962  -0.0014662116
       -0.0026903485   0.0018444577  -0.0007444875   0.0015300521  -0.0029001964
        0.0021954486  -0.0019510975  -0.0025913324  -0.0021633805   0.0032571291
       -0.0215748416   0.0127433434  -0.0242430797  -0.0009025526  -0.0092129961
       -0.0019184994   0.0018638493   0.0044421666  -0.0021558454   0.0047841812
       -0.0039066223  -0.0020566658  -0.0025082721   0.0015972223   0.0065260703
        0.0018581207   0.0001831612  -0.0034818650  -0.0021488060  -0.0011023273
        0.0033244682   0.0019995752  -0.0006213381  -0.0018541146  -0.0025547049
        0.0004237781   0.0011293819  -0.0011879512  -0.0006315847  -0.0001919397
        0.0011761306  -0.0000152457   0.0000620472  -0.0014327525  -0.0006083047
        0.0010993424   0.0010252312   0.0001702535  -0.0006709896   0.1565278373
        0.0419230528   0.2896606529  -0.0560847247  -0.0524725510  -0.1122867945
        0.0124230162  -0.0261365324  -0.0157257757  -0.0105960706   0.0007466445
       -0.0113775876   0.0012004749   0.0124231870   0.0143774395  -0.0531469488
        0.0290614262  -0.0814985809   0.0032791556  -0.0006741178  -0.0017848333
       -0.0036071667  -0.0028809678   0.0028261283   0.0007061360   0.0058781620
       -0.0014396144  -0.0246677717  -0.0054831208  -0.0161390329  -0.0019892345
       -0.0015796851   0.0008326250   0.0015501313   0.0018190874  -0.0017329261
       -0.0028841393  -0.0039382778   0.0012111852   0.0017750038   0.0035422277
        0.0022050538  -0.0012665739  -0.0018795340  -0.0006772531   0.0013611021
        0.0012810382   0.0005154816   0.0012810554   0.0003653872   0.0020970374
       -0.0019545951   0.0000329651  -0.0014284789   0.0026212634  -0.0002932726
        0.0005154976  -0.0015940439  -0.0003647195  -0.0004157317   0.0013597754
        0.0001934229   0.0009670945  -0.0010322225   0.0000268427  -0.0012037169
       -0.0038154613   0.0002934639  -0.0051720638   0.0055822789   0.0147605260
        0.0032386195  -0.0126322077  -0.0108396386  -0.0497851860   0.0015797193
       -0.0120370515   0.0050256238  -0.0010800260   0.0026767686  -0.0030062637
        0.0023060597   0.0000014388   0.0031410400   0.0009313196  -0.0005403757
        0.0013036301  -0.0004357890  -0.0003041688  -0.0008624560   0.0010407611
        0.0011457550   0.0014034401  -0.0005601819  -0.0001308263  -0.0012267278
       -0.0010875855  -0.0002809305  -0.0008548726   0.0009889469   0.0002697410
        0.0006812056  -0.0012981598  -0.0007124806  -0.0006229887   0.0009149293
        0.0004510986   0.0010092444  -0.0005912688   0.0000323731  -0.0013268514
        0.0008948935   0.0002527925   0.0009657981  -0.0023721363   0.0004159552
        0.0034836820   0.0057412510  -0.0042824324  -0.0040218432  -0.0005833244
        0.0027886693   0.0043389055   0.0000333685  -0.0003491504  -0.0024678980
       -0.0007928358   0.0008173135   0.0020474893   0.0020506477   0.0004440155
       -0.0024783479   0.0000301830   0.0010563993  -0.0019808176   0.0001667973
       -0.0017750194   0.0024121312   0.0018131355   0.0021919197  -0.0032836037
       -0.0015498305  -0.0004930326   0.0019117932   0.0006678821   0.0007881274
       -0.0019677542   0.0002932426  -0.0003653673   0.0015305245   0.0004161456
        0.0002326903  -0.0012096041   0.0006391812   0.0003198949   0.0011443358
       -0.0004596036   0.0002462351  -0.0010257391  -0.0003368154   0.0002369144
        0.0010905820
        0.0010997659   0.0003145949  -0.0018457495  -0.0013178765   0.0005678055
        0.0016567204   0.0000630911  -0.0011649093  -0.0050176412   0.0002006460
        0.0002512519   0.0019647549   0.0040848270   0.0054183254  -0.0208870880
       -0.1370268660   0.0735041527  -0.0735063402   0.0040851164   0.0208869581
       -0.0054181214  -0.0021305249  -0.0011350632   0.0011350702   0.0019958132
        0.0011981400  -0.0031559237   0.0088503412  -0.0001704588   0.0204266861
       -0.0140652036   0.0116952620   0.0012532070   0.0044147098  -0.0019496966
       -0.0019281750  -0.0030539419   0.0028233157  -0.0004385914   0.0012826200
       -0.0022929911   0.0022911133   0.0008874818  -0.0003709108   0.0003651854
       -0.0012113217   0.0009394904  -0.0010425485   0.0010741456  -0.0007213314
        0.0000573555  -0.0014802401   0.0011365262   0.0006599651  -0.0814996814
       -0.0233598042  -0.0560847247   0.3291692533  -0.1511754408   0.1511770790
       -0.0814981162   0.0560842211   0.0233590605  -0.0192101093   0.0245290728
        0.0028009020   0.0047789195  -0.0007467906   0.0007465053  -0.0192106724
       -0.0028006975  -0.0245290750  -0.0013179181  -0.0016567990  -0.0005677911
        0.0010998893   0.0018456297  -0.0003146170   0.0002006439  -0.0019648431
       -0.0002512489   0.0000632522   0.0050202384   0.0011649388   0.0027359357
        0.0002583841  -0.0012822365  -0.0032833899   0.0016219890   0.0028841662
        0.0062112511   0.0037700591  -0.0037700043  -0.0032835965  -0.0028841163
       -0.0016219357   0.0027359520   0.0012822788  -0.0002582780  -0.0019051750
        0.0000329399  -0.0000328843   0.0008325868   0.0006677436  -0.0014745680
       -0.0003982915  -0.0012821990   0.0019931256  -0.0005582799   0.0010564062
       -0.0018795714   0.0004210712  -0.0010910028   0.0015096931  -0.0004157460
        0.0008521051  -0.0010322646  -0.0003078602  -0.0010677087   0.0012834520
        0.0044147729   0.0019281287   0.0019498166  -0.0140653451  -0.0012530903
       -0.0116952206   0.0088500675  -0.0204273383   0.0001703239   0.0019959914
        0.0031558768  -0.0011980535   0.0012826266  -0.0022912195   0.0022930912
       -0.0030539009   0.0004386223  -0.0028232232  -0.0012112546   0.0010425436
       -0.0009393662   0.0008875071  -0.0003651744   0.0003710257  -0.0014802109
       -0.0006599374  -0.0011364265   0.0010742016  -0.0000573876   0.0007214702
        0.0006700887  -0.0008839645   0.0008360026  -0.0009578884   0.0007165616
       -0.0005892203   0.0015802144  -0.0003182364   0.0003182998  -0.0009578672
        0.0005892249  -0.0007165162   0.0006701054  -0.0008360064   0.0008840141
       -0.0005364823   0.0005517549  -0.0005517714   0.0018998576   0.0014607059
        0.0003951148  -0.0038904627   0.0000743779  -0.0000743583   0.0018998066
       -0.0003952491  -0.0014608671  -0.0015696148  -0.0007153016   0.0012148201
        0.0015336239   0.0005299484  -0.0005300703  -0.0015696164  -0.0012148733
        0.0007152986   0.0004210950  -0.0015097701   0.0010910872  -0.0005581644
        0.0018795085  -0.0010563717  -0.0003982891  -0.0019932091   0.0012822537
        0.0008326672   0.0014744461  -0.0006679089  -0.0003078318  -0.0012835139
        0.0010677391  -0.0004156945   0.0010322163  -0.0008520953  -0.0009337022
       -0.0007885246   0.0007884663   0.0003283275   0.0004766437  -0.0005080443
        0.0001245207  -0.0007878477   0.0007878298   0.0003283496   0.0005079574
       -0.0004767415
       -0.0035239816  -0.0018427701   0.0015907903   0.0047039400   0.0011660874
        0.0001203662  -0.0037924018   0.0046081042   0.0050279143   0.0024967531
       -0.0010667012  -0.0015109824  -0.0029455651   0.0097705159   0.0150134853
        0.0788010833  -0.1075595732   0.0497946326   0.0120099123  -0.0269999728
        0.0168229242   0.0049468655  -0.0022421523  -0.0073703649  -0.0048349693
        0.0022416029   0.0045398081   0.0028069307  -0.0014965979  -0.0324462340
        0.0113307641  -0.0148885236   0.0018898339  -0.0015842290   0.0052113566
       -0.0001386110   0.0017495720  -0.0036939381   0.0014588532   0.0022803024
        0.0034858045  -0.0041641765  -0.0000004978   0.0014519877   0.0004332327
        0.0004635817  -0.0015851440   0.0006825841   0.0001787714   0.0019775488
       -0.0006230095   0.0010201009  -0.0021221176  -0.0011743498  -0.0290619874
       -0.0889684882  -0.0524725510  -0.1511754408   0.3832526144   0.0739185771
        0.0531470576  -0.1122880739  -0.0512875863   0.0346439168  -0.0192107484
        0.0043955870  -0.0029119269  -0.0113776866  -0.0105960747  -0.0043955318
        0.0153626245   0.0028008963  -0.0021859205   0.0032828392   0.0016589071
        0.0023685691  -0.0014386756   0.0001743025  -0.0032424104   0.0027016824
       -0.0025887976   0.0034027181  -0.0018799504   0.0010124644  -0.0012027380
        0.0016412634   0.0019931892   0.0021922732  -0.0049011026  -0.0039383225
       -0.0037700663   0.0001843215   0.0054761441   0.0018129461   0.0012111592
       -0.0034174991  -0.0025092433  -0.0003982662   0.0024235103   0.0014301487
       -0.0014285030  -0.0019545876  -0.0019892454  -0.0019677926  -0.0002677778
        0.0025092670   0.0027359327  -0.0012027650  -0.0017699165  -0.0019807914
        0.0012665643   0.0009349111   0.0024253708  -0.0010910367  -0.0003647370
       -0.0018263336  -0.0000268404   0.0010677475   0.0019349344  -0.0003704608
       -0.0029980488  -0.0032059871   0.0024816121   0.0043158085   0.0024605324
       -0.0031393338  -0.0129021980  -0.0304692525  -0.0189803926   0.0071860115
       -0.0004905400   0.0049188807  -0.0041578775  -0.0015155467   0.0000014840
        0.0025392438   0.0025074761   0.0002479414   0.0014374412  -0.0000537178
       -0.0003397689  -0.0015470049   0.0004194604   0.0011223517   0.0012086810
        0.0004951984  -0.0006420588  -0.0019035984  -0.0013534489   0.0011592107
       -0.0002646377   0.0017099174   0.0002606948   0.0007006232  -0.0015025318
       -0.0008546836  -0.0013002487   0.0011553886   0.0011222311   0.0009721993
       -0.0011692085  -0.0006860639  -0.0011508483   0.0011311787   0.0007031686
        0.0006995028  -0.0012910097  -0.0006406168  -0.0003599803  -0.0037961148
       -0.0029446315   0.0024368899   0.0035394997   0.0029113945  -0.0019246408
       -0.0034830430  -0.0015042034   0.0019340699   0.0022757351   0.0003851586
       -0.0006278073  -0.0021502542  -0.0012597823  -0.0003404753   0.0023505280
        0.0008829217  -0.0021433442   0.0004210781   0.0009349423   0.0035725036
       -0.0006772825  -0.0000302005  -0.0024234528   0.0016412561   0.0002583866
        0.0015796889  -0.0021870609  -0.0007881474  -0.0012835081   0.0012719221
        0.0003704103   0.0015940516  -0.0012037421  -0.0006586528   0.0003202893
        0.0012024605   0.0000582588  -0.0006022656  -0.0012729318  -0.0005834583
       -0.0003684950   0.0010655983   0.0000287385   0.0007641038  -0.0013074050
       -0.0006483313
       -0.0023685635   0.0001743195  -0.0014386134   0.0021859660   0.0016588988
        0.0032828303  -0.0034027128   0.0010124922  -0.0018810560   0.0032424103
       -0.0025888210   0.0027016711  -0.0120100229   0.0168228475  -0.0269998321
       -0.0788006698   0.0497947133  -0.1075574435   0.0029457005   0.0150133951
        0.0097703941  -0.0049469458  -0.0073703215  -0.0022421071  -0.0071859553
        0.0049189115  -0.0004904739   0.0129016915  -0.0189806198  -0.0304693649
       -0.0043157120  -0.0031393528   0.0024605312   0.0029980318   0.0024815565
       -0.0032060150  -0.0025391633   0.0002479372   0.0025074885   0.0041578725
        0.0000014334  -0.0015155786   0.0015470526   0.0011223150   0.0004194406
       -0.0014373969  -0.0003397234  -0.0000536808   0.0019036208   0.0011591658
       -0.0013534679  -0.0012086388  -0.0006420774   0.0004952002  -0.0531469862
       -0.0512869940  -0.1122867945   0.1511770790   0.0739185771   0.3832494199
        0.0290608052  -0.0524732804  -0.0889685949   0.0043957312   0.0028007488
        0.0153625571   0.0029116877  -0.0105960811  -0.0113776377  -0.0346439008
        0.0043958227  -0.0192102806  -0.0047039526   0.0001204421   0.0011661405
        0.0035239243   0.0015907683  -0.0018428030  -0.0024968010  -0.0015109292
       -0.0010666738   0.0037924409   0.0050278501   0.0046080459   0.0025092744
        0.0024234595  -0.0003983145  -0.0018136196  -0.0034175021   0.0012111557
        0.0037700837   0.0054760696   0.0001842360  -0.0021918643  -0.0039383050
       -0.0049010865   0.0012027620   0.0019931646   0.0016412097  -0.0014301499
       -0.0019545939  -0.0014285005  -0.0015797047  -0.0007880622  -0.0021869932
        0.0024234853   0.0002583666   0.0016412560  -0.0035724723  -0.0000301866
       -0.0006772170   0.0021433843   0.0009348997   0.0004210501  -0.0015940344
       -0.0006586537  -0.0012036789   0.0012835205   0.0003704096   0.0012719362
        0.0015842343  -0.0001386156   0.0052112835  -0.0113307883   0.0018898834
       -0.0148883649  -0.0028072834  -0.0324459128  -0.0014964178   0.0048349510
        0.0045397664   0.0022415136  -0.0022803331  -0.0041641043   0.0034857967
       -0.0017495936   0.0014588476  -0.0036939368  -0.0004635986   0.0006825877
       -0.0015851517   0.0000005056   0.0004332364   0.0014519616  -0.0010201219
       -0.0011743500  -0.0021221262  -0.0001787705  -0.0006229905   0.0019775134
        0.0011508783   0.0007031523   0.0011311750  -0.0009721798  -0.0006860818
       -0.0011691865   0.0013002787   0.0011222105   0.0011553597  -0.0007006322
       -0.0008546929  -0.0015025255   0.0002646569   0.0002607016   0.0017099109
       -0.0006995057  -0.0006406178  -0.0012909720   0.0019245532  -0.0015042112
       -0.0034830277  -0.0024368280   0.0029114348   0.0035395260   0.0003599034
       -0.0029446250  -0.0037960596   0.0003405082   0.0008829369   0.0023505503
        0.0006277552  -0.0012597791  -0.0021502097  -0.0019340526   0.0003852078
        0.0022757701  -0.0009349157  -0.0010910200   0.0024253542   0.0017698776
        0.0012665463  -0.0019808106  -0.0025092818  -0.0012026994   0.0027359513
        0.0019891954  -0.0002677843  -0.0019677463  -0.0010677228  -0.0003704261
        0.0019349632   0.0003646983  -0.0000268389  -0.0018263208  -0.0003202771
        0.0000582722   0.0012024908  -0.0007641082  -0.0006483892  -0.0013073468
        0.0003685104   0.0000287504   0.0010656259   0.0006022289  -0.0005834558
       -0.0012728983
       -0.0021557344  -0.0018638451   0.0044422383   0.0032571107   0.0025912863
       -0.0021634326  -0.0242428420   0.0215749787   0.0127421323  -0.0019186039
        0.0009025290  -0.0092130034  -0.0014395135  -0.0007061666   0.0058781443
       -0.0161389104   0.0246676495  -0.0054818424  -0.0017848689  -0.0032791549
       -0.0006740977   0.0028260556   0.0036071903  -0.0028810315   0.0032388190
       -0.0055822589   0.0147604212  -0.0497851858   0.0126320138  -0.0108403978
        0.0050253761  -0.0015795101  -0.0120371555  -0.0030061891   0.0010800144
        0.0026767882   0.0031410587  -0.0023060593   0.0000013975  -0.0051720701
        0.0038154501   0.0002935206  -0.0008624357   0.0004357458  -0.0003041633
        0.0014033813  -0.0010407718   0.0011457754  -0.0012267344   0.0005601366
       -0.0001308073   0.0013036552  -0.0009314101  -0.0005403763   0.0143774515
       -0.0012005904   0.0124230162  -0.0814981162   0.0531470576   0.0290608052
        0.2896605116  -0.1565280306   0.0419249457  -0.1122871086   0.0560846769
       -0.0524728390  -0.0157260493  -0.0124231212  -0.0261364253  -0.0113775873
        0.0105961461   0.0007466612  -0.0019511003   0.0029002439   0.0021954504
        0.0013530636  -0.0018673457  -0.0001851229  -0.0026903508   0.0023745260
       -0.0014662128   0.0015298761  -0.0018444490  -0.0007445026  -0.0019807687
       -0.0000301605   0.0010563612   0.0024121414  -0.0001668290  -0.0017749870
       -0.0032835422  -0.0018129312   0.0021917895   0.0019118162   0.0015496230
       -0.0004929293  -0.0019677782  -0.0006677496   0.0007880338   0.0015305295
       -0.0002932709  -0.0003654369  -0.0017329288  -0.0015496188   0.0018191507
        0.0012111369   0.0028841353  -0.0039383005   0.0022051123  -0.0017750524
        0.0035423073  -0.0006772495   0.0012665203  -0.0018795618   0.0005155115
       -0.0013611137   0.0012810734   0.0008326140   0.0019891913  -0.0015796766
       -0.0024784133  -0.0020506968   0.0004439765   0.0034837503   0.0023722757
        0.0004159419  -0.0040219485  -0.0057411814  -0.0042824163   0.0043388898
        0.0005833383   0.0027886096  -0.0024679228  -0.0000333289  -0.0003491706
        0.0020475314   0.0007928853   0.0008172924   0.0011443229  -0.0006391963
        0.0003198326  -0.0010257219   0.0004595866   0.0002462061   0.0010905925
        0.0003368044   0.0002368593  -0.0012095956  -0.0004161447   0.0002326920
       -0.0006229752   0.0012981190  -0.0007124803   0.0010092710  -0.0009149514
        0.0004510996  -0.0013268149   0.0005912531   0.0000323709   0.0009658197
       -0.0008949062   0.0002527879  -0.0008548516   0.0010875637  -0.0002809287
        0.0006812262  -0.0009889667   0.0002697606  -0.0020567300  -0.0047842044
       -0.0039065644   0.0065260665   0.0025082736   0.0015971932  -0.0034818822
       -0.0018581002   0.0001832356   0.0033244360   0.0021487772  -0.0011023412
       -0.0018541338  -0.0019995727  -0.0006212823   0.0011293761   0.0025547043
        0.0004237667  -0.0012036905   0.0010322643   0.0000268318   0.0020970363
       -0.0012810794   0.0003653875  -0.0014285000   0.0019545973   0.0000328807
        0.0005154581  -0.0026212654  -0.0002932281  -0.0004156876   0.0015940437
       -0.0003647095   0.0009671008  -0.0013597826   0.0001934272   0.0010993318
        0.0014327223  -0.0006082883  -0.0006709877  -0.0010252499   0.0001702967
       -0.0001919346   0.0011879144  -0.0006315830   0.0000620276  -0.0011761712
       -0.0000151662
        0.0036071415   0.0028260566  -0.0028810879  -0.0032792167  -0.0017848562
       -0.0006740511   0.0246677306  -0.0161393955  -0.0054820817  -0.0007061358
       -0.0014395417   0.0058782545   0.0009024908  -0.0019185744  -0.0092130568
        0.0215749060  -0.0242433399   0.0127420755   0.0025913414   0.0032571127
       -0.0021634000  -0.0018638722  -0.0021558617   0.0044422589  -0.0015795669
        0.0050255093  -0.0120372477   0.0126320148  -0.0497854139  -0.0108400959
       -0.0055822161   0.0032388171   0.0147606120   0.0038154344  -0.0051721091
        0.0002934596  -0.0023060707   0.0031410969   0.0000014239   0.0010800530
       -0.0030062409   0.0026767588   0.0004357440  -0.0008624430  -0.0003041682
       -0.0009313343   0.0013036735  -0.0005403961   0.0005601532  -0.0012267316
       -0.0001308133  -0.0010407714   0.0014034864   0.0011457696  -0.0124234105
       -0.0157258213  -0.0261365324   0.0560842211  -0.1122880739  -0.0524732804
       -0.1565280306   0.2896636450   0.0419245886   0.0531475158  -0.0814993538
        0.0290612788  -0.0012002147   0.0143776169   0.0124233446   0.0105961419
       -0.0113778151   0.0007466050   0.0023745192  -0.0026904147  -0.0014662477
       -0.0018673669   0.0013530661  -0.0001851438   0.0029002429  -0.0019511596
        0.0021954537  -0.0018444442   0.0015299229  -0.0007444853   0.0012665346
       -0.0006772687  -0.0018795378  -0.0017751038   0.0022051105   0.0035422775
        0.0028841362   0.0012111551  -0.0039383177  -0.0015496569  -0.0017329376
        0.0018191529   0.0019892262   0.0008326061  -0.0015796907  -0.0013611266
        0.0005155171   0.0012810759   0.0015496547   0.0019118139  -0.0004929500
       -0.0018129584  -0.0032835873   0.0021918386  -0.0001668461   0.0024121315
       -0.0017750361  -0.0000301822  -0.0019807786   0.0010564078  -0.0002932699
        0.0015305437  -0.0003654134  -0.0006677738  -0.0019677895   0.0007880416
        0.0021488394   0.0033244434  -0.0011023420  -0.0018581791  -0.0034818899
        0.0001832248   0.0025083914   0.0065260849   0.0015972439  -0.0047842693
       -0.0020566776  -0.0039065818   0.0025547468   0.0011293503   0.0004237681
       -0.0019996196  -0.0018541224  -0.0006212913  -0.0011761570   0.0000620591
       -0.0000151712   0.0011879302  -0.0001919483  -0.0006315813  -0.0010252702
       -0.0006709818   0.0001702935   0.0014327488   0.0010993225  -0.0006082999
        0.0005912475  -0.0013268318   0.0000323754  -0.0009149504   0.0010092915
        0.0004511035   0.0012981311  -0.0006229952  -0.0007124853  -0.0009889684
        0.0006812407   0.0002697580   0.0010875634  -0.0008548740  -0.0002809350
       -0.0008949088   0.0009658392   0.0002527831   0.0005834117   0.0043389386
        0.0027886639  -0.0057413135  -0.0040219030  -0.0042824331   0.0023723456
        0.0034837383   0.0004159406  -0.0020507491  -0.0024784109   0.0004439899
        0.0007929245   0.0020475353   0.0008172986  -0.0000333664  -0.0024679476
       -0.0003491774   0.0015940449  -0.0004157464  -0.0003647193  -0.0026212822
        0.0005155195  -0.0002932431   0.0019546119  -0.0014285248   0.0000329455
       -0.0012810374   0.0020970782   0.0003653780   0.0010322153  -0.0012037334
        0.0000268236  -0.0013597815   0.0009671305   0.0001934282  -0.0004161695
       -0.0012096040   0.0002326867   0.0003368234   0.0010905953   0.0002368586
        0.0004595829  -0.0010257309   0.0002462202  -0.0006391696   0.0011443811
        0.0003198323
        0.0038596516  -0.0017056060   0.0057462454   0.0023069871  -0.0021744613
       -0.0081653068  -0.0047479205   0.0065679925   0.0223698835  -0.0091530305
        0.0103788423  -0.0139824616   0.0103787232  -0.0091531155  -0.0139825345
        0.0065680475  -0.0047481013   0.0223698916  -0.0021744382   0.0023070353
       -0.0081652995  -0.0017055519   0.0038596143   0.0057462585   0.0307734928
       -0.0237674505  -0.0238940077  -0.0086012743  -0.0086010038  -0.1704087054
       -0.0237671927   0.0307738026  -0.0238938743  -0.0024294348  -0.0081267748
        0.0070443864   0.0026717862   0.0026717766  -0.0052748107  -0.0081267801
       -0.0024293857   0.0070443967  -0.0021780501  -0.0021780266  -0.0005981443
        0.0022425385   0.0009066928  -0.0000130323  -0.0030811428  -0.0030811334
        0.0025651567   0.0009067215   0.0022425738  -0.0000130436   0.0012002791
       -0.0212332266  -0.0157257757   0.0233590605  -0.0512875863  -0.0889685949
        0.0419249457   0.0419245886   0.4028850900  -0.0512872194   0.0233595119
       -0.0889683111  -0.0212332245   0.0012004399  -0.0157256707   0.0029118616
        0.0029117939   0.0047788679   0.0019383420   0.0011251080   0.0001131945
       -0.0018782203  -0.0018782715   0.0011429306   0.0011251265   0.0019383173
        0.0001131978  -0.0035991084  -0.0035990502  -0.0027698570  -0.0017699138
       -0.0035724761  -0.0005582184  -0.0001668686   0.0091779022   0.0022050652
        0.0016219485  -0.0034175079  -0.0049010867   0.0004929334   0.0018191075
        0.0038990908   0.0002677825  -0.0014744967  -0.0021870297   0.0008549205
        0.0026212922   0.0020970372   0.0018191248   0.0004929107   0.0038990937
       -0.0034175273   0.0016220117  -0.0049010537   0.0091779025  -0.0001668439
        0.0022050588  -0.0035724914  -0.0017698832  -0.0005582342   0.0026212952
        0.0008548912   0.0020970485  -0.0014744967   0.0002677755  -0.0021870248
        0.0004795529   0.0011646038  -0.0038660331   0.0013859075  -0.0020497953
        0.0046449505  -0.0019395736   0.0069999262  -0.0023062476  -0.0021692843
       -0.0031800060   0.0006278316   0.0007992032   0.0022658256  -0.0020477172
        0.0003139948  -0.0012625440   0.0018716991   0.0001979279  -0.0004984276
        0.0012829650   0.0002335801  -0.0005364330  -0.0013230054   0.0004872903
        0.0008109447   0.0016072981   0.0004744881   0.0006233196  -0.0015482191
       -0.0014758526  -0.0009167927  -0.0014968740   0.0012115905   0.0012115786
        0.0018052550  -0.0009167902  -0.0014758586  -0.0014968851   0.0006589284
        0.0010057581   0.0016281996  -0.0002751494  -0.0002751506  -0.0017083800
        0.0010057635   0.0006589124   0.0016281934  -0.0031800292  -0.0021692291
        0.0006278486   0.0069998690  -0.0019396520  -0.0023062748  -0.0020497723
        0.0013859336   0.0046449725   0.0011645939   0.0004795422  -0.0038660203
       -0.0012625389   0.0003140045   0.0018717058   0.0022658217   0.0007991670
       -0.0020477097   0.0006586684   0.0008521019  -0.0018263243  -0.0008549048
       -0.0013611234   0.0015305500   0.0014301470   0.0014301397  -0.0019051783
       -0.0013611062  -0.0008548776   0.0015305485   0.0008520756   0.0006586271
       -0.0018263284  -0.0001934197  -0.0001934138   0.0017702797   0.0006233131
        0.0004744767  -0.0015482151   0.0008109589   0.0004872727   0.0016073096
       -0.0005364227   0.0002335827  -0.0013229849  -0.0004984166   0.0001980070
        0.0012829736
       -0.0022422499   0.0049468519  -0.0073703540  -0.0269995586   0.0120102097
        0.0168229301  -0.1075577990   0.0788005466   0.0497939867   0.0097706025
       -0.0029456732   0.0150132070  -0.0010666828   0.0024967706  -0.0015109357
        0.0046080637  -0.0037924666   0.0050278407   0.0011661455   0.0047039157
        0.0001203927  -0.0018428167  -0.0035240356   0.0015907684  -0.0148882861
        0.0113307712   0.0018898823  -0.0014966608   0.0028071081  -0.0324460675
        0.0022415875  -0.0048349919   0.0045397486   0.0034857961   0.0022802999
       -0.0041641455  -0.0036938814   0.0017495847   0.0014588508   0.0052113268
       -0.0015842323  -0.0001386457   0.0014519845  -0.0000004849   0.0004332455
       -0.0021219788   0.0010201174  -0.0011743153   0.0019775290   0.0001787557
       -0.0006230163  -0.0015851306   0.0004636732   0.0006825933  -0.0113777493
       -0.0029117444  -0.0105960706  -0.0192101093   0.0346439168   0.0043957312
       -0.1122871086   0.0531475158  -0.0512872194   0.3832497147  -0.1511758753
        0.0739198908  -0.0889692168  -0.0290615545  -0.0524732360   0.0153625651
       -0.0043959664   0.0028005725   0.0027016228  -0.0032424282  -0.0025888097
       -0.0014386657   0.0023686032   0.0001743394   0.0032828169  -0.0021859989
        0.0016588997  -0.0018798480   0.0034027358   0.0010124948   0.0024253607
        0.0009349214  -0.0010910564  -0.0019808249  -0.0017699097   0.0012665618
        0.0027359749   0.0025092278  -0.0012027395  -0.0019678093  -0.0019892171
       -0.0002677968   0.0019349232   0.0010677258  -0.0003704263  -0.0018263324
       -0.0003647315  -0.0000268369   0.0012111413   0.0018129090  -0.0034175362
        0.0001843194  -0.0037699487   0.0054760910  -0.0049010753   0.0021919118
       -0.0039382709   0.0016412814  -0.0012027193   0.0019931122  -0.0014284970
        0.0014301567  -0.0019545835  -0.0003982712  -0.0025092200   0.0024235090
        0.0022757406   0.0019340108   0.0003851876  -0.0034830714  -0.0019245778
       -0.0015042273   0.0035395362   0.0024367980   0.0029114124  -0.0037961182
       -0.0003599145  -0.0029446344   0.0023505103  -0.0003405328   0.0008829364
       -0.0021502530  -0.0006277620  -0.0012597832  -0.0013073580   0.0007641024
       -0.0006483264   0.0010655677  -0.0003685070   0.0000287412  -0.0012729367
       -0.0006022510  -0.0005834603   0.0012024459   0.0003202637   0.0000582949
        0.0011553786  -0.0013002422   0.0011222371  -0.0015025313   0.0007006335
       -0.0008546987   0.0017099006  -0.0002646416   0.0002607085  -0.0012910065
        0.0006995213  -0.0006406138   0.0011311571  -0.0011508479   0.0007031920
       -0.0011691948   0.0009722054  -0.0006860724  -0.0004904048   0.0071860270
        0.0049188699  -0.0304696852  -0.0129017633  -0.0189803609   0.0024605753
        0.0043156260  -0.0031394920  -0.0032060017  -0.0029979733   0.0024816427
        0.0025075200   0.0025391891   0.0002478949  -0.0015156252  -0.0041578615
        0.0000015119   0.0012719138  -0.0012834716   0.0003704397  -0.0021870320
        0.0015797058  -0.0007881245   0.0016411833  -0.0024235054   0.0002583052
       -0.0006772362   0.0035725096  -0.0000301891   0.0004210775  -0.0021433420
        0.0009349639  -0.0012037206   0.0015940638  -0.0006586612  -0.0013534693
       -0.0019035766   0.0011592312   0.0004952012   0.0012086674  -0.0006420796
        0.0004194403  -0.0015470052   0.0011223471  -0.0000537069   0.0014374216
       -0.0003397793
       -0.0011349327  -0.0021305494   0.0011351430   0.0208872491   0.0040847740
       -0.0054183497   0.0735036283  -0.1370281973  -0.0735070469   0.0054182044
        0.0040848622  -0.0208872158   0.0002512748   0.0002006061   0.0019647523
       -0.0011649661   0.0000631539  -0.0050176879   0.0005677808  -0.0013179483
        0.0016567185   0.0003146346   0.0010998685  -0.0018457622   0.0116952789
       -0.0140654403   0.0012531398  -0.0001702730   0.0088502559   0.0204270880
        0.0011981194   0.0019958734  -0.0031559677  -0.0022930047   0.0012826109
        0.0022911591   0.0028233190  -0.0030539820  -0.0004386193  -0.0019497133
        0.0044147483  -0.0019281701  -0.0003709226   0.0008874912   0.0003651775
        0.0011364191  -0.0014802549   0.0006599646  -0.0007213293   0.0010741616
        0.0000573673   0.0009394936  -0.0012113910  -0.0010425729  -0.0007466089
        0.0047789469   0.0007466445   0.0245290728  -0.0192107484   0.0028007488
        0.0560846769  -0.0814993538   0.0233595119  -0.1511758753   0.3291718848
        0.1511764727  -0.0233597322  -0.0814987588  -0.0560840871  -0.0028011105
       -0.0192105002  -0.0245291041  -0.0019648612   0.0002006892  -0.0002512195
        0.0018456158   0.0010998973  -0.0003146353  -0.0016568601  -0.0013178782
       -0.0005678119   0.0050202498   0.0000631474   0.0011649090  -0.0010910221
        0.0004210607   0.0015097421   0.0010564412  -0.0005582588  -0.0018795933
       -0.0012822624  -0.0003982966   0.0019931376   0.0006677685   0.0008326039
       -0.0014745537  -0.0010677220  -0.0003078637   0.0012834602   0.0008521155
       -0.0004157399  -0.0010322712  -0.0028841586  -0.0032835769  -0.0016218918
        0.0037701118   0.0062112411  -0.0037700606   0.0016220216  -0.0032836093
        0.0028841915   0.0002583803   0.0027359540  -0.0012822375   0.0000329505
       -0.0019051816  -0.0000328715   0.0012823102   0.0027359710  -0.0002583114
       -0.0007153426  -0.0015696278   0.0012148092  -0.0003951948   0.0018998239
       -0.0014608366   0.0000742946  -0.0038904911  -0.0000744050   0.0014607694
        0.0018998313   0.0003951614  -0.0012149113  -0.0015696000   0.0007152844
        0.0005299833   0.0015336172  -0.0005300408   0.0005080088   0.0003283432
       -0.0004767260  -0.0007878549   0.0001245320   0.0007878389   0.0004766578
        0.0003283307  -0.0005080283  -0.0007885470  -0.0009336979   0.0007884631
       -0.0003182311   0.0015802341   0.0003182909   0.0007165689  -0.0009578876
       -0.0005892016  -0.0008839721   0.0006700985   0.0008360017   0.0005517630
       -0.0005364900  -0.0005517540  -0.0008360135   0.0006701260   0.0008840043
        0.0005892231  -0.0009578743  -0.0007165065   0.0031558898   0.0019958763
       -0.0011981073  -0.0204268709   0.0088504173   0.0001705644  -0.0012532914
       -0.0140653404  -0.0116951829   0.0019282225   0.0044147818   0.0019497783
        0.0004385522  -0.0030539302  -0.0028232257  -0.0022911765   0.0012826913
        0.0022930893  -0.0012835282  -0.0003078228   0.0010677375   0.0014744709
        0.0008326320  -0.0006679040  -0.0019932174  -0.0003982310   0.0012823045
        0.0018795095  -0.0005582252  -0.0010563846  -0.0015098024   0.0004211183
        0.0010910735   0.0010322203  -0.0004157194  -0.0008520792  -0.0000573594
        0.0010742250   0.0007214454  -0.0006599557  -0.0014802106  -0.0011364147
       -0.0003651669   0.0008875379   0.0003710247   0.0010425403  -0.0012113415
       -0.0009393617
       -0.0073703358  -0.0049468845  -0.0022420744   0.0150135326   0.0029455086
        0.0097703374   0.0497940099  -0.0788013808  -0.1075578710   0.0168226698
       -0.0120101380  -0.0269999306  -0.0025887818   0.0032424241   0.0027016813
        0.0010124454  -0.0034027065  -0.0018810742   0.0016589318   0.0021859268
        0.0032828452   0.0001743096  -0.0023685638  -0.0014386241  -0.0031393567
       -0.0043157298   0.0024605474  -0.0189805247   0.0129019454  -0.0304692092
        0.0049188260  -0.0071859890  -0.0004905036   0.0000014714   0.0041578673
       -0.0015155546   0.0002479216  -0.0025391852   0.0025074870   0.0024815627
        0.0029980078  -0.0032060203   0.0011223160   0.0015470372   0.0004194335
       -0.0006421363  -0.0012086514   0.0004952127   0.0011591886   0.0019035956
       -0.0013534603  -0.0003397357  -0.0014373971  -0.0000537051  -0.0105961001
        0.0029118412  -0.0113775876   0.0028009020   0.0043955870   0.0153625571
       -0.0524728390   0.0290612788  -0.0889683111   0.0739198908   0.1511764727
        0.3832497092  -0.0512876304  -0.0531468160  -0.1122868014   0.0043953948
       -0.0346439279  -0.0192103924  -0.0015109493  -0.0024967634  -0.0010666691
        0.0015907221   0.0035239996  -0.0018428112   0.0001203795  -0.0047039531
        0.0011661233   0.0050279098   0.0037923881   0.0046080458   0.0009349119
        0.0021433606   0.0004210912  -0.0000301513  -0.0035724745  -0.0006772492
        0.0002583466   0.0024234922   0.0016412582  -0.0007880801  -0.0015796912
       -0.0021870007   0.0003704357   0.0012835040   0.0012719445  -0.0006586734
       -0.0015940468  -0.0012037007  -0.0039383430  -0.0021918248  -0.0049010711
        0.0054760981   0.0037700618   0.0001842312  -0.0034175052  -0.0018131377
        0.0012111825   0.0024234774   0.0025092536  -0.0003983326  -0.0019545985
       -0.0014301364  -0.0014284861   0.0019931840   0.0012027359   0.0016411995
        0.0008829343   0.0003404894   0.0023505390  -0.0029446246   0.0003599528
       -0.0037960604   0.0029114124  -0.0024368651   0.0035395140  -0.0015041882
        0.0019245858  -0.0034830151   0.0003851957  -0.0019340531   0.0022757502
       -0.0012597667   0.0006277794  -0.0021502039  -0.0005833549   0.0006022360
       -0.0012729100   0.0000287486   0.0003685000   0.0010656051  -0.0006483932
       -0.0007641042  -0.0013073620   0.0000582665  -0.0003202746   0.0012024801
        0.0011222324   0.0013002541   0.0011553587  -0.0006860968  -0.0009721730
       -0.0011691875   0.0007031675   0.0011508536   0.0011311620  -0.0006406240
       -0.0006994979  -0.0012909715   0.0002607006   0.0002646505   0.0017098971
       -0.0008547063  -0.0007006267  -0.0015025366   0.0045398289   0.0048349044
        0.0022415085  -0.0324459301  -0.0028068962  -0.0014963350   0.0018897279
       -0.0113308078  -0.0148883844  -0.0001385717   0.0015842453   0.0052112907
        0.0014588159  -0.0017496145  -0.0036939476  -0.0041641221  -0.0022802851
        0.0034858072  -0.0003704109  -0.0010676964   0.0019349618  -0.0002677671
        0.0019892083  -0.0019677512  -0.0012027266  -0.0025092498   0.0027359685
        0.0012665760   0.0017698716  -0.0019808285  -0.0010910673  -0.0009349270
        0.0024253435  -0.0000268385   0.0003647044  -0.0018263268  -0.0006229880
       -0.0001787592   0.0019775032  -0.0011743635  -0.0010201155  -0.0021221234
        0.0004332425   0.0000005068   0.0014519666   0.0006825948  -0.0004636872
       -0.0015851587
        0.0057463951   0.0017055604   0.0038595477  -0.0139826401  -0.0103787764
       -0.0091530015   0.0223699299  -0.0065682501  -0.0047483020  -0.0081653002
        0.0021744560   0.0023071011   0.0001132146  -0.0011251270   0.0019383217
       -0.0027698840   0.0035991051  -0.0035991069   0.0001131851  -0.0019383597
        0.0011251034   0.0011429110   0.0018783005  -0.0018782813   0.0046449430
       -0.0013859104  -0.0020498401  -0.0023061980   0.0019395957   0.0069999657
        0.0006278037   0.0021692919  -0.0031800557  -0.0020477056  -0.0007991934
        0.0022658629   0.0018716949  -0.0003139855  -0.0012625737  -0.0038660338
       -0.0004795553   0.0011646555  -0.0013230151  -0.0002335738  -0.0005364138
        0.0016072257  -0.0004872754   0.0008109612  -0.0015482318  -0.0004745052
        0.0006233338   0.0012829649  -0.0001979962  -0.0004984204  -0.0157255350
        0.0212332324   0.0012004749   0.0047789195  -0.0029119269   0.0029116877
       -0.0157260493  -0.0012002147  -0.0212332245  -0.0889692168  -0.0233597322
       -0.0512876304   0.4028853861  -0.0419239007   0.0419244208  -0.0889678613
        0.0512870638   0.0233590968  -0.0139823438   0.0091531422   0.0103788473
        0.0057462880  -0.0038596588  -0.0017055562  -0.0081653123  -0.0023069809
       -0.0021744124   0.0223698769   0.0047477523   0.0065677218  -0.0018263312
       -0.0006586489   0.0008520862   0.0015305534   0.0008549073  -0.0013610963
       -0.0019051514  -0.0014301567   0.0014301505   0.0015305293   0.0013611106
       -0.0008548882  -0.0018263327  -0.0008520772   0.0006586519   0.0017702795
        0.0001934322  -0.0001934284   0.0022051205   0.0001668676   0.0091778974
       -0.0049011472  -0.0016219248  -0.0034174694   0.0038991125  -0.0004930743
        0.0018191131  -0.0021870293  -0.0002677989  -0.0014745396   0.0020970756
       -0.0008548887   0.0026212745  -0.0005582427   0.0017698713  -0.0035724936
       -0.0020477196  -0.0022658265   0.0007991865   0.0006278689   0.0031800099
       -0.0021692313  -0.0023063242  -0.0069998354  -0.0019396051   0.0046449779
        0.0020497544   0.0013859099  -0.0038660210  -0.0011645738   0.0004795563
        0.0018717221   0.0012625315   0.0003140040   0.0016072272  -0.0008109717
        0.0004872103  -0.0013230051   0.0005364208   0.0002335706   0.0012829794
        0.0004984176   0.0001980048  -0.0015482106  -0.0006233022   0.0004745101
       -0.0014968913   0.0009167717  -0.0014758547   0.0016281959  -0.0006589182
        0.0010057479  -0.0017083824   0.0002751465  -0.0002751445   0.0016281915
       -0.0010057493   0.0006589192  -0.0014968747   0.0014758507  -0.0009167878
        0.0018052630  -0.0012115775   0.0012115830  -0.0238942652  -0.0307736119
       -0.0237670904  -0.1704087779   0.0086013572  -0.0086004444  -0.0238935567
        0.0237674913   0.0307737717   0.0070443310   0.0024293414  -0.0081268547
       -0.0052747885  -0.0026717344   0.0026718301   0.0070444045   0.0081267279
       -0.0024294914  -0.0021869926   0.0014745376   0.0002677655   0.0038990878
       -0.0018191753   0.0004930798  -0.0049010537   0.0034175421   0.0016219019
        0.0022050006  -0.0091778994  -0.0001667593  -0.0005581705   0.0035724788
       -0.0017698972   0.0020970376  -0.0026212755   0.0008549046   0.0025651392
        0.0030811022  -0.0030811699  -0.0000130255  -0.0009066971   0.0022425883
       -0.0005981527   0.0021780378  -0.0021780482  -0.0000130614  -0.0022425681
        0.0009067927
        0.0028808910   0.0028260794  -0.0036073070  -0.0058781422  -0.0014395054
        0.0007061870   0.0054829634  -0.0161392805  -0.0246678325   0.0006741619
       -0.0017848516   0.0032791546   0.0014662082  -0.0026903733  -0.0023745191
        0.0007445291   0.0015299125   0.0018445400  -0.0021954638  -0.0019510961
       -0.0029002129   0.0001851452   0.0013530639   0.0018673716  -0.0004159611
        0.0034837032  -0.0023721714   0.0042824196  -0.0040218712   0.0057412635
       -0.0027886675   0.0043389387  -0.0005833399   0.0003491583  -0.0024679088
        0.0000333702  -0.0008173185   0.0020475212  -0.0007928557  -0.0004440190
       -0.0024783499   0.0020506691  -0.0002462238  -0.0010257446  -0.0004595990
       -0.0002368361   0.0010905907  -0.0003368242  -0.0002326942  -0.0012095960
        0.0004161569  -0.0003198998   0.0011443541   0.0006391769   0.0261366156
       -0.0157260325   0.0124231870  -0.0007467906  -0.0113776866  -0.0105960811
       -0.0124231212   0.0143776169   0.0012004399  -0.0290615545  -0.0814987588
       -0.0531468160  -0.0419239007   0.2896628702   0.1565277584   0.0524726466
       -0.1122880843  -0.0560846640   0.0092131035  -0.0019186467  -0.0009026101
       -0.0044421779  -0.0021558005   0.0018638788   0.0021634652   0.0032571250
       -0.0025913349  -0.0127436566  -0.0242431423  -0.0215748618  -0.0000268492
       -0.0012037105  -0.0010322265  -0.0003654137   0.0020970612   0.0012810573
       -0.0000329257  -0.0014284852  -0.0019545918   0.0002932680   0.0005154870
        0.0026212849   0.0003647371  -0.0004157093  -0.0015940530  -0.0001934269
        0.0009671118   0.0013597852   0.0017750352   0.0024120909   0.0001667307
       -0.0021919309  -0.0032835589   0.0018131911   0.0004930357   0.0019117957
       -0.0015498804  -0.0007881522  -0.0019677534   0.0006678953   0.0003653841
        0.0015305429   0.0002932299  -0.0010564114  -0.0019808213   0.0000301969
       -0.0004237560   0.0011293857  -0.0025547288   0.0039066095  -0.0020566948
        0.0047842400  -0.0015971856   0.0065261388  -0.0025083156  -0.0001832172
       -0.0034818736   0.0018581452   0.0011023906   0.0033244531  -0.0021488336
        0.0006213137  -0.0018541175   0.0019995964  -0.0001703264  -0.0006709864
        0.0010252661   0.0006316149  -0.0001919611  -0.0011879453   0.0000152353
        0.0000620392   0.0011761660   0.0006083101   0.0010993364  -0.0014327677
       -0.0000323664  -0.0013268697  -0.0005912524  -0.0002528007   0.0009658267
        0.0008948884   0.0002809337  -0.0008548917  -0.0010875845  -0.0002697471
        0.0006812335   0.0009889584   0.0007124861  -0.0006230132  -0.0012981569
       -0.0004511038   0.0010092684   0.0009149200  -0.0147604085   0.0032389767
        0.0055824273   0.0108404523  -0.0497854652  -0.0126321340   0.0120373250
        0.0050254131   0.0015795172  -0.0026768338  -0.0030062875  -0.0010799890
       -0.0000013886   0.0031410772   0.0023060382  -0.0002935345  -0.0051721541
       -0.0038154336   0.0015797193   0.0008326156  -0.0019892235  -0.0018191380
       -0.0017329086   0.0015498466   0.0039383519   0.0012111202  -0.0028841513
       -0.0035422418   0.0022051548   0.0017750354   0.0018795093  -0.0006773071
       -0.0012665784  -0.0012810500   0.0005155110   0.0013611052   0.0001308045
       -0.0012267632  -0.0005601589   0.0005403879   0.0013036510   0.0009313905
        0.0003041642  -0.0008624791  -0.0004357579  -0.0011457399   0.0014034739
        0.0010407262
        0.0044421127   0.0018638074  -0.0021558665  -0.0092129914  -0.0009024422
       -0.0019184782   0.0127430408  -0.0215749516  -0.0242431796  -0.0021633839
       -0.0025913182   0.0032571243   0.0021954170  -0.0029002197  -0.0019511259
       -0.0007444585   0.0018444615   0.0015300656  -0.0014662425  -0.0023744831
       -0.0026903499  -0.0001851266   0.0018673592   0.0013530654   0.0001831608
        0.0018581358  -0.0034818598   0.0015972280  -0.0025083137   0.0065260554
       -0.0039065865   0.0047842375  -0.0020566490   0.0004237649  -0.0025547110
        0.0011293704  -0.0006213256   0.0019995950  -0.0018541100  -0.0011023415
       -0.0021488051   0.0033244554  -0.0006316010  -0.0011879350  -0.0001919443
        0.0001703190   0.0010252369  -0.0006709859  -0.0006083037  -0.0014327461
        0.0010993417  -0.0000152339   0.0011761636   0.0000620381   0.0124233532
        0.0012002537   0.0143774395   0.0007465053  -0.0105960747  -0.0113776377
       -0.0261364253   0.0124233446  -0.0157256707  -0.0524732360  -0.0560840871
       -0.1122868014   0.0419244208   0.1565277584   0.2896610457   0.0290609714
       -0.0531473988  -0.0814988664   0.0058782159   0.0007060518  -0.0014396438
       -0.0028809368  -0.0036072290   0.0028261260  -0.0006740780   0.0032791627
       -0.0017848289  -0.0054834721  -0.0246677411  -0.0161391172  -0.0003647339
       -0.0015940395  -0.0004157064  -0.0002932877   0.0026212726   0.0005154933
        0.0000329153  -0.0019545754  -0.0014284912   0.0003654008   0.0012810459
        0.0020970490   0.0000268469  -0.0010322212  -0.0012037101   0.0001934334
        0.0013597808   0.0009671009   0.0035422507   0.0017749682   0.0022050362
       -0.0039383112  -0.0028840885   0.0012111971   0.0018190994   0.0015498243
       -0.0017329412  -0.0015797039  -0.0019892135   0.0008326195   0.0012810621
        0.0013610975   0.0005154821  -0.0018795477  -0.0012665613  -0.0006772496
       -0.0003491562   0.0000333815  -0.0024679063   0.0027886736  -0.0005833722
        0.0043389100  -0.0042823782   0.0057413253  -0.0040218256   0.0004159254
       -0.0023721625   0.0034836829   0.0004440466   0.0020506540  -0.0024783536
        0.0008173083  -0.0007928566   0.0020475007   0.0002368299  -0.0003368205
        0.0010905861   0.0002462299  -0.0004596095  -0.0010257438   0.0003199042
        0.0006391723   0.0011443406   0.0002326944   0.0004161513  -0.0012096030
       -0.0007124843  -0.0012981579  -0.0006229841   0.0002697480   0.0009889573
        0.0006812133  -0.0002809342  -0.0010875864  -0.0008548773   0.0002528017
        0.0008948976   0.0009658127   0.0000323660  -0.0005912712  -0.0013268542
        0.0004511026   0.0009149301   0.0010092452  -0.0120370122   0.0015798955
        0.0050256997  -0.0108395454  -0.0126321127  -0.0497852065   0.0147606480
        0.0055820856   0.0032385570   0.0002934049  -0.0038154636  -0.0051720622
        0.0000014735   0.0023060578   0.0031410428   0.0026767383  -0.0010800791
       -0.0030062717   0.0007881552   0.0006678852  -0.0019677472  -0.0004930628
       -0.0015498446   0.0019117932   0.0021919476   0.0018131202  -0.0032835871
       -0.0017750199   0.0001668306   0.0024121283   0.0010563695   0.0000301475
       -0.0019808183  -0.0003653714   0.0002932514   0.0015305331  -0.0001308397
       -0.0005601863  -0.0012267314   0.0011457715   0.0010407494   0.0014034413
       -0.0003041694  -0.0004357834  -0.0008624418  -0.0005403558   0.0009314128
        0.0013036356
       -0.0014387114  -0.0001743547  -0.0023685362   0.0027017145   0.0025887913
        0.0032423838  -0.0018799772  -0.0010124239  -0.0034030891   0.0032828305
       -0.0016589169   0.0021859297   0.0011660800  -0.0001203682  -0.0047039377
        0.0046080448  -0.0050278891   0.0037928146  -0.0010666690   0.0015109647
       -0.0024967449  -0.0018428035  -0.0015907707   0.0035240276  -0.0037960780
        0.0029446345   0.0003599753   0.0035394689  -0.0029114272  -0.0024368721
       -0.0034829972   0.0015042073   0.0019245958   0.0022757280  -0.0003851855
       -0.0019340439  -0.0021502083   0.0012597701   0.0006277884   0.0023505259
       -0.0008829337   0.0003404872   0.0010656013  -0.0000287392   0.0003685041
       -0.0013073374   0.0006483700  -0.0007640736   0.0012024631  -0.0000582940
       -0.0003202846  -0.0012729070   0.0005834449   0.0006022518  -0.1122870036
        0.0512874380  -0.0531469488  -0.0192106724  -0.0043955318  -0.0346439008
       -0.0113775873   0.0105961419   0.0029118616   0.0153625651  -0.0028011105
        0.0043953948  -0.0889678613   0.0524726466   0.0290609714   0.3832510352
       -0.0739180207   0.1511769576  -0.0270001502  -0.0168226874  -0.0120098467
       -0.0022421733   0.0073703553  -0.0049469188   0.0097702866  -0.0150136872
        0.0029455665  -0.1075600120  -0.0497949293  -0.0788013112   0.0019349438
        0.0003704233  -0.0010677452  -0.0019679307   0.0002677733   0.0019892265
        0.0027359774   0.0012027342  -0.0025092628  -0.0019807939  -0.0012665562
        0.0017698697   0.0024253649   0.0010910454  -0.0009349339  -0.0018263206
        0.0000268255   0.0003647175  -0.0006772920   0.0000301244  -0.0035724732
        0.0016412440  -0.0002582776   0.0024234805  -0.0021870366   0.0007881107
       -0.0015796539   0.0012719565  -0.0003704355   0.0012834403  -0.0012037202
        0.0006586396  -0.0015940371   0.0004211030  -0.0009349242   0.0021433520
        0.0034858273   0.0041641138  -0.0022803089   0.0022415264  -0.0045397891
        0.0048349168  -0.0014962487   0.0324459967  -0.0028070308  -0.0148884942
       -0.0018897526  -0.0113308063   0.0052113218   0.0001385678   0.0015842405
       -0.0036939472  -0.0014588087  -0.0017496089  -0.0021219890   0.0011743573
       -0.0010200629   0.0014519641  -0.0004332520   0.0000004919  -0.0015851433
       -0.0006825922  -0.0004636953   0.0019775339   0.0006229919  -0.0001787541
        0.0011311729  -0.0007031802   0.0011508569  -0.0012909867   0.0006405946
       -0.0006995207   0.0017099132  -0.0002607068   0.0002646437  -0.0015025264
        0.0008546875  -0.0007006476   0.0011553763  -0.0011222297   0.0013002671
       -0.0011691863   0.0006860589  -0.0009721958   0.0024605436   0.0031392290
       -0.0043158731  -0.0304689595   0.0189806701   0.0129020290  -0.0004905814
       -0.0049188831  -0.0071859361  -0.0015155357  -0.0000014278   0.0041578847
        0.0025074753  -0.0002479782  -0.0025392363  -0.0032060245  -0.0024815303
        0.0029980788   0.0016412389  -0.0019931732   0.0012027394  -0.0049010550
        0.0039383487  -0.0021919275   0.0001841963  -0.0054760987   0.0037700569
        0.0012112083   0.0034174712  -0.0018131845  -0.0003982705  -0.0024234809
        0.0025092943  -0.0014284975   0.0019545970  -0.0014301743  -0.0013534615
       -0.0011591979   0.0019036104  -0.0000537222   0.0003396894  -0.0014374143
        0.0004194462  -0.0011223177   0.0015470350   0.0004951945   0.0006420480
       -0.0012087505
       -0.0015906806  -0.0018427829   0.0035240542   0.0015109192  -0.0010667101
       -0.0024967820  -0.0050278098   0.0046080985   0.0037928724  -0.0001203975
        0.0011661121  -0.0047039628  -0.0016588884   0.0032828387   0.0021859736
       -0.0010124978  -0.0018798990  -0.0034031242   0.0025888406   0.0027016516
        0.0032424235  -0.0001743334  -0.0014386493  -0.0023685769   0.0015042127
       -0.0034830526   0.0019245963  -0.0029114179   0.0035395326  -0.0024368291
        0.0029446222  -0.0037961178   0.0003599485  -0.0008829259   0.0023505317
        0.0003405103   0.0012597667  -0.0021502387   0.0006277811  -0.0003851980
        0.0022757388  -0.0019340537  -0.0000287512   0.0010656004   0.0003684897
        0.0005833510  -0.0012729246   0.0006022505  -0.0000582777   0.0012024677
       -0.0003202729   0.0006483674  -0.0013073919  -0.0007641082   0.0524729928
       -0.0889690363   0.0290614262  -0.0028006975   0.0153626245   0.0043958227
        0.0105961461  -0.0113778151   0.0029117939  -0.0043959664  -0.0192105002
       -0.0346439279   0.0512870638  -0.1122880843  -0.0531473988  -0.0739180207
        0.3832520583   0.1511755964  -0.0150132463   0.0097706190   0.0029457262
        0.0073703011  -0.0022421992  -0.0049469086  -0.0168230988  -0.0269997609
       -0.0120099079  -0.0497949398  -0.1075587015  -0.0788003489  -0.0003704426
        0.0012719358   0.0012835091   0.0007881797  -0.0021870413  -0.0015797057
       -0.0002583422   0.0016412489   0.0024235085   0.0000301293  -0.0006772740
       -0.0035724873  -0.0009349257   0.0004210909   0.0021433682   0.0006586385
       -0.0012037269  -0.0015940578  -0.0012665632  -0.0019807824   0.0017699148
        0.0012027370   0.0027359587  -0.0025092783   0.0002677875  -0.0019677566
        0.0019892319   0.0003704119   0.0019349497  -0.0010677371   0.0000268407
       -0.0018263265   0.0003647336   0.0010910637   0.0024253667  -0.0009349613
       -0.0000014801  -0.0015155840   0.0041578935  -0.0049189272  -0.0004904701
       -0.0071859800   0.0189803906  -0.0304695546   0.0129019524   0.0031394260
        0.0024605315  -0.0043157215  -0.0024816083  -0.0032059959   0.0029980420
       -0.0002479155   0.0025074929  -0.0025391982   0.0006421226   0.0004951870
       -0.0012087419  -0.0011223254   0.0004194552   0.0015470319   0.0003397042
       -0.0000537182  -0.0014374110  -0.0011592316  -0.0013534541   0.0019035974
       -0.0002606963   0.0017099167   0.0002646328   0.0006405941  -0.0012909880
       -0.0006995053  -0.0007031812   0.0011311709   0.0011508469   0.0006860629
       -0.0011691984  -0.0009721826  -0.0011222336   0.0011553944   0.0013002397
        0.0008546767  -0.0015025361  -0.0007006428  -0.0018899589  -0.0148884577
       -0.0113307504   0.0324462572  -0.0014967807  -0.0028072523  -0.0045397540
        0.0022416197   0.0048350145   0.0041641742   0.0034857894  -0.0022803610
       -0.0014588831  -0.0036939280  -0.0017495778   0.0001386661   0.0052113415
        0.0015842078  -0.0024234863  -0.0003982396   0.0025092804   0.0034175267
        0.0012111361  -0.0018131772  -0.0054760720   0.0001843356   0.0037700905
        0.0039382828  -0.0049011226  -0.0021919432  -0.0019932033   0.0016412609
        0.0012027057   0.0019545902  -0.0014285312  -0.0014301583   0.0006230273
        0.0019775436  -0.0001787918  -0.0006826049  -0.0015851389  -0.0004636761
       -0.0004332377   0.0014519917   0.0000004895   0.0011743472  -0.0021221220
       -0.0010200553
       -0.0018456416  -0.0003146075   0.0010998730   0.0019647794  -0.0002512736
        0.0002006025  -0.0050202567   0.0011649458   0.0000631526   0.0016567640
       -0.0005678015  -0.0013179450  -0.0005677926   0.0016567728  -0.0013179316
        0.0011648854  -0.0050202639   0.0000631318  -0.0002512434   0.0019647753
        0.0002006245  -0.0003146170  -0.0018456769   0.0010998613  -0.0014607612
        0.0003952041   0.0018997920  -0.0000743793  -0.0000743681  -0.0038904893
        0.0003952013  -0.0014607750   0.0018997836   0.0007153156   0.0012148567
       -0.0015696299  -0.0005299748  -0.0005299762   0.0015335947   0.0012148560
        0.0007153068  -0.0015696395   0.0007878712   0.0007878728   0.0001245282
       -0.0005080062  -0.0004766388   0.0003283525   0.0007885237   0.0007885151
       -0.0009337120  -0.0004766416  -0.0005079661   0.0003283424  -0.0560842813
        0.0233595789  -0.0814985809  -0.0245290750   0.0028008963  -0.0192102806
        0.0007466612   0.0007466050   0.0047788679   0.0028005725  -0.0245291041
       -0.0192103924   0.0233590968  -0.0560846640  -0.0814988664   0.1511769576
        0.1511755964   0.3291681545  -0.0208869901  -0.0054181046   0.0040850619
        0.0011349234   0.0011350115  -0.0021304946  -0.0054183647  -0.0208869712
        0.0040850084  -0.0735043622  -0.0735034553  -0.1370263373   0.0010677377
        0.0012835001  -0.0003078568  -0.0006678565  -0.0014744820   0.0008326132
        0.0012822716   0.0019931686  -0.0003982910  -0.0010563870  -0.0018795331
       -0.0005582193   0.0010910613   0.0015097588   0.0004210851  -0.0008520834
       -0.0010322234  -0.0004156978  -0.0018795431  -0.0010563662  -0.0005582102
        0.0019931710   0.0012822779  -0.0003982994  -0.0014744814  -0.0006678651
        0.0008326236   0.0012835090   0.0010677343  -0.0003078790  -0.0010322210
       -0.0008520706  -0.0004156922   0.0015097745   0.0010910469   0.0004210713
        0.0022930382   0.0022911335   0.0012826193  -0.0011981187  -0.0031558896
        0.0019958880   0.0001704841   0.0204269424   0.0088501738  -0.0116952586
        0.0012531814  -0.0140652147   0.0019497286  -0.0019281841   0.0044147461
       -0.0028232793  -0.0004386009  -0.0030538951  -0.0011363602   0.0006599417
       -0.0014801851   0.0003709784   0.0003651795   0.0008875349  -0.0009394500
       -0.0010425471  -0.0012113218   0.0007213790   0.0000573642   0.0010742025
        0.0008360292   0.0008839990   0.0006701157  -0.0005517435  -0.0005517330
       -0.0005364577   0.0008840060   0.0008360167   0.0006701145  -0.0007165330
       -0.0005892023  -0.0009578314   0.0003182753   0.0003182763   0.0015802470
       -0.0005892133  -0.0007165251  -0.0009578367   0.0012530301  -0.0116952765
       -0.0140652515   0.0204270708   0.0001702179   0.0088501057  -0.0031559040
       -0.0011980742   0.0019959148   0.0022911755   0.0022930228   0.0012826076
       -0.0004386417  -0.0028232761  -0.0030539035  -0.0019281492   0.0019497512
        0.0044147525  -0.0002583355  -0.0012822429   0.0027359815  -0.0016219652
        0.0028841182  -0.0032835498  -0.0037700600  -0.0037700177   0.0062112598
        0.0028841009  -0.0016219994  -0.0032835626  -0.0012822626  -0.0002583340
        0.0027359760  -0.0000329318  -0.0000329290  -0.0019051328   0.0000573760
        0.0007213865   0.0010741946  -0.0010425575  -0.0009394385  -0.0012113198
        0.0003651862   0.0003709851   0.0008875375   0.0006599328  -0.0011364826
       -0.0014801888
       -0.0014642799  -0.0005659492  -0.0002616889   0.0027679796   0.0012313527
        0.0010754838  -0.0029586886   0.0015365695   0.0010467357   0.0017388476
       -0.0005183715   0.0003964520   0.0004123002  -0.0006332958  -0.0017182983
        0.0009861311  -0.0003258171   0.0017519981  -0.0011158599  -0.0003964635
       -0.0018591093  -0.0004245225  -0.0002555206   0.0016647382  -0.0017064630
        0.0010629352   0.0005769114   0.0012115957  -0.0011022201  -0.0017212628
       -0.0011644874   0.0003980387   0.0010705441   0.0010656516  -0.0002771277
       -0.0010790549  -0.0011097682   0.0005313092   0.0005410540   0.0014874009
       -0.0002542959  -0.0001701030   0.0007908400  -0.0000138705   0.0002217754
       -0.0008895705   0.0004036726  -0.0004358269   0.0007823615   0.0000138687
       -0.0002833215  -0.0008674465   0.0003784706   0.0004623057   0.0032571556
       -0.0023071017   0.0032791556  -0.0013179181  -0.0021859205  -0.0047039526
       -0.0019511003   0.0023745192   0.0019383420   0.0027016228  -0.0019648612
       -0.0015109493  -0.0139823438   0.0092131035   0.0058782159  -0.0270001502
       -0.0150132463  -0.0208869901   0.4292286923  -0.1115621082  -0.0784004882
       -0.0500976833   0.0246151944   0.0074200256  -0.0454779628   0.0635335861
       -0.0048048679  -0.2082867520   0.0169511627  -0.0347707522   0.0010655894
        0.0000287428  -0.0007878666  -0.0010257593   0.0002335751   0.0011879429
        0.0008875250   0.0000005065  -0.0015470208  -0.0008624510  -0.0004357715
        0.0021780238   0.0014519772   0.0003709733  -0.0011223290  -0.0013229958
        0.0002462315   0.0006316011  -0.0012267613  -0.0005601799  -0.0030811144
        0.0019775143   0.0007214448   0.0011591904  -0.0015482155   0.0002326724
       -0.0006082668   0.0012024860   0.0000582678   0.0007884469  -0.0012096111
        0.0004744903  -0.0014327337   0.0010742131  -0.0001787699   0.0019035755
        0.0008403101   0.0015340875  -0.0021584806   0.0017698312  -0.0023939579
        0.0041671937  -0.0036408812   0.0000486678  -0.0044558499   0.0032109671
       -0.0048905983   0.0115005587   0.0064236364   0.0041852485  -0.0052236534
       -0.0003765721  -0.0020359281   0.0019937309  -0.0018160303   0.0005564857
        0.0000463004   0.0014899215  -0.0005593214  -0.0006333127  -0.0010556982
       -0.0002404469   0.0005377892   0.0017388644   0.0011411570  -0.0013424576
        0.0011430725  -0.0005424870   0.0010409753  -0.0011871273   0.0006575106
       -0.0004396681   0.0013305704  -0.0003994572  -0.0000520644  -0.0015069758
        0.0010804423  -0.0002806597   0.0014353622  -0.0012729922   0.0008401611
       -0.0015559351   0.0009766709  -0.0010041477  -0.0869670334   0.0260623036
        0.0792767183   0.0166136913   0.0066207436   0.0031489436  -0.0013390747
       -0.0033933723  -0.0033350007   0.0014193011   0.0021937219   0.0028129431
        0.0005431823  -0.0053623972  -0.0041440392  -0.0238977154  -0.0013119753
        0.0350735975   0.0032828245  -0.0016567901  -0.0001203861  -0.0081652950
        0.0021634554   0.0006741416   0.0097702777  -0.0168229981   0.0054183185
       -0.0019184322   0.0091529544  -0.0007061581   0.0002006539  -0.0032423981
        0.0024967931  -0.0026903573   0.0029002335  -0.0011251276  -0.0024226616
       -0.0010755143   0.0039045583  -0.0006558081   0.0001068234  -0.0022578339
        0.0006891152  -0.0013424522   0.0018591325   0.0002149229   0.0011027843
       -0.0014995373
        0.0001069135  -0.0006557934   0.0022578367  -0.0010755854  -0.0024226953
       -0.0039045747   0.0011028358   0.0002149048   0.0014995166  -0.0013424754
        0.0006891245  -0.0018591383  -0.0005593074   0.0014899476   0.0006333237
        0.0005564845  -0.0018165213  -0.0000463004   0.0011411970   0.0017388621
        0.0013424992  -0.0002404554  -0.0010557009  -0.0005377905   0.0009766781
       -0.0015559483   0.0010041401  -0.0012729954   0.0014353772  -0.0008401335
        0.0010804330  -0.0015069869   0.0002806596  -0.0003994548   0.0013305774
        0.0000520774   0.0006575071  -0.0011871204   0.0004396577  -0.0005425022
        0.0011430696  -0.0010409812   0.0000138729   0.0007823774   0.0002833065
        0.0004035969  -0.0008895685   0.0004358642  -0.0000139007   0.0007908542
       -0.0002217649   0.0003784499  -0.0008674547  -0.0004623057   0.0021633563
       -0.0081653148  -0.0006741178  -0.0016567990   0.0032828392   0.0001204421
        0.0029002439  -0.0026904147   0.0011251080  -0.0032424282   0.0002006892
       -0.0024967634   0.0091531422  -0.0019186467   0.0007060518  -0.0168226874
        0.0097706190  -0.0054181046  -0.1115621082   0.4292318324   0.0784009410
        0.0169490069  -0.2082868489   0.0347714693   0.0635336677  -0.0454793085
        0.0048049452   0.0246166665  -0.0500977566  -0.0074197142   0.0000287269
        0.0010656148   0.0007878758   0.0002462183  -0.0013230015  -0.0006315964
        0.0003709782   0.0014519829   0.0011223515  -0.0004357868  -0.0008624567
       -0.0021780332   0.0000004976   0.0008875351   0.0015470489   0.0002335679
       -0.0010257790  -0.0011879451  -0.0005601648  -0.0012267300   0.0030811545
       -0.0001787862   0.0010742108  -0.0019036103   0.0004744979  -0.0012096040
        0.0014327541   0.0000582549   0.0012024721  -0.0007885451   0.0002327068
       -0.0015482103   0.0006083109   0.0007213831   0.0019775370  -0.0011592406
        0.0015341027   0.0008402863   0.0021585083  -0.0020359651  -0.0003765485
       -0.0019937584   0.0041853969   0.0064236128   0.0052236704  -0.0048906510
        0.0032110069  -0.0115006772   0.0000485883  -0.0036409176   0.0044559505
       -0.0023939601   0.0017698540  -0.0041672114  -0.0003250359   0.0009861146
       -0.0017520013  -0.0006333090   0.0004123268   0.0017183132  -0.0002555306
       -0.0004245296  -0.0016647365  -0.0003964883  -0.0011158610   0.0018591518
       -0.0002542919   0.0014874154   0.0001700804   0.0005312936  -0.0011097783
       -0.0005410514  -0.0002771436   0.0010656709   0.0010790642   0.0003980270
       -0.0011645085  -0.0010705406  -0.0011022150   0.0012116367   0.0017212474
        0.0010629191  -0.0017064770  -0.0005769071   0.0260622955  -0.0869683990
       -0.0792780782  -0.0013125870  -0.0238980852  -0.0350735981  -0.0053623613
        0.0005432955   0.0041440996   0.0021937170   0.0014192446  -0.0028130066
       -0.0033933788  -0.0013389575   0.0033350729   0.0066212946   0.0166136372
       -0.0031495376  -0.0021859451  -0.0013178458   0.0047039829  -0.0023069841
        0.0032571472  -0.0032791719  -0.0150135319  -0.0269996538   0.0208871650
        0.0092129469  -0.0139826199  -0.0058781981  -0.0019648203   0.0027016936
        0.0015109094   0.0023745200  -0.0019511731  -0.0019383380   0.0012314207
        0.0027679688  -0.0010755898  -0.0005659357  -0.0014642739   0.0002617153
       -0.0005183654   0.0017388732  -0.0003964779   0.0015365309  -0.0029587219
       -0.0010467258
        0.0003560502   0.0002706733   0.0010625724  -0.0012314133  -0.0021486584
       -0.0024226658   0.0010183013   0.0004706307   0.0005369270  -0.0011411712
        0.0000812798  -0.0011158552  -0.0006928433   0.0005593093   0.0004123309
        0.0004959620  -0.0003831479  -0.0004339329   0.0000812836   0.0005183655
        0.0006891248   0.0003488260  -0.0003035694  -0.0004161466   0.0008843639
       -0.0006530108   0.0005071965  -0.0010491658   0.0005979535  -0.0002180914
        0.0010308541  -0.0006571229   0.0000881723  -0.0005648058   0.0004645458
        0.0000041382   0.0006161757  -0.0005756931   0.0004536298  -0.0007078150
        0.0003933676  -0.0006989486  -0.0002217786   0.0002833143  -0.0003932800
        0.0004639782  -0.0004640168   0.0006763875  -0.0002833232   0.0002217738
       -0.0003932720   0.0003771197  -0.0003771282   0.0000469764  -0.0025913562
       -0.0021743949  -0.0017848333  -0.0005677911   0.0016589071   0.0011661405
        0.0021954504  -0.0014662477   0.0001131945  -0.0025888097  -0.0002512195
       -0.0010666691   0.0103788473  -0.0009026101  -0.0014396438  -0.0120098467
        0.0029457262   0.0040850619  -0.0784004882   0.0784009410   0.2470483604
        0.0138543796   0.0311032511  -0.0402434153   0.0048051250  -0.0048051477
        0.0222193467  -0.0311026387  -0.0138543287  -0.0402429542  -0.0003685078
        0.0003685020   0.0001245359   0.0004595929  -0.0005364229  -0.0001919497
       -0.0003651833   0.0004332380   0.0004194541   0.0003041619  -0.0003041670
       -0.0005981563  -0.0004332469   0.0003651800   0.0004194517   0.0005364167
       -0.0004596013  -0.0001919502  -0.0001308033   0.0001308307   0.0025651392
       -0.0006230117  -0.0000573764  -0.0013534605   0.0006233274  -0.0004161480
        0.0010993295  -0.0003202900   0.0003202782  -0.0009337021   0.0004161694
       -0.0006233176   0.0010993360   0.0000573580   0.0006230050  -0.0013534692
       -0.0001587249   0.0001587151   0.0007616174  -0.0001841525   0.0001114811
       -0.0010215563   0.0011679642   0.0003630189   0.0023986576   0.0005383101
       -0.0005383127  -0.0014127149  -0.0003630550  -0.0011679496   0.0023986684
       -0.0001114762   0.0001841478  -0.0010215474   0.0003833844  -0.0004959706
       -0.0004339293  -0.0005593115   0.0006928533   0.0004123220   0.0003035612
       -0.0003488299  -0.0004161443  -0.0005183767  -0.0000812753   0.0006891193
       -0.0003933729   0.0007078119  -0.0006989595   0.0005756883  -0.0006161775
        0.0004536332  -0.0004645547   0.0005648073   0.0000041307   0.0006571112
       -0.0010308606   0.0000881752  -0.0005979512   0.0010491755  -0.0002181145
        0.0006530019  -0.0008843588   0.0005072012   0.0752566372  -0.0752579321
       -0.1587230565  -0.0043061430  -0.0253410245  -0.0185490388  -0.0023278050
        0.0006965753   0.0032308760   0.0003792533  -0.0003792777  -0.0016092881
       -0.0006965165   0.0023278706   0.0032308709   0.0253410686   0.0043057090
       -0.0185493638  -0.0016589094   0.0005678244   0.0011661175   0.0021744653
        0.0025913047  -0.0017848529  -0.0029455461   0.0120101347   0.0040848842
        0.0009024419  -0.0103788323  -0.0014395640   0.0002512493   0.0025888133
       -0.0010667102   0.0014662231  -0.0021954652   0.0001132090   0.0021486681
        0.0012313762  -0.0024227051  -0.0002706612  -0.0003559915   0.0010625825
       -0.0000812770   0.0011411707  -0.0011158719  -0.0004706479  -0.0010182751
        0.0005369425
        0.0012417317   0.0005578326  -0.0004829974  -0.0014642659  -0.0003560230
       -0.0001068984   0.0017808036  -0.0010978991  -0.0009982259  -0.0010557074
        0.0003035853   0.0002554874  -0.0004161419   0.0005378333   0.0016647274
       -0.0008895052   0.0002876766  -0.0019386769   0.0010625893   0.0002617115
        0.0022578252   0.0006743404   0.0004829637  -0.0018819426   0.0012708662
       -0.0004706635  -0.0008256807  -0.0008674808   0.0006920198   0.0016541505
        0.0010337377  -0.0001221048  -0.0011885678  -0.0010292755  -0.0001306818
        0.0011097433   0.0009474153  -0.0001254858  -0.0007543309  -0.0012477692
       -0.0001474143   0.0004968314  -0.0008895889  -0.0004036005  -0.0004639730
        0.0007730969   0.0000146091   0.0002879193  -0.0008674501  -0.0003784348
        0.0003771177   0.0008052450  -0.0000147232  -0.0002819817  -0.0021558157
       -0.0038596173  -0.0036071667   0.0010998893   0.0023685691   0.0035239243
        0.0013530636  -0.0018673669  -0.0018782203  -0.0014386657   0.0018456158
        0.0015907221   0.0057462880  -0.0044421779  -0.0028809368  -0.0022421733
        0.0073703011   0.0011349234  -0.0500976833   0.0169490069   0.0138543796
        0.4103197569   0.0420332719  -0.1258048304  -0.2082864009   0.0246175034
        0.0311037083  -0.0096267610  -0.0549303143  -0.0044392252  -0.0013073527
       -0.0005833625   0.0005080162   0.0011443231   0.0001979152  -0.0011761414
       -0.0012112722  -0.0004635835   0.0014374286   0.0014033541   0.0009313038
       -0.0022425425  -0.0021219932  -0.0011363575   0.0006421179   0.0016072273
        0.0002368512  -0.0001703270   0.0013036455   0.0010407254   0.0009067628
       -0.0015851653  -0.0009393574  -0.0003397528   0.0012829677   0.0003198330
       -0.0000151804  -0.0012729161  -0.0006483285  -0.0004767225   0.0010905903
        0.0004872074   0.0010252669  -0.0014802081  -0.0010200639  -0.0012087379
       -0.0018345364  -0.0023977145   0.0023173108  -0.0013795929   0.0030585515
       -0.0052950065   0.0056088936   0.0022564194   0.0068387540  -0.0214780322
        0.0209330500  -0.0230954259  -0.0167492295  -0.0070451993   0.0070349261
        0.0018030910   0.0023249870  -0.0018977385   0.0039585654  -0.0021954607
        0.0018726495  -0.0018160430   0.0003833867  -0.0003250485   0.0017807225
        0.0007168731   0.0002878022  -0.0029586025  -0.0010182375   0.0011021182
       -0.0011484625  -0.0004507102  -0.0013639414   0.0010152099  -0.0000756810
        0.0008603140  -0.0015796482  -0.0002538855  -0.0007249325   0.0018884028
       -0.0006850441   0.0011568503  -0.0010156569   0.0006847315  -0.0031364648
        0.0009076773   0.0004677065   0.0015389940   0.0052812165   0.0134193752
       -0.0010982874  -0.0048891630  -0.0004798595   0.0010299308   0.0026094721
        0.0007886869  -0.0009736279  -0.0022776688  -0.0024841838  -0.0009751754
       -0.0007245879   0.0031524701   0.0035813970  -0.0004427370  -0.0101578498
        0.0000178228  -0.0018810495   0.0050176058  -0.0050279136   0.0223698726
       -0.0127422460   0.0054819830  -0.1075577890  -0.0497941037   0.0735069473
       -0.0242431027   0.0047482843   0.0246678772   0.0000632102   0.0034030895
       -0.0037928443   0.0015300354  -0.0018444807   0.0035991297   0.0005369145
       -0.0010467468  -0.0014995254   0.0008725525   0.0009982688   0.0019387496
       -0.0004339368   0.0000463147  -0.0017519940  -0.0022033370   0.0018728266
        0.0034563766
        0.0004829727   0.0006743779  -0.0018820066   0.0002617242   0.0010625797
        0.0022578442   0.0002877121  -0.0008895411  -0.0019387449   0.0005378273
       -0.0004161494   0.0016647422   0.0003035651  -0.0010557122   0.0002554996
       -0.0010978930   0.0017808070  -0.0009982561  -0.0003560113  -0.0014642778
       -0.0001068494   0.0005578750   0.0012417191  -0.0004830347  -0.0001220577
        0.0010337456  -0.0011886021   0.0006920150  -0.0008674915   0.0016541864
       -0.0004706283   0.0012708776  -0.0008257148  -0.0001474492  -0.0012477714
        0.0004968563  -0.0001254353   0.0009474267  -0.0007543601  -0.0001307422
       -0.0010292928   0.0011097434  -0.0004036762  -0.0008895717  -0.0004640166
       -0.0000146172   0.0008052531  -0.0002819573  -0.0003784650  -0.0008674539
        0.0003771328   0.0000146661   0.0007730980   0.0002878847  -0.0044421775
        0.0057463048  -0.0028809678   0.0018456297  -0.0014386756   0.0015907683
       -0.0018673457   0.0013530661  -0.0018782715   0.0023686032   0.0010998973
        0.0035239996  -0.0038596588  -0.0021558005  -0.0036072290   0.0073703553
       -0.0022421992   0.0011350115   0.0246151944  -0.2082868489   0.0311032511
        0.0420332719   0.4103192964  -0.1258022957   0.0169513767  -0.0500976807
        0.0138542425  -0.0549302629  -0.0096256989  -0.0044390958  -0.0006483904
       -0.0012729065  -0.0004766481   0.0003199140   0.0012829670  -0.0000152349
       -0.0009394456  -0.0015851346  -0.0003397135   0.0010407521   0.0013036289
        0.0009067153  -0.0010201121  -0.0014801907  -0.0012086596   0.0004872758
        0.0010906195   0.0010252419   0.0009313891   0.0014034328  -0.0022425873
       -0.0004636716  -0.0012113121   0.0014374283   0.0001980010   0.0011443334
       -0.0011761776  -0.0005834548  -0.0013073737   0.0005079781   0.0002368924
        0.0016073055  -0.0001702689  -0.0011364782  -0.0021220939   0.0006420851
       -0.0024842325  -0.0022776546  -0.0009751180   0.0007886761   0.0026094837
       -0.0009736811  -0.0004798317  -0.0048891661   0.0010300766   0.0134195502
        0.0052810405  -0.0010984378  -0.0101578937  -0.0004427531   0.0000178809
        0.0031524484  -0.0007245989   0.0035813378   0.0018726510  -0.0022033422
        0.0034563288   0.0000462467  -0.0004339293  -0.0017519304   0.0009982905
        0.0008725255   0.0019387205  -0.0010467928   0.0005369305  -0.0014994656
       -0.0002540996  -0.0015796706  -0.0007250504  -0.0000755725   0.0010151731
        0.0008603662  -0.0004507962  -0.0011484232  -0.0013639154   0.0004677880
        0.0009076252   0.0015390051   0.0006845988  -0.0010154723  -0.0031362459
       -0.0006846585   0.0018882344   0.0011569634   0.0209328389  -0.0214786617
       -0.0230957301   0.0022566195   0.0056089553   0.0068389739   0.0030586708
       -0.0013796187  -0.0052951660  -0.0023979237  -0.0018345778   0.0023172312
        0.0023252443   0.0018033733  -0.0018978714  -0.0070454016  -0.0167490819
        0.0070349562   0.0034027174   0.0000631441  -0.0037923811   0.0047478923
       -0.0242430262   0.0246677326  -0.0497941468  -0.1075581743   0.0735036928
       -0.0127430039   0.0223699606   0.0054830793   0.0050201980  -0.0018799713
       -0.0050278582  -0.0018444260   0.0015299410   0.0035990553  -0.0010182951
       -0.0029586885   0.0011028243   0.0007168602   0.0017807960   0.0002877190
        0.0003831357  -0.0018165247  -0.0003257873  -0.0021963924   0.0039585929
        0.0018727755
       -0.0005578455  -0.0008626757   0.0006743975   0.0005659583   0.0002706657
       -0.0006558059  -0.0007168335   0.0002519796   0.0008725487   0.0002404661
        0.0003488221  -0.0004245264   0.0003488293   0.0002404259  -0.0004245104
        0.0002519819  -0.0007168771   0.0008725648   0.0002706630   0.0005659127
       -0.0006557879  -0.0008626925  -0.0005578913   0.0006744237  -0.0004966687
       -0.0004798735   0.0004667824   0.0002958176   0.0002957965  -0.0008819012
       -0.0004798730  -0.0004966868   0.0004667929   0.0005663962   0.0005856599
       -0.0002714837  -0.0003460494  -0.0003460428   0.0001510628   0.0005856792
        0.0005663966  -0.0002714894   0.0004358437   0.0004358622   0.0006763884
       -0.0002879294  -0.0002819564  -0.0003247880   0.0004622940   0.0004623042
        0.0000469759  -0.0002819875  -0.0002878917  -0.0003247769   0.0018638809
       -0.0017055985   0.0028261283  -0.0003146170   0.0001743025  -0.0018428030
       -0.0001851229  -0.0001851438   0.0011429306   0.0001743394  -0.0003146353
       -0.0018428112  -0.0017055562   0.0018638788   0.0028261260  -0.0049469188
       -0.0049469086  -0.0021304946   0.0074200256   0.0347714693  -0.0402434153
       -0.1258048304  -0.1258022957   0.2414365471   0.0347718846   0.0074195772
       -0.0402434850   0.0044395612   0.0044395477   0.0112091274   0.0007640955
        0.0006022460   0.0003283436  -0.0006392001  -0.0004984318   0.0000620600
        0.0010425479   0.0006825767  -0.0000537062  -0.0011457831  -0.0005403831
       -0.0000130107   0.0011743400   0.0006599444   0.0004952031  -0.0008109808
       -0.0003368364  -0.0006709824  -0.0005403771  -0.0011457513  -0.0000130413
        0.0006826170   0.0010425510  -0.0000537261  -0.0004984301  -0.0006391698
        0.0000620421   0.0006022534   0.0007641144   0.0003283396  -0.0003368327
       -0.0008109409  -0.0006710004   0.0006599633   0.0011743693   0.0004951877
        0.0019258028   0.0010711564  -0.0001394728  -0.0011438676  -0.0016989260
        0.0012123772  -0.0028311620   0.0033422923  -0.0043330221  -0.0124706185
       -0.0062621636   0.0028246784   0.0094168964   0.0010274941  -0.0035413544
       -0.0020708545   0.0003871223  -0.0004961140  -0.0021954713   0.0027467057
       -0.0022033487   0.0005564600  -0.0004959582   0.0009861405  -0.0010979569
       -0.0002519737  -0.0008895192   0.0015365271  -0.0004706581   0.0002149343
        0.0003616777   0.0006728191   0.0010636087  -0.0002771802  -0.0002771471
       -0.0010520132   0.0006727891   0.0003616892   0.0010636173  -0.0008430305
        0.0003059638  -0.0012271098  -0.0002773106  -0.0002772892   0.0028685330
        0.0003059316  -0.0008429932  -0.0012271187  -0.0062622338  -0.0124706219
        0.0028246158   0.0033423039  -0.0028311839  -0.0043330368  -0.0016988981
       -0.0011438502   0.0012123463   0.0010712013   0.0019258110  -0.0001394908
        0.0003871256  -0.0020708364  -0.0004961484   0.0010275943   0.0094168934
       -0.0035413451  -0.0010124731  -0.0011649313   0.0046080960  -0.0065680050
        0.0215750035  -0.0161392765   0.0788012923   0.0788006014  -0.1370279312
        0.0215749068  -0.0065681632  -0.0161393658  -0.0011649227  -0.0010124484
        0.0046080875   0.0007444725   0.0007444932  -0.0027699143  -0.0004706325
        0.0015365633   0.0002149196  -0.0002519854  -0.0010979100  -0.0008895475
       -0.0004959619   0.0005565015   0.0009861249   0.0027466738  -0.0021964677
       -0.0022033769
       -0.0010557016  -0.0002404586  -0.0005377863   0.0017388990   0.0011411618
        0.0013424548  -0.0018165068   0.0005565091  -0.0000462952   0.0014899559
       -0.0005593219   0.0006333026   0.0006890992  -0.0013424811  -0.0018591374
        0.0002149415   0.0011027902   0.0014995303  -0.0024227004  -0.0010755507
       -0.0039045512  -0.0006557952   0.0001068277   0.0022578402  -0.0015069688
        0.0010804455   0.0002806628   0.0014353650  -0.0012730191  -0.0008401608
       -0.0015559212   0.0009766759   0.0010041364   0.0011430667  -0.0005424913
       -0.0010409724  -0.0011871088   0.0006575143   0.0004396615   0.0013305817
       -0.0003994622   0.0000520586   0.0007823657   0.0000139002   0.0002833196
       -0.0008674388   0.0003784681  -0.0004622817   0.0007908557  -0.0000139043
       -0.0002217784  -0.0008895628   0.0004036810   0.0004358606  -0.0019184659
        0.0091530130   0.0007061360   0.0002006439  -0.0032424104  -0.0024968010
       -0.0026903508   0.0029002429   0.0011251265   0.0032828169  -0.0016568601
        0.0001203795  -0.0081653123   0.0021634652  -0.0006740780   0.0097702866
       -0.0168230988  -0.0054183647  -0.0454779628   0.0635336677   0.0048051250
       -0.2082864009   0.0169513767   0.0347718846   0.4292297710  -0.1115624131
        0.0783996112  -0.0500973536   0.0246149542  -0.0074200192   0.0012024566
        0.0000582645  -0.0007885272  -0.0012095717   0.0004744838   0.0014327547
        0.0010741903  -0.0001787662  -0.0019036019  -0.0012267474  -0.0005601797
        0.0030811319   0.0019775295   0.0007213753  -0.0011592149  -0.0015482178
        0.0002326986   0.0006083125  -0.0008624591  -0.0004357680  -0.0021780249
        0.0014519813   0.0003710225   0.0011223262  -0.0013229960   0.0002462109
       -0.0006315748   0.0010656240   0.0000287418   0.0007878177  -0.0010257386
        0.0002335899  -0.0011879232   0.0008875525   0.0000004970   0.0015470104
        0.0014192752   0.0021936985  -0.0028129636   0.0005432045  -0.0053624041
        0.0041440548  -0.0238981359  -0.0013121239  -0.0350735416  -0.0869681314
        0.0260625497  -0.0792773260   0.0166136912   0.0066209087  -0.0031492088
       -0.0013390450  -0.0033933705   0.0033350397  -0.0029586102   0.0015365496
       -0.0010467186   0.0017388318  -0.0005183730  -0.0003964609  -0.0014642939
       -0.0005659299   0.0002617065   0.0027679547   0.0012313653  -0.0010755275
        0.0010656697  -0.0002771292   0.0010790706  -0.0011097878   0.0005313131
       -0.0005410562   0.0014874064  -0.0002542958   0.0001700934  -0.0017064750
        0.0010629382  -0.0005769016   0.0012116110  -0.0011021978   0.0017212698
       -0.0011645092   0.0003980421  -0.0010705525   0.0032108946  -0.0048906336
       -0.0115005856   0.0064236759   0.0041852770   0.0052236147  -0.0003765838
       -0.0020359360  -0.0019937298   0.0008403316   0.0015341144   0.0021584870
        0.0017698104  -0.0023939710  -0.0041672210  -0.0036408649   0.0000486781
        0.0044559142   0.0027016570  -0.0019648071   0.0015109346  -0.0139824647
        0.0092130768  -0.0058781398  -0.0269999474  -0.0150131953   0.0208872174
        0.0032571185  -0.0023070830  -0.0032791680  -0.0013178957  -0.0021859276
        0.0047039708  -0.0019511380   0.0023745313  -0.0019383404  -0.0011158535
       -0.0003964445   0.0018591378  -0.0004245302  -0.0002555199  -0.0016647325
        0.0004123232  -0.0006332772   0.0017183149   0.0009861091  -0.0003258163
       -0.0017520021
       -0.0002554728  -0.0004245148   0.0016647417  -0.0003965034  -0.0011158725
       -0.0018591347  -0.0003257978   0.0009861223   0.0017519946  -0.0006333097
        0.0004123253  -0.0017183221  -0.0005183569   0.0017388724   0.0003964411
        0.0015365359  -0.0029587141   0.0010467008   0.0012314153   0.0027679707
        0.0010755324  -0.0005659325  -0.0014642734  -0.0002617294   0.0003980400
       -0.0011645051   0.0010705437  -0.0011022109   0.0012116276  -0.0017212661
        0.0010629284  -0.0017064717   0.0005768879  -0.0002542750   0.0014874156
       -0.0001701049   0.0005313172  -0.0011097747   0.0005410442  -0.0002771358
        0.0010656622  -0.0010790787  -0.0000138669   0.0007908517   0.0002217650
        0.0003784318  -0.0008674525   0.0004623071   0.0000139029   0.0007823757
       -0.0002833156   0.0004036875  -0.0008895702  -0.0004358633   0.0092129859
       -0.0139825626   0.0058781620  -0.0019648431   0.0027016824  -0.0015109292
        0.0023745260  -0.0019511596   0.0019383173  -0.0021859989  -0.0013178782
       -0.0047039531  -0.0023069809   0.0032571250   0.0032791627  -0.0150136872
       -0.0269997609  -0.0208869712   0.0635335861  -0.0454793085  -0.0048051477
        0.0246175034  -0.0500976807   0.0074195772  -0.1115624131   0.4292312880
       -0.0784008032   0.0169494517  -0.2082870786  -0.0347710025   0.0000582815
        0.0012024788   0.0007885169   0.0002327001  -0.0015482111  -0.0006083194
        0.0007214025   0.0019775411   0.0011592027  -0.0005601834  -0.0012267426
       -0.0030811505  -0.0001787451   0.0010742033   0.0019036055   0.0004744983
       -0.0012095900  -0.0014327577  -0.0004357675  -0.0008624484   0.0021780596
        0.0000004908   0.0008875239  -0.0015470257   0.0002335951  -0.0010257396
        0.0011879388   0.0000287381   0.0010656040  -0.0007878600   0.0002462474
       -0.0013229988   0.0006316179   0.0003709812   0.0014519770  -0.0011223399
        0.0021937222   0.0014192570   0.0028129583  -0.0033934073  -0.0013389764
       -0.0033350536   0.0066212112   0.0166136378   0.0031493495   0.0260625644
       -0.0869678584   0.0792776359  -0.0013123412  -0.0238978755   0.0350736125
       -0.0053623902   0.0005432756  -0.0041440540   0.0011021178   0.0002149056
       -0.0014995219  -0.0013424539   0.0006891256   0.0018591471   0.0001068378
       -0.0006558023  -0.0022578374  -0.0010755629  -0.0024226672   0.0039045667
       -0.0003994363   0.0013305726  -0.0000520619   0.0006575230  -0.0011871221
       -0.0004396464  -0.0005424714   0.0011430743   0.0010409753   0.0009766838
       -0.0015559513  -0.0010041226  -0.0012729910   0.0014353807   0.0008401467
        0.0010804399  -0.0015069889  -0.0002806406  -0.0048905934   0.0032110486
        0.0115007060   0.0000485371  -0.0036409250  -0.0044559323  -0.0023939467
        0.0017698672   0.0041672383   0.0015340945   0.0008402815  -0.0021585080
       -0.0020359632  -0.0003765445   0.0019937921   0.0041853395   0.0064235916
       -0.0052236956  -0.0032424051   0.0002006944   0.0024968031   0.0091530808
       -0.0019186546  -0.0007061223  -0.0168226234   0.0097706231   0.0054182208
        0.0021633439  -0.0081653049   0.0006741436  -0.0016568074   0.0032828334
       -0.0001204208   0.0029002232  -0.0026904135  -0.0011250978   0.0011411818
        0.0017388557  -0.0013424831  -0.0002404479  -0.0010557003   0.0005378240
       -0.0005593038   0.0014899433  -0.0006332964   0.0005564781  -0.0018165218
        0.0000463305
       -0.0003035739   0.0003488271  -0.0004161470   0.0005183700   0.0000812734
        0.0006891122  -0.0003831354   0.0004959662  -0.0004339338   0.0005593033
       -0.0006928493   0.0004123239   0.0000812632  -0.0011411686  -0.0011158491
        0.0004706456   0.0010182837   0.0005369265  -0.0021486695  -0.0012313842
       -0.0024226545   0.0002706742   0.0003560039   0.0010625697  -0.0006571058
        0.0010308591   0.0000881699   0.0005979382  -0.0010491714  -0.0002180970
       -0.0006529929   0.0008843631   0.0005071942   0.0003933558  -0.0007078122
       -0.0006989451  -0.0005756821   0.0006161801   0.0004536294   0.0004645410
       -0.0005648069   0.0000041357   0.0002833089  -0.0002217727  -0.0003932759
       -0.0003771065   0.0003771274   0.0000469824   0.0002217648  -0.0002833229
       -0.0003932759  -0.0004640098   0.0004640214   0.0006763926  -0.0009024988
        0.0103788123  -0.0014396144  -0.0002512489  -0.0025887976  -0.0010666738
       -0.0014662128   0.0021954537   0.0001131978   0.0016588997  -0.0005678119
        0.0011661233  -0.0021744124  -0.0025913349  -0.0017848289   0.0029455665
       -0.0120099079   0.0040850084  -0.0048048679   0.0048049452   0.0222193467
        0.0311037083   0.0138542425  -0.0402434850   0.0783996112  -0.0784008032
        0.2470478153  -0.0138546053  -0.0311028353  -0.0402430320   0.0003202673
       -0.0003202848  -0.0009337081  -0.0004161259   0.0006233241   0.0010993340
       -0.0000573798  -0.0006230090  -0.0013534542   0.0001308327  -0.0001308119
        0.0025651292   0.0006229915   0.0000573554  -0.0013534633  -0.0006233109
        0.0004161445   0.0010993402  -0.0003041614   0.0003041693  -0.0005981535
        0.0004332333  -0.0003651765   0.0004194435  -0.0005364160   0.0004596001
       -0.0001919432   0.0003685001  -0.0003685063   0.0001245201  -0.0004595895
        0.0005364250  -0.0001919441   0.0003651773  -0.0004332478   0.0004194405
       -0.0003792768   0.0003792519  -0.0016092703   0.0006965488  -0.0023278141
        0.0032308577  -0.0253410492  -0.0043058194  -0.0185489310  -0.0752572254
        0.0752575009  -0.1587225175   0.0043059073   0.0253409980  -0.0185492544
        0.0023278600  -0.0006965406   0.0032308533  -0.0010182531  -0.0004706450
        0.0005369476   0.0011411566  -0.0000812825  -0.0011158662  -0.0003559947
       -0.0002706588   0.0010625830   0.0012313835   0.0021486498  -0.0024226854
        0.0005647980  -0.0004645516   0.0000041285  -0.0006161723   0.0005756940
        0.0004536331   0.0007078001  -0.0003933732  -0.0006989558  -0.0008843514
        0.0006530091   0.0005072040   0.0010491636  -0.0005979517  -0.0002181119
       -0.0010308514   0.0006571226   0.0000881778  -0.0005383200   0.0005383292
       -0.0014126775   0.0003630281   0.0011679401   0.0023986417   0.0001114795
       -0.0001841450  -0.0010215527   0.0001587157  -0.0001587263   0.0007616086
        0.0001841424  -0.0001114699  -0.0010215432  -0.0011679349  -0.0003630369
        0.0023986541   0.0025888009   0.0002512363  -0.0010667108  -0.0103787851
        0.0009025575  -0.0014395260   0.0120101235  -0.0029456424   0.0040848121
        0.0025913152   0.0021744327  -0.0017848401   0.0005678157  -0.0016589057
        0.0011661044  -0.0021954433   0.0014662392   0.0001132168  -0.0000812759
       -0.0005183692   0.0006891149  -0.0003488259   0.0003035692  -0.0004161414
        0.0006928461  -0.0005593113   0.0004123144  -0.0004959731   0.0003831507
       -0.0004339244
        0.0017808290   0.0007168278  -0.0002877527  -0.0029587132  -0.0010182656
       -0.0011027987   0.0039585876  -0.0021964818  -0.0018728336  -0.0018165178
        0.0003831533   0.0003258380  -0.0004339119   0.0000462395   0.0017519382
       -0.0022033772   0.0018728590  -0.0034563629   0.0005369194  -0.0010468290
        0.0014994594   0.0008725375   0.0009982991  -0.0019387448   0.0018882225
       -0.0006846690  -0.0011569955  -0.0010154379   0.0006846107   0.0031362938
        0.0009076132   0.0004677989  -0.0015390374  -0.0011484218  -0.0004507932
        0.0013639458   0.0010151696  -0.0000755732  -0.0008603908  -0.0015796708
       -0.0002541047   0.0007250862  -0.0008674699  -0.0003784590  -0.0003771180
        0.0008052491  -0.0000146704   0.0002819772  -0.0008895802  -0.0004036961
        0.0004640264   0.0007731037   0.0000146696  -0.0002878900  -0.0242433523
        0.0047482899  -0.0246677717   0.0000632522   0.0034027181   0.0037924409
        0.0015298761  -0.0018444442  -0.0035991084  -0.0018798480   0.0050202498
        0.0050279098   0.0223698769  -0.0127436566  -0.0054834721  -0.1075600120
       -0.0497949398  -0.0735043622  -0.2082867520   0.0246166665  -0.0311026387
       -0.0096267610  -0.0549302629   0.0044395612  -0.0500973536   0.0169494517
       -0.0138546053   0.4103214886   0.0420344490   0.1258025129  -0.0012729321
       -0.0006483883   0.0004766513   0.0010906348   0.0004872754  -0.0010252446
       -0.0014802120  -0.0010201183   0.0012086732   0.0013036490   0.0010407550
       -0.0009067101  -0.0015851514  -0.0009394470   0.0003397090   0.0012829743
        0.0003199149   0.0000152345   0.0014034729   0.0009314026   0.0022425668
       -0.0021221496  -0.0011364216  -0.0006420459   0.0016073142   0.0002368856
        0.0001702766  -0.0013073751  -0.0005834638  -0.0005080256   0.0011443742
        0.0001980101   0.0011761689  -0.0012113470  -0.0004636958  -0.0014374137
       -0.0022777065  -0.0024842365   0.0009751148  -0.0007245643   0.0031524719
       -0.0035813412  -0.0004429369  -0.0101581108  -0.0000179134   0.0052814293
        0.0134193471   0.0010985881  -0.0048891704  -0.0004797127  -0.0010301423
        0.0026095439   0.0007886522   0.0009737183   0.0017807151  -0.0010979382
        0.0009982770  -0.0010557149   0.0003035636  -0.0002555329   0.0012417373
        0.0005578741   0.0004830424  -0.0014642823  -0.0003559858   0.0001068452
       -0.0010292916  -0.0001307583  -0.0011097413   0.0009474177  -0.0001254323
        0.0007543536  -0.0012477730  -0.0001474639  -0.0004968636   0.0012708735
       -0.0004706163   0.0008257252  -0.0008674794   0.0006919997  -0.0016541995
        0.0010337447  -0.0001220452   0.0011886043  -0.0214781116   0.0209332738
        0.0230957513  -0.0167493481  -0.0070452731  -0.0070348467   0.0018034542
        0.0023252328   0.0018978130  -0.0018346573  -0.0023979486  -0.0023171900
       -0.0013795432   0.0030587509   0.0052951710   0.0056089451   0.0022564503
       -0.0068390415  -0.0014386139   0.0018457076  -0.0015908168   0.0057462398
       -0.0044422806   0.0028810400  -0.0022420523   0.0073703726  -0.0011351223
       -0.0021558933  -0.0038595400   0.0036073100   0.0010999247   0.0023685431
       -0.0035240383   0.0013530341  -0.0018673309   0.0018782979   0.0010625645
        0.0002616803  -0.0022578500   0.0006744082   0.0004830447   0.0018820136
       -0.0004161491   0.0005378076  -0.0016647393  -0.0008895420   0.0002877545
        0.0019387655
        0.0009982238   0.0008725275  -0.0019387373  -0.0010467823   0.0005369327
        0.0014994706   0.0018727801  -0.0022033654  -0.0034563424   0.0000462630
       -0.0004339151   0.0017519271   0.0003831395  -0.0018165264   0.0003257985
       -0.0021964135   0.0039585915  -0.0018727752  -0.0010183009  -0.0029586993
       -0.0011028022   0.0007168573   0.0017807966  -0.0002877267   0.0004677785
        0.0009076149  -0.0015390049   0.0006846311  -0.0010154614   0.0031362528
       -0.0006846707   0.0018882320  -0.0011569641  -0.0002540990  -0.0015796680
        0.0007250634  -0.0000755804   0.0010151710  -0.0008603709  -0.0004507938
       -0.0011484219   0.0013639190  -0.0003784735  -0.0008674569  -0.0003771286
        0.0000147144   0.0007730996  -0.0002878930  -0.0004036772  -0.0008895696
        0.0004640258  -0.0000146733   0.0008052547   0.0002819568  -0.0127431610
        0.0223699621  -0.0054831208   0.0050202384  -0.0018799504   0.0050278501
       -0.0018444490   0.0015299229  -0.0035990502   0.0034027358   0.0000631474
        0.0037923881   0.0047477523  -0.0242431423  -0.0246677411  -0.0497949293
       -0.1075587015  -0.0735034553   0.0169511627  -0.0500977566  -0.0138543287
       -0.0549303143  -0.0096256989   0.0044395477   0.0246149542  -0.2082870786
       -0.0311028353   0.0420344490   0.4103201723   0.1258014158  -0.0005834665
       -0.0013073730  -0.0005079750   0.0002369383   0.0016073075   0.0001702634
       -0.0011364864  -0.0021221000  -0.0006420630   0.0009314020   0.0014034422
        0.0022425838  -0.0004636732  -0.0012113336  -0.0014374061   0.0001980020
        0.0011443587   0.0011761704   0.0010407512   0.0013036294  -0.0009067262
       -0.0010201148  -0.0014801906   0.0012086849   0.0004872738   0.0010905792
       -0.0010252647  -0.0006483983  -0.0012729108   0.0004766638   0.0003198990
        0.0012829704   0.0000152273  -0.0009394478  -0.0015851334   0.0003397175
       -0.0023979521  -0.0018345939  -0.0023172092   0.0023252591   0.0018033852
        0.0018978532  -0.0070454510  -0.0167491382  -0.0070348591   0.0209330252
       -0.0214785385   0.0230956712   0.0022565646   0.0056089385  -0.0068390301
        0.0030587151  -0.0013796005   0.0052951650   0.0002878025  -0.0008895281
        0.0019387472   0.0005378095  -0.0004161605  -0.0016647451   0.0004830413
        0.0006743868   0.0018820043   0.0002617011   0.0010625764  -0.0022578584
       -0.0001474589  -0.0012477751  -0.0004968547  -0.0001254345   0.0009474311
        0.0007543574  -0.0001307534  -0.0010292948  -0.0011097476  -0.0001220462
        0.0010337517   0.0011886078   0.0006919898  -0.0008674938  -0.0016541999
       -0.0004706211   0.0012708821   0.0008257113   0.0134196071   0.0052810656
        0.0010983342  -0.0101579256  -0.0004427534  -0.0000178302   0.0031524290
       -0.0007246130  -0.0035813526  -0.0024842191  -0.0022776505   0.0009751329
        0.0007886871   0.0026094923   0.0009736661  -0.0004798249  -0.0048891825
       -0.0010300745   0.0023685839   0.0010998835  -0.0035240154  -0.0038596294
       -0.0021558059   0.0036072616   0.0073703736  -0.0022421901  -0.0011350563
       -0.0044421466   0.0057463217   0.0028809875   0.0018456209  -0.0014386799
       -0.0015907899  -0.0018673333   0.0013530748   0.0018782855  -0.0003560102
       -0.0014642765   0.0001068475   0.0005578815   0.0012417238   0.0004830247
        0.0003035607  -0.0010557110  -0.0002555061  -0.0010978870   0.0017808138
        0.0009982567
        0.0010978929   0.0002519577  -0.0008895233  -0.0015365137   0.0004706593
        0.0002149411   0.0021964161  -0.0027466854  -0.0022033267  -0.0005564606
        0.0004959654   0.0009861374   0.0004959622  -0.0005564738   0.0009861324
       -0.0027466650   0.0021964516  -0.0022033139   0.0004706422  -0.0015365270
        0.0002149375   0.0002519695   0.0010979126  -0.0008895178   0.0008429851
       -0.0003059600  -0.0012270934   0.0002773217   0.0002773071   0.0028685103
       -0.0003059570   0.0008429941  -0.0012270917  -0.0003616783  -0.0006727935
        0.0010636170   0.0002771456   0.0002771474  -0.0010520020  -0.0006727938
       -0.0003616765   0.0010636162  -0.0004623053  -0.0004622970   0.0000469818
        0.0002819762   0.0002878848  -0.0003247809  -0.0004358551  -0.0004358542
        0.0006763928   0.0002878846   0.0002819564  -0.0003247834  -0.0215748184
        0.0065680046  -0.0161390329   0.0011649388   0.0010124644   0.0046080459
       -0.0007445026  -0.0007444853  -0.0027698570   0.0010124948   0.0011649090
        0.0046080458   0.0065677218  -0.0215748618  -0.0161391172  -0.0788013112
       -0.0788003489  -0.1370263373  -0.0347707522  -0.0074197142  -0.0402429542
       -0.0044392252  -0.0044390958   0.0112091274  -0.0074200192  -0.0347710025
       -0.0402430320   0.1258025129   0.1258014158   0.2414339186  -0.0006022530
       -0.0007640960   0.0003283438   0.0003368320   0.0008109392  -0.0006709847
       -0.0006599478  -0.0011743358   0.0004952048   0.0005403713   0.0011457494
       -0.0000130384  -0.0006825930  -0.0010425429  -0.0000537048   0.0004984187
        0.0006391711   0.0000620383   0.0011457560   0.0005403620  -0.0000130462
       -0.0011743440  -0.0006599267   0.0004952091   0.0008109406   0.0003368039
       -0.0006709883  -0.0007641008  -0.0006022436   0.0003283372   0.0006391783
        0.0004984171   0.0000620349  -0.0010425486  -0.0006825851  -0.0000537053
       -0.0010711644  -0.0019257789  -0.0001394614  -0.0003871191   0.0020708210
       -0.0004961212  -0.0010275743  -0.0094167635  -0.0035412648   0.0062621639
        0.0124706193   0.0028244455  -0.0033422834   0.0028311551  -0.0043329889
        0.0016988997   0.0011438597   0.0012123137   0.0007168731  -0.0002519709
        0.0008725276  -0.0002404513  -0.0003488289  -0.0004245194   0.0005578746
        0.0008626769   0.0006743838  -0.0005659333  -0.0002706646  -0.0006557896
       -0.0005663990  -0.0005856681  -0.0002714781   0.0003460327   0.0003460346
        0.0001510423  -0.0005856726  -0.0005663955  -0.0002714801   0.0004966712
        0.0004798687   0.0004667614  -0.0002958140  -0.0002958103  -0.0008818925
        0.0004798692   0.0004966702   0.0004667580   0.0124707530   0.0062620019
        0.0028243951  -0.0094167679  -0.0010274589  -0.0035412408   0.0020708197
       -0.0003871441  -0.0004961344  -0.0019257884  -0.0010711413  -0.0001394551
        0.0011438842   0.0016988848   0.0012123040   0.0028311029  -0.0033423194
       -0.0043329891  -0.0001743247   0.0003146149  -0.0018427918   0.0017055720
       -0.0018638379   0.0028260871   0.0049469128   0.0049468496  -0.0021305498
       -0.0018638175   0.0017056056   0.0028260898   0.0003146024  -0.0001743378
       -0.0018427918   0.0001851416   0.0001851458   0.0011428966  -0.0002706743
       -0.0005659297  -0.0006557891   0.0008626851   0.0005578672   0.0006743804
       -0.0003488299  -0.0002404454  -0.0004245147  -0.0002519604   0.0007168532
        0.0008725269
       -0.0021219926  -0.0011743084   0.0010201096   0.0014519778   0.0004332377
       -0.0000004871  -0.0015851320   0.0006825840   0.0004635845   0.0019775388
       -0.0006230205   0.0001787575  -0.0010666876  -0.0015109301   0.0024967821
       -0.0018427931   0.0015907558  -0.0035239642   0.0011661375   0.0001204201
        0.0047039332   0.0046080904   0.0050277920  -0.0037924734  -0.0036938965
        0.0014588754   0.0017495705   0.0034857886  -0.0041641473   0.0022803226
        0.0022415936   0.0045397464  -0.0048349971  -0.0014967560  -0.0324461437
        0.0028072250  -0.0148883455   0.0018899599   0.0113307598   0.0052113300
       -0.0001386626  -0.0015842296  -0.0269995750   0.0168230524   0.0120100986
       -0.0022422968  -0.0073703298   0.0049468657   0.0097706492   0.0150131744
       -0.0029457360  -0.1075579021   0.0497944336   0.0788002823  -0.0019679580
       -0.0002677966  -0.0019892345   0.0027359357  -0.0012027380   0.0025092744
       -0.0019807687   0.0012665346  -0.0017699138   0.0024253607  -0.0010910221
        0.0009349119  -0.0018263312  -0.0000268492  -0.0003647339   0.0019349438
       -0.0003704426   0.0010677377   0.0010655894   0.0000287269  -0.0003685078
       -0.0013073527  -0.0006483904   0.0007640955   0.0012024566   0.0000582815
        0.0003202673  -0.0012729321  -0.0005834665  -0.0006022530   0.3832504843
        0.0739190976  -0.1511757521  -0.1122873251  -0.0512870201   0.0531474696
       -0.0192102191   0.0043959194   0.0346439270  -0.0113778156  -0.0105961151
       -0.0029117113   0.0153625936   0.0028005435  -0.0043959738  -0.0889693122
       -0.0524732247  -0.0290618312  -0.0014285084  -0.0019545749   0.0014301487
        0.0016412822   0.0019931091  -0.0012027305  -0.0049011031  -0.0039382418
        0.0021922748   0.0001843230   0.0054760936  -0.0037699754   0.0012111264
       -0.0034175360   0.0018131287  -0.0003982678   0.0024235070  -0.0025092399
        0.0035395492   0.0029114234   0.0024367998  -0.0034830723  -0.0015042292
       -0.0019245634   0.0022757530   0.0003851804   0.0019340241  -0.0021502466
       -0.0012597907  -0.0006277545   0.0023505263   0.0008829310  -0.0003405226
       -0.0037961219  -0.0029446335  -0.0003599046  -0.0014386659   0.0001743312
        0.0023685992   0.0027016376  -0.0025888267  -0.0032424173  -0.0018798555
        0.0010125168   0.0034027464   0.0032828218   0.0016588847  -0.0021860041
       -0.0032059946   0.0024816466  -0.0029979959   0.0024605529  -0.0031394755
        0.0043156461  -0.0304697224  -0.0189803583  -0.0129017687  -0.0004904099
        0.0049189083   0.0071860202  -0.0015156197   0.0000014996  -0.0041578748
        0.0025075073   0.0002479019   0.0025391825  -0.0012910024  -0.0006406153
        0.0006995170   0.0017099138   0.0002606998  -0.0002646511  -0.0015025370
       -0.0008546928   0.0007006304   0.0011553907   0.0011222290  -0.0013002554
       -0.0011692037  -0.0006860754   0.0009721988   0.0011311725   0.0007031785
       -0.0011508608   0.0016412013   0.0002583320  -0.0024234909  -0.0021870334
       -0.0007881711   0.0015797053   0.0012719384   0.0003704286  -0.0012834571
       -0.0012037163  -0.0006586624   0.0015940577   0.0004210355   0.0009349469
       -0.0021433698  -0.0006772245  -0.0000301671   0.0035725094   0.0004194513
        0.0011223500  -0.0015470213   0.0004951959  -0.0006420772   0.0012086584
       -0.0013534647   0.0011592197  -0.0019035896  -0.0000536870  -0.0003397179
        0.0014374240
       -0.0006420948   0.0004952181  -0.0012086656   0.0011223437   0.0004194483
        0.0015470322  -0.0003397002  -0.0000537025  -0.0014374189   0.0011591896
       -0.0013534613   0.0019036002  -0.0025887737   0.0027016937   0.0032424147
        0.0001743056  -0.0014386696  -0.0023685431   0.0016589213   0.0032828220
        0.0021859090   0.0010124220  -0.0018799662  -0.0034026947   0.0002479718
        0.0025074633  -0.0025392144   0.0000014530  -0.0015155385   0.0041578694
        0.0049188552  -0.0004905758  -0.0071859732  -0.0189806060  -0.0304690155
        0.0129020495  -0.0031392608   0.0024605266  -0.0043158174   0.0024815581
       -0.0032060117   0.0029980463   0.0150136631   0.0097702840   0.0029455012
       -0.0073703204  -0.0022420539  -0.0049469076   0.0168226415  -0.0270000987
       -0.0120099998   0.0497944042  -0.1075597527  -0.0788015228  -0.0007882002
       -0.0021870333  -0.0015796851   0.0002583841   0.0016412634   0.0024234595
       -0.0000301605  -0.0006772687  -0.0035724761   0.0009349214   0.0004210607
        0.0021433606  -0.0006586489  -0.0012037105  -0.0015940395   0.0003704233
        0.0012719358   0.0012835001   0.0000287428   0.0010656148   0.0003685020
       -0.0005833625  -0.0012729065   0.0006022460   0.0000582645   0.0012024788
       -0.0003202848  -0.0006483883  -0.0013073730  -0.0007640960   0.0739190976
        0.3832504971   0.1511766631  -0.0524725384  -0.0889679616   0.0290612271
        0.0028010535   0.0153625481   0.0043954146  -0.0105961055  -0.0113775773
        0.0029118808   0.0043953589  -0.0192106117  -0.0346439181  -0.0512876726
       -0.1122868107  -0.0531462603  -0.0019545816  -0.0014284747  -0.0014301490
        0.0024234967  -0.0003983286   0.0025092614  -0.0034174740   0.0012112100
       -0.0018136405   0.0054761233   0.0001842172   0.0037700930  -0.0039383574
       -0.0049010567  -0.0021919283   0.0019931984   0.0016412167   0.0012027462
        0.0029114067   0.0035394766  -0.0024368835  -0.0029446300  -0.0037960728
        0.0003599745   0.0008829307   0.0023505285   0.0003404747  -0.0012597759
       -0.0021502186   0.0006277922   0.0003851663   0.0022757441  -0.0019340560
       -0.0015042056  -0.0034830120   0.0019246009   0.0015906916  -0.0018427876
        0.0035239349  -0.0015109940  -0.0010666596  -0.0024967445   0.0050279057
        0.0046080529   0.0037923800   0.0001203635   0.0011660937  -0.0047039431
       -0.0001385691   0.0052113229   0.0015842471   0.0018897120  -0.0148884612
       -0.0113308106  -0.0324459623  -0.0014962372  -0.0028068838   0.0045398188
        0.0022415077   0.0048348899  -0.0041641276   0.0034858339  -0.0022802800
        0.0014588087  -0.0036939492  -0.0017496061  -0.0006406126  -0.0012909794
       -0.0006995047   0.0007031716   0.0011311759   0.0011508596  -0.0006860692
       -0.0011691896  -0.0009721891   0.0011222347   0.0011553751   0.0013002623
       -0.0008546882  -0.0015025183  -0.0007006334   0.0002607061   0.0017099219
        0.0002646529  -0.0012027593   0.0027359300  -0.0025092736  -0.0002677717
       -0.0019679264   0.0019892194  -0.0003704376   0.0019349588  -0.0010677251
       -0.0000268493  -0.0018263214   0.0003647205  -0.0010910145   0.0024253756
       -0.0009349081   0.0012665437  -0.0019807775   0.0017698692   0.0004332441
        0.0014519801   0.0000005085  -0.0011743664  -0.0021221040  -0.0010201174
       -0.0006229892   0.0019775396  -0.0001787644   0.0006825704  -0.0015851413
       -0.0004636052
        0.0011363741   0.0006599388  -0.0014802074  -0.0003709699   0.0003651836
        0.0008875237   0.0009394422  -0.0010425485  -0.0012112743  -0.0007213968
        0.0000573764   0.0010741980   0.0002512714   0.0019647955   0.0002006102
        0.0003146056  -0.0018456921   0.0010998215   0.0005677909   0.0016567559
       -0.0013179558  -0.0011649711  -0.0050202878   0.0000631696   0.0028232802
       -0.0004386411  -0.0030539307  -0.0022930347   0.0022911898   0.0012826179
        0.0011980877  -0.0031559334   0.0019959085  -0.0001702080   0.0204271770
        0.0088501586   0.0116952783   0.0012530450  -0.0140653765  -0.0019497543
       -0.0019281502   0.0044147693   0.0208871437  -0.0054184298   0.0040848356
       -0.0011349113   0.0011350811  -0.0021305235   0.0054181001  -0.0208871230
        0.0040849880   0.0735033859  -0.0735045656  -0.1370273982   0.0006678640
       -0.0014744948   0.0008326250  -0.0012822365   0.0019931892  -0.0003983145
        0.0010563612  -0.0018795378  -0.0005582184  -0.0010910564   0.0015097421
        0.0004210912   0.0008520862  -0.0010322265  -0.0004157064  -0.0010677452
        0.0012835091  -0.0003078568  -0.0007878666   0.0007878758   0.0001245359
        0.0005080162  -0.0004766481   0.0003283436  -0.0007885272   0.0007885169
       -0.0009337081   0.0004766513  -0.0005079750   0.0003283438  -0.1511757521
        0.1511766631   0.3291702735   0.0560847397   0.0233593510  -0.0814993416
        0.0245291018   0.0028006127  -0.0192106854  -0.0007465408   0.0007466878
        0.0047788971  -0.0028010752  -0.0245290886  -0.0192103393  -0.0233596333
       -0.0560840547  -0.0814986805   0.0000329261  -0.0000329159  -0.0019051498
        0.0002583320  -0.0012822573   0.0027359763   0.0016220025   0.0028841260
       -0.0032833910   0.0037700638  -0.0037700921   0.0062112519  -0.0028841519
       -0.0016219441  -0.0032835584   0.0012822798  -0.0002583603   0.0027359773
        0.0000743298  -0.0000743886  -0.0038904977  -0.0003951744  -0.0014607634
        0.0018998083  -0.0007153268   0.0012148612  -0.0015696372   0.0005299988
       -0.0005299826   0.0015336013  -0.0012148788   0.0007153132  -0.0015696228
        0.0014608057   0.0003952024   0.0018997919   0.0018456542  -0.0003146174
        0.0010997871  -0.0019648090  -0.0002512309   0.0002006496   0.0050202825
        0.0011648895   0.0000631021  -0.0016567906  -0.0005677964  -0.0013179020
        0.0019282126   0.0019497212   0.0044147571  -0.0012532666  -0.0116952421
       -0.0140652723  -0.0204267960   0.0001705750   0.0088503454   0.0031559081
       -0.0011981432   0.0019958402  -0.0022911303   0.0022930488   0.0012826578
        0.0004385759  -0.0028232817  -0.0030539198   0.0005517462  -0.0005517438
       -0.0005364728  -0.0008840058   0.0008360223   0.0006701220   0.0007165329
       -0.0005892118  -0.0009578549  -0.0003182728   0.0003182713   0.0015802528
        0.0005892131  -0.0007165293  -0.0009578567  -0.0008360203   0.0008840039
        0.0006701285  -0.0019931758   0.0012822579  -0.0003982827   0.0014745021
       -0.0006678706   0.0008326130  -0.0012835154   0.0010677439  -0.0003078606
        0.0010322224  -0.0008520846  -0.0004157144  -0.0015097274   0.0010910551
        0.0004211127   0.0018795187  -0.0010563717  -0.0005582473  -0.0003651810
        0.0003709707   0.0008875391  -0.0006599600  -0.0011364718  -0.0014801967
       -0.0000573528   0.0007213907   0.0010742046   0.0010425273  -0.0009394473
       -0.0012112757
        0.0014033618   0.0011457699  -0.0010407659  -0.0008624743  -0.0003041613
        0.0004357959   0.0013036546  -0.0005404078  -0.0009313333  -0.0012267487
       -0.0001308090   0.0005601855  -0.0014396986   0.0058779362  -0.0007060418
        0.0028262444  -0.0028808665   0.0036072551  -0.0017846560  -0.0006742914
       -0.0032790052  -0.0161391735  -0.0054828451   0.0246677916   0.0031410206
        0.0000014450  -0.0023060334  -0.0030061884   0.0026764782   0.0010801651
        0.0050254116  -0.0120371518  -0.0015798333  -0.0497852209  -0.0108404359
        0.0126323715   0.0032389003   0.0147603178  -0.0055823820  -0.0051721934
        0.0002935493   0.0038154295   0.0032571514  -0.0021634798   0.0025912972
       -0.0021557225   0.0044422414  -0.0018638649  -0.0019186573  -0.0092130704
        0.0009026120  -0.0242429519   0.0127436121   0.0215749446   0.0019118064
       -0.0004931899   0.0015501313  -0.0032833899   0.0021922732  -0.0018136196
        0.0024121414  -0.0017751038  -0.0001668686  -0.0019808249   0.0010564412
       -0.0000301513   0.0015305534  -0.0003654137  -0.0002932877  -0.0019679307
        0.0007881797  -0.0006678565  -0.0010257593   0.0002462183   0.0004595929
        0.0011443231   0.0003199140  -0.0006392001  -0.0012095717   0.0002327001
       -0.0004161259   0.0010906348   0.0002369383   0.0003368320  -0.1122873251
       -0.0524725384   0.0560847397   0.2896612167   0.0419242293  -0.1565273934
       -0.0814984005   0.0290615435   0.0531462215   0.0143775127   0.0124229278
       -0.0012007077  -0.0113775630   0.0007467525   0.0105961440  -0.0157261300
       -0.0261365637  -0.0124230575   0.0005155145   0.0012810671  -0.0013611180
       -0.0006772796  -0.0018795844   0.0012665568   0.0022051427   0.0035422897
       -0.0017751149   0.0012111129  -0.0039383453   0.0028841798  -0.0017329217
        0.0018191356  -0.0015498523   0.0008325960  -0.0015797087   0.0019892265
       -0.0040219585  -0.0042827574  -0.0057410332   0.0034836573   0.0004160504
        0.0023718366  -0.0024784463   0.0004441052  -0.0020503756   0.0020475413
        0.0008172713   0.0007928426  -0.0024678226  -0.0003491381  -0.0000333672
        0.0043389467   0.0027886995   0.0005833179   0.0013530938  -0.0001851331
       -0.0018674133  -0.0019510677   0.0021954594   0.0029002357   0.0015298781
       -0.0007445360  -0.0018445136  -0.0026903526  -0.0014662070   0.0023745310
        0.0033244619  -0.0011023826   0.0021488031  -0.0034818909   0.0001832190
       -0.0018581268   0.0065261324   0.0015971730   0.0025082951  -0.0020567306
       -0.0039066004  -0.0047842398   0.0011294043   0.0004237460   0.0025547101
       -0.0018541395  -0.0006213063  -0.0019995951   0.0009658243   0.0002527948
       -0.0008949036  -0.0013268623   0.0000323866   0.0005912871   0.0010092701
        0.0004510951  -0.0009149475  -0.0006230060  -0.0007124926   0.0012981517
        0.0006812266   0.0002697493  -0.0009889611  -0.0008548736  -0.0002809345
        0.0010875796  -0.0014284835   0.0000329077   0.0019546047   0.0020970356
        0.0003654667  -0.0012810824  -0.0012036812   0.0000268260   0.0010322734
        0.0009671073   0.0001934311  -0.0013597919  -0.0004157189  -0.0003647268
        0.0015940401   0.0005154823  -0.0002932736  -0.0026212955  -0.0001919459
       -0.0006316002   0.0011879392  -0.0006709872   0.0001702756  -0.0010252503
        0.0010993401  -0.0006083317   0.0014327413   0.0000620479  -0.0000152301
       -0.0011761517
        0.0022425317  -0.0000130390   0.0009067114  -0.0021780441  -0.0005981434
       -0.0021780289   0.0009067072  -0.0000130181   0.0022425420  -0.0030811415
        0.0025651485  -0.0030811501   0.0103787251  -0.0139826156  -0.0091530573
       -0.0017055712   0.0057462987   0.0038596111  -0.0021744522  -0.0081652974
        0.0023070763   0.0065681976   0.0223699163  -0.0047483091   0.0026717594
       -0.0052748083   0.0026718161  -0.0024293961   0.0070443574  -0.0081268268
       -0.0237673122  -0.0238936464   0.0307738498  -0.0086014311  -0.1704087416
       -0.0086006174   0.0307734917  -0.0238942223  -0.0237672879  -0.0081267433
        0.0070444170  -0.0024294356   0.0023069664  -0.0081653201  -0.0021744356
        0.0038596920   0.0057462076  -0.0017056054  -0.0091530671  -0.0139823758
        0.0103788647  -0.0047477525   0.0223698686   0.0065678121   0.0004932226
        0.0038991076   0.0018190874   0.0016219890  -0.0049011026  -0.0034175021
       -0.0001668290   0.0022051105   0.0091779022  -0.0017699097  -0.0005582588
       -0.0035724745   0.0008549073   0.0020970612   0.0026212726   0.0002677733
       -0.0021870413  -0.0014744820   0.0002335751  -0.0013230015  -0.0005364229
        0.0001979152   0.0012829670  -0.0004984318   0.0004744838  -0.0015482111
        0.0006233241   0.0004872754   0.0016073075   0.0008109392  -0.0512870201
       -0.0889679616   0.0233593510   0.0419242293   0.4028852351   0.0419243968
        0.0233593372  -0.0889690379  -0.0512877281   0.0012001422  -0.0157259514
       -0.0212332331   0.0029119281   0.0047788806   0.0029117050  -0.0212332227
       -0.0157255567   0.0012006710   0.0026212949   0.0020970504   0.0008549024
       -0.0035724861  -0.0005582317  -0.0017698923   0.0091779014   0.0022050260
       -0.0001669572  -0.0034175352  -0.0049010389   0.0016220073   0.0018191415
        0.0038990779   0.0004930505  -0.0014745043  -0.0021870197   0.0002677787
       -0.0019395668  -0.0023062056   0.0069999556   0.0013859095   0.0046449529
       -0.0020498314   0.0004795560  -0.0038660268   0.0011646291   0.0003139844
        0.0018716898  -0.0012625613   0.0007991977  -0.0020476965   0.0022658381
       -0.0021693007   0.0006278077  -0.0031800315  -0.0018782256   0.0011429367
       -0.0018781945   0.0019383522   0.0001131895   0.0011250957  -0.0035991128
       -0.0027698621  -0.0035990445   0.0011251511   0.0001132122   0.0019383067
        0.0011645706  -0.0038660188   0.0004795472  -0.0020497385   0.0046449691
        0.0013859298   0.0069998458  -0.0023063098  -0.0019396467  -0.0031800102
        0.0006278540  -0.0021692254   0.0022658244  -0.0020477155   0.0007991725
       -0.0012625216   0.0018717058   0.0003140151   0.0006589157   0.0016281991
        0.0010057599  -0.0009167959  -0.0014968832  -0.0014758485   0.0012115800
        0.0018052529   0.0012115803  -0.0014758592  -0.0014968736  -0.0009167846
        0.0010057594   0.0016281924   0.0006589194  -0.0002751492  -0.0017083727
       -0.0002751413   0.0014301457  -0.0019052094   0.0014301207  -0.0008549086
        0.0015305686  -0.0013611020   0.0006586550  -0.0018263193   0.0008521050
       -0.0001934252   0.0017702756  -0.0001934182   0.0008521068  -0.0018263250
        0.0006586496  -0.0013611226   0.0015305407  -0.0008548778  -0.0005364285
       -0.0013229922   0.0002335857   0.0008109625   0.0016073027   0.0004872843
        0.0006233080  -0.0015482088   0.0004744835  -0.0004984283   0.0012829731
        0.0001979362
       -0.0009313229  -0.0005403819   0.0013036529   0.0004357889  -0.0003041675
       -0.0008624680  -0.0010407484   0.0011457846   0.0014033612   0.0005601758
       -0.0001308334  -0.0012267414   0.0009024513  -0.0092130297  -0.0019185079
       -0.0018638535   0.0044422080  -0.0021557687   0.0025913406  -0.0021634195
        0.0032571354   0.0215749101   0.0127431522  -0.0242432798  -0.0023060553
        0.0000014616   0.0031410723   0.0038154468   0.0002934055  -0.0051721009
       -0.0055821270   0.0147606655   0.0032386585   0.0126320888  -0.0108396972
       -0.0497853613  -0.0015798240  -0.0120371441   0.0050256716   0.0010800718
        0.0026767604  -0.0030062958  -0.0032791956  -0.0006740676  -0.0017848259
        0.0036071797  -0.0028810381   0.0028261170  -0.0007060689   0.0058782340
       -0.0014396182   0.0246677792  -0.0054834695  -0.0161393562  -0.0015501388
        0.0018191061  -0.0017329261   0.0028841662  -0.0039383225   0.0012111557
       -0.0017749870   0.0035422775   0.0022050652   0.0012665618  -0.0018795933
       -0.0006772492  -0.0013610963   0.0012810573   0.0005154933   0.0019892265
       -0.0015797057   0.0008326132   0.0011879429  -0.0006315964  -0.0001919497
       -0.0011761414  -0.0000152349   0.0000620600   0.0014327547  -0.0006083194
        0.0010993340  -0.0010252446   0.0001702634  -0.0006709847   0.0531474696
        0.0290612271  -0.0814993416  -0.1565273934   0.0419243968   0.2896628325
        0.0560839823  -0.0524733416  -0.1122875488  -0.0124235093  -0.0261365002
       -0.0157256866   0.0105960769   0.0007465518  -0.0113777490  -0.0012001300
        0.0124234396   0.0143774900  -0.0002932489  -0.0003653843   0.0015305407
       -0.0000301782   0.0010564349  -0.0019808174  -0.0001668107  -0.0017750433
        0.0024121920  -0.0018131413   0.0021919594  -0.0032836130   0.0015498552
       -0.0004930636   0.0019117986  -0.0006678709   0.0007881461  -0.0019677713
        0.0025083611   0.0015972269   0.0065260910  -0.0018581624   0.0001831787
       -0.0034818664   0.0021488276  -0.0011023487   0.0033244601  -0.0019996098
       -0.0006213223  -0.0018541063   0.0025547267   0.0004237547   0.0011293617
       -0.0047842683  -0.0039065943  -0.0020566393  -0.0018673875  -0.0001851236
        0.0013531246   0.0023744714  -0.0014662519  -0.0026903784  -0.0018444644
       -0.0007444698   0.0015299467   0.0029002280   0.0021954302  -0.0019511272
       -0.0020506891   0.0004440440  -0.0024783496   0.0023721980   0.0004159234
        0.0034836804  -0.0057413683  -0.0042823790  -0.0040218201   0.0005834009
        0.0027886889   0.0043389318  -0.0000333968  -0.0003491527  -0.0024679110
        0.0007928803   0.0008173076   0.0020475086  -0.0009889468   0.0002697506
        0.0006812187   0.0012981509  -0.0007124944  -0.0006229968  -0.0009149245
        0.0004511023   0.0010092570   0.0005912601   0.0000323728  -0.0013268610
       -0.0008948830   0.0002528018   0.0009658088   0.0010875753  -0.0002809344
       -0.0008548802   0.0019545897   0.0000329043  -0.0014285232  -0.0026212771
       -0.0002933040   0.0005155274   0.0015940337  -0.0003647284  -0.0004157473
       -0.0013597739   0.0001934351   0.0009671129   0.0010322535   0.0000268361
       -0.0012037126  -0.0012810591   0.0003654213   0.0020970653   0.0004595961
        0.0002462187  -0.0010257515   0.0003368219   0.0002369072   0.0010905864
       -0.0004161608   0.0002327165  -0.0012096038  -0.0006391861   0.0003199045
        0.0011443106
       -0.0012112790  -0.0010425283   0.0009394444   0.0008875343   0.0003651808
       -0.0003709619  -0.0014801940   0.0006599514   0.0011363592   0.0010742096
        0.0000573496  -0.0007213850   0.0040847814  -0.0208871983   0.0054184004
       -0.0021305234   0.0011350171  -0.0011349769   0.0040850418  -0.0054181290
        0.0208870668  -0.1370273986  -0.0735035030   0.0735044479  -0.0030539183
       -0.0004385725   0.0028232791   0.0044147527  -0.0019282190  -0.0019497229
       -0.0140652380   0.0012532596   0.0116952422   0.0088504084   0.0204266698
       -0.0001705577   0.0019958174  -0.0031559096   0.0011981426   0.0012826649
        0.0022911275  -0.0022930368  -0.0013178906   0.0016567943   0.0005678064
        0.0010997727  -0.0018456962   0.0003145987   0.0002006683   0.0019648052
        0.0002512325   0.0000630793  -0.0050202745  -0.0011648968  -0.0032834090
       -0.0016219990  -0.0028841393   0.0062112511  -0.0037700663   0.0037700837
       -0.0032835422   0.0028841362   0.0016219485   0.0027359749  -0.0012822624
        0.0002583466  -0.0019051514  -0.0000329257   0.0000329153   0.0027359774
       -0.0002583422   0.0012822716   0.0008875250   0.0003709782  -0.0003651833
       -0.0012112722  -0.0009394456   0.0010425479   0.0010741903   0.0007214025
       -0.0000573798  -0.0014802120  -0.0011364864  -0.0006599478  -0.0192102191
        0.0028010535   0.0245291018  -0.0814984005   0.0233593372   0.0560839823
        0.3291702750   0.1511765054  -0.1511759164  -0.0814996261  -0.0560849099
       -0.0233596507  -0.0192107961  -0.0245290885  -0.0028006319   0.0047789021
        0.0007465240  -0.0007467590  -0.0004157190  -0.0010322253   0.0008520797
        0.0004211151   0.0015097273  -0.0010910461  -0.0005582563  -0.0018795235
        0.0010563917  -0.0003982695   0.0019931856  -0.0012822267   0.0008325953
       -0.0014745103   0.0006678588  -0.0003078385   0.0012835101  -0.0010677306
        0.0088500918   0.0001702273  -0.0204273022  -0.0140654104  -0.0116952753
       -0.0012530558   0.0044147731   0.0019497524   0.0019281434  -0.0030539332
       -0.0028232821   0.0004386439   0.0012826068   0.0022930477  -0.0022911976
        0.0019959396  -0.0011980844   0.0031559305   0.0010998357  -0.0003146226
        0.0018456529  -0.0013179669  -0.0005677761  -0.0016567539   0.0000631931
        0.0011649621   0.0050202979   0.0002005910  -0.0002512749  -0.0019648016
       -0.0015696184   0.0012148868  -0.0007152998   0.0018997896  -0.0014608146
       -0.0003952192  -0.0038905004  -0.0000743135   0.0000744017   0.0018998205
        0.0003951535   0.0014607539  -0.0015696452   0.0007153385  -0.0012148509
        0.0015336028  -0.0005300130   0.0005299712  -0.0009578564  -0.0007165336
        0.0005892115   0.0015802515   0.0003182737  -0.0003182697  -0.0009578576
       -0.0005892145   0.0007165286   0.0006701291   0.0008360227  -0.0008839978
       -0.0005364739  -0.0005517504   0.0005517431   0.0006701207   0.0008840104
       -0.0008360197  -0.0003983184   0.0012822689  -0.0019931748  -0.0005582060
       -0.0010563977   0.0018795360   0.0004210876   0.0010910668  -0.0015097405
       -0.0004157042  -0.0008520935   0.0010322218  -0.0003078782   0.0010677524
       -0.0012835092   0.0008326389  -0.0006677785   0.0014744844   0.0001245356
        0.0007878773  -0.0007878615   0.0003283346  -0.0005079851   0.0004766415
       -0.0009337083   0.0007885278  -0.0007885138   0.0003283523  -0.0004766581
        0.0005080073
       -0.0014374293  -0.0000536846  -0.0003397105   0.0015470170   0.0004194421
        0.0011223393  -0.0012086660   0.0004952109  -0.0006421135   0.0019035713
       -0.0013534677   0.0011592034  -0.0120101192  -0.0269996267   0.0168229543
       -0.0049469240  -0.0022421138  -0.0073702742   0.0029457287   0.0097705418
        0.0150132507  -0.0788004205  -0.1075579782   0.0497944455  -0.0025391823
        0.0025075048   0.0002479286   0.0029979852  -0.0032059961   0.0024816090
       -0.0043156564   0.0024605647  -0.0031394295   0.0129016496  -0.0304695959
       -0.0189804817  -0.0071860007  -0.0004904337   0.0049189176   0.0041578522
       -0.0015156063   0.0000014763   0.0021859805   0.0032828058   0.0016588891
       -0.0023685924  -0.0014386283   0.0001743143   0.0032424187   0.0027016339
       -0.0025888260  -0.0034027295  -0.0018798586   0.0010125018  -0.0021923182
       -0.0049010683  -0.0039382778   0.0037700591   0.0001843215   0.0054760696
       -0.0018129312   0.0012111551  -0.0034175079   0.0025092278  -0.0003982966
        0.0024234922  -0.0014301567  -0.0014284852  -0.0019545754   0.0012027342
        0.0016412489   0.0019931686   0.0000005065   0.0014519829   0.0004332380
       -0.0004635835  -0.0015851346   0.0006825767  -0.0001787662   0.0019775411
       -0.0006230090  -0.0010201183  -0.0021221000  -0.0011743358   0.0043959194
        0.0153625481   0.0028006127   0.0290615435  -0.0889690379  -0.0524733416
        0.1511765054   0.3832494505   0.0739190998  -0.0531477291  -0.1122869209
       -0.0512869720  -0.0346438906  -0.0192101413   0.0043958606   0.0029116849
       -0.0113777082  -0.0105961319  -0.0015940570  -0.0012037066  -0.0006586525
        0.0021433534   0.0004210240   0.0009349274  -0.0035725069  -0.0006772251
       -0.0000301366   0.0024234832   0.0016412128   0.0002583795  -0.0015797269
       -0.0021870297  -0.0007881444   0.0012835101   0.0012718982   0.0003704188
       -0.0028072602  -0.0014965688  -0.0324459960  -0.0113307611  -0.0148882856
        0.0018899258   0.0015842398   0.0052113198  -0.0001386424  -0.0017495706
       -0.0036938988   0.0014588632  -0.0022803136   0.0034858087  -0.0041641314
        0.0048350008   0.0022415600   0.0045397429   0.0035239585  -0.0018427995
        0.0015906617  -0.0047039207   0.0011661483   0.0001204207   0.0037924844
        0.0046080623   0.0050278058  -0.0024967654  -0.0010666745  -0.0015109362
        0.0003405187   0.0023505189   0.0008829282   0.0003599031  -0.0037961049
       -0.0029446296  -0.0024367897   0.0035395319   0.0029114187   0.0019245734
       -0.0034830708  -0.0015042373  -0.0019340212   0.0022757489   0.0003851910
        0.0006277595  -0.0021502545  -0.0012597893  -0.0007006374  -0.0015025251
       -0.0008546876   0.0013002489   0.0011553743   0.0011222253  -0.0009722069
       -0.0011691981  -0.0006860724   0.0011508567   0.0011311585   0.0007031691
       -0.0006995154  -0.0012909991  -0.0006406179   0.0002646539   0.0017099069
        0.0002607022  -0.0025092496   0.0027359247  -0.0012027378   0.0017699143
       -0.0019808128   0.0012665352  -0.0009349054   0.0024253683  -0.0010910151
        0.0003647229  -0.0018263342  -0.0000268541  -0.0010677093   0.0019349347
       -0.0003704304   0.0019892074  -0.0019678003  -0.0002678056   0.0003685039
        0.0010655864   0.0000287405  -0.0007641193  -0.0013073914  -0.0006483923
       -0.0003202653   0.0012024571   0.0000582673   0.0006022388  -0.0012729343
       -0.0005833762
        0.0004636019   0.0006825788  -0.0015851472  -0.0000004850   0.0004332433
        0.0014519690   0.0010201089  -0.0011743398  -0.0021219990   0.0001787533
       -0.0006229987   0.0019775359  -0.0029455109   0.0150135914   0.0097704060
        0.0049468507  -0.0073703756  -0.0022422233   0.0120099825   0.0168227430
       -0.0270000289   0.0788013841   0.0497943945  -0.1075596636   0.0017495986
        0.0014588231  -0.0036939433  -0.0015842410  -0.0001385871   0.0052113356
        0.0113308038   0.0018897461  -0.0148885092   0.0028068431  -0.0324460972
       -0.0014964116  -0.0048349150   0.0045398156   0.0022415540   0.0022802895
       -0.0041641462   0.0034858171   0.0047039406   0.0001203640   0.0011660983
       -0.0035239486   0.0015907973  -0.0018427820   0.0024967453  -0.0015109871
       -0.0010666874  -0.0037923772   0.0050279048   0.0046080822   0.0018136327
       -0.0034175008   0.0012111852  -0.0037700043   0.0054761441   0.0001842360
        0.0021917895  -0.0039383177  -0.0049010867  -0.0012027395   0.0019931376
        0.0016412582   0.0014301505  -0.0019545918  -0.0014284912  -0.0025092628
        0.0024235085  -0.0003982910  -0.0015470208   0.0011223515   0.0004194541
        0.0014374286  -0.0003397135  -0.0000537062  -0.0019036019   0.0011592027
       -0.0013534542   0.0012086732  -0.0006420630   0.0004952048   0.0346439270
        0.0043954146  -0.0192106854   0.0531462215  -0.0512877281  -0.1122875488
       -0.1511759164   0.0739190998   0.3832515576  -0.0290614206  -0.0524725985
       -0.0889682294  -0.0043954733   0.0028009850   0.0153625883  -0.0029119241
       -0.0105961139  -0.0113776051  -0.0003647239  -0.0000268429  -0.0018263269
        0.0009349117  -0.0010910253   0.0024253654  -0.0017698902   0.0012665637
       -0.0019808074   0.0025092720  -0.0012027621   0.0027359348  -0.0019892318
       -0.0002677687  -0.0019677463   0.0010677459  -0.0003704518   0.0019349376
       -0.0129021591  -0.0189804801  -0.0304691255   0.0043158119  -0.0031393088
        0.0024605307  -0.0029980473   0.0024815927  -0.0032060008   0.0025392282
        0.0002479437   0.0025074727  -0.0041578834   0.0000014755  -0.0015155418
        0.0071859986   0.0049188467  -0.0004905525   0.0023685502   0.0001743194
       -0.0014387037  -0.0021859302   0.0016589234   0.0032828410   0.0034027074
        0.0010124401  -0.0018799533  -0.0032424045  -0.0025887795   0.0027017050
        0.0019340556   0.0003851681   0.0022757374  -0.0019246188  -0.0015042043
       -0.0034830269   0.0024368937   0.0029114057   0.0035394936  -0.0003599811
       -0.0029446344  -0.0037960988  -0.0003404750   0.0008829323   0.0023505372
       -0.0006277940  -0.0012597788  -0.0021502259   0.0009721937  -0.0006860737
       -0.0011692028  -0.0013002599   0.0011222345   0.0011553844   0.0007006300
       -0.0008546954  -0.0015025352  -0.0002646482   0.0002607028   0.0017099161
        0.0006995122  -0.0006406136  -0.0012910020  -0.0011508562   0.0007031775
        0.0011311824  -0.0024234655   0.0002583308   0.0016412357   0.0035724927
       -0.0000301560  -0.0006772694  -0.0021433675   0.0009349385   0.0004210611
        0.0015940408  -0.0006586562  -0.0012037202  -0.0012834413   0.0003704237
        0.0012719551   0.0015796546  -0.0007880448  -0.0021870438  -0.0003685035
        0.0000287311   0.0010656019  -0.0006022601  -0.0005834534  -0.0012729165
        0.0003202853   0.0000582818   0.0012024659   0.0007640730  -0.0006483886
       -0.0013073471
        0.0011443409   0.0006391891  -0.0003198984  -0.0010257464  -0.0004595879
       -0.0002462343   0.0010905899  -0.0003368248  -0.0002368010  -0.0012096067
        0.0004161794  -0.0002327295  -0.0017848367   0.0032792239   0.0006740025
        0.0028260690  -0.0036072196   0.0028809892  -0.0014396326   0.0007060985
       -0.0058783492  -0.0161393948  -0.0246677623   0.0054835089   0.0020475430
       -0.0007929267  -0.0008173264  -0.0024784146   0.0020507701  -0.0004440278
        0.0034837380  -0.0023723532  -0.0004159570  -0.0040218552   0.0057413572
        0.0042824251   0.0043389466  -0.0005834071  -0.0027886930  -0.0024679380
        0.0000333963   0.0003491567  -0.0019511590  -0.0029002181  -0.0021954424
        0.0013531395   0.0018673575   0.0001851193  -0.0026903788  -0.0023744793
        0.0014662463   0.0015299676   0.0018444488   0.0007444652   0.0024121607
        0.0001668763   0.0017750038  -0.0032835965   0.0018129461  -0.0021918643
        0.0019118162  -0.0015496569   0.0004929334  -0.0019678093   0.0006677685
       -0.0007880801   0.0015305293   0.0002932680   0.0003654008  -0.0019807939
        0.0000301293  -0.0010563870  -0.0008624510  -0.0004357868   0.0003041619
        0.0014033541   0.0010407521  -0.0011457831  -0.0012267474  -0.0005601834
        0.0001308327   0.0013036490   0.0009314020   0.0005403713  -0.0113778156
       -0.0105961055  -0.0007465408   0.0143775127   0.0012001422  -0.0124235093
       -0.0814996261  -0.0531477291  -0.0290614206   0.2896632135   0.1565283323
       -0.0419237158  -0.1122875212  -0.0560841909   0.0524733182  -0.0157255614
        0.0124233878   0.0261366018   0.0009671373   0.0013597895  -0.0001934201
       -0.0012037163  -0.0010322497  -0.0000268521   0.0020970945   0.0012810640
       -0.0003654407  -0.0014285320  -0.0019545676  -0.0000328832   0.0005155239
        0.0026212908   0.0002932483  -0.0004157191  -0.0015940394   0.0003647136
       -0.0497853166  -0.0126320776   0.0108394434   0.0050256905   0.0015796972
        0.0120370968  -0.0030062549  -0.0010801097  -0.0026767240   0.0031410696
        0.0023060580  -0.0000014560  -0.0051720806  -0.0038154580  -0.0002933945
        0.0032385675   0.0055821036  -0.0147607269  -0.0021558144   0.0018638775
       -0.0044421241   0.0032571232  -0.0025913482   0.0021633741  -0.0242433782
       -0.0215748404  -0.0127431268  -0.0019184810  -0.0009024574   0.0092130003
        0.0011293474  -0.0025547207  -0.0004237728  -0.0020566190   0.0047842762
        0.0039066290   0.0065260553  -0.0025083837  -0.0015972786  -0.0034818669
        0.0018581908  -0.0001831483   0.0033244413  -0.0021488308   0.0011023258
       -0.0018541019   0.0019996247   0.0006213418   0.0010092592   0.0009149395
       -0.0004510895  -0.0013268430  -0.0005912700  -0.0000323921   0.0009658236
        0.0008949018  -0.0002527903  -0.0008548727  -0.0010875702   0.0002809186
        0.0006812263   0.0009889646  -0.0002697399  -0.0006229925  -0.0012981493
        0.0007124836   0.0012111681  -0.0028841718   0.0039383093   0.0022050302
        0.0017751107  -0.0035422726  -0.0006772410  -0.0012665664   0.0018795894
        0.0005154870   0.0013611150  -0.0012810474   0.0008326050  -0.0019892276
        0.0015796862  -0.0017329535   0.0015496515  -0.0018190879  -0.0001919474
       -0.0011879222   0.0006315988   0.0000620574   0.0011761883   0.0000152428
        0.0010993264  -0.0014327437   0.0006082999  -0.0006709876   0.0010252665
       -0.0001703114
        0.0011761498   0.0000620472  -0.0000152406  -0.0011879257  -0.0001919346
       -0.0006315906   0.0010252478  -0.0006709891   0.0001703218  -0.0014327294
        0.0010993383  -0.0006083154  -0.0025912987   0.0032571106  -0.0021634171
        0.0018638440  -0.0021558473   0.0044421265  -0.0009025655  -0.0019185756
       -0.0092130080  -0.0215748947  -0.0242428520   0.0127434308   0.0019995832
       -0.0018541289  -0.0006213218  -0.0021487821   0.0033244495  -0.0011023519
        0.0018581164  -0.0034818766   0.0001831881  -0.0025082569   0.0065260673
        0.0015971972   0.0047841952  -0.0020567059  -0.0039066022  -0.0025546894
        0.0011293935   0.0004237628  -0.0023745114  -0.0026903338  -0.0014661978
        0.0018673907   0.0013530497  -0.0001851589  -0.0029001946  -0.0019510793
        0.0021954484   0.0018444642   0.0015299074  -0.0007445056   0.0017751114
        0.0022050748   0.0035422277  -0.0028841163   0.0012111592  -0.0039383050
        0.0015496230  -0.0017329376   0.0018191075  -0.0019892171   0.0008326039
       -0.0015796912   0.0013611106   0.0005154870   0.0012810459  -0.0012665562
       -0.0006772740  -0.0018795331  -0.0004357715  -0.0008624567  -0.0003041670
        0.0009313038   0.0013036289  -0.0005403831  -0.0005601797  -0.0012267426
       -0.0001308119   0.0010407550   0.0014034422   0.0011457494  -0.0105961151
       -0.0113775773   0.0007466878   0.0124229278  -0.0157259514  -0.0261365002
       -0.0560849099  -0.1122869209  -0.0524725985   0.1565283323   0.2896603747
        0.0419239322  -0.0531469849  -0.0814982083   0.0290611087   0.0012006324
        0.0143774448   0.0124231303   0.0013597907   0.0009671096   0.0001934219
       -0.0015940304  -0.0004157192  -0.0003647208   0.0026212772   0.0005154928
       -0.0002933225  -0.0019545894  -0.0014284666   0.0000329590   0.0012810708
        0.0020970494   0.0003653767  -0.0010322238  -0.0012036975   0.0000268414
       -0.0126320914  -0.0497851518  -0.0108401208   0.0055822912   0.0032387333
        0.0147604354  -0.0038154683  -0.0051720707   0.0002935031   0.0023060510
        0.0031410278   0.0000014079  -0.0010800292  -0.0030062000   0.0026767812
        0.0015794919   0.0050254247  -0.0120370958  -0.0036071148   0.0028260731
       -0.0028809068   0.0032791612  -0.0017848563  -0.0006740678  -0.0246676797
       -0.0161389029  -0.0054830402   0.0007061837  -0.0014395450   0.0058781746
        0.0000333397  -0.0024679047  -0.0003491538  -0.0005833046   0.0043389102
        0.0027886432   0.0057411893  -0.0040219209  -0.0042824345  -0.0023722615
        0.0034837492   0.0004159811   0.0020506995  -0.0024784059   0.0004439956
       -0.0007928694   0.0020475303   0.0008173255   0.0009149332   0.0010092514
        0.0004511015  -0.0012981457  -0.0006229872  -0.0007124848   0.0009889580
        0.0006812106   0.0002697425  -0.0010875700  -0.0008548550  -0.0002809291
        0.0008949047   0.0009658104   0.0002527911  -0.0005912680  -0.0013268246
        0.0000323837   0.0018129145  -0.0032835943   0.0021918031   0.0001668235
        0.0024121418  -0.0017749809   0.0000301535  -0.0019807821   0.0010564030
        0.0002932637   0.0015305104  -0.0003653839   0.0006677502  -0.0019677830
        0.0007880513  -0.0015496271   0.0019118131  -0.0004928923  -0.0004595952
       -0.0010257181   0.0002462365   0.0006391900   0.0011443651   0.0003198943
        0.0004161522  -0.0012095887   0.0002327057  -0.0003368100   0.0010905835
        0.0002368093
       -0.0001979257  -0.0004984318   0.0012829786  -0.0002335733  -0.0005364175
       -0.0013230023  -0.0004872782   0.0008109786   0.0016072288  -0.0004745020
        0.0006233180  -0.0015482083   0.0021744175   0.0023070059  -0.0081653175
        0.0017055889   0.0038596231   0.0057463056  -0.0103789122  -0.0091530267
       -0.0139824137  -0.0065678296  -0.0047478659   0.0223698919  -0.0003140030
       -0.0012625438   0.0018717136  -0.0004795571   0.0011645959  -0.0038660225
       -0.0013859103  -0.0020497716   0.0046449543   0.0019396473   0.0069998629
       -0.0023062876   0.0021692348  -0.0031800428   0.0006278381  -0.0007991695
        0.0022658424  -0.0020477057  -0.0019383165   0.0011251458   0.0001132272
        0.0018782081  -0.0018783140   0.0011429172  -0.0011250870   0.0019383412
        0.0001131922   0.0035990489  -0.0035991097  -0.0027698878   0.0001669633
        0.0091778984   0.0022050538  -0.0016219357  -0.0034174991  -0.0049010865
       -0.0004929293   0.0018191529   0.0038990908  -0.0002677968  -0.0014745537
       -0.0021870007  -0.0008548882   0.0026212849   0.0020970490   0.0017698697
       -0.0035724873  -0.0005582193   0.0021780238  -0.0021780332  -0.0005981563
       -0.0022425425   0.0009067153  -0.0000130107   0.0030811319  -0.0030811505
        0.0025651292  -0.0009067101   0.0022425838  -0.0000130384  -0.0029117113
        0.0029118808   0.0047788971  -0.0012007077  -0.0212332331  -0.0157256866
       -0.0233596507  -0.0512869720  -0.0889682294  -0.0419237158   0.0419239322
        0.4028856633   0.0512876213   0.0233593689  -0.0889690503   0.0212332403
        0.0012002714  -0.0157260221   0.0001934224  -0.0001934284   0.0017702865
       -0.0006586557   0.0008521128  -0.0018263204   0.0008548855  -0.0013611223
        0.0015305765  -0.0014301253   0.0014301578  -0.0019051713   0.0013611062
       -0.0008549203   0.0015305412  -0.0008520784   0.0006586477  -0.0018263227
        0.0086003458  -0.0086010011  -0.1704088447   0.0237673172   0.0307735442
       -0.0238941243   0.0024294189  -0.0081267812   0.0070443806  -0.0026718187
        0.0026717876  -0.0052747926   0.0081268275  -0.0024294313   0.0070443373
       -0.0307739344  -0.0237671722  -0.0238936967  -0.0038596195  -0.0017055569
        0.0057463792  -0.0023071057  -0.0021744157  -0.0081653073   0.0047483160
        0.0065680958   0.0223699313   0.0091530720   0.0103787552  -0.0139825852
       -0.0022658474   0.0007992095  -0.0020476937   0.0031800350  -0.0021693128
        0.0006277963  -0.0069999484  -0.0019395556  -0.0023062139   0.0020498451
        0.0013858893   0.0046449421  -0.0011646349   0.0004795696  -0.0038660175
        0.0012625757   0.0003139721   0.0018717006  -0.0012115741   0.0012115852
        0.0018052665   0.0009167659  -0.0014758542  -0.0014968774  -0.0006589121
        0.0010057526   0.0016282022   0.0002751325  -0.0002751425  -0.0017083743
       -0.0010057429   0.0006589193   0.0016282018   0.0014758359  -0.0009167835
       -0.0014968810   0.0034174905   0.0016219355  -0.0049011425  -0.0091778989
       -0.0001668960   0.0022051486   0.0035724542  -0.0017698974  -0.0005582754
       -0.0026212731   0.0008549087   0.0020970718   0.0014745372   0.0002677802
       -0.0021870181  -0.0018191075   0.0004929479   0.0038991137   0.0005364122
        0.0002335724  -0.0013229990   0.0004984261   0.0001979897   0.0012829758
       -0.0006233272   0.0004745109  -0.0015482149  -0.0008109608   0.0004872776
        0.0016072359
       -0.0013073606  -0.0007640748   0.0006483903   0.0010655831   0.0003684993
       -0.0000287218  -0.0012729253   0.0006022561   0.0005833708   0.0012024547
       -0.0003202880  -0.0000582764   0.0011660804  -0.0047039402  -0.0001203592
       -0.0018427885   0.0035240464  -0.0015906965  -0.0010666823  -0.0024967264
        0.0015109764   0.0046080802   0.0037923927  -0.0050279077  -0.0021502327
        0.0006278008   0.0012597837   0.0022757245  -0.0019340521  -0.0003851720
       -0.0034830187   0.0019246331   0.0015042143   0.0035394749  -0.0024368969
       -0.0029114155  -0.0037960978   0.0003599829   0.0029446430   0.0023505220
        0.0003404712  -0.0008829281   0.0027017095   0.0032423775   0.0025887794
       -0.0014387211  -0.0023685577  -0.0001743444   0.0032828494   0.0021859098
       -0.0016589193  -0.0018799779  -0.0034026958  -0.0010124387  -0.0019808282
        0.0017699018  -0.0012665739   0.0027359520  -0.0025092433   0.0012027620
       -0.0019677782   0.0019892262   0.0002677825   0.0019349232  -0.0010677220
        0.0003704357  -0.0018263327   0.0003647371   0.0000268469   0.0024253649
       -0.0009349257   0.0010910613   0.0014519772   0.0000004976  -0.0004332469
       -0.0021219932  -0.0010201121   0.0011743400   0.0019775295  -0.0001787451
        0.0006229915  -0.0015851514  -0.0004636732  -0.0006825930   0.0153625936
        0.0043953589  -0.0028010752  -0.0113775630   0.0029119281   0.0105960769
       -0.0192107961  -0.0346438906  -0.0043954733  -0.1122875212  -0.0531469849
        0.0512876213   0.3832518461   0.1511763442  -0.0739183094  -0.0889679435
        0.0290616201   0.0524724327  -0.0012037325  -0.0015940436   0.0006586535
        0.0012719423   0.0012834293  -0.0003704219  -0.0021870538  -0.0015796624
        0.0007881716   0.0016412414   0.0024234645  -0.0002582793  -0.0006773009
       -0.0035724980   0.0000301704   0.0004211017   0.0021433352  -0.0009349255
       -0.0014963281  -0.0028069098   0.0324460737   0.0022415531   0.0048349382
       -0.0045398088   0.0034858269  -0.0022802932   0.0041641338  -0.0036939461
       -0.0017495930  -0.0014588159   0.0052113449   0.0015842511   0.0001385645
       -0.0148885229  -0.0113307905  -0.0018897557  -0.0022421913  -0.0049468910
        0.0073703129  -0.0270001268  -0.0120098621  -0.0168227404  -0.1075600923
       -0.0788013997  -0.0497947972   0.0097703522   0.0029455284  -0.0150136934
       -0.0015155241   0.0041578739  -0.0000014505  -0.0004905802  -0.0071859700
       -0.0049188656  -0.0304689771   0.0129021496   0.0189805639   0.0024605491
       -0.0043158803   0.0031392423  -0.0032060049   0.0029980642  -0.0024815658
        0.0025074721  -0.0025392585  -0.0002479722  -0.0015025384  -0.0007006299
        0.0008546988   0.0017099071   0.0002646458  -0.0002607017  -0.0012910106
       -0.0006995142   0.0006406156   0.0011311758   0.0011508484  -0.0007031733
       -0.0011692047  -0.0009722047   0.0006860707   0.0011553824   0.0013002601
       -0.0011222331   0.0001842386   0.0037700583  -0.0054761311  -0.0049010670
       -0.0021922662   0.0039383270   0.0016412602   0.0012027519  -0.0019931430
       -0.0014284882  -0.0014301660   0.0019545848  -0.0003983078   0.0025092658
       -0.0024235065   0.0012112100  -0.0018129768   0.0034174738   0.0004194511
        0.0015470242  -0.0011223297  -0.0000537275  -0.0014374337   0.0003396999
       -0.0013534509   0.0019035926  -0.0011592016   0.0004952144  -0.0012086929
        0.0006420976
       -0.0005080028   0.0003283553  -0.0004766526   0.0007878676   0.0001245310
        0.0007878678  -0.0004766389   0.0003283446  -0.0005080167   0.0007885083
       -0.0009337104   0.0007885163  -0.0005678044  -0.0013178989   0.0016567904
       -0.0003146150   0.0010998429  -0.0018456489  -0.0002512387   0.0002006454
        0.0019647883   0.0011648817   0.0000630962  -0.0050202602  -0.0005299661
        0.0015335976  -0.0005299972   0.0007152980  -0.0015696202   0.0012148678
        0.0003952233   0.0018997843  -0.0014608010  -0.0000744093  -0.0038904877
       -0.0000743340  -0.0014607459   0.0018998045   0.0003951751   0.0012148462
       -0.0015696367   0.0007153221   0.0019647789   0.0002005922  -0.0002512760
       -0.0018456419   0.0010998970  -0.0003146227   0.0016567531  -0.0013179610
       -0.0005677900  -0.0050202716   0.0000631921   0.0011649571  -0.0010564087
       -0.0005582422  -0.0018795340   0.0012822788  -0.0003982662   0.0019931646
       -0.0006677496   0.0008326061  -0.0014744967   0.0010677258  -0.0003078637
        0.0012835040  -0.0008520772  -0.0004157093  -0.0010322212   0.0010910454
        0.0004210909   0.0015097588   0.0003709733   0.0008875351   0.0003651800
       -0.0011363575  -0.0014801907   0.0006599444   0.0007213753   0.0010742033
        0.0000573554  -0.0009394470  -0.0012113336  -0.0010425429   0.0028005435
       -0.0192106117  -0.0245290886   0.0007467525   0.0047788806   0.0007465518
       -0.0245290885  -0.0192101413   0.0028009850  -0.0560841909  -0.0814982083
        0.0233593689   0.1511763442   0.3291686898   0.1511761769   0.0233593888
       -0.0814995186  -0.0560848238  -0.0010322203  -0.0004156927  -0.0008520845
        0.0012835035  -0.0003078832   0.0010677377  -0.0014744790   0.0008326410
       -0.0006678727   0.0019931712  -0.0003983107   0.0012822878  -0.0018795480
       -0.0005581986  -0.0010563960   0.0015097741   0.0004210655   0.0010910550
        0.0001705390   0.0088502946   0.0204267540  -0.0011981265   0.0019958501
       -0.0031558878   0.0022930343   0.0012826409   0.0022911234  -0.0028232762
       -0.0030539052  -0.0004385803   0.0019497202   0.0044147448  -0.0019282004
       -0.0116952444  -0.0140651871   0.0012532253   0.0011349489  -0.0021304976
        0.0011348927  -0.0208869780   0.0040851142  -0.0054180830  -0.0735044567
       -0.1370265999  -0.0735033864  -0.0054183866   0.0040848959  -0.0208870521
        0.0022911860   0.0012826007   0.0022930338  -0.0031559096   0.0019959454
       -0.0011980685   0.0204272548   0.0088500451   0.0001701914   0.0012530191
       -0.0140653288  -0.0116952838  -0.0019281333   0.0044147623   0.0019497618
       -0.0004386482  -0.0030539162  -0.0028232747  -0.0007165296  -0.0009578447
       -0.0005892100   0.0008839957   0.0006701175   0.0008360186  -0.0005517420
       -0.0005364668  -0.0005517472   0.0008360209   0.0006701132   0.0008840025
       -0.0005892080  -0.0009578449  -0.0007165340   0.0003182734   0.0015802474
        0.0003182769  -0.0037700614   0.0062112365  -0.0037700413  -0.0016219487
       -0.0032833558   0.0028841224  -0.0002583442   0.0027359784  -0.0012822500
       -0.0000329233  -0.0019051448  -0.0000329311  -0.0012822432   0.0027359735
       -0.0002583245   0.0028841029  -0.0032835744  -0.0016220059   0.0003651828
        0.0008875256   0.0003709845  -0.0010425618  -0.0012113248  -0.0009394438
        0.0000573814   0.0010741955   0.0007213915   0.0006599301  -0.0014802005
       -0.0011363698
        0.0005833745   0.0006022434  -0.0012729181  -0.0000287264   0.0003685063
        0.0010655962   0.0006483842  -0.0007640919  -0.0013073425  -0.0000582868
       -0.0003202725   0.0012024727  -0.0016588888   0.0021859863   0.0032828419
       -0.0001743551  -0.0023685916  -0.0014386742   0.0025888338   0.0032424016
        0.0027016446  -0.0010125162  -0.0034027279  -0.0018798784   0.0012597884
        0.0006277551  -0.0021502328  -0.0008829329   0.0003405153   0.0023505328
        0.0029446415   0.0003599040  -0.0037961174  -0.0029114370  -0.0024368107
        0.0035395423   0.0015042345   0.0019245585  -0.0034830545  -0.0003851934
       -0.0019340323   0.0022757550   0.0015109152  -0.0024967873  -0.0010666869
       -0.0015906609   0.0035240379  -0.0018427978  -0.0001204241  -0.0047039558
        0.0011661254  -0.0050277994   0.0037924693   0.0046080877   0.0000301117
       -0.0035725004  -0.0006772531  -0.0002582780   0.0024235103   0.0016412097
        0.0007880338  -0.0015796907  -0.0021870297  -0.0003704263   0.0012834602
        0.0012719445   0.0006586519  -0.0015940530  -0.0012037101  -0.0009349339
        0.0021433682   0.0004210851  -0.0011223290   0.0015470489   0.0004194517
        0.0006421179  -0.0012086596   0.0004952031  -0.0011592149   0.0019036055
       -0.0013534633   0.0003397090  -0.0014374061  -0.0000537048  -0.0043959738
       -0.0346439181  -0.0192103393   0.0105961440   0.0029117050  -0.0113777490
       -0.0028006319   0.0043958606   0.0153625883   0.0524733182   0.0290611087
       -0.0889690503  -0.0739183094   0.1511761769   0.3832507383   0.0512869226
       -0.0531470684  -0.1122873342   0.0000268517   0.0003647264  -0.0018263237
        0.0003704237  -0.0010677288   0.0019349447   0.0002677984   0.0019892191
       -0.0019679383   0.0012027383  -0.0025092743   0.0027359599  -0.0012665545
        0.0017699087  -0.0019808086   0.0010910576  -0.0009349447   0.0024253640
        0.0189804578   0.0129017669  -0.0304695732  -0.0049189272  -0.0071859788
       -0.0004904506  -0.0000014710   0.0041578845  -0.0015155982  -0.0002479242
       -0.0025391874   0.0025074972  -0.0024816160   0.0029980299  -0.0032060015
        0.0031394190  -0.0043156961   0.0024605375   0.0073702708  -0.0049469084
       -0.0022422844  -0.0150132638   0.0029457591   0.0097705739  -0.0497948342
       -0.0788002957  -0.1075583495  -0.0168230355  -0.0120099838  -0.0269996928
        0.0041641331  -0.0022803428   0.0034857912  -0.0045397366   0.0048349962
        0.0022415819   0.0324461171  -0.0028073099  -0.0014966782  -0.0018899627
       -0.0113307642  -0.0148883956   0.0001386550   0.0015842280   0.0052113305
       -0.0014588680  -0.0017495791  -0.0036939110   0.0006860710  -0.0009721891
       -0.0011691973  -0.0007031766   0.0011508636   0.0011311779   0.0006406134
       -0.0006995120  -0.0012909930  -0.0002607040   0.0002646481   0.0017099172
        0.0008546954  -0.0007006294  -0.0015025355  -0.0011222259   0.0013002661
        0.0011553897  -0.0054760795   0.0037700324   0.0001842874   0.0034175223
       -0.0018136397   0.0012111475  -0.0024235010   0.0025092724  -0.0003982960
        0.0019545737  -0.0014301564  -0.0014285030  -0.0019931096   0.0012027434
        0.0016412746   0.0039382477  -0.0021918278  -0.0049011078  -0.0004332427
        0.0000004952   0.0014519878  -0.0006826003  -0.0004636681  -0.0015851373
        0.0006230136  -0.0001787623   0.0019775251   0.0011743107  -0.0010201169
       -0.0021219955
        0.0016072296   0.0008109569  -0.0004872780  -0.0013230200  -0.0005364151
       -0.0002335755   0.0012829687  -0.0004984374  -0.0001979150  -0.0015482159
        0.0006233358  -0.0004745159   0.0001132326   0.0019383059  -0.0011251455
        0.0011429163  -0.0018782868   0.0018782258   0.0001131860   0.0011250953
       -0.0019383618  -0.0027698875  -0.0035990431   0.0035991077   0.0018716904
       -0.0012625764  -0.0003139804  -0.0020476924   0.0022658608  -0.0007992141
        0.0006277812  -0.0031800390   0.0021693167  -0.0023061871   0.0069999720
        0.0019395650   0.0046449387  -0.0020498525  -0.0013858963  -0.0038660276
        0.0011646607  -0.0004795719  -0.0139826501  -0.0091530105  -0.0103787702
        0.0057464005   0.0038595516   0.0017055545  -0.0081652923   0.0023071249
        0.0021744310   0.0223699471  -0.0047484112  -0.0065682154   0.0015305598
       -0.0008548829   0.0013611021  -0.0019051750   0.0014301487  -0.0014301499
        0.0015305295  -0.0013611266   0.0008549205  -0.0018263324   0.0008521155
       -0.0006586734   0.0017702795  -0.0001934269   0.0001934334  -0.0018263206
        0.0006586385  -0.0008520834  -0.0013229958   0.0002335679   0.0005364167
        0.0016072273   0.0004872758  -0.0008109808  -0.0015482178   0.0004744983
       -0.0006233109   0.0012829743   0.0001980020   0.0004984187  -0.0889693122
       -0.0512876726  -0.0233596333  -0.0157261300  -0.0212332227  -0.0012001300
        0.0047789021   0.0029116849  -0.0029119241  -0.0157255614   0.0012006324
        0.0212332403  -0.0889679435   0.0233593888   0.0512869226   0.4028856761
        0.0419236428  -0.0419234053   0.0020970880   0.0026212751  -0.0008548977
       -0.0021870344  -0.0014745322  -0.0002677962   0.0038991216   0.0018191013
       -0.0004932439  -0.0049011560  -0.0034174596  -0.0016219197   0.0022051432
        0.0091779003   0.0001667745  -0.0005582536  -0.0035724808   0.0017698866
       -0.0023063179  -0.0019396302  -0.0069998417   0.0006278538  -0.0021692207
        0.0031800269  -0.0020477110   0.0007991687  -0.0022658342   0.0018717192
        0.0003139984   0.0012625396  -0.0038660194   0.0004795579  -0.0011645799
        0.0046449753   0.0013859125   0.0020497595   0.0057462897  -0.0017055895
       -0.0038596849  -0.0139823397   0.0103789042   0.0091530864   0.0223698850
        0.0065677082   0.0047477732  -0.0081653275  -0.0021744098  -0.0023069920
        0.0070443247  -0.0081268606   0.0024293831  -0.0238935451   0.0307739102
        0.0237673485  -0.1704088452  -0.0086001859   0.0086011566  -0.0238942510
       -0.0237671507  -0.0307735671   0.0070443924  -0.0024294743   0.0081267563
       -0.0052747875   0.0026718394  -0.0026717568   0.0016281951   0.0006589145
       -0.0010057454  -0.0017083807  -0.0002751424   0.0002751352   0.0016281968
        0.0010057460  -0.0006589145  -0.0014968881  -0.0014758464   0.0009167732
        0.0018052621   0.0012115725  -0.0012115752  -0.0014968771  -0.0009167830
        0.0014758483  -0.0049010540   0.0016219514   0.0034175403   0.0038990886
        0.0004932297  -0.0018191650  -0.0021869892   0.0002677808   0.0014745641
        0.0020970539   0.0008548909  -0.0026212821  -0.0005582398  -0.0017698962
        0.0035724750   0.0022050271  -0.0001668689  -0.0091778966  -0.0005981581
       -0.0021780281   0.0021780422  -0.0000130171   0.0022425909  -0.0009067040
        0.0025651302  -0.0030811639   0.0030811298  -0.0000130326   0.0009067142
       -0.0022425265
        0.0001703144  -0.0006709885   0.0010252525  -0.0006316005  -0.0001919447
       -0.0011879481  -0.0000152399   0.0000620610   0.0011761495  -0.0006083166
        0.0010993380  -0.0014327609   0.0021954268  -0.0019511411  -0.0029002303
       -0.0001851348   0.0013530931   0.0018673926  -0.0014662603  -0.0026903772
       -0.0023745077  -0.0007444784   0.0015299472   0.0018444845  -0.0006213389
       -0.0018541123   0.0019996177   0.0004237634   0.0011293711  -0.0025547340
       -0.0039066133  -0.0020566334   0.0047842677   0.0015972681   0.0065260699
       -0.0025083808   0.0001831393  -0.0034818745   0.0018581810  -0.0011023247
        0.0033244746  -0.0021488304  -0.0092129904  -0.0019184585  -0.0009024478
        0.0044421223  -0.0021559003   0.0018638285  -0.0021633620   0.0032571616
       -0.0025913445   0.0127430430  -0.0242432651  -0.0215748975   0.0003654628
        0.0020970556   0.0012810382   0.0000329399  -0.0014285030  -0.0019545939
       -0.0002932709   0.0005155171   0.0026212922  -0.0003647315  -0.0004157399
       -0.0015940468   0.0001934322   0.0009671118   0.0013597808   0.0000268255
       -0.0012037269  -0.0010322234   0.0002462315  -0.0010257790  -0.0004596013
        0.0002368512   0.0010906195  -0.0003368364   0.0002326986  -0.0012095900
        0.0004161445   0.0003199149   0.0011443587   0.0006391711  -0.0524732247
       -0.1122868107  -0.0560840547  -0.0261365637  -0.0157255567   0.0124234396
        0.0007465240  -0.0113777082  -0.0105961139   0.0124233878   0.0143774448
        0.0012002714   0.0290616201  -0.0814995186  -0.0531470684   0.0419236428
        0.2896619905   0.1565273318   0.0012810587   0.0005154838   0.0013611205
       -0.0015796973   0.0008326152  -0.0019892391   0.0018190862  -0.0017329418
        0.0015501437  -0.0039383118   0.0012112031  -0.0028841224   0.0035422845
        0.0022050212   0.0017750031  -0.0018795601  -0.0006772427  -0.0012665797
       -0.0042827552  -0.0040218767   0.0057411910   0.0027887606   0.0043389644
       -0.0005833924  -0.0003491452  -0.0024678449   0.0000334117   0.0008172767
        0.0020475230  -0.0007928719   0.0004441386  -0.0024784602   0.0020504180
        0.0004160288   0.0034836317  -0.0023718847  -0.0028808529   0.0028262833
       -0.0036072139   0.0058781231  -0.0014398675   0.0007059245  -0.0054834399
       -0.0161394234  -0.0246678421  -0.0006741936  -0.0017846239   0.0032790658
        0.0002933809  -0.0051721281  -0.0038154470   0.0147606975   0.0032384685
        0.0055820726  -0.0108391779  -0.0497851426  -0.0126324051  -0.0120369130
        0.0050258259   0.0015802206   0.0026763628  -0.0030062146  -0.0010802690
        0.0000015512   0.0031410131   0.0023060673   0.0002527900   0.0009658196
        0.0008949141  -0.0002809356  -0.0008548898  -0.0010875908   0.0002697423
        0.0006812199   0.0009889632  -0.0007124931  -0.0006229995  -0.0012981726
        0.0004510928   0.0010092598   0.0009149535   0.0000323883  -0.0013268690
       -0.0005913026   0.0021923172  -0.0032834464   0.0018136019  -0.0004932250
        0.0019118020  -0.0015501253   0.0007881983  -0.0019679544   0.0006678621
       -0.0003654191   0.0015305468   0.0002933139   0.0010564360  -0.0019808253
        0.0000301155  -0.0017751153   0.0024121670   0.0001669807  -0.0003041679
       -0.0008624490  -0.0004358097   0.0011457777   0.0014034285   0.0010407657
       -0.0001308514  -0.0012267186  -0.0005602276  -0.0005403953   0.0013036555
        0.0009313635
       -0.0002368590  -0.0003368353   0.0010906262  -0.0002462252  -0.0004595952
       -0.0010257762  -0.0003199145   0.0006391974   0.0011443153  -0.0002327050
        0.0004161345  -0.0012095834   0.0014662030  -0.0023745327  -0.0026903549
        0.0001851270   0.0018673860   0.0013531000  -0.0021954675  -0.0029002280
       -0.0019510910   0.0007445336   0.0018445113   0.0015298940  -0.0008172770
       -0.0007928450   0.0020475340   0.0003491363   0.0000333808  -0.0024678363
       -0.0027887103  -0.0005833213   0.0043389453   0.0042827811   0.0057410568
       -0.0040219422  -0.0004160542  -0.0023718444   0.0034836514  -0.0004441075
        0.0020503979  -0.0024784551  -0.0058779804   0.0007060566  -0.0014397250
        0.0028807838  -0.0036073438   0.0028262395   0.0006742955   0.0032790180
       -0.0017846537   0.0054828507  -0.0246678214  -0.0161392544   0.0002933043
        0.0026212900   0.0005154816  -0.0000328843  -0.0019545876  -0.0014285005
       -0.0003654369   0.0012810759   0.0020970372  -0.0000268369  -0.0010322712
       -0.0012037007  -0.0001934284   0.0013597852   0.0009671009   0.0003647175
       -0.0015940578  -0.0004156978   0.0006316011  -0.0011879451  -0.0001919502
       -0.0001703270   0.0010252419  -0.0006709824   0.0006083125  -0.0014327577
        0.0010993402   0.0000152345   0.0011761704   0.0000620383  -0.0290618312
       -0.0531462603  -0.0814986805  -0.0124230575   0.0012006710   0.0143774900
       -0.0007467590  -0.0105961319  -0.0113776051   0.0261366018   0.0124231303
       -0.0157260221   0.0524724327  -0.0560848238  -0.1122873342  -0.0419234053
        0.1565273318   0.2896616277   0.0003654113   0.0002932925   0.0015305520
       -0.0007881906   0.0006678722  -0.0019679473   0.0004931908  -0.0015501363
        0.0019118059  -0.0021922718   0.0018136476  -0.0032833796   0.0017750929
        0.0001668834   0.0024121576  -0.0010564106   0.0000301354  -0.0019808287
       -0.0015972018  -0.0025083126   0.0065261332   0.0039066291   0.0047842362
       -0.0020567098  -0.0004237618  -0.0025547178   0.0011293980   0.0006213222
        0.0019995917  -0.0018541294   0.0011023632  -0.0021488198   0.0033244683
       -0.0001831916   0.0018581428  -0.0034818846  -0.0044421630   0.0018638782
       -0.0021557268   0.0092130590  -0.0009026203  -0.0019186173  -0.0127436126
       -0.0215748703  -0.0242430348   0.0021634530  -0.0025913232   0.0032571655
       -0.0026764637  -0.0010801694  -0.0030061963   0.0120371374   0.0015798528
        0.0050254932   0.0108401629  -0.0126324226  -0.0497852253  -0.0147603617
        0.0055823970   0.0032388389  -0.0002935324  -0.0038154297  -0.0051721774
       -0.0000014477   0.0023060359   0.0031410296  -0.0002697453   0.0009889597
        0.0006812278   0.0002809231  -0.0010875917  -0.0008548844  -0.0002527907
        0.0008949044   0.0009658202  -0.0000323949  -0.0005912950  -0.0013268718
       -0.0004510866   0.0009149480   0.0010092673   0.0007124836  -0.0012981648
       -0.0006230073   0.0039383318  -0.0028841934   0.0012111257  -0.0018191179
        0.0015501399  -0.0017329066   0.0015796942  -0.0019892370   0.0008325933
       -0.0012810595   0.0013611158   0.0005155076   0.0018795824  -0.0012665743
       -0.0006772661  -0.0035422801   0.0017750187   0.0022051279   0.0003041562
       -0.0004358008  -0.0008624630   0.0005403989   0.0009314194   0.0013036555
        0.0001308137  -0.0005601917  -0.0012267500  -0.0011457698   0.0010407661
        0.0014033631
       -0.0242434460  -0.0215748513   0.0127435325  -0.0019186031  -0.0009025622
       -0.0092130966  -0.0021558454   0.0018638902   0.0044421731   0.0032571211
       -0.0025913459  -0.0021634252   0.0010993275  -0.0014327564  -0.0006083126
       -0.0006709805   0.0010252618   0.0001703255  -0.0001919565  -0.0011879327
       -0.0006316030   0.0000620535   0.0011761842  -0.0000152371  -0.0034818830
        0.0018581869   0.0001831982   0.0033244467  -0.0021488448  -0.0011023700
       -0.0018541158   0.0019996192  -0.0006213211   0.0011293686  -0.0025547332
        0.0004237607  -0.0020566694   0.0047842754  -0.0039066228   0.0065261168
       -0.0025083680   0.0015972277  -0.0026903900  -0.0023745049  -0.0014662184
        0.0015300664   0.0018444712  -0.0007444942  -0.0019511390  -0.0029002170
        0.0021954651   0.0013530816   0.0018673668  -0.0001851417   0.0005155121
        0.0013611153   0.0012810554   0.0008325868  -0.0019892454  -0.0015797047
       -0.0017329288   0.0015496547   0.0018191248   0.0012111413  -0.0028841586
       -0.0039383430   0.0022051205   0.0017750352   0.0035422507  -0.0006772920
       -0.0012665632  -0.0018795431  -0.0012267613  -0.0005601648  -0.0001308033
        0.0013036455   0.0009313891  -0.0005403771  -0.0008624591  -0.0004357675
       -0.0003041614   0.0014034729   0.0010407512   0.0011457560  -0.0014285084
       -0.0019545816   0.0000329261   0.0005155145   0.0026212949  -0.0002932489
       -0.0004157190  -0.0015940570  -0.0003647239   0.0009671373   0.0013597907
        0.0001934224  -0.0012037325  -0.0010322203   0.0000268517   0.0020970880
        0.0012810587   0.0003654113   0.2896638032   0.1565281892   0.0419239607
       -0.1122882531  -0.0560845166  -0.0524729608  -0.0157258895   0.0124233491
       -0.0261366321  -0.0113777811  -0.0105961226   0.0007466686   0.0143776768
        0.0012003350   0.0124232898  -0.0814992630  -0.0531472677   0.0290615631
       -0.0008548849  -0.0010875763  -0.0002809264   0.0006812364   0.0009889617
        0.0002697431  -0.0006230099  -0.0012981507  -0.0007124845   0.0010092712
        0.0009149340   0.0004510943  -0.0013268498  -0.0005912617   0.0000323899
        0.0009658341   0.0008949019   0.0002527910   0.0010905968  -0.0003368369
        0.0002368060  -0.0012096096   0.0004161729   0.0002327055   0.0011443830
        0.0006391770   0.0003198928  -0.0010257414  -0.0004595861   0.0002462476
       -0.0040218997   0.0057412935  -0.0042824401   0.0043389510  -0.0005833738
        0.0027886694  -0.0024679393   0.0000333774  -0.0003491569   0.0020475402
       -0.0007929066   0.0008173293  -0.0024784094   0.0020507579   0.0004440090
        0.0034837487  -0.0023723304   0.0004159778   0.0031410878   0.0023060443
        0.0000013911  -0.0051721298  -0.0038154404   0.0002934950   0.0032388970
        0.0055823307   0.0147605199  -0.0497854546  -0.0126320609  -0.0108402391
        0.0050254430   0.0015794494  -0.0120372979  -0.0030062520  -0.0010800404
        0.0026767912  -0.0019677911   0.0006678055   0.0007880761   0.0015305286
        0.0002932365  -0.0003653899  -0.0019808075   0.0000301599   0.0010563737
        0.0024120781   0.0001668099  -0.0017750109  -0.0032835669   0.0018129808
        0.0021918537   0.0019118113  -0.0015496668  -0.0004929145  -0.0014395162
        0.0007061840   0.0058782563  -0.0161393872  -0.0246677406  -0.0054831552
       -0.0017848596   0.0032792057  -0.0006740619   0.0028260371  -0.0036072481
       -0.0028809578
       -0.0246677093  -0.0161389200   0.0054833508   0.0007061165  -0.0014396019
       -0.0058782385  -0.0036071637   0.0028260783   0.0028809417   0.0032791706
       -0.0017848518   0.0006740424   0.0004161522  -0.0012095970  -0.0002327071
       -0.0003368083   0.0010905815  -0.0002368035  -0.0004595981  -0.0010257256
       -0.0002462326   0.0006391854   0.0011443634  -0.0003198969  -0.0023722761
        0.0034837493  -0.0004159634   0.0020507023  -0.0024784164  -0.0004440139
       -0.0007928798   0.0020475275  -0.0008173221   0.0000333510  -0.0024679119
        0.0003491593  -0.0005833351   0.0043389073  -0.0027886504   0.0057412440
       -0.0040219013   0.0042824040  -0.0029002159  -0.0019510952  -0.0021954197
        0.0018445115   0.0015299220   0.0007444885  -0.0023745031  -0.0026903351
        0.0014662233   0.0018673577   0.0013530559   0.0001851345   0.0002932718
        0.0015305095   0.0003653872   0.0006677436  -0.0019677926  -0.0007880622
       -0.0015496188   0.0019118139   0.0004929107   0.0018129090  -0.0032835769
       -0.0021918248   0.0001668676   0.0024120909   0.0017749682   0.0000301244
       -0.0019807824  -0.0010563662  -0.0005601799  -0.0012267300   0.0001308307
        0.0010407254   0.0014034328  -0.0011457513  -0.0004357680  -0.0008624484
        0.0003041693   0.0009314026   0.0013036294   0.0005403620  -0.0019545749
       -0.0014284747  -0.0000329159   0.0012810671   0.0020970504  -0.0003653843
       -0.0010322253  -0.0012037066  -0.0000268429   0.0013597895   0.0009671096
       -0.0001934284  -0.0015940436  -0.0004156927   0.0003647264   0.0026212751
        0.0005154838   0.0002932925   0.1565281892   0.2896600847  -0.0419246316
       -0.0531473774  -0.0814983631  -0.0290607674   0.0012004719   0.0143774270
       -0.0124232260  -0.0105960981  -0.0113775893  -0.0007465885   0.0124232163
       -0.0157257838   0.0261364095  -0.0560844642  -0.1122865613   0.0524730789
       -0.0010875741  -0.0008548609   0.0002809314   0.0008949072   0.0009658097
       -0.0002527976  -0.0005912740  -0.0013268250  -0.0000323760   0.0009149339
        0.0010092472  -0.0004511045  -0.0012981433  -0.0006229813   0.0007124903
        0.0009889639   0.0006812131  -0.0002697481   0.0010252709  -0.0006710039
       -0.0001703201  -0.0014327311   0.0010993357   0.0006082978   0.0011761747
        0.0000620364   0.0000152331  -0.0011879184  -0.0001919337   0.0006316107
       -0.0025082748   0.0065260357  -0.0015972144   0.0047842135  -0.0020566800
        0.0039065763  -0.0025546933   0.0011293819  -0.0004237568   0.0019995790
       -0.0018541146   0.0006213206  -0.0021487709   0.0033244444   0.0011023428
        0.0018581172  -0.0034818647  -0.0001831714   0.0023060613   0.0031410219
       -0.0000014543  -0.0010800715  -0.0030062026  -0.0026767355   0.0015796939
        0.0050255580   0.0120369829  -0.0126320512  -0.0497850890   0.0108397920
        0.0055821083   0.0032385811  -0.0147605666  -0.0038154787  -0.0051720429
       -0.0002934378  -0.0019891911   0.0008326455   0.0015796933   0.0013611028
        0.0005154602  -0.0012810363  -0.0012665611  -0.0006772543   0.0018795107
        0.0017749842   0.0022050342  -0.0035422439  -0.0028840808   0.0012111830
        0.0039383096   0.0015496082  -0.0017329467  -0.0018191007  -0.0009024634
       -0.0019185117   0.0092129704  -0.0215749605  -0.0242428747  -0.0127431194
       -0.0025912928   0.0032571094   0.0021633934   0.0018638070  -0.0021558705
       -0.0044421141
       -0.0047478513  -0.0065677987   0.0223698853  -0.0091531652  -0.0103787936
       -0.0139823979   0.0038596404   0.0017055419   0.0057463089   0.0023070104
        0.0021744124  -0.0081653185   0.0006233128  -0.0004745006  -0.0015482254
        0.0008109748  -0.0004872852   0.0016072258  -0.0005364240  -0.0002335619
       -0.0013230036  -0.0004984167  -0.0001980011   0.0012829740  -0.0020497777
       -0.0013859013   0.0046449695   0.0011645861  -0.0004795544  -0.0038660257
       -0.0012625487  -0.0003139904   0.0018717250   0.0022658330  -0.0007991971
       -0.0020477254  -0.0031800149   0.0021692622   0.0006278551   0.0069998710
        0.0019395745  -0.0023063008   0.0011251278  -0.0019383396   0.0001132059
       -0.0035991312   0.0035990808  -0.0027698833   0.0019383438  -0.0011251027
        0.0001131930  -0.0018782879   0.0018782923   0.0011429098   0.0026212976
       -0.0008549085   0.0020970374  -0.0014745680  -0.0002677778  -0.0021869932
        0.0018191507  -0.0004929500   0.0038990937  -0.0034175362  -0.0016218918
       -0.0049010711   0.0091778974   0.0001667307   0.0022050362  -0.0035724732
        0.0017699148  -0.0005582102  -0.0030811144   0.0030811545   0.0025651392
        0.0009067628  -0.0022425873  -0.0000130413  -0.0021780249   0.0021780596
       -0.0005981535   0.0022425668  -0.0009067262  -0.0000130462   0.0014301487
       -0.0014301490  -0.0019051498  -0.0013611180   0.0008549024   0.0015305407
        0.0008520797  -0.0006586525  -0.0018263269  -0.0001934201   0.0001934219
        0.0017702865   0.0006586535  -0.0008520845  -0.0018263237  -0.0008548977
        0.0013611205   0.0015305520   0.0419239607  -0.0419246316   0.4028853848
       -0.0512872644  -0.0233590325  -0.0889681308  -0.0212332365  -0.0012003111
       -0.0157256582   0.0029118527  -0.0029117540   0.0047789191   0.0012003844
        0.0212332170  -0.0157259471   0.0233597920   0.0512874350  -0.0889689466
       -0.0002751434   0.0002751538  -0.0017083888   0.0010057482  -0.0006589246
        0.0016282002  -0.0014758479   0.0009167905  -0.0014968849   0.0012115771
       -0.0012115861   0.0018052647  -0.0009167667   0.0014758563  -0.0014968896
        0.0006589109  -0.0010057555   0.0016282013   0.0004872051  -0.0008109548
        0.0016072245   0.0004745112  -0.0006233326  -0.0015482201   0.0001980040
        0.0004984181   0.0012829681   0.0002335790   0.0005364193  -0.0013230193
       -0.0019396254  -0.0069999323  -0.0023062213  -0.0021692654   0.0031800535
        0.0006278182   0.0007991863  -0.0022658546  -0.0020477075   0.0003139977
        0.0012625623   0.0018717055   0.0004795491  -0.0011646420  -0.0038660361
        0.0013859190   0.0020498172   0.0046449508   0.0026717399  -0.0026718287
       -0.0052747896  -0.0081267435   0.0024294976   0.0070443905   0.0307737365
        0.0237670353  -0.0238941260  -0.0086011376   0.0086006632  -0.1704087785
       -0.0237675456  -0.0307736463  -0.0238936971  -0.0024293365   0.0081268382
        0.0070443459   0.0002677936   0.0014745124  -0.0021870138   0.0008548794
       -0.0026212850   0.0020970395  -0.0017698469   0.0035724909  -0.0005582017
       -0.0001669011  -0.0091779019   0.0022051102   0.0016219370   0.0034174787
       -0.0049011306   0.0004929367  -0.0018191227   0.0038991123   0.0103788303
        0.0091529780  -0.0139825887   0.0065681729   0.0047482031   0.0223699212
       -0.0021744557  -0.0023070721  -0.0081652964  -0.0017055745  -0.0038595666
        0.0057463744
       -0.1075582372  -0.0788006880   0.0497950702   0.0097705479   0.0029456571
        0.0150133980  -0.0022422020  -0.0049469006  -0.0073703109  -0.0269999339
       -0.0120098236   0.0168230457  -0.0013534460   0.0019036204   0.0011591912
        0.0004951933  -0.0012086653  -0.0006421348   0.0004194608   0.0015470468
        0.0011223084  -0.0000537168  -0.0014374059  -0.0003397251   0.0024605230
       -0.0043157914  -0.0031393666  -0.0032059950   0.0029980738   0.0024815887
        0.0025074809  -0.0025392213   0.0002479197  -0.0015155401   0.0041579032
        0.0000014535  -0.0004905084  -0.0071859699   0.0049189041  -0.0304693365
        0.0129021114  -0.0189804165   0.0032828810   0.0021859442   0.0016589030
       -0.0018810941  -0.0034027099   0.0010125044   0.0027016876   0.0032424097
       -0.0025888272  -0.0014386450  -0.0023685693   0.0001743269  -0.0014285282
       -0.0014301504  -0.0019545951  -0.0003982915   0.0025092670   0.0024234853
        0.0012111369  -0.0018129584  -0.0034175273   0.0001843194   0.0037701118
        0.0054760981  -0.0049011472  -0.0021919309  -0.0039383112   0.0016412440
        0.0012027370   0.0019931710   0.0019775143  -0.0001787862  -0.0006230117
       -0.0015851653  -0.0004636716   0.0006826170   0.0014519813   0.0000004908
        0.0004332333  -0.0021221496  -0.0010201148  -0.0011743440   0.0016412822
        0.0024234967   0.0002583320  -0.0006772796  -0.0035724861  -0.0000301782
        0.0004211151   0.0021433534   0.0009349117  -0.0012037163  -0.0015940304
       -0.0006586557   0.0012719423   0.0012835035   0.0003704237  -0.0021870344
       -0.0015796973  -0.0007881906  -0.1122882531  -0.0531473774  -0.0512872644
        0.3832528577   0.1511755616   0.0739177774  -0.0889686673   0.0290614357
       -0.0524726866   0.0153626610   0.0043956120   0.0028008007  -0.0113777350
        0.0029118623  -0.0105960829  -0.0192107521  -0.0346439180   0.0043958615
        0.0011311844   0.0011508564   0.0007031584  -0.0011692117  -0.0009721845
       -0.0006860809   0.0011553852   0.0013002563   0.0011222154  -0.0015025556
       -0.0007006248  -0.0008546929   0.0017099157   0.0002646332   0.0002606961
       -0.0012910010  -0.0006994983  -0.0006406121  -0.0012729181   0.0006022456
       -0.0005833560   0.0012024806  -0.0003202918   0.0000582688  -0.0013073802
       -0.0007640984  -0.0006483836   0.0010656115   0.0003684958   0.0000287471
        0.0035395330  -0.0024368778   0.0029114295  -0.0037960996   0.0003599613
       -0.0029446274   0.0023505562   0.0003404883   0.0008829341  -0.0021502345
        0.0006277977  -0.0012597655   0.0022757532  -0.0019340766   0.0003851978
       -0.0034830336   0.0019246178  -0.0015041925  -0.0036939640  -0.0017495834
        0.0014588732   0.0052113371   0.0015842162  -0.0001386304  -0.0148885462
       -0.0113307556   0.0018899173  -0.0014967114  -0.0028071413  -0.0324462581
        0.0022416036   0.0048349901   0.0045397968   0.0034857807  -0.0022803567
       -0.0041641596   0.0019349481  -0.0010677222  -0.0003704191  -0.0018263403
        0.0003647304  -0.0000268249   0.0024253472  -0.0009349608  -0.0010910830
       -0.0019807955   0.0017699107   0.0012665851   0.0027359517  -0.0025092837
       -0.0012027284  -0.0019677789   0.0019892226  -0.0002677688  -0.0010667160
       -0.0024967852  -0.0015109239   0.0046081209   0.0037924186   0.0050278689
        0.0011660979  -0.0047039820   0.0001204117  -0.0018427749   0.0035240502
        0.0015907103
       -0.0735063893  -0.1370260699   0.0735040015  -0.0054181223   0.0040850215
        0.0208869693   0.0011350864  -0.0021304962  -0.0011348887  -0.0208868518
        0.0040851088   0.0054182747   0.0000573731   0.0010741414  -0.0007213346
        0.0006599493  -0.0014802378   0.0011364133   0.0003651828   0.0008874741
       -0.0003709328  -0.0010425683  -0.0012113665   0.0009394987   0.0012531239
       -0.0140652620   0.0116952891  -0.0019281294   0.0044147168  -0.0019497105
       -0.0004386243  -0.0030539372   0.0028233146   0.0022911338   0.0012825657
       -0.0022930083  -0.0031559079   0.0019959126   0.0011981111   0.0204271390
        0.0088500427  -0.0001703546   0.0016566916  -0.0013179389   0.0005677776
       -0.0050176437   0.0000631774  -0.0011649070   0.0019647274   0.0002005865
        0.0002512677  -0.0018457285   0.0010998738   0.0003146266  -0.0000328816
       -0.0019051641   0.0000329651  -0.0012821990   0.0027359327   0.0002583666
        0.0028841353  -0.0032835873   0.0016220117  -0.0037699487   0.0062112411
        0.0037700618  -0.0016219248  -0.0032835589  -0.0028840885  -0.0002582776
        0.0027359587   0.0012822779   0.0007214448   0.0010742108  -0.0000573764
       -0.0009393574  -0.0012113121   0.0010425510   0.0003710225   0.0008875239
       -0.0003651765  -0.0011364216  -0.0014801906  -0.0006599267   0.0019931091
       -0.0003983286  -0.0012822573  -0.0018795844  -0.0005582317   0.0010564349
        0.0015097273   0.0004210240  -0.0010910253  -0.0010322497  -0.0004157192
        0.0008521128   0.0012834293  -0.0003078832  -0.0010677288  -0.0014745322
        0.0008326152   0.0006678722  -0.0560845166  -0.0814983631  -0.0233590325
        0.1511755616   0.3291676637  -0.1511770626   0.0233595985  -0.0814989538
        0.0560845596   0.0028007152  -0.0192103910   0.0245290360   0.0007466590
        0.0047788940  -0.0007466451  -0.0245291006  -0.0192101338  -0.0028007254
        0.0008359957   0.0006700775  -0.0008839768  -0.0005892049  -0.0009578730
        0.0007165716   0.0003182968   0.0015802135  -0.0003182483  -0.0007165055
       -0.0009578511   0.0005892303   0.0008839942   0.0006701046  -0.0008360153
       -0.0005517564  -0.0005364727   0.0005517589  -0.0004767194   0.0003283496
        0.0005080029   0.0007884425  -0.0009337042  -0.0007885381  -0.0005080203
        0.0003283405   0.0004766524   0.0007878257   0.0001245159  -0.0007878551
       -0.0000744374  -0.0038904536   0.0000743269  -0.0014608094   0.0018998098
       -0.0003952038   0.0012147806  -0.0015696286  -0.0007153275  -0.0005300262
        0.0015336159   0.0005299649   0.0007152587  -0.0015696012  -0.0012148906
        0.0003951877   0.0018998257   0.0014607387  -0.0028232171  -0.0030538732
        0.0004386030   0.0019498048   0.0044147505   0.0019281576  -0.0116952041
       -0.0140651543  -0.0012531026   0.0001703620   0.0088502040  -0.0204269168
       -0.0011980515   0.0019959276   0.0031558516   0.0022930573   0.0012826504
       -0.0022911812   0.0010677052  -0.0003078389  -0.0012835302  -0.0008520702
       -0.0004156949   0.0010322228   0.0010910532   0.0004210991  -0.0015098030
       -0.0010563443  -0.0005581909   0.0018795078   0.0012822680  -0.0003982455
       -0.0019932023  -0.0006677630   0.0008326468   0.0014744563  -0.0002512424
        0.0002006757  -0.0019648290   0.0011649196   0.0000631736   0.0050201955
       -0.0005678292  -0.0013178656  -0.0016568236  -0.0003146009   0.0010999075
        0.0018455909
        0.0497950521   0.0788009552  -0.1075595638   0.0168227944   0.0120098533
       -0.0270000208  -0.0073703252   0.0049469361  -0.0022421814   0.0150135887
       -0.0029456541   0.0097703536  -0.0006229892   0.0001787536   0.0019775252
       -0.0011743319   0.0010201261  -0.0021219836   0.0004332473  -0.0000004975
        0.0014519754   0.0006825939   0.0004636756  -0.0015851421   0.0018898326
        0.0113307863  -0.0148884478  -0.0001385834  -0.0015842444   0.0052113291
        0.0014588206   0.0017495910  -0.0036939247  -0.0041641066   0.0022803135
        0.0034858185   0.0045397598  -0.0048349548   0.0022415392  -0.0324459911
        0.0028071738  -0.0014963266   0.0001204021   0.0047039243   0.0011660893
        0.0050278920  -0.0037924408   0.0046080567  -0.0015109543   0.0024967577
       -0.0010666669   0.0015907516  -0.0035240464  -0.0018428080  -0.0019545785
        0.0014301802  -0.0014284789   0.0019931256  -0.0012027650   0.0016412560
       -0.0039383005   0.0021918386  -0.0049010537   0.0054760910  -0.0037700606
        0.0001842312  -0.0034174694   0.0018131911   0.0012111971   0.0024234805
       -0.0025092783  -0.0003982994   0.0011591904  -0.0019036103  -0.0013534605
       -0.0003397528   0.0014374283  -0.0000537261   0.0011223262  -0.0015470257
        0.0004194435  -0.0006420459   0.0012086849   0.0004952091  -0.0012027305
        0.0025092614   0.0027359763   0.0012665568  -0.0017698923  -0.0019808174
       -0.0010910461   0.0009349274   0.0024253654  -0.0000268521  -0.0003647208
       -0.0018263204  -0.0003704219   0.0010677377   0.0019349447  -0.0002677962
       -0.0019892391  -0.0019679473  -0.0524729608  -0.0290607674  -0.0889681308
        0.0739177774  -0.1511770626   0.3832507794  -0.0512871667   0.0531472375
       -0.1122869977   0.0043957102   0.0346438739  -0.0192105753  -0.0105961266
       -0.0029117938  -0.0113775903   0.0028009536  -0.0043954979   0.0153625666
        0.0002606990  -0.0002646458   0.0017099009  -0.0008546902   0.0007006400
       -0.0015025248   0.0011222253  -0.0013002685   0.0011553730  -0.0006860593
        0.0009722041  -0.0011691904   0.0007031746  -0.0011508575   0.0011311636
       -0.0006406069   0.0006995182  -0.0012909895  -0.0006483161   0.0007640928
       -0.0013073523   0.0000582874   0.0003202759   0.0012024555  -0.0005834588
       -0.0006022544  -0.0012729218   0.0000287283  -0.0003684992   0.0010655832
        0.0029114335   0.0024368453   0.0035394820  -0.0015042257  -0.0019245906
       -0.0034830162   0.0003851894   0.0019340370   0.0022757261  -0.0012597844
       -0.0006277764  -0.0021502184   0.0008829234  -0.0003404948   0.0023505117
       -0.0029446420  -0.0003599430  -0.0037960906   0.0002479759   0.0025392286
        0.0025074831   0.0024815495  -0.0029980578  -0.0032060136  -0.0031392592
        0.0043158381   0.0024605523  -0.0189806534  -0.0129018865  -0.0304690998
        0.0049189093   0.0071859400  -0.0004905438   0.0000014317  -0.0041578702
       -0.0015155528   0.0003704222  -0.0012834573   0.0012719510  -0.0006586450
        0.0015940688  -0.0012037366   0.0009349285  -0.0021433547   0.0004211106
       -0.0000301189   0.0035724911  -0.0006772873   0.0002582710  -0.0024234761
        0.0016412262  -0.0007880316   0.0015796669  -0.0021870371  -0.0025888038
       -0.0032423768   0.0027016862   0.0010124652   0.0034026917  -0.0018799501
        0.0016589030  -0.0021859437   0.0032828327   0.0001743609   0.0023685591
       -0.0014387057
        0.0223699457   0.0065678395  -0.0047481124  -0.0081653285  -0.0021743826
        0.0023070673   0.0057462676  -0.0017056104   0.0038596390  -0.0139824776
        0.0103788718  -0.0091530181   0.0025651116  -0.0030811747  -0.0030811520
       -0.0000130113   0.0009067134   0.0022425318  -0.0005981794  -0.0021780347
       -0.0021780446  -0.0000130123   0.0022425846   0.0009067026  -0.0238939357
       -0.0237670777   0.0307738411   0.0070443429  -0.0024294771  -0.0081268394
       -0.0052747714   0.0026718304   0.0026718137   0.0070443334  -0.0081268743
       -0.0024294333  -0.0238937983   0.0307738121  -0.0237672448  -0.1704089779
       -0.0086001324  -0.0086002835  -0.0081653141   0.0023070724  -0.0021743967
        0.0223699581  -0.0047482168   0.0065679629  -0.0139825448  -0.0091529683
        0.0103788854   0.0057462888   0.0038595633  -0.0017056124   0.0020970680
        0.0008548990   0.0026212634  -0.0005582799  -0.0017699165  -0.0035724723
        0.0022051123  -0.0001668461   0.0091779025  -0.0049010753   0.0016220216
       -0.0034175052   0.0038991125   0.0004930357   0.0018190994  -0.0021870366
        0.0002677875  -0.0014744814  -0.0015482155   0.0004744979   0.0006233274
        0.0012829677   0.0001980010  -0.0004984301  -0.0013229960   0.0002335951
       -0.0005364160   0.0016073142   0.0004872738   0.0008109406  -0.0049011031
       -0.0034174740   0.0016220025   0.0022051427   0.0091779014  -0.0001668107
       -0.0005582563  -0.0035725069  -0.0017698902   0.0020970945   0.0026212772
        0.0008548855  -0.0021870538  -0.0014744790   0.0002677984   0.0038991216
        0.0018190862   0.0004931908  -0.0157258895   0.0012004719  -0.0212332365
       -0.0889686673   0.0233595985  -0.0512871667   0.4028862656   0.0419228578
        0.0419224743  -0.0889689444  -0.0512872202   0.0233598670  -0.0157259932
       -0.0212332323   0.0012004076   0.0047789218   0.0029117773   0.0029118174
       -0.0014969029  -0.0014758456  -0.0009167807   0.0018052766   0.0012115718
        0.0012115695  -0.0014968990  -0.0009167854  -0.0014758485   0.0016282071
        0.0006589144   0.0010057423  -0.0017083871  -0.0002751359  -0.0002751349
        0.0016282068   0.0010057495   0.0006589035   0.0012829687  -0.0004984410
        0.0001979150  -0.0015482104   0.0006233319   0.0004744925   0.0016073157
        0.0008109367   0.0004872650  -0.0013230085  -0.0005364141   0.0002335891
       -0.0023062311   0.0069999264  -0.0019396141   0.0046449599  -0.0020498318
        0.0013859016  -0.0038660230   0.0011646444   0.0004795719   0.0018716895
       -0.0012625625   0.0003139880  -0.0020476893   0.0022658511   0.0007991978
        0.0006277880  -0.0031800362  -0.0021692652   0.0018716970   0.0003139868
       -0.0012625570  -0.0038660161   0.0004795778   0.0011646310   0.0046449719
        0.0013859024  -0.0020498147  -0.0023062614  -0.0019395998   0.0069999119
        0.0006278024  -0.0021692551  -0.0031800201  -0.0020476913   0.0007992019
        0.0022658423  -0.0018263249   0.0008521269   0.0006586726   0.0017702738
       -0.0001934375  -0.0001934410  -0.0018263185   0.0006586578   0.0008520903
        0.0015305065  -0.0008549057  -0.0013611139  -0.0019051592   0.0014301787
        0.0014301608   0.0015305228  -0.0013611361  -0.0008549083   0.0001132195
        0.0011251196   0.0019383416  -0.0027699195  -0.0035990612  -0.0035990618
        0.0001132256   0.0019383221   0.0011251152   0.0011429034  -0.0018782976
       -0.0018782160
       -0.0054820555  -0.0161391250   0.0246677994  -0.0006741129  -0.0017848272
       -0.0032791698  -0.0028810176   0.0028261454   0.0036071553   0.0058782032
       -0.0014396675  -0.0007060925  -0.0001308437  -0.0012266997   0.0005601761
       -0.0005403877   0.0013036624  -0.0009313508  -0.0003041691  -0.0008624262
        0.0004357666   0.0011457704   0.0014034550  -0.0010407831  -0.0120369821
        0.0050257673  -0.0015798502   0.0026767201  -0.0030062573   0.0010800496
        0.0000014762   0.0031410518  -0.0023060865   0.0002934178  -0.0051720325
        0.0038154534   0.0147606622   0.0032384777  -0.0055821786  -0.0108392236
       -0.0497851581   0.0126322156  -0.0021633252   0.0032571251   0.0025913491
        0.0127418859  -0.0242430654   0.0215748255  -0.0092129422  -0.0019184406
        0.0009024943   0.0044421731  -0.0021558749  -0.0018638480  -0.0003654397
        0.0015305384  -0.0002932726   0.0010564062  -0.0019807914  -0.0000301866
       -0.0017750524   0.0024121315  -0.0001668439   0.0021919118  -0.0032836093
       -0.0018131377  -0.0004930743   0.0019117957   0.0015498243   0.0007881107
       -0.0019677566  -0.0006678651   0.0002326724  -0.0012096040  -0.0004161480
        0.0003198330   0.0011443334  -0.0006391698   0.0002462109  -0.0010257396
        0.0004596001   0.0002368856   0.0010905792   0.0003368039  -0.0039382418
        0.0012112100   0.0028841260   0.0035422897   0.0022050260  -0.0017750433
       -0.0018795235  -0.0006772251   0.0012665637   0.0012810640   0.0005154928
       -0.0013611223  -0.0015796624   0.0008326410   0.0019892191   0.0018191013
       -0.0017329418  -0.0015501363   0.0124233491   0.0143774270  -0.0012003111
        0.0290614357  -0.0814989538   0.0531472375   0.0419228578   0.2896608961
       -0.1565279002  -0.0524727673  -0.1122866232   0.0560845192  -0.0261365356
       -0.0157256008  -0.0124230842   0.0007465917  -0.0113776663   0.0105960797
       -0.0007124672  -0.0006229696   0.0012981520   0.0004510976   0.0010092605
       -0.0009149502   0.0000323639  -0.0013268363   0.0005912584   0.0002527830
        0.0009658071  -0.0008949035  -0.0002809293  -0.0008548679   0.0010875837
        0.0002697496   0.0006812151  -0.0009889626  -0.0000151846   0.0000620428
       -0.0011761294  -0.0006082716   0.0010993382   0.0014327546   0.0001702723
       -0.0006709859  -0.0010252400  -0.0006315633  -0.0001919373   0.0011879482
        0.0015972734   0.0065260311   0.0025083125   0.0001831616  -0.0034818660
       -0.0018581292  -0.0011022813   0.0033244595   0.0021488170  -0.0006213249
       -0.0018541141  -0.0019995815   0.0004238071   0.0011293531   0.0025547247
       -0.0039066121  -0.0020566530  -0.0047841747   0.0008172901   0.0020474853
        0.0007928588   0.0004439973  -0.0024783572  -0.0020506575   0.0004159246
        0.0034836712   0.0023721669  -0.0042824514  -0.0040218318  -0.0057412881
        0.0027886769   0.0043388971   0.0005833684  -0.0003491718  -0.0024679160
       -0.0000333697  -0.0003647087  -0.0004157352   0.0015940412   0.0001934231
        0.0009670944  -0.0013597588   0.0000268320  -0.0012037215   0.0010322157
        0.0003653822   0.0020970311  -0.0012810369   0.0000329635  -0.0014285050
        0.0019546082  -0.0002932810   0.0005154896  -0.0026212539  -0.0014662399
       -0.0026903756   0.0023745149  -0.0007444765   0.0015299222  -0.0018444257
        0.0021954469  -0.0019511442   0.0029002140  -0.0001851538   0.0013530483
       -0.0018673554
        0.0127420448   0.0215748072  -0.0242432636  -0.0021633381   0.0025913568
        0.0032571522   0.0044422076  -0.0018638947  -0.0021557953  -0.0092129711
        0.0009025453  -0.0019184960  -0.0001308376   0.0005601870  -0.0012267116
        0.0011457893  -0.0010408011   0.0014033684  -0.0003041591   0.0004357868
       -0.0008624259  -0.0005404014  -0.0009314620   0.0013036844   0.0147606049
       -0.0055822452   0.0032385539   0.0002934567   0.0038154246  -0.0051721354
        0.0000015059  -0.0023060732   0.0031410456   0.0026763845   0.0010802215
       -0.0030062059  -0.0120369966  -0.0015800649   0.0050257759  -0.0108392815
        0.0126324808  -0.0497851837  -0.0006742713  -0.0032790440  -0.0017846355
       -0.0054818988   0.0246678961  -0.0161394321   0.0058780810  -0.0007059826
       -0.0014398375  -0.0028809283   0.0036073363   0.0028262665   0.0012810609
       -0.0013611451   0.0005154976  -0.0018795714   0.0012665643  -0.0006772170
        0.0035423073  -0.0017750361   0.0022050588  -0.0039382709   0.0028841915
        0.0012111825   0.0018191131  -0.0015498804  -0.0017329412  -0.0015796539
        0.0019892319   0.0008326236  -0.0006082668   0.0014327541   0.0010993295
       -0.0000151804  -0.0011761776   0.0000620421  -0.0006315748   0.0011879388
       -0.0001919432   0.0001702766  -0.0010252647  -0.0006709883   0.0021922748
       -0.0018136405  -0.0032833910  -0.0017751149  -0.0001669572   0.0024121920
        0.0010563917  -0.0000301366  -0.0019808074  -0.0003654407  -0.0002933225
        0.0015305765   0.0007881716  -0.0006678727  -0.0019679383  -0.0004932439
        0.0015501437   0.0019118059  -0.0261366321  -0.0124232260  -0.0157256582
       -0.0524726866   0.0560845596  -0.1122869977   0.0419224743  -0.1565279002
        0.2896621182   0.0290620535   0.0531467387  -0.0814994296   0.0124233155
       -0.0012003980   0.0143774267   0.0007466436   0.0105961385  -0.0113777244
        0.0000323796   0.0005912856  -0.0013268584   0.0004510800  -0.0009149806
        0.0010092859  -0.0007124696   0.0012981519  -0.0006229865   0.0002697475
       -0.0009889808   0.0006812387  -0.0002809176   0.0010875822  -0.0008548843
        0.0002527733  -0.0008949237   0.0009658402   0.0003198462  -0.0006391817
        0.0011443216   0.0002326768  -0.0004161431  -0.0012095908   0.0002369074
        0.0003368273   0.0010906344   0.0002462054   0.0004595922  -0.0010257755
       -0.0042828187  -0.0057411208  -0.0040219034   0.0004160198   0.0023718986
        0.0034836344   0.0004440915  -0.0020504149  -0.0024784664   0.0008172527
        0.0007928806   0.0020475342  -0.0003491679  -0.0000333919  -0.0024678624
        0.0027887345   0.0005833899   0.0043389443  -0.0006213253  -0.0019996039
       -0.0018541201  -0.0011022851   0.0021488387   0.0033244534   0.0001831611
       -0.0018581690  -0.0034818815   0.0015973056   0.0025083774   0.0065260608
       -0.0039066423  -0.0047842247  -0.0020566624   0.0004238052   0.0025547371
        0.0011293518   0.0000268321   0.0010322635  -0.0012037092   0.0001934164
       -0.0013597912   0.0009671026  -0.0003646948   0.0015940570  -0.0004157070
       -0.0002932693  -0.0026212791   0.0005154936   0.0000328876   0.0019545993
       -0.0014285387   0.0003654286  -0.0012810456   0.0020970492   0.0021954689
        0.0029002489  -0.0019511657  -0.0007445005  -0.0018444572   0.0015299143
       -0.0014662410   0.0023745457  -0.0026903954  -0.0001851254  -0.0018673463
        0.0013531070
       -0.0018810712   0.0010125066  -0.0034027382   0.0032828680   0.0016589011
        0.0021859490  -0.0014386316   0.0001743016  -0.0023685800   0.0027016803
       -0.0025888217   0.0032424191  -0.0013534462   0.0011592004   0.0019036176
       -0.0000537004  -0.0003397403  -0.0014374099   0.0004194598   0.0011223313
        0.0015470366   0.0004951882  -0.0006420970  -0.0012086483  -0.0004904744
        0.0049188882  -0.0071860134  -0.0015155623   0.0000014905   0.0041578975
        0.0025074820   0.0002478953  -0.0025391940  -0.0032059911   0.0024816223
        0.0029980414   0.0024605142  -0.0031394157  -0.0043157333  -0.0304694881
       -0.0189803185   0.0129021104   0.0097706060   0.0150133142   0.0029456366
       -0.1075578056   0.0497946811  -0.0788006752  -0.0269998311   0.0168230674
       -0.0120099419  -0.0022422295  -0.0073703602  -0.0049468579  -0.0012037138
       -0.0006586683  -0.0015940439   0.0004210712   0.0009349111   0.0021433843
       -0.0006772495  -0.0000301822  -0.0035724914   0.0016412814   0.0002583803
        0.0024234774  -0.0021870293  -0.0007881522  -0.0015797039   0.0012719565
        0.0003704119   0.0012835090   0.0012024860   0.0000582549  -0.0003202900
       -0.0012729161  -0.0005834548   0.0006022534   0.0010656240   0.0000287381
        0.0003685001  -0.0013073751  -0.0006483983  -0.0007641008   0.0001843230
        0.0054761233   0.0037700638   0.0012111129  -0.0034175352  -0.0018131413
       -0.0003982695   0.0024234832   0.0025092720  -0.0014285320  -0.0019545894
       -0.0014301253   0.0016412414   0.0019931712   0.0012027383  -0.0049011560
       -0.0039383118  -0.0021922718  -0.0113777811  -0.0105960981   0.0029118527
        0.0153626610   0.0028007152   0.0043957102  -0.0889689444  -0.0524727673
        0.0290620535   0.3832525766   0.0739185822   0.1511751308  -0.1122882445
       -0.0512873606  -0.0531470982  -0.0192106395   0.0043958097  -0.0346439484
        0.0011553876   0.0011222227   0.0013002589  -0.0011692099  -0.0006860923
       -0.0009721657   0.0011311903   0.0007031533   0.0011508570  -0.0012909942
       -0.0006406233  -0.0006994912   0.0017099208   0.0002606882   0.0002646445
       -0.0015025541  -0.0008546960  -0.0007006126  -0.0015851591   0.0006825997
       -0.0004635829   0.0019775225  -0.0006230171  -0.0001787758  -0.0021221511
       -0.0011743404  -0.0010200957   0.0014519732   0.0004332276   0.0000004949
       -0.0014967947  -0.0324462762  -0.0028070672  -0.0148885212   0.0018899225
       -0.0113307579   0.0052113261  -0.0001386391   0.0015842187  -0.0036939582
        0.0014588856  -0.0017495731   0.0034857712  -0.0041641698  -0.0022803420
        0.0022416076   0.0045398084   0.0048349797  -0.0021502312  -0.0012597765
        0.0006277863   0.0023505662   0.0008829288   0.0003404854  -0.0037960992
       -0.0029446231   0.0003599483   0.0035395473   0.0029114158  -0.0024368817
       -0.0034830445  -0.0015041903   0.0019246053   0.0022757651   0.0003851834
       -0.0019340810   0.0024253466  -0.0010910510  -0.0009349292  -0.0018263373
       -0.0000268145   0.0003647314   0.0019349626  -0.0003704465  -0.0010677366
       -0.0019677920  -0.0002677735   0.0019892335   0.0027359344  -0.0012027312
       -0.0025092971  -0.0019807729   0.0012665655   0.0017699136   0.0011661143
        0.0001204093  -0.0047039798   0.0046081222   0.0050278676   0.0037924030
       -0.0010667205  -0.0015109348  -0.0024967962  -0.0018427680   0.0015908079
        0.0035239587
        0.0050278990   0.0046080260  -0.0037924324   0.0001204001   0.0011661143
        0.0047039227   0.0015907513  -0.0018428030  -0.0035239420  -0.0015109746
       -0.0010666554   0.0024967659  -0.0006229874   0.0019775375   0.0001787601
        0.0006825686  -0.0015851352   0.0004635945   0.0004332450   0.0014519766
       -0.0000005170  -0.0011743556  -0.0021220938   0.0010201224   0.0045397742
        0.0022415024  -0.0048349369  -0.0041641094   0.0034858330   0.0022802979
        0.0014588222  -0.0036939296   0.0017495898  -0.0001385828   0.0052113107
       -0.0015842511   0.0018897993  -0.0148883762   0.0113307964  -0.0324458664
       -0.0014962234   0.0028071488   0.0168227079  -0.0269999779   0.0120099940
        0.0497946701  -0.1075592163   0.0788010788   0.0150135706   0.0097702968
       -0.0029456288  -0.0073703228  -0.0022420348   0.0049469533  -0.0000268422
       -0.0018263212  -0.0003647195  -0.0010910028   0.0024253708   0.0009348997
        0.0012665203  -0.0019807786  -0.0017698832  -0.0012027193   0.0027359540
        0.0025092536  -0.0002677989  -0.0019677534  -0.0019892135  -0.0003704355
        0.0019349497   0.0010677343   0.0000582678   0.0012024721   0.0003202782
       -0.0006483285  -0.0013073737   0.0007641144   0.0000287418   0.0010656040
       -0.0003685063  -0.0005834638  -0.0012729108  -0.0006022436   0.0054760936
        0.0001842172  -0.0037700921  -0.0039383453  -0.0049010389   0.0021919594
        0.0019931856   0.0016412128  -0.0012027621  -0.0019545676  -0.0014284666
        0.0014301578   0.0024234645  -0.0003983107  -0.0025092743  -0.0034174596
        0.0012112031   0.0018136476  -0.0105961226  -0.0113775893  -0.0029117540
        0.0043956120  -0.0192103910   0.0346438739  -0.0512872202  -0.1122866232
        0.0531467387   0.0739185822   0.3832494494  -0.1511773850  -0.0524730647
       -0.0889681412  -0.0290608350   0.0028009379   0.0153625223  -0.0043955468
        0.0011222304   0.0011553663  -0.0013002668  -0.0008546879  -0.0015025130
        0.0007006363   0.0002607032   0.0017099117  -0.0002646585  -0.0006406138
       -0.0012909783   0.0006995115   0.0007031623   0.0011311665  -0.0011508589
       -0.0006860645  -0.0011691806   0.0009721899  -0.0003397582  -0.0000537042
        0.0014374255   0.0011591803  -0.0013534651  -0.0019036006  -0.0006420438
        0.0004952167   0.0012086668   0.0011223385   0.0004194354  -0.0015470218
       -0.0189806909  -0.0304691288  -0.0129017765  -0.0031392661   0.0024605420
        0.0043157845   0.0024815450  -0.0032060152  -0.0029980275   0.0002479759
        0.0025074786   0.0025391940   0.0000014421  -0.0015155650  -0.0041578479
        0.0049189013  -0.0004905355   0.0071859549  -0.0012597877  -0.0021502220
       -0.0006277711   0.0003851834   0.0022757416   0.0019340443  -0.0015042198
       -0.0034830191  -0.0019245805   0.0029114113   0.0035394791   0.0024368434
       -0.0029446310  -0.0037960681  -0.0003599302   0.0008829265   0.0023505201
       -0.0003404936   0.0009349107   0.0004210596  -0.0021433699  -0.0006586415
       -0.0012037143   0.0015940645   0.0003704059   0.0012719256  -0.0012835219
       -0.0007880640  -0.0021870255   0.0015797030   0.0002583710   0.0016412438
       -0.0024234570  -0.0000301402  -0.0006772505   0.0035724799   0.0016589032
        0.0032828052  -0.0021859309   0.0010124500  -0.0018799347   0.0034026980
       -0.0025887964   0.0027016741  -0.0032423977   0.0001743206  -0.0014386544
        0.0023685560
       -0.0050176689  -0.0011649131   0.0000631862   0.0016566925   0.0005677654
       -0.0013179400  -0.0018457382   0.0003146271   0.0010998191   0.0019647508
        0.0002512641   0.0002005912   0.0000573744  -0.0007213477   0.0010741357
       -0.0010425553   0.0009394997  -0.0012113144   0.0003651803  -0.0003709264
        0.0008874702   0.0006599678   0.0011365274  -0.0014802514  -0.0031559282
        0.0011981251   0.0019959107   0.0022911466  -0.0022930217   0.0012825755
       -0.0004386220   0.0028233206  -0.0030539489  -0.0019281344  -0.0019497121
        0.0044147238   0.0012531633   0.0116952845  -0.0140653448   0.0204271841
       -0.0001703978   0.0088500900  -0.0054181333   0.0208871074   0.0040848982
       -0.0735063828   0.0735041095  -0.1370268655  -0.0208869369   0.0054183128
        0.0040850447   0.0011351123  -0.0011350225  -0.0021305257  -0.0010322623
        0.0008521272  -0.0004157317   0.0015096931  -0.0010910367   0.0004210501
       -0.0018795618   0.0010564078  -0.0005582342   0.0019931122  -0.0012822375
       -0.0003983326  -0.0014745396   0.0006678953   0.0008326195   0.0012834403
       -0.0010677371  -0.0003078790   0.0007884469  -0.0007885451  -0.0009337021
       -0.0004767225   0.0005079781   0.0003283396   0.0007878177  -0.0007878600
        0.0001245201  -0.0005080256   0.0004766638   0.0003283372  -0.0037699754
        0.0037700930   0.0062112519   0.0028841798   0.0016220073  -0.0032836130
       -0.0012822267   0.0002583795   0.0027359348  -0.0000328832   0.0000329590
       -0.0019051713  -0.0002582793   0.0012822878   0.0027359599  -0.0016219197
       -0.0028841224  -0.0032833796   0.0007466686  -0.0007465885   0.0047789191
        0.0028008007   0.0245290360  -0.0192105753   0.0233598670   0.0560845192
       -0.0814994296   0.1511751308  -0.1511773850   0.3291692533  -0.0560844228
       -0.0233590000  -0.0814983681  -0.0245291141  -0.0028007961  -0.0192102053
        0.0003182896  -0.0003182430   0.0015802103  -0.0005892064   0.0007165741
       -0.0009578841   0.0008359915  -0.0008839838   0.0006700807  -0.0005517574
        0.0005517679  -0.0005364816   0.0008839958  -0.0008360178   0.0006701080
       -0.0007165051   0.0005892353  -0.0009578640  -0.0009393544   0.0010425388
       -0.0012112640   0.0007214520  -0.0000573741   0.0010742092  -0.0011364228
       -0.0006599366  -0.0014802016   0.0003710080  -0.0003651744   0.0008875163
        0.0001703857  -0.0204268418   0.0088503191  -0.0116952001  -0.0012531328
       -0.0140652035   0.0019498035   0.0019281699   0.0044147543  -0.0028232189
        0.0004385948  -0.0030538865   0.0022930560  -0.0022911856   0.0012826671
       -0.0011980682   0.0031558723   0.0019958939  -0.0005300301   0.0005299866
        0.0015336235   0.0012147867  -0.0007153413  -0.0015696325  -0.0014608184
       -0.0003951802   0.0018998294  -0.0000744284   0.0000743075  -0.0038904626
        0.0003951840   0.0014607554   0.0018998348   0.0007152578  -0.0012149068
       -0.0015695977   0.0010910571  -0.0015097681   0.0004211243  -0.0008520766
        0.0010322378  -0.0004157136   0.0010677140  -0.0012835299  -0.0003078122
       -0.0006677604   0.0014744735   0.0008326331   0.0012822162  -0.0019932203
       -0.0003982482  -0.0010563294   0.0018794981  -0.0005582068  -0.0005678311
       -0.0016568271  -0.0013178555   0.0011649350   0.0050202107   0.0000631577
       -0.0002512364  -0.0019648477   0.0002006978  -0.0003145849   0.0018456409
        0.0010998366
        0.0015300519  -0.0007444979   0.0018444829  -0.0026903905  -0.0014662196
       -0.0023744944   0.0013530720  -0.0001851463   0.0018673996  -0.0019511135
        0.0021954547  -0.0029002213   0.0010993339  -0.0006083283  -0.0014327564
        0.0000620571  -0.0000152330   0.0011761498  -0.0001919582  -0.0006315956
       -0.0011879449  -0.0006709791   0.0001702721   0.0010252520  -0.0020566869
       -0.0039065957   0.0047842779   0.0011293774   0.0004237499  -0.0025547326
       -0.0018541242  -0.0006213084   0.0019996228   0.0033244547  -0.0011023935
       -0.0021488412  -0.0034818870   0.0001832224   0.0018581717   0.0065261295
        0.0015971901  -0.0025083494  -0.0019186268  -0.0092131176  -0.0009025489
       -0.0242433478   0.0127435276  -0.0215749195   0.0032571242  -0.0021634614
       -0.0025913256  -0.0021558243   0.0044422467   0.0018638703   0.0009671262
        0.0001934337   0.0013597754  -0.0004157460  -0.0003647370  -0.0015940344
        0.0005155115  -0.0002932699   0.0026212952  -0.0014284970   0.0000329505
       -0.0019545985   0.0020970756   0.0003653841   0.0012810621  -0.0012037202
        0.0000268407  -0.0010322210  -0.0012096111   0.0002327068   0.0004161694
        0.0010905903   0.0002368924  -0.0003368327  -0.0010257386   0.0002462474
       -0.0004595895   0.0011443742   0.0003198990   0.0006391783   0.0012111264
       -0.0039383574  -0.0028841519  -0.0017329217   0.0018191415   0.0015498552
        0.0008325953  -0.0015797269  -0.0019892318   0.0005155239   0.0012810708
        0.0013611062  -0.0006773009  -0.0018795480  -0.0012665545   0.0022051432
        0.0035422845   0.0017750929   0.0143776768   0.0124232163   0.0012003844
       -0.0113777350   0.0007466590  -0.0105961266  -0.0157259932  -0.0261365356
        0.0124233155  -0.1122882445  -0.0524730647  -0.0560844228   0.2896634083
        0.0419247761   0.1565277518  -0.0814989801   0.0290612719  -0.0531472193
       -0.0006230107  -0.0007124867  -0.0012981527   0.0006812330   0.0002697490
        0.0009889590  -0.0008548822  -0.0002809342  -0.0010875808   0.0009658299
        0.0002527989   0.0008948963  -0.0013268498   0.0000323873  -0.0005912604
        0.0010092688   0.0004511039   0.0009149236   0.0013036432  -0.0005403851
        0.0009312987  -0.0012267561  -0.0001308003  -0.0005601626   0.0014034750
        0.0011457554   0.0010407429  -0.0008624715  -0.0003041644  -0.0004357721
       -0.0497854365  -0.0108405150  -0.0126320032   0.0032389619   0.0147604714
        0.0055823160  -0.0051721350   0.0002935026  -0.0038154423   0.0031410841
        0.0000013868   0.0023060428  -0.0030062423   0.0026768047  -0.0010800308
        0.0050253662  -0.0120373173   0.0015794385   0.0020475381   0.0008173259
       -0.0007928983  -0.0024679326  -0.0003491536   0.0000333695   0.0043389450
        0.0027886598  -0.0005833608  -0.0040219174  -0.0042824156   0.0057412833
        0.0034837491   0.0004159743  -0.0023723096  -0.0024784079   0.0004440118
        0.0020507455  -0.0019808088   0.0010564051   0.0000301750   0.0015305229
       -0.0003654154   0.0002932355  -0.0019677832   0.0007880678   0.0006677910
        0.0019118004  -0.0004929125  -0.0015496507  -0.0032835803   0.0021918558
        0.0018129604   0.0024120858  -0.0017750253   0.0001668017  -0.0017848644
       -0.0006740572   0.0032792085  -0.0161393035  -0.0054831498  -0.0246676960
       -0.0014394868   0.0058782099   0.0007061832   0.0028260396  -0.0028810392
       -0.0036071472
       -0.0035991304  -0.0027698617   0.0035990875   0.0011251329   0.0001131997
       -0.0019383368  -0.0018782803   0.0011429347   0.0018782087   0.0019383297
        0.0001131830  -0.0011250974   0.0006233043  -0.0015482170  -0.0004744774
       -0.0004984264   0.0012829720  -0.0001979261  -0.0005364298  -0.0013229993
       -0.0002335719   0.0008109567   0.0016073005  -0.0004872847  -0.0031800028
        0.0006278592   0.0021692555   0.0022658151  -0.0020477235  -0.0007991833
       -0.0012625281   0.0018717030  -0.0003140030   0.0011645713  -0.0038660281
       -0.0004795424  -0.0020497616   0.0046449624  -0.0013859162   0.0069998769
       -0.0023062886   0.0019395993  -0.0091531529  -0.0139824324  -0.0103787567
       -0.0047478382   0.0223698646  -0.0065679032   0.0023069776  -0.0081653127
        0.0021744419   0.0038596387   0.0057462235   0.0017055592  -0.0001934221
        0.0017702764   0.0001934229   0.0008521051  -0.0018263336  -0.0006586537
       -0.0013611137   0.0015305437   0.0008548912   0.0014301567  -0.0019051816
       -0.0014301364  -0.0008548887   0.0015305429   0.0013610975   0.0006586396
       -0.0018263265  -0.0008520706   0.0004744903  -0.0015482103  -0.0006233176
        0.0004872074   0.0016073055  -0.0008109409   0.0002335899  -0.0013229988
        0.0005364250   0.0001980101   0.0012829704   0.0004984171  -0.0034175360
       -0.0049010567  -0.0016219441   0.0018191356   0.0038990779  -0.0004930636
       -0.0014745103  -0.0021870297  -0.0002677687   0.0026212908   0.0020970494
       -0.0008549203  -0.0035724980  -0.0005581986   0.0017699087   0.0091779003
        0.0022050212   0.0001668834   0.0012003350  -0.0157257838   0.0212332170
        0.0029118623   0.0047788940  -0.0029117938  -0.0212332323  -0.0157256008
       -0.0012003980  -0.0512873606  -0.0889681412  -0.0233590000   0.0419247761
        0.4028849446  -0.0419250929   0.0233594952  -0.0889686781   0.0512874865
       -0.0014758546  -0.0014968775   0.0009167997   0.0010057600   0.0016281913
       -0.0006589266  -0.0002751478  -0.0017083756   0.0002751546   0.0006589169
        0.0016281956  -0.0010057650  -0.0009167868  -0.0014968764   0.0014758622
        0.0012115813   0.0018052546  -0.0012115948   0.0009067650  -0.0000130432
       -0.0022425422  -0.0030811286   0.0025651598   0.0030811410   0.0022425695
       -0.0000130510  -0.0009067238  -0.0021780253  -0.0005981404   0.0021780628
       -0.0086014190  -0.1704086739   0.0086010906   0.0307736571  -0.0238940957
        0.0237671699  -0.0081267385   0.0070444131   0.0024294588   0.0026717361
       -0.0052748104  -0.0026718109  -0.0024293475   0.0070443792   0.0081268012
       -0.0237675132  -0.0238937995  -0.0307735929   0.0003140057   0.0018716994
        0.0012625427   0.0007991825  -0.0020477093  -0.0022658275  -0.0021692481
        0.0006278398   0.0031800299  -0.0019396331  -0.0023062418  -0.0069999090
        0.0013859364   0.0046449660   0.0020497904   0.0004795442  -0.0038660262
       -0.0011646151  -0.0017698772  -0.0005582115   0.0035724782   0.0008548976
        0.0020970312  -0.0026212680   0.0002677689  -0.0021870281   0.0014744571
        0.0004929222   0.0038990979  -0.0018191185   0.0016220069  -0.0049010789
        0.0034175143  -0.0001668887   0.0022050688  -0.0091779084  -0.0021744748
       -0.0081652987  -0.0023070283   0.0065681543   0.0223698932   0.0047480919
        0.0103787834  -0.0139825526   0.0091530194  -0.0017055903   0.0057462752
       -0.0038596354
        0.0018445274   0.0007445002   0.0015299066  -0.0029002353  -0.0021954268
       -0.0019510786   0.0018673663   0.0001851152   0.0013530955  -0.0023744954
        0.0014662265  -0.0026903412   0.0004161439  -0.0002327051  -0.0012095885
        0.0006391943  -0.0003199042   0.0011443105  -0.0004596015  -0.0002462070
       -0.0010257335  -0.0003368114  -0.0002369099   0.0010905943  -0.0005833505
       -0.0027886488   0.0043389127   0.0000333628   0.0003491568  -0.0024678915
       -0.0007928570  -0.0008173029   0.0020475237   0.0020506411  -0.0004440355
       -0.0024783496  -0.0023721580  -0.0004159296   0.0034837023   0.0057412626
        0.0042823610  -0.0040218649   0.0007060976  -0.0058781454  -0.0014395657
       -0.0246677719   0.0054832473  -0.0161390436   0.0032791381   0.0006741214
       -0.0017848418  -0.0036072535   0.0028809929   0.0028261021   0.0013597909
       -0.0001934310   0.0009670945  -0.0010322646  -0.0000268404  -0.0012036789
        0.0012810734  -0.0003654134   0.0020970485  -0.0019545835  -0.0000328715
       -0.0014284861   0.0026212745   0.0002932299   0.0005154821  -0.0015940371
        0.0003647336  -0.0004156922  -0.0014327337   0.0006083109   0.0010993360
        0.0010252669  -0.0001702689  -0.0006710004  -0.0011879232   0.0006316179
       -0.0001919441   0.0011761689   0.0000152273   0.0000620349   0.0018131287
       -0.0021919283  -0.0032835584  -0.0015498523   0.0004930505   0.0019117986
        0.0006678588  -0.0007881444  -0.0019677463   0.0002932483   0.0003653767
        0.0015305412   0.0000301704  -0.0010563960  -0.0019808086   0.0001667745
        0.0017750031   0.0024121576   0.0124232898   0.0261364095  -0.0157259471
       -0.0105960829  -0.0007466451  -0.0113775903   0.0012004076  -0.0124230842
        0.0143774267  -0.0531470982  -0.0290608350  -0.0814983681   0.1565277518
       -0.0419250929   0.2896609278  -0.0560842882   0.0524730665  -0.1122871508
       -0.0005912587  -0.0000323583  -0.0013268524   0.0008948898  -0.0002528052
        0.0009658174  -0.0010875708   0.0002809372  -0.0008548716   0.0009889583
       -0.0002697542   0.0006812209  -0.0012981352   0.0007124980  -0.0006229936
        0.0009149256  -0.0004511073   0.0010092558   0.0010407251  -0.0011457651
        0.0014033573  -0.0005601568   0.0001308207  -0.0012267502   0.0009314013
        0.0005403678   0.0013036416  -0.0004357689   0.0003041689  -0.0008624724
       -0.0126320679   0.0108401961  -0.0497852697   0.0015797291   0.0120371406
        0.0050255005  -0.0010800333  -0.0026767984  -0.0030062667   0.0023060443
       -0.0000014331   0.0031410479  -0.0038154562  -0.0002934759  -0.0051721081
        0.0055821988  -0.0147604876   0.0032387701   0.0019995815   0.0006213044
       -0.0018541165  -0.0025546993  -0.0004237401   0.0011293843   0.0047842330
        0.0039065656  -0.0020566925  -0.0025082781  -0.0015971747   0.0065260862
        0.0018581077  -0.0001832096  -0.0034818655  -0.0021487798   0.0011023747
        0.0033244446  -0.0012665508   0.0018795551  -0.0006772641   0.0013610929
       -0.0012810440   0.0005154778  -0.0019891855   0.0015797126   0.0008326388
        0.0015496068  -0.0018191287  -0.0017329256  -0.0028841310   0.0039383385
        0.0012111338   0.0017749911  -0.0035422683   0.0022050943  -0.0025912926
        0.0021634585   0.0032571152  -0.0215749938  -0.0127432773  -0.0242429386
       -0.0009024962   0.0092130244  -0.0019185867   0.0018638290  -0.0044422157
       -0.0021557375
        0.0000631308   0.0011649357  -0.0050203147   0.0002006228  -0.0002512509
        0.0019648079   0.0010998681  -0.0003146422  -0.0018456693  -0.0013179525
       -0.0005677842   0.0016567980  -0.0009337053   0.0007885335   0.0007885304
        0.0003283428  -0.0004766517  -0.0005080097   0.0001245439   0.0007878832
        0.0007878701   0.0003283362  -0.0005079790  -0.0004766434   0.0018998045
        0.0003951744  -0.0014607937  -0.0015696361   0.0007153395   0.0012148753
        0.0015335974  -0.0005300023  -0.0005299852  -0.0015696292   0.0012148843
        0.0007153224   0.0018997954  -0.0014608009   0.0003951939  -0.0038905242
       -0.0000743341  -0.0000743492   0.0002006402   0.0019648047  -0.0002512505
        0.0000631064  -0.0050203038   0.0011649440  -0.0013179417   0.0016568020
       -0.0005677964   0.0010998527  -0.0018457089  -0.0003146247  -0.0004157140
       -0.0008520865  -0.0010322225  -0.0003078602   0.0010677475   0.0012835205
        0.0008326140  -0.0006677738  -0.0014744967  -0.0003982712   0.0012823102
        0.0019931840  -0.0005582427  -0.0010564114  -0.0018795477   0.0004211030
        0.0010910637   0.0015097745   0.0010742131   0.0007213831   0.0000573580
       -0.0014802081  -0.0011364782   0.0006599633   0.0008875525   0.0003709812
        0.0003651773  -0.0012113470  -0.0009394478  -0.0010425486  -0.0003982678
        0.0019931984   0.0012822798   0.0008325960  -0.0014745043  -0.0006678709
       -0.0003078385   0.0012835101   0.0010677459  -0.0004157191  -0.0010322238
       -0.0008520784   0.0004211017   0.0015097741   0.0010910576  -0.0005582536
       -0.0018795601  -0.0010564106  -0.0814992630  -0.0560844642   0.0233597920
       -0.0192107521  -0.0245291006   0.0028009536   0.0047789218   0.0007465917
        0.0007466436  -0.0192106395   0.0028009379  -0.0245291141  -0.0814989801
        0.0233594952  -0.0560842882   0.3291723779   0.1511765191   0.1511757679
        0.0006701368   0.0008360264   0.0008840014  -0.0005364763  -0.0005517443
       -0.0005517365   0.0006701369   0.0008840059   0.0008360203  -0.0009578572
       -0.0007165297  -0.0005892030   0.0015802695   0.0003182658   0.0003182654
       -0.0009578587  -0.0005892061  -0.0007165265  -0.0014802049   0.0006599545
       -0.0011363647   0.0010742173   0.0000573546   0.0007213793  -0.0012113500
       -0.0010425490  -0.0009394427   0.0008875484   0.0003651776   0.0003709750
        0.0088503852   0.0204268965   0.0001704021   0.0019958428  -0.0031559452
       -0.0011981282   0.0012826618   0.0022911634   0.0022930412  -0.0030539544
       -0.0004385890  -0.0028232813   0.0044147789  -0.0019282208   0.0019497288
       -0.0140653985   0.0012532065  -0.0116952495  -0.0030539542  -0.0028232856
       -0.0004385937   0.0012826555   0.0022930534   0.0022911680   0.0019958721
       -0.0011981268  -0.0031559454   0.0088503211   0.0001704210   0.0204270208
       -0.0140654318  -0.0116952483   0.0012532146   0.0044147855   0.0019497276
       -0.0019282157   0.0027359898  -0.0012822789  -0.0002583516  -0.0019051567
       -0.0000329045  -0.0000329129   0.0027359934  -0.0002583647  -0.0012822948
       -0.0032835847  -0.0016219697   0.0028841675   0.0062112590  -0.0037701160
       -0.0037701109  -0.0032835663   0.0028841559  -0.0016219712   0.0040848155
       -0.0054183267  -0.0208872753  -0.1370284653  -0.0735041075  -0.0735039926
        0.0040847608  -0.0208873292  -0.0054182984  -0.0021305470   0.0011350721
        0.0011349651
        0.0037928495   0.0046080224  -0.0050278475  -0.0024967515  -0.0010666621
        0.0015109511   0.0035240086  -0.0018428177  -0.0015906910  -0.0047039248
        0.0011661367  -0.0001203611  -0.0003202651   0.0012024600  -0.0000582872
        0.0006022354  -0.0012729194   0.0005833495   0.0003685032   0.0010655893
       -0.0000287651  -0.0007641079  -0.0013073766   0.0006483757   0.0019245801
       -0.0034830426   0.0015042080  -0.0019340237   0.0022757418  -0.0003851916
        0.0006277753  -0.0021502357   0.0012597635   0.0003405200   0.0023505145
       -0.0008829406   0.0003599456  -0.0037960854   0.0029446212  -0.0024368093
        0.0035395122  -0.0029114019   0.0032424427   0.0027016468   0.0025887965
       -0.0034031143  -0.0018798801  -0.0010124380   0.0021859643   0.0032827999
       -0.0016589179  -0.0023685688  -0.0014386322  -0.0001743165   0.0003647117
       -0.0018263256   0.0000268427  -0.0010677087   0.0019349344   0.0003704096
        0.0019891913  -0.0019677895   0.0002677755  -0.0025092200   0.0027359710
        0.0012027359   0.0017698713  -0.0019808213  -0.0012665613  -0.0009349242
        0.0024253667   0.0010910469  -0.0001787699   0.0019775370   0.0006230050
       -0.0010200639  -0.0021220939   0.0011743693   0.0000004970   0.0014519770
       -0.0004332478  -0.0004636958  -0.0015851334  -0.0006825851   0.0024235070
        0.0016412167  -0.0002583603  -0.0015797087  -0.0021870197   0.0007881461
        0.0012835101   0.0012718982  -0.0003704518  -0.0015940394  -0.0012036975
        0.0006586477   0.0021433352   0.0004210655  -0.0009349447  -0.0035724808
       -0.0006772427   0.0000301354  -0.0531472677  -0.1122865613   0.0512874350
       -0.0346439180  -0.0192101338  -0.0043954979   0.0029117773  -0.0113776663
        0.0105961385   0.0043958097   0.0153625223  -0.0028007961   0.0290612719
       -0.0889686781   0.0524730665   0.1511765191   0.3832489239  -0.0739201281
        0.0011508492   0.0011311514  -0.0007031911  -0.0006995176  -0.0012909842
        0.0006406012   0.0002646422   0.0017099040  -0.0002607151  -0.0007006505
       -0.0015025157   0.0008546866   0.0013002375   0.0011553653  -0.0011222374
       -0.0009721983  -0.0011691806   0.0006860672  -0.0012087346   0.0004952002
        0.0006421198   0.0019035689  -0.0013534738  -0.0011592219  -0.0014374063
       -0.0000536997   0.0003397086   0.0015470182   0.0004194336  -0.0011223281
        0.0129017893  -0.0304694234   0.0189805030  -0.0071859975  -0.0004904673
       -0.0049188513   0.0041578602  -0.0015155955  -0.0000014824  -0.0025391863
        0.0025075056  -0.0002479239   0.0029979880  -0.0032060167  -0.0024815826
       -0.0043156657   0.0024605688   0.0031394201  -0.0017496108  -0.0036939053
       -0.0014588226  -0.0022802848   0.0034858177   0.0041641380   0.0048349414
        0.0022415332  -0.0045397815  -0.0028070075  -0.0014964027   0.0324459342
       -0.0113307971  -0.0148882812  -0.0018897650   0.0015842347   0.0052113049
        0.0001386115   0.0025092314  -0.0003982772  -0.0024234960  -0.0014301582
       -0.0014284943   0.0019546091   0.0012026987   0.0016412302  -0.0019932159
       -0.0021918446  -0.0049010451   0.0039383244   0.0037700321   0.0001842724
       -0.0054760690  -0.0018129177   0.0012111787   0.0034175116   0.0029455771
        0.0097704189  -0.0150133767  -0.0788010413  -0.1075583289  -0.0497938739
       -0.0120102218  -0.0269997496  -0.0168227194  -0.0049468923  -0.0022420651
        0.0073703307
       -0.0034031312  -0.0010124536  -0.0018798726   0.0032424362   0.0025887972
        0.0027016512  -0.0023685785  -0.0001743330  -0.0014386697   0.0021859874
       -0.0016589147   0.0032828140  -0.0003202598  -0.0000582989   0.0012024472
       -0.0007640881   0.0006483733  -0.0013073502   0.0003684993  -0.0000287488
        0.0010655788   0.0006022532   0.0005834391  -0.0012729290   0.0003599496
        0.0029446248  -0.0037961054   0.0003405246  -0.0008829374   0.0023505152
        0.0006277692   0.0012597687  -0.0021502280  -0.0019340178  -0.0003851912
        0.0022757314   0.0019245830   0.0015042106  -0.0034830519  -0.0024368186
       -0.0029114080   0.0035395237  -0.0024967554   0.0015109424  -0.0010666851
        0.0037928441  -0.0050278392   0.0046080538  -0.0047039239  -0.0001203619
        0.0011661350   0.0035240216  -0.0015907908  -0.0018428153  -0.0015940564
        0.0006586614  -0.0012037169   0.0012834520  -0.0003704608   0.0012719362
       -0.0015796766   0.0007880416  -0.0021870248   0.0024235090  -0.0002583114
        0.0016411995  -0.0035724936   0.0000301969  -0.0006772496   0.0021433520
       -0.0009349613   0.0004210713   0.0019035755  -0.0011592406  -0.0013534692
       -0.0012087379   0.0006420851   0.0004951877   0.0015470104  -0.0011223399
        0.0004194405  -0.0014374137   0.0003397175  -0.0000537053  -0.0025092399
        0.0012027462   0.0027359773   0.0019892265   0.0002677787  -0.0019677713
       -0.0010677306   0.0003704188   0.0019349376   0.0003647136   0.0000268414
       -0.0018263227  -0.0009349255   0.0010910550   0.0024253640   0.0017698866
       -0.0012665797  -0.0019808287   0.0290615631   0.0524730789  -0.0889689466
        0.0043958615  -0.0028007254   0.0153625666   0.0029118174   0.0105960797
       -0.0113777244  -0.0346439484  -0.0043955468  -0.0192102053  -0.0531472193
        0.0512874865  -0.1122871508   0.1511757679  -0.0739201281   0.3832499744
        0.0002646360  -0.0002607075   0.0017098978  -0.0006995182   0.0006406026
       -0.0012909893   0.0011508464  -0.0007032020   0.0011311535  -0.0009721958
        0.0006860724  -0.0011691894   0.0013002376  -0.0011222415   0.0011553751
       -0.0007006454   0.0008546914  -0.0015025269  -0.0010200534   0.0011743429
       -0.0021219863  -0.0001787591   0.0006230132   0.0019775340  -0.0004636920
       -0.0006825937  -0.0015851348   0.0000004751  -0.0004332455   0.0014519687
       -0.0028069623   0.0324460721  -0.0014965810   0.0048349516  -0.0045397766
        0.0022415754  -0.0022802932   0.0041641525   0.0034857996  -0.0017496035
       -0.0014588348  -0.0036938960   0.0015842236   0.0001386308   0.0052113158
       -0.0113307918  -0.0018898005  -0.0148883316  -0.0025391932  -0.0002478972
        0.0025075121   0.0041578765  -0.0000015062  -0.0015156060  -0.0071860235
       -0.0049188421  -0.0004904403   0.0129019067   0.0189803780  -0.0304695428
       -0.0043156597   0.0031394649   0.0024605680   0.0029979905  -0.0024816214
       -0.0032060088   0.0012026971  -0.0019931547   0.0016412728  -0.0014301584
        0.0019546165  -0.0014285123   0.0025092429  -0.0024235081  -0.0003982412
       -0.0018129124   0.0034175346   0.0012111502   0.0037699475  -0.0054760914
        0.0001842869  -0.0021918034   0.0039382830  -0.0049010728  -0.0120102036
       -0.0168228220  -0.0269996867  -0.0788009024  -0.0497938627  -0.1075582442
        0.0029455862  -0.0150133052   0.0097705362  -0.0049468350   0.0073703859
       -0.0022422388
       -0.0010292799  -0.0005663833   0.0001474622   0.0010656777   0.0005648049
        0.0003994586  -0.0011484174   0.0003616952   0.0002538874   0.0011430822
       -0.0003933797   0.0002542815   0.0023986173  -0.0044559459  -0.0052236565
       -0.0043330079   0.0068390482  -0.0010299022  -0.0185494587  -0.0350736169
       -0.0031491052  -0.0035412489  -0.0000178281   0.0070348998  -0.0019743988
        0.0006952131   0.0008363984   0.0022922350  -0.0016786145  -0.0003474110
       -0.0041621197   0.0019357475   0.0020229176   0.0031175384  -0.0000427192
       -0.0022994528  -0.0020449544   0.0001409550   0.0012603860   0.0016994371
        0.0001940026  -0.0004084703   0.0012116427   0.0012730015   0.0010491649
       -0.0008675057  -0.0006919938  -0.0002958158   0.0014353936   0.0011022076
       -0.0005979634  -0.0010154718  -0.0006845988  -0.0002772907  -0.0030062271
        0.0024294407  -0.0038154613   0.0044147729  -0.0029980488   0.0015842343
       -0.0024784133   0.0021488394   0.0004795529   0.0022757406  -0.0007153426
        0.0008829343  -0.0020477196  -0.0004237560  -0.0003491562   0.0034858273
       -0.0000014801   0.0022930382   0.0008403101   0.0015341027  -0.0001587249
       -0.0018345364  -0.0024842325   0.0019258028   0.0014192752   0.0021937222
       -0.0003792768  -0.0022777065  -0.0023979521  -0.0010711644   0.0035395492
        0.0029114067   0.0000743298  -0.0040219585  -0.0019395668   0.0025083611
        0.0088500918  -0.0028072602  -0.0129021591  -0.0497853166  -0.0126320914
        0.0086003458  -0.0014963281   0.0001705390   0.0189804578  -0.0023063179
       -0.0042827552  -0.0015972018  -0.0008548849  -0.0010875741  -0.0002751434
        0.0011311844   0.0008359957   0.0002606990  -0.0014969029  -0.0007124672
        0.0000323796   0.0011553876   0.0011222304   0.0003182896  -0.0006230107
       -0.0014758546  -0.0005912587   0.0006701368   0.0011508492   0.0002646360
        0.2952447158   0.1771760430   0.0371501459  -0.0740790515  -0.0470805330
        0.0209369410   0.0138095695   0.0015399854   0.0070484700  -0.0106024996
       -0.0098318467   0.0016758791  -0.0178670079   0.0070485245  -0.0315367619
       -0.1233407726  -0.0510703571  -0.0487860534   0.0056088998  -0.0028311849
       -0.0004799258  -0.0036408888   0.0011679897   0.0041853883  -0.0004429055
       -0.0010275864  -0.0070454261  -0.0238982418  -0.0253410097   0.0066212387
        0.0002485571   0.0014324142   0.0011045890  -0.0000387885  -0.0014658185
       -0.0019536041   0.0010374263   0.0022994492   0.0022570909   0.0016729631
       -0.0030800420  -0.0027814038  -0.0019026472   0.0016786166   0.0014675327
        0.0010023391  -0.0019789060  -0.0013682548  -0.0009553299  -0.0015816920
       -0.0000696531   0.0016455934   0.0011045767   0.0004084532  -0.0008547913
       -0.0010660511  -0.0000318362   0.0008397518   0.0012139699   0.0002000575
       -0.0002904486  -0.0012352383  -0.0004158824   0.0002485474   0.0022086518
       -0.0001940116  -0.0032060234   0.0019281808   0.0001386282   0.0070443960
       -0.0026764602  -0.0002934848  -0.0015155666   0.0041641721  -0.0022911458
        0.0011293659  -0.0022658618  -0.0000333817  -0.0015696252   0.0019340557
       -0.0003404957   0.0033244445  -0.0020507652  -0.0011646346   0.0000041395
        0.0010790742  -0.0000520638  -0.0002714970  -0.0011097503  -0.0004968625
       -0.0006989461   0.0010409937   0.0001701045   0.0010636075  -0.0013639342
       -0.0007249399
       -0.0011097196  -0.0002714631   0.0004968631   0.0010790530   0.0000041269
        0.0000520697  -0.0013639062   0.0010636196   0.0007249331   0.0010409708
       -0.0006989565  -0.0001701107   0.0011679010  -0.0036408772  -0.0041852855
       -0.0028311044   0.0056089362   0.0004798938  -0.0253410785  -0.0238976347
       -0.0066208725  -0.0010274684  -0.0004428025   0.0070452715  -0.0019788629
        0.0010023640   0.0013682431   0.0016785637  -0.0019026564  -0.0014675145
       -0.0030799545   0.0016729997   0.0027813706   0.0022994198   0.0010373533
       -0.0022570855  -0.0014657986  -0.0000387530   0.0019536033   0.0014323955
        0.0002485244  -0.0011045874   0.0011022263   0.0014353564   0.0005979347
       -0.0006920193  -0.0008674706   0.0002958036   0.0012730092   0.0012116077
       -0.0010491740  -0.0006846100  -0.0010154408   0.0002773152  -0.0026763707
        0.0070443588   0.0002934639   0.0019281287  -0.0032059871  -0.0001386156
       -0.0020506968   0.0033244434   0.0011646038   0.0019340108  -0.0015696278
        0.0003404894  -0.0022658265   0.0011293857   0.0000333815   0.0041641138
       -0.0015155840   0.0022911335   0.0015340875   0.0008402863   0.0001587151
       -0.0023977145  -0.0022776546   0.0010711564   0.0021936985   0.0014192570
        0.0003792519  -0.0024842365  -0.0018345939  -0.0019257789   0.0029114234
        0.0035394766  -0.0000743886  -0.0042827574  -0.0023062056   0.0015972269
        0.0001702273  -0.0014965688  -0.0189804801  -0.0126320776  -0.0497851518
       -0.0086010011  -0.0028069098   0.0088502946   0.0129017669  -0.0019396302
       -0.0040218767  -0.0025083126  -0.0010875763  -0.0008548609   0.0002751538
        0.0011508564   0.0006700775  -0.0002646458  -0.0014758456  -0.0006229696
        0.0005912856   0.0011222227   0.0011553663  -0.0003182430  -0.0007124867
       -0.0014968775  -0.0000323583   0.0008360264   0.0011311514  -0.0002607075
        0.1771760430   0.2952406199  -0.0371508072  -0.0510705339  -0.1233392241
        0.0487863087   0.0070483624  -0.0178667780   0.0315366450  -0.0098318352
       -0.0106023224  -0.0016757573   0.0015401269   0.0138094372  -0.0070483178
       -0.0470803902  -0.0740782169  -0.0209362334   0.0068387374  -0.0043330160
        0.0010298688  -0.0044558458   0.0023986827   0.0052236650  -0.0000179475
       -0.0035413222  -0.0070348934  -0.0350735476  -0.0185488309   0.0031493926
        0.0001940326   0.0016994176   0.0004084581   0.0001409223  -0.0020449353
       -0.0012603479  -0.0000426440   0.0031175250   0.0022994165   0.0019356718
       -0.0041621325  -0.0020228937  -0.0016785635   0.0022922357   0.0003474077
        0.0006951758  -0.0019743969  -0.0008363819  -0.0015816922  -0.0009553011
        0.0000696640   0.0022086261   0.0002485209   0.0001940028  -0.0012352328
       -0.0002904313   0.0004158829   0.0012139666   0.0008397249  -0.0002000647
       -0.0010660527  -0.0008547711   0.0000318452   0.0011045805   0.0016455641
       -0.0004084566  -0.0029980039   0.0044147348  -0.0015842169   0.0024293980
       -0.0030061853   0.0038154269  -0.0000014501   0.0034857853  -0.0022929945
       -0.0004237807  -0.0020476974   0.0003491609  -0.0007153143   0.0022757259
       -0.0008829309   0.0021487854  -0.0024784230  -0.0004795543   0.0005648087
        0.0010656601  -0.0003994512  -0.0005664029  -0.0010292783  -0.0001474510
       -0.0003933573   0.0011430708  -0.0002542832   0.0003616734  -0.0011484148
       -0.0002538782
        0.0001306945   0.0005856620  -0.0012477773   0.0002771499   0.0004645480
        0.0013305549   0.0004507908  -0.0006727870  -0.0015796549   0.0005424670
       -0.0007078048   0.0014874080  -0.0003630316  -0.0000485624   0.0064236763
       -0.0033423275  -0.0022565510  -0.0048891609   0.0043060713   0.0013124213
        0.0166136908   0.0094168337   0.0101579264  -0.0167492789   0.0001819504
        0.0013993151  -0.0016353460   0.0003473932  -0.0014675018   0.0032689990
        0.0016864361   0.0023998792  -0.0037014364   0.0000426202  -0.0071012662
        0.0010374160  -0.0017291451   0.0024875850   0.0000244864   0.0009271326
       -0.0022086327   0.0016455859   0.0017212392  -0.0008401520  -0.0002181056
       -0.0016541288   0.0016542093  -0.0008818891   0.0008401255  -0.0017212752
       -0.0002181034  -0.0031362293   0.0031362923   0.0028685364  -0.0010802632
       -0.0081268391  -0.0051720638   0.0019498166   0.0024816121   0.0052112835
        0.0004439765  -0.0011023420  -0.0038660331   0.0003851876   0.0012148092
        0.0023505390   0.0007991865  -0.0025547288  -0.0024679063  -0.0022803089
        0.0041578935   0.0012826193  -0.0021584806   0.0021585083   0.0007616174
        0.0023173108  -0.0009751180  -0.0001394728  -0.0028129636   0.0028129583
       -0.0016092703   0.0009751148  -0.0023172092  -0.0001394614   0.0024367998
       -0.0024368835  -0.0038904977  -0.0057410332   0.0069999556   0.0065260910
       -0.0204273022  -0.0324459960  -0.0304691255   0.0108394434  -0.0108401208
       -0.1704088447   0.0324460737   0.0204267540  -0.0304695732  -0.0069998417
        0.0057411910   0.0065261332  -0.0002809264   0.0002809314  -0.0017083888
        0.0007031584  -0.0008839768   0.0017099009  -0.0009167807   0.0012981520
       -0.0013268584   0.0013002589  -0.0013002668   0.0015802103  -0.0012981527
        0.0009167997  -0.0013268524   0.0008840014  -0.0007031911   0.0017098978
        0.0371501459  -0.0371508072   0.4209141831   0.0155735637   0.0500646068
       -0.0839349678   0.0015400700   0.0293023325  -0.0178669679   0.0032557049
       -0.0032556060   0.0054208180  -0.0293023548  -0.0015399653  -0.0178666062
       -0.0500643103  -0.0155728207  -0.0839342577   0.0022564086   0.0033423031
       -0.0048891895   0.0000486384   0.0003630436   0.0064236165  -0.0101581065
       -0.0094167900  -0.0167491016  -0.0013120701  -0.0043057407   0.0166136766
        0.0022086310  -0.0009271621   0.0016455698  -0.0024875724   0.0017291888
        0.0000245040   0.0071012735  -0.0000427219   0.0010373494  -0.0023999349
       -0.0016863877  -0.0037013852   0.0014675355  -0.0003474142   0.0032689904
       -0.0013993315  -0.0001819279  -0.0016353259   0.0011883537  -0.0011883617
       -0.0020760454  -0.0009271494   0.0014324039   0.0016994267   0.0006019955
       -0.0009007561  -0.0017119260  -0.0002000652   0.0002000602   0.0017575972
        0.0009007527  -0.0006020007  -0.0017119288  -0.0014323979   0.0009271486
        0.0016994349  -0.0024815583  -0.0019497649   0.0052113142   0.0081267748
        0.0010801638  -0.0051721138  -0.0041578697   0.0022803179   0.0012826195
        0.0025547039  -0.0007992029  -0.0024679138  -0.0012147895  -0.0003851916
        0.0023505556   0.0011022891  -0.0004439845  -0.0038660266  -0.0004645502
       -0.0002771451   0.0013305713  -0.0005856767  -0.0001307426  -0.0012477696
        0.0007078134  -0.0005424782   0.0014874014   0.0006727655  -0.0004507956
       -0.0015796479
        0.0010337486   0.0004798664   0.0004706102  -0.0011645252  -0.0010308557
       -0.0010804475   0.0009076218   0.0003059539   0.0006850337  -0.0015559588
        0.0006530193  -0.0010629416  -0.0014125936   0.0115006986   0.0115006573
        0.0028243684  -0.0230959045   0.0010981079  -0.1587241347  -0.0792772990
       -0.0792771792   0.0028244465   0.0010984311  -0.0230959003   0.0028286776
       -0.0012576517  -0.0007056265  -0.0041621357   0.0030800339  -0.0016863994
        0.0096787884  -0.0044933426  -0.0044933239  -0.0041621478  -0.0016863876
        0.0030800396   0.0028286785  -0.0007056293  -0.0012576480  -0.0020760462
        0.0000696699   0.0000696629  -0.0011645318  -0.0010804380  -0.0010308548
        0.0010337449   0.0004706217   0.0004798626  -0.0015559594  -0.0010629297
        0.0006530191   0.0009076176   0.0006846694   0.0003059523   0.0050258449
        0.0237672262   0.0055822789  -0.0140653451   0.0043158085  -0.0113307883
        0.0034837503  -0.0018581791   0.0013859075  -0.0034830714  -0.0003951948
       -0.0029446246   0.0006278689   0.0039066095   0.0027886736   0.0022415264
       -0.0049189272  -0.0011981187   0.0017698312  -0.0020359651  -0.0001841525
       -0.0013795929   0.0007886761  -0.0011438676   0.0005432045  -0.0033934073
        0.0006965488  -0.0007245643   0.0023252591  -0.0003871191  -0.0034830723
       -0.0029446300  -0.0003951744   0.0034836573   0.0013859095  -0.0018581624
       -0.0140654104  -0.0113307611   0.0043158119   0.0050256905   0.0055822912
        0.0237673172   0.0022415531  -0.0011981265  -0.0049189272   0.0006278538
        0.0027887606   0.0039066291   0.0006812364   0.0008949072   0.0010057482
       -0.0011692117  -0.0005892049  -0.0008546902   0.0018052766   0.0004510976
        0.0004510800  -0.0011692099  -0.0008546879  -0.0005892064   0.0006812330
        0.0010057600   0.0008948898  -0.0005364763  -0.0006995176  -0.0006995182
       -0.0740790515  -0.0510705339   0.0155735637   0.3389482092   0.1248660303
        0.1248654541  -0.0740788167   0.0155732746  -0.0510704117  -0.0153131553
        0.0026212602  -0.0162236336   0.0054208690   0.0016757631   0.0016758064
       -0.0153132564  -0.0162236255   0.0026212558  -0.0013796141  -0.0011438518
        0.0007887305   0.0017698400  -0.0001841617  -0.0020359554  -0.0007245835
       -0.0003871130   0.0023252685   0.0005432322   0.0006965443  -0.0033934002
       -0.0002904503  -0.0009007533  -0.0010660445   0.0001541832   0.0011773414
        0.0017996773   0.0000244816  -0.0012603797  -0.0019536095  -0.0005828553
        0.0012576443   0.0017136368   0.0010023478  -0.0006952037  -0.0013993301
       -0.0005166004   0.0010369578   0.0011803195  -0.0005828466   0.0017136380
        0.0012576292   0.0000244722  -0.0019536166  -0.0012603756   0.0001541871
        0.0017996739   0.0011773228  -0.0002904494  -0.0010660469  -0.0009007533
       -0.0005165955   0.0011803203   0.0010369440   0.0010023411  -0.0013993408
       -0.0006951942   0.0025075022   0.0004385682  -0.0014588609  -0.0052748093
       -0.0000014625  -0.0000014149   0.0025074913  -0.0014588679   0.0004386089
       -0.0018541046   0.0012625673   0.0007928661   0.0015336168  -0.0006278034
       -0.0006277830  -0.0018541215   0.0007929243   0.0012625609   0.0004536248
       -0.0005410644  -0.0004396660   0.0001510588   0.0007543638   0.0007543581
        0.0004536274  -0.0004396598  -0.0005410555  -0.0010520062   0.0008603830
        0.0008603261
        0.0011885383   0.0004667725  -0.0008257329  -0.0010705577   0.0000881831
        0.0002806661   0.0015389914  -0.0012271150  -0.0011568578  -0.0010041312
        0.0005072064   0.0005768886   0.0005383610   0.0032109291   0.0048905598
       -0.0124708103  -0.0214783019  -0.0134194697  -0.0752571696  -0.0869671380
       -0.0260617437   0.0062620601   0.0052811258  -0.0209330134   0.0021617777
       -0.0005828781  -0.0019064908  -0.0019356643   0.0016729843   0.0023999122
        0.0044931878  -0.0013789599  -0.0052575235  -0.0020228986  -0.0037013744
        0.0027813819   0.0010981561   0.0007995655  -0.0017136229  -0.0011883472
       -0.0009553053   0.0015816854  -0.0003980495  -0.0015069785  -0.0006571128
        0.0001220988   0.0012708689  -0.0004966920  -0.0009766738  -0.0017064569
        0.0008843663  -0.0004677876   0.0018882265   0.0008429931   0.0120369541
       -0.0238940157   0.0147605260  -0.0012530903   0.0024605324   0.0018898834
        0.0023722757  -0.0034818899  -0.0020497953  -0.0019245778   0.0018998239
        0.0003599528   0.0031800099  -0.0020566948  -0.0005833722  -0.0045397891
       -0.0004904701  -0.0031558896  -0.0023939579  -0.0003765485   0.0001114811
        0.0030585515   0.0026094837  -0.0016989260  -0.0053624041  -0.0013389764
       -0.0023278141   0.0031524719   0.0018033852   0.0020708210  -0.0015042292
       -0.0037960728  -0.0014607634   0.0004160504   0.0046449529   0.0001831787
       -0.0116952753  -0.0148882856  -0.0031393088   0.0015796972   0.0032387333
        0.0307735442   0.0048349382   0.0019958501  -0.0071859788  -0.0021692207
        0.0043389644   0.0047842362   0.0009889617   0.0009658097  -0.0006589246
       -0.0009721845  -0.0009578730   0.0007006400   0.0012115718   0.0010092605
       -0.0009149806  -0.0006860923  -0.0015025130   0.0007165741   0.0002697490
        0.0016281913  -0.0002528052  -0.0005517443  -0.0012909842   0.0006406026
       -0.0470805330  -0.1233392241   0.0500646068   0.1248660303   0.3485522390
       -0.0720715657   0.0209366751  -0.0839346922   0.0487863005   0.0093165283
        0.0155833386  -0.0026211591   0.0032556073  -0.0106024057   0.0098318111
       -0.0296855789  -0.0153128436  -0.0093162720  -0.0052949830   0.0012123716
       -0.0009735758   0.0041672005  -0.0010215724  -0.0019937480  -0.0035813288
       -0.0004961009   0.0018978551   0.0041440515   0.0032308295  -0.0033350610
        0.0004158667  -0.0017119074  -0.0000318309  -0.0008587414   0.0021526550
        0.0011773231   0.0017291502  -0.0020449543  -0.0014658113  -0.0021617727
        0.0028286765   0.0010981758   0.0019788594  -0.0019743965   0.0001819322
       -0.0010369350   0.0016724839   0.0004068910   0.0019064948   0.0007995568
       -0.0007056174  -0.0024875740  -0.0000387501   0.0001409380   0.0014347654
        0.0001541508  -0.0008587617  -0.0012352165  -0.0008547555   0.0006019968
        0.0011803159   0.0007507570  -0.0004069122  -0.0013682504  -0.0016353211
        0.0008363973   0.0025391783  -0.0030539492   0.0017495932  -0.0026717592
        0.0031410448  -0.0023060604  -0.0002479315  -0.0036939084   0.0028233177
        0.0006213422   0.0018716893  -0.0008173174   0.0005299555  -0.0021502344
        0.0012597606  -0.0019995726   0.0020475335  -0.0003139940  -0.0006161817
       -0.0011097729   0.0006575200   0.0003460414   0.0009474116  -0.0001254384
        0.0005756837  -0.0011871255   0.0005313150  -0.0002771352   0.0010151588
       -0.0000756841
        0.0001220983  -0.0004966877   0.0012708733  -0.0003980354  -0.0006571138
       -0.0015069892  -0.0004677958   0.0008430272   0.0018883951  -0.0009766863
        0.0008843615  -0.0017064708   0.0005383533   0.0048905955   0.0032109179
        0.0062620424  -0.0209329665   0.0052810794  -0.0752570784  -0.0260617644
       -0.0869672247  -0.0124708225  -0.0134194167  -0.0214782498   0.0010981558
       -0.0017136255   0.0007995759  -0.0020228934   0.0027813714  -0.0037014009
        0.0044931982  -0.0052575441  -0.0013789493  -0.0019356711   0.0023999389
        0.0016729736   0.0021617927  -0.0019065059  -0.0005828708  -0.0011883367
        0.0015816995  -0.0009553170  -0.0010705481   0.0002806766   0.0000881872
        0.0011885492  -0.0008257366   0.0004667799  -0.0010041320   0.0005769032
        0.0005071968   0.0015390042  -0.0011569905  -0.0012271028   0.0015801521
        0.0307736676   0.0032386195  -0.0116952206  -0.0031393338  -0.0148883649
        0.0004159419   0.0001832248   0.0046449505  -0.0015042273  -0.0014608366
       -0.0037960604  -0.0021692313   0.0047842400   0.0043389100   0.0048349168
       -0.0071859800   0.0019958880   0.0041671937  -0.0019937584  -0.0010215563
       -0.0052950065  -0.0009736811   0.0012123772   0.0041440548  -0.0033350536
        0.0032308577  -0.0035813412   0.0018978532  -0.0004961212  -0.0019245634
        0.0003599745   0.0018998083   0.0023718366  -0.0020498314  -0.0034818664
       -0.0012530558   0.0018899258   0.0024605307   0.0120370968   0.0147604354
       -0.0238941243  -0.0045398088  -0.0031558878  -0.0004904506   0.0031800269
       -0.0005833924  -0.0020567098   0.0002697431  -0.0002527976   0.0016282002
       -0.0006860809   0.0007165716  -0.0015025248   0.0012115695  -0.0009149502
        0.0010092859  -0.0009721657   0.0007006363  -0.0009578841   0.0009889590
       -0.0006589266   0.0009658174  -0.0005517365   0.0006406012  -0.0012909893
        0.0209369410   0.0487863087  -0.0839349678   0.1248654541  -0.0720715657
        0.3485531681  -0.0470804395   0.0500645873  -0.1233397426  -0.0296856344
       -0.0093163278  -0.0153128847   0.0032556294   0.0098318100  -0.0106024659
        0.0093165719  -0.0026211015   0.0155834019   0.0030585572  -0.0016989086
        0.0026094567  -0.0023939822   0.0001114910  -0.0003765395   0.0031524883
        0.0020708258   0.0018033810  -0.0053624041  -0.0023278175  -0.0013389577
       -0.0012352240   0.0006020041  -0.0008547598   0.0014347834  -0.0008587780
        0.0001541572  -0.0024875738   0.0001409590  -0.0000387463   0.0019065047
       -0.0007056330   0.0007995557  -0.0013682482   0.0008364025  -0.0016353177
        0.0011803294  -0.0004069199   0.0007507766  -0.0021617904   0.0010981818
        0.0028286712   0.0017291479  -0.0014658231  -0.0020449406  -0.0008587488
        0.0011773249   0.0021526448   0.0004158639  -0.0000318367  -0.0017119060
       -0.0010369369   0.0004068987   0.0016724833   0.0019788631   0.0001819302
       -0.0019743889  -0.0002479358   0.0028232562  -0.0036939478  -0.0026717663
       -0.0023060561   0.0031411006   0.0025391691   0.0017495863  -0.0030539742
       -0.0019995884  -0.0003139915   0.0020475200   0.0005300325   0.0012597655
       -0.0021502098   0.0006213152  -0.0008173071   0.0018716999   0.0005756832
        0.0005312958  -0.0011871268   0.0003460379  -0.0001254417   0.0009474225
       -0.0006161806   0.0006575339  -0.0011097771  -0.0002771668  -0.0000755765
        0.0010152167
       -0.0008675071  -0.0002958174  -0.0006919929   0.0012116487   0.0010491666
        0.0012729857  -0.0010154797  -0.0002772760  -0.0006847205   0.0014353799
       -0.0005979585   0.0011021992   0.0023986100  -0.0052236487  -0.0044559221
       -0.0035412282   0.0070348693  -0.0000177219  -0.0185493500  -0.0031491661
       -0.0350735878  -0.0043330214  -0.0010300965   0.0068390267  -0.0020449537
        0.0012603872   0.0001409507   0.0031175312  -0.0022994555  -0.0000427239
       -0.0041621056   0.0020229251   0.0019357174   0.0022922327  -0.0003474059
       -0.0016786049  -0.0019743865   0.0008363983   0.0006952035   0.0016994363
       -0.0004084602   0.0001939974   0.0010656781   0.0003994697   0.0005648082
       -0.0010292710   0.0001474615  -0.0005663847   0.0011430878   0.0002542893
       -0.0003933810  -0.0011484082   0.0002541106   0.0003616865  -0.0497851983
        0.0086001018  -0.0126322077   0.0088500675  -0.0129021980  -0.0028072834
       -0.0040219485   0.0025083914  -0.0019395736   0.0035395362   0.0000742946
        0.0029114124  -0.0023063242  -0.0015971856  -0.0042823782  -0.0014962487
        0.0189803906   0.0001704841  -0.0036408812   0.0041853969   0.0011679642
        0.0056088936  -0.0004798317  -0.0028311620  -0.0238981359   0.0066212112
       -0.0253410492  -0.0004429369  -0.0070454510  -0.0010275743   0.0022757530
        0.0008829307  -0.0007153268  -0.0024784463   0.0004795560   0.0021488276
        0.0044147731   0.0015842398  -0.0029980473  -0.0030062549  -0.0038154683
        0.0024294189   0.0034858269   0.0022930343  -0.0000014710  -0.0020477110
       -0.0003491452  -0.0004237618  -0.0006230099  -0.0005912740  -0.0014758479
        0.0011553852   0.0003182968   0.0011222253  -0.0014968990   0.0000323639
       -0.0007124696   0.0011311903   0.0002607032   0.0008359915  -0.0008548822
       -0.0002751478  -0.0010875708   0.0006701369   0.0002646422   0.0011508464
        0.0138095695   0.0070483624   0.0015400700  -0.0740788167   0.0209366751
       -0.0470804395   0.2952442216   0.0371510509   0.1771758491  -0.1233407778
       -0.0487861302  -0.0510702991  -0.0178671317  -0.0315367265   0.0070485759
       -0.0106024561   0.0016758716  -0.0098318535  -0.0018345203   0.0019258058
       -0.0024842034   0.0008402959  -0.0001587186   0.0015341142  -0.0022776939
       -0.0010711641  -0.0023979500   0.0014192723  -0.0003792736   0.0021937382
        0.0008397458   0.0002000658   0.0012139707  -0.0008547759  -0.0000318419
       -0.0010660481   0.0016455941   0.0004084627   0.0011045844  -0.0009553170
       -0.0000696633  -0.0015816925   0.0002485413  -0.0001940011   0.0022086575
       -0.0002904378  -0.0004158902  -0.0012352265   0.0016729500  -0.0027814232
       -0.0030800243   0.0010374298   0.0022570917   0.0022994372  -0.0000387995
       -0.0019536141  -0.0014658094   0.0002485582   0.0011045954   0.0014324054
        0.0010023360  -0.0013682698  -0.0019788962  -0.0019026481   0.0014675446
        0.0016786079  -0.0015155842  -0.0022911569   0.0041641646   0.0070444095
       -0.0002935365  -0.0026767983  -0.0032060360   0.0001386582   0.0019281774
        0.0033244501  -0.0011646566  -0.0020506807  -0.0015696103  -0.0003404887
        0.0019340688   0.0011293598  -0.0000333728  -0.0022658521  -0.0006989493
        0.0001701013   0.0010409849  -0.0002714960  -0.0004968719  -0.0011097413
        0.0000041373  -0.0000520477   0.0010790793   0.0010636004  -0.0007250823
       -0.0013639530
       -0.0016541348  -0.0008818753   0.0016541992   0.0017212465  -0.0002181186
       -0.0008401573  -0.0031362244   0.0028685373   0.0031364731   0.0008401496
       -0.0002181101  -0.0017212822  -0.0003630139   0.0064236514  -0.0000486014
        0.0094168070  -0.0167492569   0.0101578038   0.0043060447   0.0166136555
        0.0013123716  -0.0033423151  -0.0048891451  -0.0022565250  -0.0017291604
        0.0000245077   0.0024875859   0.0000426553   0.0010373741  -0.0071012713
        0.0016864054  -0.0037014081   0.0023999101   0.0003474100   0.0032689855
       -0.0014675133   0.0001819299  -0.0016353325   0.0013993286   0.0009271368
        0.0016455698  -0.0022086530   0.0002771293   0.0013305738   0.0004645345
        0.0001306753  -0.0012477638   0.0005856637   0.0005424858   0.0014874118
       -0.0007078090   0.0004507760  -0.0015796660  -0.0006727998   0.0108391004
       -0.1704089456  -0.0108396386  -0.0204273383  -0.0304692525  -0.0324459128
       -0.0057411814   0.0065260849   0.0069999262   0.0024367980  -0.0038904911
       -0.0024368651  -0.0069998354   0.0065261388   0.0057413253   0.0324459967
       -0.0304695546   0.0204269424   0.0000486678   0.0064236128   0.0003630189
        0.0022564194  -0.0048891661   0.0033422923  -0.0013121239   0.0166136378
       -0.0043058194  -0.0101581108  -0.0167491382  -0.0094167635   0.0003851804
        0.0023505285   0.0012148612   0.0004441052  -0.0038660268  -0.0011023487
        0.0019497524   0.0052113198   0.0024815927  -0.0010801097  -0.0051720707
       -0.0081267812  -0.0022802932   0.0012826409   0.0041578845   0.0007991687
       -0.0024678449  -0.0025547178  -0.0012981507  -0.0013268250   0.0009167905
        0.0013002563   0.0015802135  -0.0013002685  -0.0009167854  -0.0013268363
        0.0012981519   0.0007031533   0.0017099117  -0.0008839838  -0.0002809342
       -0.0017083756   0.0002809372   0.0008840059   0.0017099040  -0.0007032020
        0.0015399854  -0.0178667780   0.0293023325   0.0155732746  -0.0839346922
        0.0500645873   0.0371510509   0.4209137742  -0.0371514798  -0.0500643746
       -0.0839342210  -0.0155727732  -0.0293023341  -0.0178665396  -0.0015399163
        0.0032557027   0.0054207883  -0.0032556247   0.0023173024  -0.0001394901
       -0.0009752008  -0.0021584765   0.0007616287   0.0021585021   0.0009751027
       -0.0001394790  -0.0023171973  -0.0028129789  -0.0016092566   0.0028129608
       -0.0002000548   0.0017576041   0.0002000507   0.0006019771  -0.0017119053
       -0.0009007387  -0.0009271468   0.0016994285   0.0014323933   0.0011883398
       -0.0020760389  -0.0011883389  -0.0014323992   0.0016994399   0.0009271320
        0.0009007313  -0.0017119161  -0.0006020017  -0.0023999280  -0.0037013795
       -0.0016863845   0.0071012843   0.0010373303  -0.0000427266  -0.0024875774
        0.0000245168   0.0017291838   0.0022086576   0.0016455682  -0.0009271758
       -0.0013993398  -0.0016353315  -0.0001819320   0.0014675434   0.0032689752
       -0.0003474291  -0.0041578503   0.0012826625   0.0022803219   0.0081267518
       -0.0051721881   0.0010800085  -0.0024815318   0.0052113284  -0.0019497096
        0.0011023159  -0.0038660260  -0.0004440218  -0.0012148760   0.0023505257
       -0.0003852170   0.0025547032  -0.0024679524  -0.0007991886   0.0007078234
        0.0014874127  -0.0005425039  -0.0005856779  -0.0012477603  -0.0001307476
       -0.0004645429   0.0013305805  -0.0002771389   0.0006727978  -0.0015796654
       -0.0004507058
       -0.0006920148   0.0002958041  -0.0008674789   0.0011022270   0.0005979440
        0.0014353561  -0.0006846028   0.0002773188  -0.0010156522   0.0012729870
       -0.0010491718   0.0012116226   0.0011678983  -0.0041853174  -0.0036408579
       -0.0010275076   0.0070453504  -0.0004426614  -0.0253410932  -0.0066209814
       -0.0238977112  -0.0028311157   0.0004798070   0.0056089538  -0.0014657944
        0.0019536057  -0.0000387665   0.0022994126  -0.0022570931   0.0010373961
       -0.0030799591   0.0027813970   0.0016729685   0.0016785561  -0.0014675304
       -0.0019026360  -0.0019788632   0.0013682522   0.0010023516   0.0014323886
       -0.0011045888   0.0002485424   0.0010790519   0.0000520638   0.0000041297
       -0.0011097219   0.0004968651  -0.0002714707   0.0010409619  -0.0001701174
       -0.0006989526  -0.0013639120   0.0007250741   0.0010636228  -0.0126324639
       -0.0086005460  -0.0497851860   0.0001703239  -0.0189803926  -0.0014964178
       -0.0042824163   0.0015972439  -0.0023062476   0.0029114124  -0.0000744050
        0.0035395140  -0.0019396051  -0.0025083156  -0.0040218256  -0.0028070308
        0.0129019524   0.0088501738  -0.0044558499   0.0052236704   0.0023986576
        0.0068387540   0.0010300766  -0.0043330221  -0.0350735416   0.0031493495
       -0.0185489310  -0.0000179134  -0.0070348591  -0.0035412648   0.0019340241
        0.0003404747  -0.0015696372  -0.0020503756   0.0011646291   0.0033244601
        0.0019281434  -0.0001386424  -0.0032060008  -0.0026767240   0.0002935031
        0.0070443806   0.0041641338   0.0022911234  -0.0015155982  -0.0022658342
        0.0000334117   0.0011293980  -0.0007124845  -0.0000323760  -0.0014968849
        0.0011222154  -0.0003182483   0.0011553730  -0.0014758485   0.0005912584
       -0.0006229865   0.0011508570  -0.0002646585   0.0006700807  -0.0010875808
        0.0002751546  -0.0008548716   0.0008360203  -0.0002607151   0.0011311535
        0.0070484700   0.0315366450  -0.0178669679  -0.0510704117   0.0487863005
       -0.1233397426   0.1771758491  -0.0371514798   0.2952415014  -0.0470803346
       -0.0209362007  -0.0740782606   0.0015401618  -0.0070482618   0.0138094809
       -0.0098318447  -0.0016757949  -0.0106023378  -0.0023977168   0.0010711707
       -0.0022776262   0.0015340877   0.0001587134   0.0008402852  -0.0024842384
       -0.0019257805  -0.0018345894   0.0021937251   0.0003792611   0.0014192617
        0.0012139569  -0.0002000717   0.0008397241  -0.0012352291   0.0004158807
       -0.0002904359   0.0022086335   0.0001939999   0.0002485217  -0.0015816922
        0.0000696632  -0.0009553119   0.0011045847  -0.0004084600   0.0016455681
       -0.0010660479   0.0000318426  -0.0008547701   0.0019356872  -0.0020229066
       -0.0041621246  -0.0000426737   0.0022994296   0.0031175267   0.0001409314
       -0.0012603658  -0.0020449458   0.0001940167   0.0004084584   0.0016994213
        0.0006951896  -0.0008363883  -0.0019744016  -0.0016785757   0.0003474126
        0.0022922371  -0.0000014492  -0.0022930337   0.0034857724   0.0024294023
        0.0038154162  -0.0030062744  -0.0029980189  -0.0015842125   0.0044147348
        0.0021487942  -0.0004795575  -0.0024783498  -0.0007152679  -0.0008829291
        0.0022757480  -0.0004237985   0.0003491831  -0.0020477048  -0.0003933669
       -0.0002542986   0.0011430670  -0.0005664022  -0.0001474571  -0.0010292826
        0.0005648066  -0.0003994476   0.0010656577   0.0003616572  -0.0002541018
       -0.0011484559
        0.0012708841   0.0004966597   0.0001220403  -0.0017064863  -0.0008843520
       -0.0009766783   0.0018882248  -0.0008430032  -0.0004677185  -0.0015069919
        0.0006571293  -0.0003980388  -0.0010215316   0.0019937844   0.0041672358
       -0.0004961760  -0.0018978404  -0.0035814406   0.0032309129   0.0033350289
        0.0041440814   0.0012123234   0.0009736982  -0.0052952046   0.0021526448
       -0.0011773455  -0.0008587663  -0.0020449403   0.0014658320   0.0017291914
        0.0028286749  -0.0010981930  -0.0021618383  -0.0019744009  -0.0001819233
        0.0019789090   0.0016724947  -0.0004069136  -0.0010369661  -0.0017119201
        0.0000318475   0.0004158884  -0.0011097993  -0.0006575109  -0.0006161723
        0.0009474223   0.0001254239   0.0003460404  -0.0011871312  -0.0005313187
        0.0005757015   0.0010151720   0.0000755685  -0.0002771572   0.0032384800
       -0.0307739378   0.0015797193   0.0019959914   0.0071860115   0.0048349510
        0.0043388898  -0.0047842693  -0.0021692843  -0.0037961182   0.0014607694
       -0.0015041882   0.0046449779  -0.0001832172   0.0004159254  -0.0148884942
        0.0031394260  -0.0116952586   0.0032109671  -0.0048906510   0.0005383101
       -0.0214780322   0.0134195502  -0.0124706185  -0.0869681314   0.0260625644
       -0.0752572254   0.0052814293   0.0209330252   0.0062621639  -0.0021502466
       -0.0012597759   0.0005299988   0.0020475413   0.0003139844  -0.0019996098
       -0.0030539332  -0.0017495706   0.0025392282   0.0031410696   0.0023060510
       -0.0026718187  -0.0036939461  -0.0028232762  -0.0002479242   0.0018717192
        0.0008172767   0.0006213222   0.0010092712   0.0009149339   0.0012115771
       -0.0015025556  -0.0007165055  -0.0006860593   0.0016282071   0.0002527830
        0.0002697475  -0.0012909942  -0.0006406138  -0.0005517574   0.0009658299
        0.0006589169   0.0009889583  -0.0009578572  -0.0007006505  -0.0009721958
       -0.0106024996  -0.0098318352   0.0032557049  -0.0153131553   0.0093165283
       -0.0296856344  -0.1233407778  -0.0500643746  -0.0470803346   0.3485554233
        0.0720702666   0.1248651969  -0.0839350625  -0.0487861654   0.0209370002
        0.0155835352   0.0026210747   0.0093164631   0.0018030718  -0.0020708333
        0.0031524744  -0.0003765712  -0.0001114846  -0.0023939697   0.0026095424
        0.0016989062   0.0030587240  -0.0013390091   0.0023278528  -0.0053624028
       -0.0008547836  -0.0006020053  -0.0012352202   0.0007507882   0.0004068998
        0.0011803142  -0.0016353477  -0.0008363939  -0.0013682468   0.0007995915
        0.0007056165   0.0019064949  -0.0000387753  -0.0001409425  -0.0024875841
        0.0001541882   0.0008587551   0.0014347830  -0.0013788878   0.0052575632
        0.0044932640  -0.0037014511  -0.0027813716  -0.0020228929   0.0007995864
        0.0017136217   0.0010981698  -0.0009553399  -0.0015816861  -0.0011883442
       -0.0005828417   0.0019064987   0.0021617993   0.0016729472  -0.0023999314
       -0.0019356976  -0.0004904663   0.0031559030  -0.0045398154  -0.0238940179
       -0.0147603790   0.0120372778   0.0024605479  -0.0018898885  -0.0012531572
       -0.0034818574   0.0020498406   0.0023721935   0.0018998311  -0.0003599827
       -0.0019245917  -0.0020566806   0.0005834023   0.0031800467   0.0005071883
       -0.0005769193  -0.0010041475   0.0004667816   0.0008257234   0.0011886066
        0.0000881665  -0.0002806479  -0.0010705512  -0.0012271060   0.0011569918
        0.0015390085
        0.0008256703   0.0004667647  -0.0011886012  -0.0005768897   0.0005072108
        0.0010041628   0.0011569656  -0.0012271179  -0.0015389886  -0.0002806231
        0.0000881698   0.0010705552  -0.0001114634  -0.0003765756   0.0023939357
       -0.0020708171   0.0018034134  -0.0031524337   0.0023278355  -0.0013390307
        0.0053623642   0.0016988971   0.0026094823  -0.0030586969   0.0008587412
        0.0001541687  -0.0014347742  -0.0001409086  -0.0000387745   0.0024875769
        0.0007055906   0.0007995673  -0.0019064760  -0.0008363791  -0.0016353377
        0.0013682437   0.0004068880   0.0007507745  -0.0011803117  -0.0006019907
       -0.0008547782   0.0012352263  -0.0005313184  -0.0011871303  -0.0005756919
        0.0001254741   0.0009474116  -0.0003460443  -0.0006575131  -0.0011097830
        0.0006161870   0.0000755662   0.0010151558   0.0002771461  -0.0147606824
       -0.0238937300  -0.0120370515   0.0031558768  -0.0004905400   0.0045397664
        0.0005833383  -0.0020566776  -0.0031800060  -0.0003599145   0.0018998313
        0.0019245858   0.0020497544  -0.0034818736  -0.0023721625  -0.0018897526
        0.0024605315   0.0012531814  -0.0048905983   0.0032110069  -0.0005383127
        0.0209330500   0.0052810405  -0.0062621636   0.0260625497  -0.0869678584
        0.0752575009   0.0134193471  -0.0214785385   0.0124706193  -0.0012597907
       -0.0021502186  -0.0005299826   0.0008172713   0.0018716898  -0.0006213223
       -0.0028232821  -0.0036938988   0.0002479437   0.0023060580   0.0031410278
        0.0026717876  -0.0017495930  -0.0030539052  -0.0025391874   0.0003139984
        0.0020475230   0.0019995917   0.0009149340   0.0010092472  -0.0012115861
       -0.0007006248  -0.0009578511   0.0009722041   0.0006589144   0.0009658071
       -0.0009889808  -0.0006406233  -0.0012909783   0.0005517679   0.0002527989
        0.0016281956  -0.0002697542  -0.0007165297  -0.0015025157   0.0006860724
       -0.0098318467  -0.0106023224  -0.0032556060   0.0026212602   0.0155833386
       -0.0093163278  -0.0487861302  -0.0839342210  -0.0209362007   0.0720702666
        0.3485526100  -0.1248669341  -0.0500644641  -0.1233392265   0.0470806332
        0.0093163636  -0.0153130423   0.0296854825  -0.0018977426  -0.0004961039
        0.0035814070   0.0019937379  -0.0010215705  -0.0041672096   0.0009737033
        0.0012123256   0.0052951465   0.0033350285   0.0032308278  -0.0041440674
        0.0000318326  -0.0017119120  -0.0004158691  -0.0004068977   0.0016724962
        0.0010369423  -0.0001819553  -0.0019744013  -0.0019788786  -0.0010981594
        0.0028286821   0.0021617973   0.0014657857  -0.0020449514  -0.0017291722
       -0.0011773178   0.0021526541   0.0008587406   0.0052575201  -0.0013789912
       -0.0044932805  -0.0023998635   0.0016730055   0.0019357069   0.0019064750
       -0.0005828826  -0.0021618022  -0.0015816704  -0.0009552904   0.0011883614
        0.0017136254   0.0007995546  -0.0010981898  -0.0027813955  -0.0037013652
        0.0020229246   0.0071859728   0.0019958508  -0.0048349462  -0.0307735426
        0.0032389346  -0.0015796887   0.0031393350  -0.0148883792   0.0116952742
       -0.0001831397   0.0046449598  -0.0004159570   0.0014607138  -0.0037960949
        0.0015041947  -0.0047841767   0.0043389378   0.0021692512  -0.0008843626
       -0.0017064523   0.0009766866   0.0004966796   0.0012708711  -0.0001220571
        0.0006571070  -0.0015069795   0.0003980497  -0.0008429675   0.0018882317
        0.0004676971
        0.0004706520  -0.0004798787   0.0010337396  -0.0010629335  -0.0006530008
       -0.0015559471   0.0006846485  -0.0003059385   0.0009076674  -0.0010804482
        0.0010308616  -0.0011645100  -0.0001841282   0.0020359554   0.0017698158
       -0.0003871501  -0.0023252317  -0.0007246203   0.0006965481   0.0033933667
        0.0005432026  -0.0011438825  -0.0007886647  -0.0013795709   0.0011773085
       -0.0017996746   0.0001541761  -0.0012603562   0.0019536087   0.0000244833
        0.0012576108  -0.0017136296  -0.0005828693  -0.0006951772   0.0013993403
        0.0010023455   0.0010369410  -0.0011803244  -0.0005166095  -0.0009007366
        0.0010660560  -0.0002904389  -0.0005410425   0.0004396737   0.0004536408
        0.0007543189  -0.0007543675   0.0001510539  -0.0004396487   0.0005410575
        0.0004536258   0.0008603686  -0.0008603785  -0.0010520045   0.0055821477
       -0.0237671360   0.0050256238  -0.0011980535   0.0049188807   0.0022415136
        0.0027886096  -0.0039065818   0.0006278316  -0.0029446344   0.0003951614
       -0.0034830151   0.0013859099   0.0018581452   0.0034836829  -0.0113308063
       -0.0043157215  -0.0140652147   0.0115005587  -0.0115006772  -0.0014127149
       -0.0230954259  -0.0010984378   0.0028246784  -0.0792773260   0.0792776359
       -0.1587225175   0.0010985881   0.0230956712   0.0028244455  -0.0006277545
        0.0006277922   0.0015336013   0.0007928426  -0.0012625613  -0.0018541063
        0.0004386439   0.0014588632   0.0025074727  -0.0000014560   0.0000014079
       -0.0052747926  -0.0014588159  -0.0004385803   0.0025074972   0.0012625396
       -0.0007928719  -0.0018541294   0.0004510943  -0.0004511045   0.0018052647
       -0.0008546929   0.0005892303  -0.0011691904   0.0010057423  -0.0008949035
        0.0006812387  -0.0006994912   0.0006995115  -0.0005364816   0.0008948963
       -0.0010057650   0.0006812209  -0.0005892030   0.0008546866  -0.0011691894
        0.0016758791  -0.0016757573   0.0054208180  -0.0162236336  -0.0026211591
       -0.0153128847  -0.0510702991  -0.0155727732  -0.0740782606   0.1248651969
       -0.1248669341   0.3389455882   0.0155736261   0.0510706485  -0.0740789644
        0.0026211285   0.0162235959  -0.0153131847   0.0023250018   0.0003871257
       -0.0007246618  -0.0020359432   0.0001841623   0.0017698615   0.0007886641
        0.0011438547  -0.0013796199  -0.0033933716  -0.0006965379   0.0005432825
       -0.0010660379   0.0009007559  -0.0002904262   0.0011803137  -0.0010369670
       -0.0005166200  -0.0013993044   0.0006952105   0.0010023676   0.0017136250
       -0.0012576495  -0.0005828846  -0.0019535947   0.0012603817   0.0000245192
        0.0017996755  -0.0011773511   0.0001541668  -0.0044932115   0.0044932824
        0.0096787849  -0.0016864321  -0.0030799898  -0.0041621092  -0.0007056050
        0.0012576268   0.0028286722   0.0000696443  -0.0000696532  -0.0020760277
       -0.0012576132   0.0007056103   0.0028286699   0.0030799832   0.0016863977
       -0.0041621311  -0.0049188771   0.0011981025   0.0022415879   0.0237673938
       -0.0055823243   0.0050254873   0.0043157284   0.0113307672  -0.0140653669
       -0.0018581342  -0.0013859161   0.0034836955  -0.0003951650   0.0029446284
       -0.0034830196   0.0039065974  -0.0027886801   0.0006278047   0.0006530010
        0.0010629212  -0.0015559458   0.0004798671  -0.0004706323   0.0010337387
       -0.0010308569   0.0010804524  -0.0011645038   0.0003059471  -0.0006846755
        0.0009076665
       -0.0012477706  -0.0005856642   0.0001307631   0.0014874239   0.0007078049
        0.0005424852  -0.0015796622   0.0006728261   0.0004507185   0.0013305759
       -0.0004645577   0.0002771261   0.0007615899  -0.0021585000  -0.0021584978
       -0.0001394579   0.0023172136   0.0009752029  -0.0016093073  -0.0028129738
       -0.0028129603  -0.0001394583   0.0009751078   0.0023172103  -0.0017119082
        0.0009007554   0.0006020137   0.0016994175  -0.0014324218  -0.0009271531
       -0.0020760176   0.0011883637   0.0011883548   0.0016994156  -0.0009271633
       -0.0014324063  -0.0017119026   0.0006019958   0.0009007590   0.0017576029
       -0.0002000734  -0.0002000674   0.0014874171   0.0005424787   0.0007078031
       -0.0012477668   0.0001307400  -0.0005856635   0.0013305868   0.0002771122
       -0.0004645555  -0.0015796569   0.0004507953   0.0006728056  -0.0051721461
        0.0081268610  -0.0010800260   0.0012826266  -0.0041578775  -0.0022803331
       -0.0024679228   0.0025547468   0.0007992032   0.0023505103  -0.0012149113
        0.0003851957  -0.0038660210   0.0011023906   0.0004440466   0.0052113218
       -0.0024816083   0.0019497286   0.0064236364   0.0000485883  -0.0003630550
       -0.0167492295  -0.0101578937   0.0094168964   0.0166136912  -0.0013123412
        0.0043059073  -0.0048891704   0.0022565646  -0.0033422834   0.0023505263
        0.0003851663  -0.0012148788  -0.0024678226   0.0007991977   0.0025547267
        0.0012826068  -0.0022803136  -0.0041578834  -0.0051720806  -0.0010800292
        0.0081268275   0.0052113449   0.0019497202  -0.0024816160  -0.0038660194
        0.0004441386   0.0011023632  -0.0013268498  -0.0012981433  -0.0009167667
        0.0017099157   0.0008839942   0.0007031746  -0.0017083871  -0.0002809293
       -0.0002809176   0.0017099208   0.0007031623   0.0008839958  -0.0013268498
       -0.0009167868  -0.0012981352   0.0015802695   0.0013002375   0.0013002376
       -0.0178670079   0.0015401269  -0.0293023548   0.0054208690   0.0032556073
        0.0032556294  -0.0178671317  -0.0293023341   0.0015401618  -0.0839350625
       -0.0500644641   0.0155736261   0.4209149423   0.0371490033   0.0371487697
       -0.0839348242   0.0155733829  -0.0500643788  -0.0167491718   0.0094168961
       -0.0101577652   0.0064236155  -0.0003630619   0.0000485975  -0.0048891795
       -0.0033422817   0.0022565286   0.0166136956   0.0043058018  -0.0013122382
        0.0016455955   0.0009271438   0.0022086367  -0.0016353402   0.0001819345
       -0.0013993214   0.0032690054   0.0003473931   0.0014674974  -0.0037013936
        0.0016864052  -0.0023999068   0.0010373979   0.0000427026   0.0071012730
        0.0000244821  -0.0017291918  -0.0024875794  -0.0037014140  -0.0023998711
        0.0016864296   0.0032690023   0.0014674967   0.0003473963  -0.0016353552
       -0.0013993149   0.0001819579   0.0016456031   0.0022086433   0.0009271442
        0.0000244726  -0.0024875858  -0.0017291702   0.0010374144   0.0071012841
        0.0000426761  -0.0304693319  -0.0204267572   0.0324462001  -0.1704086378
        0.0108404840   0.0108403478  -0.0304691912   0.0324462073  -0.0204269117
        0.0065260162  -0.0069999478  -0.0057412941  -0.0038904521   0.0024368718
        0.0024368552   0.0065260077  -0.0057413070  -0.0069999192  -0.0002180911
        0.0017212666   0.0008401514  -0.0008819166  -0.0016541981  -0.0016541830
       -0.0002180929   0.0008401720   0.0017212651   0.0028684822  -0.0031362808
       -0.0031364674
       -0.0004968152  -0.0002714736   0.0011097377   0.0001700682  -0.0006989616
       -0.0010409800  -0.0007250491   0.0010636073   0.0013639396  -0.0000520692
        0.0000041345  -0.0010790792  -0.0001587254   0.0008403120  -0.0015340984
        0.0019258031  -0.0018346225   0.0024841806  -0.0003792547   0.0014192865
       -0.0021937017  -0.0010711629  -0.0022776645   0.0023979323  -0.0004158707
       -0.0002904282   0.0012352153  -0.0001940263   0.0002485417  -0.0022086379
       -0.0000696481  -0.0009553074   0.0015816805   0.0004084616   0.0016455820
       -0.0011045821  -0.0000318314  -0.0008547603   0.0010660372   0.0002000496
        0.0008397294  -0.0012139711   0.0002543000   0.0011430746   0.0003933586
        0.0001474212  -0.0010292759   0.0005664005   0.0003994604   0.0010656704
       -0.0005648054   0.0002541080  -0.0011484100  -0.0003616847  -0.0002934049
        0.0070443299   0.0026767686  -0.0022912195  -0.0015155467  -0.0041641043
       -0.0000333289   0.0011293503   0.0022658256  -0.0003405328  -0.0015696000
       -0.0019340531  -0.0011645738   0.0033244531   0.0020506540   0.0001385678
       -0.0032059959  -0.0019281841   0.0041852485  -0.0036409176  -0.0011679496
       -0.0070451993  -0.0004427531   0.0010274941   0.0066209087  -0.0238978755
        0.0253409980  -0.0004797127   0.0056089385   0.0028311551   0.0008829310
        0.0022757441   0.0007153132  -0.0003491381  -0.0020476965   0.0004237547
        0.0022930477   0.0034858087   0.0000014755  -0.0038154580  -0.0030062000
       -0.0024294313   0.0015842511   0.0044147448   0.0029980299   0.0004795579
       -0.0024784602  -0.0021488198  -0.0005912617  -0.0006229813   0.0014758563
        0.0002646332   0.0006701046  -0.0011508575  -0.0002751359  -0.0008548679
        0.0010875822   0.0002606882   0.0011311665  -0.0008360178   0.0000323873
       -0.0014968764   0.0007124980   0.0003182658   0.0011553653  -0.0011222415
        0.0070485245   0.0138094372  -0.0015399653   0.0016757631  -0.0106024057
        0.0098318100  -0.0315367265  -0.0178665396  -0.0070482618  -0.0487861654
       -0.1233392265   0.0510706485   0.0371490033   0.2952415866  -0.1771764295
        0.0209367690  -0.0740786852   0.0470805962   0.0070349313  -0.0035413914
        0.0000178085  -0.0052236394   0.0023986860   0.0044559225  -0.0010301276
       -0.0043329963  -0.0068389920  -0.0031493116  -0.0185490454   0.0350735902
       -0.0004084489   0.0016994192  -0.0001940229   0.0008363855  -0.0019743880
       -0.0006951765  -0.0003473994   0.0022922318   0.0016785751   0.0020228983
       -0.0041621405  -0.0019356728  -0.0022994182   0.0031175411   0.0000426502
        0.0012603533  -0.0020449412  -0.0001409210  -0.0027813431   0.0016730052
        0.0030799881   0.0014674795  -0.0019026773  -0.0016785962  -0.0013682322
        0.0010023670   0.0019788815   0.0011045707   0.0002485153  -0.0014324130
       -0.0019536047  -0.0000387514   0.0014658277   0.0022570677   0.0010373175
       -0.0022994383  -0.0129016730   0.0088504180   0.0028069594   0.0086014759
       -0.0497852658   0.0126320454   0.0189806304  -0.0014967776  -0.0001703044
       -0.0015972567  -0.0023062040   0.0042824391   0.0000743589   0.0035394763
       -0.0029114380   0.0025082838  -0.0040218841   0.0019396444   0.0010491725
        0.0012115994  -0.0012730042  -0.0002958070  -0.0008674712   0.0006920135
       -0.0005979404   0.0014353609  -0.0011022076  -0.0002773138  -0.0010154399
        0.0006847552
        0.0001474301   0.0005663975  -0.0010292893   0.0002543083   0.0003933710
        0.0011430670   0.0002541105  -0.0003616761  -0.0011484611   0.0003994467
       -0.0005648041   0.0010656683  -0.0001587297  -0.0015340875   0.0008403245
       -0.0010711775   0.0023979351  -0.0022776507  -0.0003792675  -0.0021937128
        0.0014192938   0.0019258016   0.0024842094  -0.0018346356  -0.0000318209
        0.0010660359  -0.0008547788   0.0004084510  -0.0011045764   0.0016455871
       -0.0000696339   0.0015816778  -0.0009553333  -0.0001940381  -0.0022086366
        0.0002485518  -0.0004158592   0.0012352199  -0.0002904434   0.0002000556
       -0.0012139572   0.0008397401   0.0001700792  -0.0010409780  -0.0006989491
       -0.0004968057   0.0011097491  -0.0002714829  -0.0000520779  -0.0010790720
        0.0000041341  -0.0007250458   0.0013639264   0.0010636182  -0.0038154420
       -0.0024294588  -0.0030062637   0.0022930912   0.0000014840   0.0034857967
       -0.0003491706   0.0004237681  -0.0020477172   0.0008829364   0.0007152844
        0.0022757502   0.0004795563  -0.0021488336  -0.0024783536   0.0015842405
        0.0029980420   0.0044147461  -0.0052236534   0.0044559505   0.0023986684
        0.0070349261   0.0000178809  -0.0035413544  -0.0031492088   0.0350736125
       -0.0185492544  -0.0010301423  -0.0068390301  -0.0043329889  -0.0003405226
       -0.0019340560  -0.0015696228  -0.0000333672   0.0022658381   0.0011293617
       -0.0022911976  -0.0041641314  -0.0015155418  -0.0002933945   0.0026767812
        0.0070443373   0.0001385645  -0.0019282004  -0.0032060015  -0.0011645799
        0.0020504180   0.0033244683   0.0000323899   0.0007124903  -0.0014968896
        0.0002606961  -0.0008360153   0.0011311636  -0.0002751349   0.0010875837
       -0.0008548843   0.0002646445  -0.0011508589   0.0006701080  -0.0005912604
        0.0014758622  -0.0006229936   0.0003182654  -0.0011222374   0.0011553751
       -0.0315367619  -0.0070483178  -0.0178666062   0.0016758064   0.0098318111
       -0.0106024659   0.0070485759  -0.0015399163   0.0138094809   0.0209370002
        0.0470806332  -0.0740789644   0.0371487697  -0.1771764295   0.2952429621
       -0.0487860824   0.0510705831  -0.1233397400  -0.0070452548   0.0010275455
       -0.0004425797   0.0041852712  -0.0011679722  -0.0036409058  -0.0004797216
        0.0028311892   0.0056089627   0.0066210443   0.0253409729  -0.0238980586
        0.0011045628  -0.0014324089   0.0002485293  -0.0013682259   0.0019788898
        0.0010023576   0.0014674868  -0.0016785973  -0.0019026602  -0.0027813515
        0.0030800121   0.0016729888   0.0022570750  -0.0022994439   0.0010373580
       -0.0019535962   0.0014658336  -0.0000387515   0.0020229027  -0.0019357174
       -0.0041621457  -0.0003474065   0.0016785936   0.0022922372   0.0008363937
       -0.0006951998  -0.0019744072  -0.0004084643  -0.0001940152   0.0016994271
        0.0012603705  -0.0001409328  -0.0020449511  -0.0022994301   0.0000426778
        0.0031175504   0.0189806089  -0.0001704553  -0.0014967059   0.0086012629
        0.0126323151  -0.0497854176  -0.0129018222   0.0028070574   0.0088503215
        0.0025082970   0.0019396124  -0.0040218422   0.0000744102  -0.0029114197
        0.0035395283  -0.0015972605   0.0042824760  -0.0023062380  -0.0005979534
       -0.0011022152   0.0014353751  -0.0002958061   0.0006920112  -0.0008674771
        0.0010491674  -0.0012729964   0.0012116096  -0.0002773320   0.0006846281
       -0.0010156418
        0.0009474219   0.0003460407   0.0001254240  -0.0011097943  -0.0006161707
       -0.0006575139   0.0010151704  -0.0002771552   0.0000756754  -0.0011871327
        0.0005757024  -0.0005313232  -0.0010215245   0.0041672445   0.0019937660
        0.0012123057  -0.0052951990   0.0009736075   0.0032309101   0.0041440646
        0.0033350464  -0.0004961656  -0.0035813587  -0.0018978393   0.0016724873
       -0.0010369688  -0.0004069026  -0.0019743914   0.0019789016  -0.0001819302
        0.0028286688  -0.0021618299  -0.0010981884  -0.0020449449   0.0017291943
        0.0014658340   0.0021526470  -0.0008587781  -0.0011773395  -0.0017119204
        0.0004158915   0.0000318413  -0.0017064986  -0.0009766752  -0.0008843563
        0.0012708808   0.0001220416   0.0004966586  -0.0015069856  -0.0003980351
        0.0006571288   0.0018882260  -0.0004678051  -0.0008430106   0.0031410275
       -0.0026718258   0.0023060597  -0.0030539009   0.0025392438  -0.0017495936
        0.0020475314  -0.0019996196   0.0003139948  -0.0021502530   0.0005299833
       -0.0012597667   0.0018717221   0.0006213137   0.0008173083  -0.0036939472
       -0.0002479155  -0.0028232793  -0.0003765721  -0.0023939601  -0.0001114762
        0.0018030910   0.0031524484  -0.0020708545  -0.0013390450  -0.0053623902
        0.0023278600   0.0026095439   0.0030587151   0.0016988997  -0.0037961219
       -0.0015042056   0.0014608057   0.0043389467  -0.0021693007  -0.0047842683
        0.0019959396   0.0048350008   0.0071859986   0.0032385675   0.0015794919
       -0.0307739344  -0.0148885229  -0.0116952444   0.0031394190   0.0046449753
        0.0004160288  -0.0001831916   0.0009658341   0.0009889639   0.0006589109
       -0.0012910010  -0.0005517564  -0.0006406069   0.0016282068   0.0002697496
        0.0002527733  -0.0015025541  -0.0006860645  -0.0007165051   0.0010092688
        0.0012115813   0.0009149256  -0.0009578587  -0.0009721983  -0.0007006454
       -0.1233407726  -0.0470803902  -0.0500643103  -0.0153132564  -0.0296855789
        0.0093165719  -0.0106024561   0.0032557027  -0.0098318447   0.0155835352
        0.0093163636   0.0026211285  -0.0839348242   0.0209367690  -0.0487860824
        0.3485556099   0.1248656483   0.0720696144  -0.0214781560  -0.0124705119
        0.0134196682   0.0032110045   0.0005382869  -0.0048906751   0.0052813809
        0.0062622109   0.0209330908  -0.0869684840  -0.0752573910   0.0260629661
       -0.0009553381  -0.0011883535  -0.0015816855   0.0007995844   0.0010981845
        0.0017136283  -0.0037014422  -0.0020229085  -0.0027813796  -0.0013789033
        0.0044933074   0.0052575520   0.0016729618  -0.0019357228  -0.0023999153
       -0.0005828479   0.0021618150   0.0019064922   0.0007995960   0.0019064964
        0.0007056083  -0.0016353555  -0.0013682420  -0.0008363909   0.0007507843
        0.0011803079   0.0004068952  -0.0008547808  -0.0012352174  -0.0006019988
        0.0001541905   0.0014347776   0.0008587449  -0.0000387860  -0.0024875813
       -0.0001409281   0.0024605610  -0.0012532327  -0.0018898503  -0.0238938760
        0.0120371774  -0.0147605122  -0.0004905026  -0.0045397698   0.0031559569
       -0.0020566397   0.0031800499   0.0005833616   0.0018998054  -0.0019246232
       -0.0003599529  -0.0034818726   0.0023723559   0.0020498137   0.0000881614
       -0.0010705593  -0.0002806548   0.0004667823   0.0011886067   0.0008257200
        0.0005071931  -0.0010041437  -0.0005769011  -0.0012270949   0.0015390214
        0.0011568572
        0.0007543166   0.0001510483  -0.0007543588  -0.0005410459   0.0004536390
        0.0004396718   0.0008603646  -0.0010520153  -0.0008603173  -0.0004396402
        0.0004536308   0.0005410522  -0.0001841225   0.0017698156   0.0020359289
       -0.0011438718  -0.0013795730  -0.0007887078   0.0006965460   0.0005432220
        0.0033933565  -0.0003871405  -0.0007245770  -0.0023252275   0.0010369357
       -0.0005166163  -0.0011803121  -0.0006951676   0.0010023465   0.0013993260
        0.0012576031  -0.0005828706  -0.0017136186  -0.0012603472   0.0000244936
        0.0019536007   0.0011773110   0.0001541625  -0.0017996682  -0.0009007369
       -0.0002904364   0.0010660462  -0.0010629365  -0.0015559412  -0.0006529983
        0.0004706568   0.0010337299  -0.0004798795  -0.0010804330  -0.0011645031
        0.0010308636   0.0006846561   0.0009076027  -0.0003059588  -0.0000015336
       -0.0052747706   0.0000014388   0.0004386223   0.0025074761   0.0014588476
        0.0007928853  -0.0018541224  -0.0012625440  -0.0006277620   0.0015336172
        0.0006277794   0.0012625315  -0.0018541175  -0.0007928566  -0.0014588087
        0.0025074929  -0.0004386009  -0.0020359281   0.0017698540   0.0001841478
        0.0023249870  -0.0007245989   0.0003871223  -0.0033933705   0.0005432756
       -0.0006965406   0.0007886522  -0.0013796005   0.0011438597  -0.0029446335
       -0.0034830120   0.0003952024   0.0027886995   0.0006278077  -0.0039065943
       -0.0011980844   0.0022415600   0.0049188467   0.0055821036   0.0050254247
       -0.0237671722  -0.0113307905  -0.0140651871  -0.0043156961   0.0013859125
        0.0034836317   0.0018581428   0.0008949019   0.0006812131  -0.0010057555
       -0.0006994983  -0.0005364727   0.0006995182   0.0010057495   0.0006812151
       -0.0008949237  -0.0008546960  -0.0011691806   0.0005892353   0.0004511039
        0.0018052546  -0.0004511073  -0.0005892061  -0.0011691806   0.0008546914
       -0.0510703571  -0.0740782169  -0.0155728207  -0.0162236255  -0.0153128436
       -0.0026211015   0.0016758716   0.0054207883  -0.0016757949   0.0026210747
       -0.0153130423   0.0162235959   0.0155733829  -0.0740786852   0.0510705831
        0.1248656483   0.3389442824  -0.1248668100  -0.0230953088   0.0028247094
       -0.0010981167   0.0115005612  -0.0014127808  -0.0115006390   0.0010985896
        0.0028245542   0.0230955487  -0.0792775036  -0.1587217077   0.0792776926
        0.0000696468  -0.0020760255  -0.0000696439  -0.0007055959   0.0028286739
        0.0012576168  -0.0016864287  -0.0041621151  -0.0030799718  -0.0044931798
        0.0096787877   0.0044932320   0.0030799612  -0.0041621239   0.0016864044
       -0.0012576068   0.0028286698   0.0007055983   0.0017136155  -0.0005828773
       -0.0012576274  -0.0013993041   0.0010023662   0.0006951945   0.0011803037
       -0.0005166208  -0.0010369459  -0.0010660303  -0.0002904180   0.0009007528
        0.0017996649   0.0001541558  -0.0011773340  -0.0019535962   0.0000245222
        0.0012603727   0.0043157009  -0.0140652724   0.0113307785   0.0237673382
        0.0050254423  -0.0055822675  -0.0049188450   0.0022416094   0.0011981255
        0.0039066025   0.0006277947  -0.0027886826  -0.0003952284  -0.0034830163
        0.0029446211  -0.0018581164   0.0034837382  -0.0013859153  -0.0010308576
       -0.0011644888   0.0010804483   0.0004798729   0.0010337332  -0.0004706245
        0.0006529965  -0.0015559378   0.0010629373   0.0003059679   0.0009076066
       -0.0006850470
        0.0001254774  -0.0003460427   0.0009474217  -0.0005313048  -0.0005756875
       -0.0011871310   0.0000755663   0.0002771775   0.0010152117  -0.0006575316
        0.0006161794  -0.0011097805  -0.0001114653   0.0023939524  -0.0003765658
        0.0016988731  -0.0030586931   0.0026094565   0.0023278466   0.0053623538
       -0.0013390459  -0.0020708432  -0.0031524244   0.0018034287   0.0004068911
       -0.0011803174   0.0007507862  -0.0008363890   0.0013682411  -0.0016353385
        0.0007056005  -0.0019064885   0.0007995697  -0.0001409222   0.0024875795
       -0.0000387751   0.0008587459  -0.0014347904   0.0001541788  -0.0006019845
        0.0012352347  -0.0008547718  -0.0005768864   0.0010041613   0.0005072129
        0.0008256705  -0.0011886127   0.0004667720  -0.0002806411   0.0010705550
        0.0000881617   0.0011569642  -0.0015390144  -0.0012270937   0.0023060614
        0.0026718018   0.0031410400  -0.0028232232   0.0002479414  -0.0036939368
        0.0008172924  -0.0006212913   0.0018716991  -0.0012597832  -0.0005300408
       -0.0021502039   0.0003140040   0.0019995964   0.0020475007  -0.0017496089
       -0.0025391982  -0.0030538951   0.0019937309  -0.0041672114  -0.0010215474
       -0.0018977385   0.0035813378  -0.0004961140   0.0033350397  -0.0041440540
        0.0032308533   0.0009737183   0.0052951650   0.0012123137  -0.0003599046
        0.0019246009   0.0018997919   0.0005833179  -0.0031800315  -0.0020566393
        0.0031559305   0.0045397429  -0.0004905525  -0.0147607269  -0.0120370958
       -0.0238936967  -0.0018897557   0.0012532253   0.0024605375   0.0020497595
       -0.0023718847  -0.0034818846   0.0002527910  -0.0002697481   0.0016282013
       -0.0006406121   0.0005517589  -0.0012909895   0.0006589035  -0.0009889626
        0.0009658402  -0.0007006126   0.0009721899  -0.0009578640   0.0009149236
       -0.0012115948   0.0010092558  -0.0007165265   0.0006860672  -0.0015025269
       -0.0487860534  -0.0209362334  -0.0839342577   0.0026212558  -0.0093162720
        0.0155834019  -0.0098318535  -0.0032556247  -0.0106023378   0.0093164631
        0.0296854825  -0.0153131847  -0.0500643788   0.0470805962  -0.1233397400
        0.0720696144  -0.1248668100   0.3485537259   0.0209330696  -0.0062621931
        0.0052809462  -0.0048906566  -0.0005382821   0.0032110323   0.0134194122
        0.0124705251  -0.0214786098   0.0260629742   0.0752575754  -0.0869682988
       -0.0015816875   0.0011883670  -0.0009553065   0.0019064827  -0.0021618361
       -0.0005828827  -0.0023998693   0.0019357372   0.0016730029   0.0052575284
       -0.0044933326  -0.0013789950  -0.0027813908   0.0020229312  -0.0037013835
        0.0017136358  -0.0010982048   0.0007995646  -0.0010981610   0.0021618070
        0.0028286710  -0.0001819565  -0.0019788793  -0.0019743824  -0.0004068934
        0.0010369465   0.0016724848   0.0000318242  -0.0004158756  -0.0017119087
       -0.0011773131   0.0008587601   0.0021526467   0.0014657980  -0.0017291704
       -0.0020449434   0.0031393546   0.0116952054  -0.0148884884  -0.0307736622
       -0.0015799168   0.0032389090   0.0071859596  -0.0048349748   0.0019958356
       -0.0047842085   0.0021692765   0.0043389397   0.0014608250   0.0015042111
       -0.0037960853  -0.0001831716  -0.0004159522   0.0046449562   0.0006571097
        0.0003980311  -0.0015069854   0.0004966729  -0.0001220588   0.0012708713
       -0.0008843644   0.0009766950  -0.0017064797  -0.0008430079   0.0004677919
        0.0018884011
        0.0007730990   0.0002879184   0.0000146155  -0.0008895803  -0.0004639700
       -0.0004035982   0.0008052462  -0.0002819822  -0.0000146626  -0.0008674424
        0.0003771164  -0.0003784346  -0.0004161317   0.0016647209   0.0005378186
        0.0006743364  -0.0018819442   0.0004829132   0.0010625896   0.0022578056
        0.0002617259  -0.0008894925  -0.0019386574   0.0002876699   0.0009474085
       -0.0007543331  -0.0001254725  -0.0010292614   0.0011097286  -0.0001306864
        0.0010337285  -0.0011885533  -0.0001221006  -0.0008674792   0.0016541407
        0.0006920215   0.0012708670  -0.0008256935  -0.0004706563  -0.0012477628
        0.0004968285  -0.0001474193  -0.0014642780  -0.0001068973  -0.0003560309
        0.0012417276  -0.0004829988   0.0005578334  -0.0010556919   0.0002554833
        0.0003035834   0.0017808046  -0.0009982539  -0.0010979098   0.0014033413
       -0.0022425364   0.0009313196  -0.0012112546   0.0014374412  -0.0004635986
        0.0011443229  -0.0011761570   0.0001979279  -0.0013073580   0.0005080088
       -0.0005833549   0.0016072272  -0.0001703264   0.0002368299  -0.0021219890
        0.0006421226  -0.0011363602  -0.0018160303  -0.0003250359   0.0003833844
        0.0039585654   0.0018726510  -0.0021954713  -0.0029586102   0.0011021178
       -0.0010182531   0.0017807151   0.0002878025   0.0007168731  -0.0014386659
        0.0015906916   0.0018456542   0.0013530938  -0.0018782256  -0.0018673875
        0.0010998357   0.0035239585   0.0023685502  -0.0021558144  -0.0036071148
       -0.0038596195  -0.0022421913   0.0011349489   0.0073702708   0.0057462897
       -0.0028808529  -0.0044421630   0.0010905968   0.0010252709   0.0004872051
       -0.0012729181  -0.0004767194  -0.0006483161   0.0012829687  -0.0000151846
        0.0003198462  -0.0015851591  -0.0003397582  -0.0009393544   0.0013036432
        0.0009067650   0.0010407251  -0.0014802049  -0.0012087346  -0.0010200534
        0.0056088998   0.0068387374   0.0022564086  -0.0013796141  -0.0052949830
        0.0030585572  -0.0018345203   0.0023173024  -0.0023977168   0.0018030718
       -0.0018977426   0.0023250018  -0.0167491718   0.0070349313  -0.0070452548
       -0.0214781560  -0.0230953088   0.0209330696   0.4103191639  -0.1258047542
        0.0420336348  -0.0500977204   0.0138544030   0.0169492875  -0.0096265764
       -0.0044393741  -0.0549302948  -0.2082863576   0.0311040624   0.0246171244
       -0.0022776595  -0.0009751840  -0.0024841806   0.0026094624  -0.0009736166
        0.0007887014  -0.0048891532   0.0010299121  -0.0004798894   0.0052811434
       -0.0010982053   0.0134193987  -0.0004427030   0.0000177673  -0.0101578107
       -0.0007245956   0.0035814163   0.0031524500   0.0018884013   0.0011568514
       -0.0006850381  -0.0015796494  -0.0007249232  -0.0002538858   0.0010152044
        0.0008603092  -0.0000756751  -0.0011484522  -0.0013639306  -0.0004507003
        0.0009076754   0.0015389865   0.0004677026  -0.0010156651  -0.0031364452
        0.0006847428  -0.1075573405   0.0735065867  -0.0497942396   0.0223698800
        0.0054817305  -0.0127421221  -0.0018810765  -0.0050278484   0.0050176681
        0.0015300726   0.0035991150  -0.0018445225   0.0000631456  -0.0037928334
        0.0034031081  -0.0242430211   0.0246678376   0.0047481013  -0.0004339408
       -0.0017519863   0.0000463102   0.0008725540   0.0019387496   0.0009982643
        0.0005369179  -0.0014995174  -0.0010467195  -0.0022033103   0.0034563625
        0.0018726541
       -0.0002879348  -0.0003247873  -0.0002819723   0.0004358463   0.0006763840
        0.0004358390  -0.0002819862  -0.0003247819  -0.0002879209   0.0004622925
        0.0000469810   0.0004622898   0.0003488253  -0.0004245113   0.0002404391
       -0.0008626841   0.0006744228  -0.0005578548   0.0002706633  -0.0006557914
        0.0005659305   0.0002519801   0.0008725656  -0.0007168513  -0.0003460576
        0.0001510669  -0.0003460461   0.0005663939  -0.0002714791   0.0005856601
       -0.0004798822   0.0004667954  -0.0004966742   0.0002958103  -0.0008818876
        0.0002958029  -0.0004966859   0.0004667933  -0.0004798703   0.0005856663
       -0.0002714778   0.0005663878   0.0005659409  -0.0006557821   0.0002706718
       -0.0005578631   0.0006744059  -0.0008626829   0.0002404493  -0.0004245041
        0.0003488235  -0.0007168543   0.0008725617   0.0002519792  -0.0011457773
       -0.0000130126  -0.0005403757   0.0010425436  -0.0000537178   0.0006825877
       -0.0006391963   0.0000620591  -0.0004984276   0.0007641024   0.0003283432
        0.0006022360  -0.0008109717  -0.0006709864  -0.0003368205   0.0011743573
        0.0004951870   0.0006599417   0.0005564857   0.0009861146  -0.0004959706
       -0.0021954607  -0.0022033422   0.0027467057   0.0015365496   0.0002149056
       -0.0004706450  -0.0010979382  -0.0008895281  -0.0002519709   0.0001743312
       -0.0018427876  -0.0003146174  -0.0001851331   0.0011429367  -0.0001851236
       -0.0003146226  -0.0018427995   0.0001743194   0.0018638775   0.0028260731
       -0.0017055569  -0.0049468910  -0.0021304976  -0.0049469084  -0.0017055895
        0.0028262833   0.0018638782  -0.0003368369  -0.0006710039  -0.0008109548
        0.0006022456   0.0003283496   0.0007640928  -0.0004984410   0.0000620428
       -0.0006391817   0.0006825997  -0.0000537042   0.0010425388  -0.0005403851
       -0.0000130432  -0.0011457651   0.0006599545   0.0004952002   0.0011743429
       -0.0028311849  -0.0043330160   0.0033423031  -0.0011438518   0.0012123716
       -0.0016989086   0.0019258058  -0.0001394901   0.0010711707  -0.0020708333
       -0.0004961039   0.0003871257   0.0094168961  -0.0035413914   0.0010275455
       -0.0124705119   0.0028247094  -0.0062621931  -0.1258047542   0.2414361029
       -0.1258029969   0.0074200656  -0.0402432210   0.0347708786   0.0044393960
        0.0112091292   0.0044395970   0.0347722247  -0.0402435280   0.0074195795
        0.0010711839  -0.0001394674   0.0019258031  -0.0016989043   0.0012123429
       -0.0011438645   0.0033423056  -0.0043330223  -0.0028311377  -0.0062621506
        0.0028245118  -0.0124707325   0.0010275430  -0.0035412869   0.0094168634
        0.0003871299  -0.0004961630  -0.0020708435  -0.0008430199  -0.0012271146
        0.0003059594   0.0006728046   0.0010636026   0.0003616685  -0.0002771768
       -0.0010520163  -0.0002771576   0.0003616842   0.0010636071   0.0006727886
        0.0003059328  -0.0012271262  -0.0008430024  -0.0002772901   0.0028685152
       -0.0002773198   0.0788009374  -0.1370276618   0.0788009393  -0.0065680834
       -0.0161392706   0.0215749722  -0.0010124302   0.0046080765  -0.0011649581
        0.0007444682  -0.0027699150   0.0007445069  -0.0011648975   0.0046080687
       -0.0010124927   0.0215748956  -0.0161394093  -0.0065679998  -0.0004959547
        0.0009861286   0.0005564692  -0.0002519867  -0.0008895500  -0.0010979247
       -0.0004706427   0.0002149328   0.0015365365   0.0027466759  -0.0022033914
       -0.0021954514
       -0.0000146663  -0.0002819747   0.0008052426  -0.0004036071  -0.0004639774
       -0.0008895789   0.0000146151   0.0002879271   0.0007730918  -0.0003784381
        0.0003771127  -0.0008674491   0.0003035784   0.0002554712  -0.0010557023
        0.0005578388  -0.0004829832   0.0012417250  -0.0003560520  -0.0001069120
       -0.0014642797  -0.0010978989  -0.0009982234   0.0017808217  -0.0001254772
       -0.0007543215   0.0009474178  -0.0001474251   0.0004968204  -0.0012477739
       -0.0004706564  -0.0008256717   0.0012708780   0.0006920216   0.0016541338
       -0.0008675025  -0.0001221064  -0.0011885494   0.0010337457  -0.0001306794
        0.0011097339  -0.0010292747   0.0002617520   0.0022578250   0.0010625801
        0.0004829027  -0.0018819364   0.0006743431   0.0005378280   0.0016647239
       -0.0004161592   0.0002876467  -0.0019386553  -0.0008894696   0.0010407469
        0.0009067792   0.0013036301  -0.0009393662  -0.0003397689  -0.0015851517
        0.0003198326  -0.0000151712   0.0012829650  -0.0006483264  -0.0004767260
       -0.0012729100   0.0004872103   0.0010252661   0.0010905861  -0.0010200629
       -0.0012087419  -0.0014801851   0.0000463004  -0.0017520013  -0.0004339293
        0.0018726495   0.0034563288  -0.0022033487  -0.0010467186  -0.0014995219
        0.0005369476   0.0009982770   0.0019387472   0.0008725276   0.0023685992
        0.0035239349   0.0010997871  -0.0018674133  -0.0018781945   0.0013531246
        0.0018456529   0.0015906617  -0.0014387037  -0.0044421241  -0.0028809068
        0.0057463792   0.0073703129   0.0011348927  -0.0022422844  -0.0038596849
       -0.0036072139  -0.0021557268   0.0002368060  -0.0001703201   0.0016072245
       -0.0005833560   0.0005080029  -0.0013073523   0.0001979150  -0.0011761294
        0.0011443216  -0.0004635829   0.0014374255  -0.0012112640   0.0009312987
       -0.0022425422   0.0014033573  -0.0011363647   0.0006421198  -0.0021219863
       -0.0004799258   0.0010298688  -0.0048891895   0.0007887305  -0.0009735758
        0.0026094567  -0.0024842034  -0.0009752008  -0.0022776262   0.0031524744
        0.0035814070  -0.0007246618  -0.0101577652   0.0000178085  -0.0004425797
        0.0134196682  -0.0010981167   0.0052809462   0.0420336348  -0.1258029969
        0.4103203444   0.0246161934   0.0311026285  -0.2082871004  -0.0549303565
       -0.0044391007  -0.0096257991   0.0169502532   0.0138539902  -0.0500981521
       -0.0023977121   0.0023173222  -0.0018345163   0.0030585083  -0.0052950246
       -0.0013795975   0.0022565081   0.0068387926   0.0056088677   0.0209327685
       -0.0230956215  -0.0214781554  -0.0070453176   0.0070348859  -0.0167491564
        0.0023250052  -0.0018977680   0.0018030646   0.0004677117   0.0015389889
        0.0009076642  -0.0004507138  -0.0013639452  -0.0011484461  -0.0000756689
        0.0008603181   0.0010152021  -0.0002538992  -0.0007249342  -0.0015796455
       -0.0006850262   0.0011568620   0.0018883990   0.0006847216  -0.0031364596
       -0.0010156509  -0.0497942790   0.0735066244  -0.1075577196   0.0047480004
        0.0246678273  -0.0242432801   0.0034031049  -0.0037928471   0.0000631211
       -0.0018444987   0.0035991231   0.0015300612   0.0050176304  -0.0050279043
       -0.0018810887  -0.0127418827   0.0054820444   0.0223699422   0.0003833748
       -0.0003250511  -0.0018160346   0.0007168817   0.0002877992   0.0017807077
       -0.0010182660   0.0011021105  -0.0029586128  -0.0021954332   0.0018726812
        0.0039585712
       -0.0008895760  -0.0004358260   0.0004036926   0.0007908324   0.0002217726
       -0.0000138555  -0.0008674530   0.0004623076   0.0003784352   0.0007823654
       -0.0002833248   0.0000138786   0.0004123107  -0.0017183077  -0.0006333155
       -0.0004245131   0.0016647408  -0.0002554929  -0.0011158713  -0.0018591125
       -0.0003964634   0.0009861545   0.0017519183  -0.0003258424  -0.0011097757
        0.0005410568   0.0005313189   0.0010656589  -0.0010790684  -0.0002771300
       -0.0011644958   0.0010705663   0.0003980358   0.0012116054  -0.0017212803
       -0.0011022166  -0.0017064573   0.0005769028   0.0010629361   0.0014874089
       -0.0001701150  -0.0002542947   0.0027679813   0.0010754784   0.0012313499
       -0.0014642683  -0.0002617056  -0.0005659459   0.0017388798   0.0003964351
       -0.0005183719  -0.0029586730   0.0010468062   0.0015365370  -0.0008624557
        0.0021780464  -0.0004357890   0.0008875071  -0.0015470049   0.0000005056
       -0.0010257219   0.0011879302   0.0002335801   0.0010655677  -0.0007878549
        0.0000287486  -0.0013230051   0.0006316149   0.0002462299   0.0014519641
       -0.0011223254   0.0003709784   0.0014899215  -0.0006333090  -0.0005593115
       -0.0018160430   0.0000462467   0.0005564600   0.0017388318  -0.0013424539
        0.0011411566  -0.0010557149   0.0005378095  -0.0002404513   0.0027016376
       -0.0015109940  -0.0019648090  -0.0019510677   0.0019383522   0.0023744714
       -0.0013179669  -0.0047039207  -0.0021859302   0.0032571232   0.0032791612
       -0.0023071057  -0.0270001268  -0.0208869780  -0.0150132638  -0.0139823397
        0.0058781231   0.0092130590  -0.0012096096  -0.0014327311   0.0004745112
        0.0012024806   0.0007884425   0.0000582874  -0.0015482104  -0.0006082716
        0.0002326768   0.0019775225   0.0011591803   0.0007214520  -0.0012267561
       -0.0030811286  -0.0005601568   0.0010742173   0.0019035689  -0.0001787591
       -0.0036408888  -0.0044558458   0.0000486384   0.0017698400   0.0041672005
       -0.0023939822   0.0008402959  -0.0021584765   0.0015340877  -0.0003765712
        0.0019937379  -0.0020359432   0.0064236155  -0.0052236394   0.0041852712
        0.0032110045   0.0115005612  -0.0048906566  -0.0500977204   0.0074200656
        0.0246161934   0.4292288222  -0.0784013350  -0.1115617144  -0.2082869388
       -0.0347703894   0.0169509694  -0.0454781831  -0.0048045358   0.0635335713
        0.0014193124   0.0028129403   0.0021937163  -0.0013390578  -0.0033350177
       -0.0033933554   0.0166136977   0.0031489510   0.0066207524  -0.0869668453
        0.0792768178   0.0260618896  -0.0238976096   0.0350735988  -0.0013121650
        0.0005431887  -0.0041440625  -0.0053623706  -0.0015069926  -0.0002806348
        0.0010804572   0.0013305576  -0.0000520625  -0.0003994519  -0.0011871466
       -0.0004396580   0.0006575346   0.0011430799   0.0010409738  -0.0005424722
       -0.0015559542  -0.0010041457   0.0009766929   0.0014353589   0.0008401558
       -0.0012729835   0.0097703491   0.0054182250  -0.0168229439  -0.0081652989
        0.0006743126   0.0021634379   0.0032828231  -0.0001203717  -0.0016567276
       -0.0026903508  -0.0011251031   0.0029002140   0.0002006057   0.0024967562
       -0.0032424036  -0.0019184668  -0.0007061544   0.0091529579   0.0006891196
        0.0018591286  -0.0013424545  -0.0006558088  -0.0022578386   0.0001068520
       -0.0024226436   0.0039045563  -0.0010755083   0.0002149367  -0.0014994583
        0.0011021003
        0.0004639836   0.0006763880  -0.0004640305  -0.0002217809  -0.0003932776
        0.0002833103   0.0003771229   0.0000469754  -0.0003771250  -0.0002833316
       -0.0003932703   0.0002217709  -0.0006928487   0.0004123465   0.0005593183
        0.0003488209  -0.0004161528  -0.0003035854   0.0000812896   0.0006891360
        0.0005183688   0.0004959554  -0.0004339198  -0.0003831480   0.0006161841
        0.0004536291  -0.0005757068  -0.0005648156   0.0000041483   0.0004645475
        0.0010308653   0.0000881652  -0.0006571319  -0.0010491780  -0.0002180806
        0.0005979589   0.0008843733   0.0005072013  -0.0006530222  -0.0007078217
       -0.0006989420   0.0003933727  -0.0012314191  -0.0024226815  -0.0021486590
        0.0003560552   0.0010625885   0.0002706676  -0.0011411889  -0.0011158522
        0.0000812832   0.0010183098   0.0005369214   0.0004706378   0.0003041598
       -0.0005981763  -0.0003041688  -0.0003651744   0.0004194604   0.0004332364
        0.0004595866  -0.0001919483  -0.0005364330  -0.0003685070   0.0001245320
        0.0003685000   0.0005364208  -0.0001919611  -0.0004596095  -0.0004332520
        0.0004194552   0.0003651795  -0.0005593214   0.0004123268   0.0006928533
        0.0003833867  -0.0004339293  -0.0004959582  -0.0005183730   0.0006891256
       -0.0000812825   0.0003035636  -0.0004161605  -0.0003488289  -0.0025888267
       -0.0010666596  -0.0002512309   0.0021954594   0.0001131895  -0.0014662519
       -0.0005677761   0.0011661483   0.0016589234  -0.0025913482  -0.0017848563
       -0.0021744157  -0.0120098621   0.0040851142   0.0029457591   0.0103789042
       -0.0014398675  -0.0009026203   0.0004161729   0.0010993357  -0.0006233326
       -0.0003202918  -0.0009337042   0.0003202759   0.0006233319   0.0010993382
       -0.0004161431  -0.0006230171  -0.0013534651  -0.0000573741  -0.0001308003
        0.0025651598   0.0001308207   0.0000573546  -0.0013534738   0.0006230132
        0.0011679897   0.0023986827   0.0003630436  -0.0001841617  -0.0010215724
        0.0001114910  -0.0001587186   0.0007616287   0.0001587134  -0.0001114846
       -0.0010215705   0.0001841623  -0.0003630619   0.0023986860  -0.0011679722
        0.0005382869  -0.0014127808  -0.0005382821   0.0138544030  -0.0402432210
        0.0311026285  -0.0784013350   0.2470491837   0.0784016450  -0.0311022331
       -0.0402429112  -0.0138544398   0.0048054769   0.0222193455  -0.0048054753
        0.0003792524  -0.0016093002  -0.0003792696  -0.0023278158   0.0032309040
        0.0006965671  -0.0043061669  -0.0185492397  -0.0253410560   0.0752567349
       -0.1587238655  -0.0752575935   0.0253410942  -0.0185494629   0.0043058855
       -0.0006965244   0.0032308987   0.0023278659   0.0006571184   0.0000881565
       -0.0010308717  -0.0004645595   0.0000041344   0.0005648101   0.0005756969
        0.0004536246  -0.0006161938  -0.0003933838  -0.0006989608   0.0007078158
        0.0006530143   0.0005071959  -0.0008843724  -0.0005979585  -0.0002181080
        0.0010491809  -0.0029456346   0.0040849817   0.0120100538   0.0021744681
       -0.0017846636   0.0025913300  -0.0016589249   0.0011661244   0.0005677977
        0.0014662327   0.0001131872  -0.0021954643   0.0002512649  -0.0010666949
        0.0025888394   0.0009024914  -0.0014396028  -0.0103788880  -0.0000812851
       -0.0011158782   0.0011411844  -0.0002706607   0.0010625866  -0.0003560044
        0.0021486687  -0.0024227156   0.0012313950  -0.0004706505   0.0005369204
       -0.0010182658
        0.0004036070   0.0004358577  -0.0008895774   0.0000138853   0.0002833192
        0.0007823636   0.0003784554  -0.0004622913  -0.0008674528  -0.0000139141
       -0.0002217649   0.0007908471  -0.0005593062   0.0006333404   0.0014899607
       -0.0002404733  -0.0005377970  -0.0010557101   0.0011411851   0.0013424923
        0.0017388564   0.0005564667  -0.0000462351  -0.0018165170   0.0006575184
        0.0004396492  -0.0011871324  -0.0003994689   0.0000520877   0.0013305721
        0.0010804447   0.0002806436  -0.0015069918  -0.0012730106  -0.0008401233
        0.0014353783   0.0009766848   0.0010041323  -0.0015559531  -0.0005424927
       -0.0010409563   0.0011430794  -0.0010755729  -0.0039045644  -0.0024226628
        0.0001069206   0.0022578396  -0.0006558060  -0.0013424945  -0.0018591189
        0.0006891218   0.0011028292   0.0014994482   0.0002149272  -0.0004358131
       -0.0021780469  -0.0008624560   0.0003710257   0.0011223517   0.0014519616
        0.0002462061  -0.0006315813  -0.0013230054   0.0000287412   0.0007878389
        0.0010656051   0.0002335706  -0.0011879453  -0.0010257438   0.0000004919
        0.0015470319   0.0008875349  -0.0006333127   0.0017183132   0.0004123220
       -0.0003250485  -0.0017519304   0.0009861405  -0.0003964609   0.0018591471
       -0.0011158662  -0.0002555329  -0.0016647451  -0.0004245194  -0.0032424173
       -0.0024967445   0.0002006496   0.0029002357   0.0011250957  -0.0026903784
       -0.0016567539   0.0001204207   0.0032828410   0.0021633741  -0.0006740678
       -0.0081653073  -0.0168227404  -0.0054180830   0.0097705739   0.0091530864
        0.0007059245  -0.0019186173   0.0002327055   0.0006082978  -0.0015482201
        0.0000582688  -0.0007885381   0.0012024555   0.0004744925   0.0014327546
       -0.0012095908  -0.0001787758  -0.0019036006   0.0010742092  -0.0005601626
        0.0030811410  -0.0012267502   0.0007213793  -0.0011592219   0.0019775340
        0.0041853883   0.0052236650   0.0064236165  -0.0020359554  -0.0019937480
       -0.0003765395   0.0015341142   0.0021585021   0.0008402852  -0.0023939697
       -0.0041672096   0.0017698615   0.0000485975   0.0044559225  -0.0036409058
       -0.0048906751  -0.0115006390   0.0032110323   0.0169492875   0.0347708786
       -0.2082871004  -0.1115617144   0.0784016450   0.4292309143   0.0246164816
       -0.0074198459  -0.0500976002   0.0635336681   0.0048045843  -0.0454790641
        0.0021936927  -0.0028129803   0.0014192624  -0.0053623453   0.0041440857
        0.0005432573  -0.0013125722  -0.0350735889  -0.0238978501   0.0260618919
       -0.0792777396  -0.0869677787   0.0066211324  -0.0031493559   0.0166136603
       -0.0033933582   0.0033350548  -0.0013389856   0.0003980277  -0.0010705699
       -0.0011645132  -0.0002771395   0.0010790730   0.0010656718   0.0005313036
       -0.0005410673  -0.0011097971  -0.0002543051   0.0001700887   0.0014874103
        0.0010629300  -0.0005769115  -0.0017064803  -0.0011022015   0.0017212654
        0.0012116245  -0.0150134446   0.0208870430  -0.0269998351  -0.0023070051
       -0.0032790166   0.0032571330  -0.0021859420   0.0047039486  -0.0013179260
        0.0023744887  -0.0019383637  -0.0019511240  -0.0019647265   0.0015109587
        0.0027016956   0.0092129362  -0.0058783128  -0.0139825357  -0.0005183708
       -0.0003964740   0.0017388713  -0.0005659358   0.0002617072  -0.0014642810
        0.0012313960  -0.0010755573   0.0027679530   0.0015365013  -0.0010468137
       -0.0029586076
        0.0008052519   0.0002819768  -0.0000146688  -0.0008674651  -0.0003771182
       -0.0003784619   0.0007731083  -0.0002878973   0.0000147283  -0.0008895687
        0.0004640264  -0.0004037016  -0.0004338983   0.0017519286   0.0000462263
        0.0008725400  -0.0019387520   0.0009982522   0.0005369214   0.0014994427
       -0.0010468126  -0.0022033728  -0.0034563407   0.0018728608   0.0010151623
       -0.0008603923  -0.0000755625  -0.0011484081   0.0013639340  -0.0004508025
        0.0009075986  -0.0015390209   0.0004678132  -0.0010154334   0.0031362889
        0.0006846054   0.0018882188  -0.0011570068  -0.0006846587  -0.0015796669
        0.0007250859  -0.0002541146  -0.0029587313  -0.0011027903  -0.0010182717
        0.0017808223  -0.0002877511   0.0007168291  -0.0018165060   0.0003258415
        0.0003831502   0.0039585867  -0.0018728663  -0.0021964874   0.0013036648
       -0.0009067072   0.0010407611  -0.0014802109   0.0012086810  -0.0010201219
        0.0010905925  -0.0010252702   0.0004872903  -0.0012729367   0.0004766578
       -0.0006483932   0.0012829794   0.0000152353   0.0003199042  -0.0015851433
        0.0003397042  -0.0009394500  -0.0010556982  -0.0002555306   0.0003035612
        0.0017807225   0.0009982905  -0.0010979569  -0.0014642939   0.0001068378
       -0.0003559947   0.0012417373   0.0004830413   0.0005578746  -0.0018798555
        0.0050279057   0.0050202825   0.0015298781  -0.0035991128  -0.0018444644
        0.0000631931   0.0037924844   0.0034027074  -0.0242433782  -0.0246676797
        0.0047483160  -0.1075600923  -0.0735044567  -0.0497948342   0.0223698850
       -0.0054834399  -0.0127436126   0.0011443830   0.0011761747   0.0001980040
       -0.0013073802  -0.0005080203  -0.0005834588   0.0016073157   0.0001702723
        0.0002369074  -0.0021221511  -0.0006420438  -0.0011364228   0.0014034750
        0.0022425695   0.0009314013  -0.0012113500  -0.0014374063  -0.0004636920
       -0.0004429055  -0.0000179475  -0.0101581065  -0.0007245835  -0.0035813288
        0.0031524883  -0.0022776939   0.0009751027  -0.0024842384   0.0026095424
        0.0009737033   0.0007886641  -0.0048891795  -0.0010301276  -0.0004797216
        0.0052813809   0.0010985896   0.0134194122  -0.0096265764   0.0044393960
       -0.0549303565  -0.2082869388  -0.0311022331   0.0246164816   0.4103217714
        0.1258021445   0.0420342319  -0.0500974671  -0.0138544781   0.0169497110
       -0.0018346554  -0.0023171931  -0.0023979449   0.0018034468   0.0018978313
        0.0023252359  -0.0167493458  -0.0070348532  -0.0070452798  -0.0214781130
        0.0230958683   0.0209331565   0.0056089360  -0.0068390503   0.0022564811
       -0.0013795479   0.0052951926   0.0030587249   0.0012708786   0.0008257280
       -0.0004706131  -0.0012477715  -0.0004968602  -0.0001474715   0.0009474158
        0.0007543521  -0.0001254285  -0.0010292811  -0.0011097331  -0.0001307571
        0.0010337433   0.0011885973  -0.0001220480  -0.0008674809  -0.0016541927
        0.0006920011  -0.0022420613  -0.0011350864   0.0073703782   0.0057462587
        0.0028809132  -0.0044422660  -0.0014386193  -0.0015907817   0.0018457592
        0.0013530675   0.0018782904  -0.0018673643   0.0010998564  -0.0035240504
        0.0023685549  -0.0021558812   0.0036072316  -0.0038595670  -0.0004161511
       -0.0016647279   0.0005377976   0.0006744125   0.0018820176   0.0004830382
        0.0010625627  -0.0022578406   0.0002617021  -0.0008895158   0.0019387503
        0.0002878127
        0.0002819751  -0.0003247811   0.0002878845  -0.0004623018   0.0000469808
       -0.0004623067   0.0002878831  -0.0003247789   0.0002819763  -0.0004358552
        0.0006763930  -0.0004358651   0.0004959680   0.0009861302  -0.0005564819
        0.0002519648  -0.0008895139   0.0010978994   0.0004706389   0.0002149210
       -0.0015365314  -0.0027466775  -0.0022033030   0.0021964653   0.0002771417
       -0.0010520020   0.0002771517  -0.0003616753   0.0010636153  -0.0006728056
       -0.0003059640  -0.0012270868   0.0008430012   0.0002773274   0.0028685186
        0.0002772942   0.0008429829  -0.0012270977  -0.0003059516  -0.0006727889
        0.0010636248  -0.0003616868  -0.0015365142   0.0002149588   0.0004706612
        0.0010978915  -0.0008895259   0.0002519632  -0.0005564578   0.0009861513
        0.0004959571   0.0021964168  -0.0022033441  -0.0027466762   0.0005403909
       -0.0000130297   0.0011457550  -0.0006599374   0.0004951984  -0.0011743500
        0.0003368044  -0.0006709818   0.0008109447  -0.0006022510   0.0003283307
       -0.0007641042   0.0004984176   0.0000620392   0.0006391723  -0.0006825922
       -0.0000537182  -0.0010425471  -0.0002404469  -0.0004245296  -0.0003488299
        0.0007168731   0.0008725255  -0.0002519737  -0.0005659299  -0.0006558023
       -0.0002706588   0.0005578741   0.0006743868   0.0008626769   0.0010125168
        0.0046080529   0.0011648895  -0.0007445360  -0.0027698621  -0.0007444698
        0.0011649621   0.0046080623   0.0010124401  -0.0215748404  -0.0161389029
        0.0065680958  -0.0788013997  -0.1370265999  -0.0788002957   0.0065677082
       -0.0161394234  -0.0215748703   0.0006391770   0.0000620364   0.0004984181
       -0.0007640984   0.0003283405  -0.0006022544   0.0008109367  -0.0006709859
        0.0003368273  -0.0011743404   0.0004952167  -0.0006599366   0.0011457554
       -0.0000130510   0.0005403678  -0.0010425490  -0.0000536997  -0.0006825937
       -0.0010275864  -0.0035413222  -0.0094167900  -0.0003871130  -0.0004961009
        0.0020708258  -0.0010711641  -0.0001394790  -0.0019257805   0.0016989062
        0.0012123256   0.0011438547  -0.0033422817  -0.0043329963   0.0028311892
        0.0062622109   0.0028245542   0.0124705251  -0.0044393741   0.0112091292
       -0.0044391007  -0.0347703894  -0.0402429112  -0.0074198459   0.1258021445
        0.2414343592   0.1258021562  -0.0074198534  -0.0402432264  -0.0347716242
       -0.0019257951  -0.0001394434  -0.0010711481   0.0020708282  -0.0004961529
       -0.0003871439  -0.0094167791  -0.0035412111  -0.0010274479   0.0124708311
        0.0028243593   0.0062619965   0.0028310908  -0.0043329959  -0.0033423161
        0.0011438892   0.0012123038   0.0016988887   0.0004966691   0.0004667596
        0.0004798697  -0.0005856709  -0.0002714856  -0.0005664009   0.0003460308
        0.0001510412   0.0003460324  -0.0005663979  -0.0002714792  -0.0005856749
        0.0004798670   0.0004667582   0.0004966710  -0.0002958097  -0.0008818966
       -0.0002958126   0.0049469283  -0.0021305537   0.0049468438   0.0017055587
        0.0028262301  -0.0018638395  -0.0001743204  -0.0018428031   0.0003146225
        0.0001851353   0.0011428962   0.0001851480   0.0003146127  -0.0018427928
       -0.0001743342  -0.0018638318   0.0028260585   0.0017056201  -0.0003488288
       -0.0004245153  -0.0002404521   0.0008626857   0.0006743799   0.0005578687
       -0.0002706780  -0.0006557824  -0.0005659334  -0.0002519652   0.0008725297
        0.0007168806
        0.0000147202  -0.0002878899   0.0007730998  -0.0003784633  -0.0003771217
       -0.0008674587  -0.0000146728   0.0002819856   0.0008052399  -0.0004036978
        0.0004640179  -0.0008895697   0.0003831373   0.0003258124  -0.0018165079
        0.0007168314  -0.0002877208   0.0017808029  -0.0010183056  -0.0011028126
       -0.0029586964  -0.0021964381  -0.0018727797   0.0039585868  -0.0000755727
       -0.0008603704   0.0010151665  -0.0002541132   0.0007250631  -0.0015796670
       -0.0006846563  -0.0011569653   0.0018882172   0.0006846183   0.0031362474
       -0.0010154642   0.0004677875  -0.0015390082   0.0009076152  -0.0004507827
        0.0013639277  -0.0011484133  -0.0010467693   0.0014994687   0.0005369323
        0.0009982281  -0.0019387351   0.0008725354   0.0000462474   0.0017519245
       -0.0004339269   0.0018727825  -0.0034563294  -0.0022033223   0.0009314417
        0.0022425752   0.0014034401  -0.0011364265  -0.0006420588  -0.0021221262
        0.0002368593   0.0001702935   0.0016072981  -0.0005834603  -0.0005080283
       -0.0013073620   0.0001980048   0.0011761660   0.0011443406  -0.0004636953
       -0.0014374110  -0.0012113218   0.0005377892  -0.0016647365  -0.0004161443
        0.0002878022   0.0019387205  -0.0008895192   0.0002617065  -0.0022578374
        0.0010625830   0.0004830424   0.0018820043   0.0006743838   0.0034027464
        0.0037923800   0.0000631021  -0.0018445136  -0.0035990445   0.0015299467
        0.0050202979   0.0050278058  -0.0018799533  -0.0127431268  -0.0054830402
        0.0223699313  -0.0497947972  -0.0735033864  -0.1075583495   0.0047477732
       -0.0246678421  -0.0242430348   0.0003198928   0.0000152331   0.0012829681
       -0.0006483836   0.0004766524  -0.0012729218   0.0004872650  -0.0010252400
        0.0010906344  -0.0010200957   0.0012086668  -0.0014802016   0.0010407429
       -0.0009067238   0.0013036416  -0.0009394427   0.0003397086  -0.0015851348
       -0.0070454261  -0.0070348934  -0.0167491016   0.0023252685   0.0018978551
        0.0018033810  -0.0023979500  -0.0023171973  -0.0018345894   0.0030587240
        0.0052951465  -0.0013796199   0.0022565286  -0.0068389920   0.0056089627
        0.0209330908   0.0230955487  -0.0214786098  -0.0549302948   0.0044395970
       -0.0096257991   0.0169509694  -0.0138544398  -0.0500976002   0.0420342319
        0.1258021562   0.4103194389   0.0246152192  -0.0311034903  -0.2082867612
       -0.0024842264   0.0009751310  -0.0022776599   0.0031524321  -0.0035813744
       -0.0007245967  -0.0101579232  -0.0000177989  -0.0004427702   0.0134195226
        0.0010983480   0.0052810823  -0.0004798124  -0.0010300826  -0.0048891499
        0.0007886923   0.0009736701   0.0026094993  -0.0001220461   0.0011885948
        0.0010337356  -0.0001307616  -0.0011097414  -0.0010292737  -0.0001254276
        0.0007543524   0.0009474101  -0.0001474755  -0.0004968621  -0.0012477641
       -0.0004706100   0.0008257230   0.0012708704   0.0006919906  -0.0016541907
       -0.0008674772   0.0073703330  -0.0011351347  -0.0022422016  -0.0038596025
        0.0036073222  -0.0021558022   0.0023685496  -0.0035240312   0.0010998482
       -0.0018673508   0.0018782843   0.0013530772   0.0018457299  -0.0015907717
       -0.0014386343  -0.0044421724   0.0028810690   0.0057462838   0.0003035564
       -0.0002555297  -0.0010557004   0.0005578752   0.0004830250   0.0012417224
       -0.0003560091   0.0001068489  -0.0014642879  -0.0010979290   0.0009982866
        0.0017807176
       -0.0008674478  -0.0004622770   0.0003784575   0.0007823714   0.0002833135
        0.0000138759  -0.0008895657   0.0004358661   0.0004036036   0.0007908514
       -0.0002217762  -0.0000139203   0.0006891038  -0.0018591443  -0.0013424772
       -0.0006557862   0.0022578428   0.0001068992  -0.0024227116  -0.0039045731
       -0.0010755111   0.0002149537   0.0014994588   0.0011028024  -0.0011871266
        0.0004396726   0.0006575162   0.0011430716  -0.0010409856  -0.0005424941
       -0.0015559389   0.0010041687   0.0009766802   0.0014353589  -0.0008401593
       -0.0012730043  -0.0015069834   0.0002806719   0.0010804492   0.0013305750
        0.0000520673  -0.0003994759   0.0017388729   0.0013424841   0.0011411585
       -0.0010557184  -0.0005377770  -0.0002404630   0.0014899599   0.0006333193
       -0.0005593247  -0.0018165192  -0.0000462039   0.0005564905  -0.0012267231
        0.0030811413  -0.0005601819   0.0010742016  -0.0019035984  -0.0001787705
       -0.0012095956   0.0014327488   0.0004744881   0.0012024459  -0.0007885470
        0.0000582665  -0.0015482106   0.0006083101   0.0002326944   0.0019775339
       -0.0011592316   0.0007213790   0.0017388644  -0.0003964883  -0.0005183767
       -0.0029586025  -0.0010467928   0.0015365271   0.0027679547  -0.0010755629
        0.0012313835  -0.0014642823   0.0002617011  -0.0005659333   0.0032828218
        0.0001203635  -0.0016567906  -0.0026903526   0.0011251511   0.0029002280
        0.0002005910  -0.0024967654  -0.0032424045  -0.0019184810   0.0007061837
        0.0091530720   0.0097703522  -0.0054183866  -0.0168230355  -0.0081653275
       -0.0006741936   0.0021634530  -0.0010257414  -0.0011879184   0.0002335790
        0.0010656115   0.0007878257   0.0000287283  -0.0013230085  -0.0006315633
        0.0002462054   0.0014519732   0.0011223385   0.0003710080  -0.0008624715
       -0.0021780253  -0.0004357689   0.0008875484   0.0015470182   0.0000004751
       -0.0238982418  -0.0350735476  -0.0013120701   0.0005432322   0.0041440515
       -0.0053624041   0.0014192723  -0.0028129789   0.0021937251  -0.0013390091
        0.0033350285  -0.0033933716   0.0166136956  -0.0031493116   0.0066210443
       -0.0869684840  -0.0792775036   0.0260629742  -0.2082863576   0.0347722247
        0.0169502532  -0.0454781831   0.0048054769   0.0635336681  -0.0500974671
       -0.0074198534   0.0246152192   0.4292304440   0.0783990367  -0.1115628079
        0.0008403226   0.0021585046   0.0015340978  -0.0003765869  -0.0019937310
       -0.0020359253   0.0064236785   0.0052236348   0.0041852841   0.0032108898
       -0.0115006271  -0.0048905886  -0.0036408633   0.0044559316   0.0000486407
        0.0017698029  -0.0041672310  -0.0023939573  -0.0017064741  -0.0005768969
        0.0010629374   0.0014874124   0.0001700775  -0.0002543136  -0.0011097984
       -0.0005410591   0.0005313059   0.0010656841   0.0010790684  -0.0002771519
       -0.0011645178  -0.0010705631   0.0003980340   0.0012116281   0.0017212519
       -0.0011022169  -0.0269998152   0.0208871926  -0.0150133462  -0.0139825173
       -0.0058779555   0.0092130818   0.0027016847   0.0015109314  -0.0019647537
       -0.0019511201  -0.0019383357   0.0023745106  -0.0013179147   0.0047039381
       -0.0021859555   0.0032571095  -0.0032792202  -0.0023070497   0.0004123318
        0.0017183083  -0.0006333201  -0.0004245345  -0.0016647372  -0.0002555243
       -0.0011158500   0.0018591546  -0.0003964551   0.0009861236  -0.0017519373
       -0.0003250525
       -0.0003771046   0.0000469871   0.0003771250   0.0002833087  -0.0003932782
       -0.0002217668  -0.0004640045   0.0006763883   0.0004639817   0.0002217690
       -0.0003932778  -0.0002833165   0.0000812620  -0.0011158557  -0.0011411571
        0.0002706803   0.0010625635   0.0003560363  -0.0021486619  -0.0024226480
       -0.0012313604   0.0004706555   0.0005369117   0.0010182731  -0.0005756819
        0.0004536335   0.0006161782   0.0003933583  -0.0006989520  -0.0007078007
       -0.0006529927   0.0005072021   0.0008843592   0.0005979345  -0.0002181103
       -0.0010491605  -0.0006571080   0.0000881757   0.0010308555   0.0004645365
        0.0000041248  -0.0005648035   0.0005183579   0.0006891032   0.0000812623
       -0.0003035799  -0.0004161403   0.0003488267   0.0005593031   0.0004123108
       -0.0006928456  -0.0003831395  -0.0004339111   0.0004959622   0.0001308501
        0.0025651155  -0.0001308263  -0.0000573876  -0.0013534489  -0.0006229905
       -0.0004161447   0.0010993225   0.0006233196   0.0003202637  -0.0009336979
       -0.0003202746  -0.0006233022   0.0010993364   0.0004161513   0.0006229919
       -0.0013534541   0.0000573642   0.0011411570  -0.0011158610  -0.0000812753
       -0.0010182375   0.0005369305  -0.0004706581   0.0012313653  -0.0024226672
        0.0021486498  -0.0003559858   0.0010625764  -0.0002706646   0.0016588847
        0.0011660937  -0.0005677964  -0.0014662070   0.0001132122   0.0021954302
       -0.0002512749  -0.0010666745  -0.0025887795  -0.0009024574  -0.0014395450
        0.0103787552   0.0029455284   0.0040848959  -0.0120099838  -0.0021744098
       -0.0017846239  -0.0025913232  -0.0004595861  -0.0001919337   0.0005364193
        0.0003684958   0.0001245159  -0.0003684992  -0.0005364141  -0.0001919373
        0.0004595922   0.0004332276   0.0004194354  -0.0003651744  -0.0003041644
       -0.0005981404   0.0003041689   0.0003651776   0.0004194336  -0.0004332455
       -0.0253410097  -0.0185488309  -0.0043057407   0.0006965443   0.0032308295
       -0.0023278175  -0.0003792736  -0.0016092566   0.0003792611   0.0023278528
        0.0032308278  -0.0006965379   0.0043058018  -0.0185490454   0.0253409729
       -0.0752573910  -0.1587217077   0.0752575754   0.0311040624  -0.0402435280
        0.0138539902  -0.0048045358   0.0222193455   0.0048045843  -0.0138544781
       -0.0402432264  -0.0311034903   0.0783990367   0.2470469944  -0.0783998404
        0.0001587220   0.0007615955  -0.0001587314   0.0001114650  -0.0010215322
       -0.0001841308   0.0003630176   0.0023986160   0.0011679084  -0.0005383492
       -0.0014126123   0.0005383529  -0.0011679112   0.0023986280  -0.0003630320
        0.0001841251  -0.0010215266  -0.0001114683  -0.0008843422   0.0005072122
        0.0006530009   0.0007077993  -0.0006989552  -0.0003933685  -0.0006161686
        0.0004536383   0.0005756909   0.0005648026   0.0000041266  -0.0004645479
       -0.0010308481   0.0000881824   0.0006571140   0.0010491598  -0.0002181159
       -0.0005979455   0.0120101303   0.0040847748  -0.0029455762  -0.0103787345
       -0.0014396967   0.0009025034   0.0025887893  -0.0010666977   0.0002512667
       -0.0021954217   0.0001132294   0.0014662153   0.0005677895   0.0011660820
       -0.0016589023   0.0025913121  -0.0017848477   0.0021744165   0.0006928474
        0.0004123117  -0.0005593130  -0.0003488268  -0.0004161332   0.0003035643
       -0.0000812674   0.0006891077  -0.0005183643  -0.0004959633  -0.0004339007
        0.0003833812
        0.0003784447   0.0004623042  -0.0008674701  -0.0000138502   0.0002217786
        0.0007908306   0.0004036965  -0.0004358450  -0.0008895870   0.0000138806
       -0.0002833142   0.0007823667  -0.0005183635   0.0003964689   0.0017388994
       -0.0005659541  -0.0002617393  -0.0014642662   0.0012314095   0.0010755291
        0.0027679838   0.0015365176   0.0010467563  -0.0029587054   0.0005313305
        0.0005410362  -0.0011097901  -0.0002542945  -0.0001700928   0.0014874184
        0.0010629477   0.0005768699  -0.0017064857  -0.0011022402  -0.0017212506
        0.0012116452   0.0003980497   0.0010705400  -0.0011645168  -0.0002771356
       -0.0010790511   0.0010656740  -0.0003965054  -0.0018591253  -0.0011158538
       -0.0002554706   0.0016647544  -0.0004245279  -0.0006333431  -0.0017183037
        0.0004123263  -0.0003258054   0.0017519384   0.0009861419  -0.0005602110
       -0.0030811800  -0.0012267278   0.0007214702   0.0011592107   0.0019775134
        0.0002326920  -0.0006082999  -0.0015482191   0.0000582949   0.0007884631
        0.0012024801   0.0004745101  -0.0014327677  -0.0012096030  -0.0001787541
        0.0019035974   0.0010742025  -0.0013424576   0.0018591518   0.0006891193
        0.0011021182  -0.0014994656   0.0002149343  -0.0010755275   0.0039045667
       -0.0024226854   0.0001068452  -0.0022578584  -0.0006557896  -0.0021860041
       -0.0047039431  -0.0013179020   0.0023745310   0.0019383067  -0.0019511272
       -0.0019648016  -0.0015109362   0.0027017050   0.0092130003   0.0058781746
       -0.0139825852  -0.0150136934  -0.0208870521  -0.0269996928  -0.0023069920
        0.0032790658   0.0032571655   0.0002462476   0.0006316107  -0.0013230193
        0.0000287471  -0.0007878551   0.0010655832   0.0002335891   0.0011879482
       -0.0010257755   0.0000004949  -0.0015470218   0.0008875163  -0.0004357721
        0.0021780628  -0.0008624724   0.0003709750  -0.0011223281   0.0014519687
        0.0066212387   0.0031493926   0.0166136766  -0.0033934002  -0.0033350610
       -0.0013389577   0.0021937382   0.0028129608   0.0014192617  -0.0053624028
       -0.0041440674   0.0005432825  -0.0013122382   0.0350735902  -0.0238980586
        0.0260629661   0.0792776926  -0.0869682988   0.0246171244   0.0074195795
       -0.0500981521   0.0635335713  -0.0048054753  -0.0454790641   0.0169497110
       -0.0347716242  -0.2082867612  -0.1115628079  -0.0783998404   0.4292314783
        0.0015340642  -0.0021584892   0.0008402889  -0.0023939416   0.0041672418
        0.0017698390   0.0000485329  -0.0044559189  -0.0036408894  -0.0048905755
        0.0115007052   0.0032109781   0.0041853176  -0.0052236705   0.0064236349
       -0.0020359472   0.0019937904  -0.0003765529   0.0009766951  -0.0010041594
       -0.0015559654  -0.0005424695   0.0010409850   0.0011430761   0.0006575397
       -0.0004396674  -0.0011871533  -0.0003994526  -0.0000520563   0.0013305650
        0.0010804620  -0.0002806448  -0.0015070083  -0.0012729827   0.0008401660
        0.0014353735  -0.0168227420   0.0054182361   0.0097705403   0.0091531123
       -0.0007060212  -0.0019185933  -0.0032424237   0.0024967868   0.0002006205
        0.0029002156  -0.0011251304  -0.0026903872  -0.0016567007  -0.0001203760
        0.0032828628   0.0021633298   0.0006740665  -0.0081653212  -0.0005593126
       -0.0006333050   0.0014899376  -0.0002404490   0.0005378224  -0.0010557178
        0.0011411668  -0.0013424621   0.0017388406   0.0005564437   0.0000462493
       -0.0018160473
       -0.0010156377   0.0002773383  -0.0006846200   0.0014353719   0.0005979486
        0.0011022388  -0.0008674723   0.0002957980  -0.0006920199   0.0012116187
       -0.0010491789   0.0012730099  -0.0006989497  -0.0001700942   0.0010409876
       -0.0002714747   0.0004968494  -0.0011097245   0.0000041398   0.0000520848
        0.0010790652   0.0010636157   0.0007250430  -0.0013639257  -0.0000387465
        0.0019536007  -0.0014658255   0.0002485286  -0.0011045708   0.0014324188
        0.0010023574   0.0013682263  -0.0019788793  -0.0019026656  -0.0014674960
        0.0016785998   0.0016729977   0.0027813476  -0.0030800049   0.0010373413
       -0.0022570936   0.0022994478  -0.0238981788  -0.0066209038  -0.0253409868
       -0.0004425564   0.0070452695  -0.0010275141  -0.0036409184  -0.0041852822
        0.0011679741   0.0056089621   0.0004796974  -0.0028312103  -0.0008548912
        0.0002751444  -0.0010875855   0.0006700887  -0.0002646377   0.0011508783
       -0.0006229752   0.0005912475  -0.0014758526   0.0011553786  -0.0003182311
        0.0011222324  -0.0014968913  -0.0000323664  -0.0007124843   0.0011311729
       -0.0002606963   0.0008360292   0.0011430725  -0.0002542919  -0.0003933729
       -0.0011484625  -0.0002540996   0.0003616777   0.0010656697  -0.0003994363
        0.0005647980  -0.0010292916  -0.0001474589  -0.0005663990  -0.0032059946
       -0.0001385691   0.0019282126   0.0033244619   0.0011645706  -0.0020506891
       -0.0015696184   0.0003405187   0.0019340556   0.0011293474   0.0000333397
       -0.0022658474  -0.0015155241   0.0022911860   0.0041641331   0.0070443247
        0.0002933809  -0.0026764637  -0.0040218997  -0.0025082748  -0.0019396254
        0.0035395330  -0.0000744374   0.0029114335  -0.0023062311   0.0015972734
       -0.0042828187  -0.0014967947  -0.0189806909   0.0001703857  -0.0497854365
       -0.0086014190  -0.0126320679   0.0088503852   0.0129017893  -0.0028069623
        0.0002485571   0.0001940326   0.0022086310  -0.0002904503   0.0004158667
       -0.0012352240   0.0008397458  -0.0002000548   0.0012139569  -0.0008547836
        0.0000318326  -0.0010660379   0.0016455955  -0.0004084489   0.0011045628
       -0.0009553381   0.0000696468  -0.0015816875  -0.0022776595   0.0010711839
       -0.0023977121   0.0014193124   0.0003792524   0.0021936927  -0.0018346554
       -0.0019257951  -0.0024842264   0.0008403226   0.0001587220   0.0015340642
        0.2952434483  -0.0371491123   0.1771763630  -0.1233397375   0.0487863604
       -0.0510703018  -0.0178664922   0.0315367429   0.0070484757  -0.0106025094
       -0.0016757435  -0.0098318185   0.0138094776  -0.0070486934   0.0015397756
       -0.0740792024  -0.0209369407  -0.0470808878  -0.0019744105  -0.0008363845
        0.0006952069   0.0016994338   0.0004084715   0.0001940229  -0.0020449498
       -0.0012603607   0.0001409401   0.0031175606   0.0022994325  -0.0000426538
       -0.0041621561  -0.0020229070   0.0019357244   0.0022922408   0.0003474230
       -0.0016786000   0.0034858066  -0.0022930603  -0.0000015031  -0.0020477232
        0.0003491661  -0.0004237630   0.0022757568  -0.0008829261  -0.0007153001
       -0.0024784251  -0.0004795602   0.0021488389   0.0044147070  -0.0015842217
       -0.0029980811  -0.0030061896   0.0038154406   0.0024294928   0.0023986750
        0.0052236965  -0.0044559335  -0.0035413888  -0.0070350004  -0.0000179203
       -0.0185493629   0.0031493941  -0.0350736193  -0.0043329622   0.0010301200
        0.0068388237
        0.0031364696   0.0028684907  -0.0031362796  -0.0008401483  -0.0002181005
        0.0017212466   0.0016541790  -0.0008819032  -0.0016541506  -0.0017212810
       -0.0002180857   0.0008401571  -0.0007077987   0.0014874295   0.0005424813
        0.0005856516  -0.0012477664   0.0001306842   0.0004645557   0.0013305781
        0.0002771198  -0.0006728102  -0.0015796558   0.0004507997   0.0024875750
        0.0000244738  -0.0017291845  -0.0022086379   0.0016456052   0.0009271413
        0.0013993181  -0.0016353481   0.0001819307  -0.0014674922   0.0032690189
        0.0003473993   0.0023998932  -0.0037014190   0.0016864092  -0.0071012732
        0.0010374351   0.0000426981   0.0013124337   0.0166137109   0.0043059722
        0.0101577536  -0.0167492514   0.0094168308  -0.0000485711   0.0064236529
       -0.0003630557  -0.0022565756  -0.0048891522  -0.0033422712   0.0002809202
       -0.0017083912  -0.0002809305  -0.0008839645   0.0017099174   0.0007031523
        0.0012981190  -0.0013268318  -0.0009167927  -0.0013002422   0.0015802341
        0.0013002541   0.0009167717  -0.0013268697  -0.0012981579  -0.0007031802
        0.0017099167   0.0008839990  -0.0005424870   0.0014874154   0.0007078119
       -0.0004507102  -0.0015796706   0.0006728191  -0.0002771292   0.0013305726
       -0.0004645516  -0.0001307583  -0.0012477751  -0.0005856681   0.0024816466
        0.0052113229   0.0019497212  -0.0011023826  -0.0038660188   0.0004440440
        0.0012148868   0.0023505189   0.0003851681  -0.0025547207  -0.0024679047
        0.0007992095   0.0041578739   0.0012826007  -0.0022803428  -0.0081268606
       -0.0051721281  -0.0010801694   0.0057412935   0.0065260357  -0.0069999323
       -0.0024368778  -0.0038904536   0.0024368453   0.0069999264   0.0065260311
       -0.0057411208  -0.0324462762  -0.0304691288  -0.0204268418  -0.0108405150
       -0.1704086739   0.0108401961   0.0204268965  -0.0304694234   0.0324460721
        0.0014324142   0.0016994176  -0.0009271621  -0.0009007533  -0.0017119074
        0.0006020041   0.0002000658   0.0017576041  -0.0002000717  -0.0006020053
       -0.0017119120   0.0009007559   0.0009271438   0.0016994192  -0.0014324089
       -0.0011883535  -0.0020760255   0.0011883670  -0.0009751840  -0.0001394674
        0.0023173222   0.0028129403  -0.0016093002  -0.0028129803  -0.0023171931
       -0.0001394434   0.0009751310   0.0021585046   0.0007615955  -0.0021584892
       -0.0371491123   0.4209148186   0.0371491947   0.0500646411  -0.0839351299
        0.0155733488   0.0293023560  -0.0178671335   0.0015399650  -0.0032555661
        0.0054208591   0.0032556803  -0.0015402835  -0.0178669048  -0.0293023288
       -0.0155735499  -0.0839346524  -0.0500642111  -0.0001819513  -0.0016353490
       -0.0013993278  -0.0009271489   0.0016455871   0.0022086448   0.0017291739
        0.0000244822  -0.0024875952  -0.0000426785   0.0010373747   0.0071012785
       -0.0016864179  -0.0037013923  -0.0023998979  -0.0003473986   0.0032689905
        0.0014675179   0.0022802969   0.0012826141  -0.0041578932  -0.0007991863
       -0.0024678504   0.0025547507  -0.0003852069   0.0023505241  -0.0012148947
       -0.0004440194  -0.0038660303   0.0011023590  -0.0019497068   0.0052113398
       -0.0024815549   0.0010800610  -0.0051720837   0.0081268152   0.0003630555
        0.0064235993   0.0000486196  -0.0094169362  -0.0167491449  -0.0101579366
       -0.0043057597   0.0166136814  -0.0013121348   0.0033422868  -0.0048891888
        0.0022564187
       -0.0006847436  -0.0002773001  -0.0010154445   0.0012729971   0.0010491632
        0.0012116143  -0.0006920061  -0.0002958144  -0.0008674822   0.0011022088
       -0.0005979478   0.0014353627  -0.0003933570   0.0002542915   0.0011430761
       -0.0005663948   0.0001474616  -0.0010292637   0.0005648101   0.0003994648
        0.0010656588   0.0003616791   0.0002541030  -0.0011484083   0.0001409297
        0.0012603553  -0.0020449388   0.0001940190  -0.0004084495   0.0016994196
        0.0006951779   0.0008363818  -0.0019743798  -0.0016785735  -0.0003473961
        0.0022922280   0.0019356805   0.0020228864  -0.0041621244  -0.0000426762
       -0.0022994203   0.0031175309  -0.0350735832  -0.0031491201  -0.0185489397
       -0.0000177655   0.0070349089  -0.0035413374  -0.0044559168  -0.0052236163
        0.0023986749   0.0068389663  -0.0010301475  -0.0043330170  -0.0010875888
       -0.0002751351  -0.0008548726   0.0008360026   0.0002606948   0.0011311750
       -0.0007124803   0.0000323754  -0.0014968740   0.0011222371   0.0003182909
        0.0011553587  -0.0014758547  -0.0005912524  -0.0006229841   0.0011508569
        0.0002646328   0.0006701157   0.0010409753   0.0001700804  -0.0006989595
       -0.0013639414  -0.0007250504   0.0010636087   0.0010790706  -0.0000520619
        0.0000041285  -0.0011097413  -0.0004968547  -0.0002714781  -0.0029979959
        0.0015842471   0.0044147571   0.0021488031   0.0004795472  -0.0024783496
       -0.0007152998   0.0008829282   0.0022757374  -0.0004237728  -0.0003491538
       -0.0020476937  -0.0000014505   0.0022930338   0.0034857912   0.0024293831
       -0.0038154470  -0.0030061963  -0.0042824401  -0.0015972144  -0.0023062213
        0.0029114295   0.0000743269   0.0035394820  -0.0019396141   0.0025083125
       -0.0040219034  -0.0028070672  -0.0129017765   0.0088503191  -0.0126320032
        0.0086010906  -0.0497852697   0.0001704021   0.0189805030  -0.0014965810
        0.0011045890   0.0004084581   0.0016455698  -0.0010660445  -0.0000318309
       -0.0008547598   0.0012139707   0.0002000507   0.0008397241  -0.0012352202
       -0.0004158691  -0.0002904262   0.0022086367  -0.0001940229   0.0002485293
       -0.0015816855  -0.0000696439  -0.0009553065  -0.0024841806   0.0019258031
       -0.0018345163   0.0021937163  -0.0003792696   0.0014192624  -0.0023979449
       -0.0010711481  -0.0022776599   0.0015340978  -0.0001587314   0.0008402889
        0.1771763630   0.0371491947   0.2952412296  -0.0470802928   0.0209367292
       -0.0740783850   0.0015401322   0.0070483565   0.0138094504  -0.0098318187
        0.0016758386  -0.0106023565   0.0070481463  -0.0315367272  -0.0178667680
       -0.0510708744  -0.0487859020  -0.1233394002  -0.0019788824  -0.0013682292
        0.0010023658   0.0014324097   0.0011045730   0.0002485247  -0.0014658208
       -0.0019535932  -0.0000387566   0.0022994390   0.0022570596   0.0010373514
       -0.0030799911  -0.0027813491   0.0016729970   0.0016785904   0.0014674964
       -0.0019026677   0.0041640970  -0.0022911868  -0.0015155713  -0.0022658252
       -0.0000333610   0.0011293652   0.0019340461  -0.0003405155  -0.0015696069
       -0.0020507229  -0.0011645933   0.0033244509   0.0019281405   0.0001386024
       -0.0032060073  -0.0026767148  -0.0002934478   0.0070443546   0.0011679485
        0.0041852810  -0.0036408866  -0.0010275375  -0.0070452812  -0.0004428101
       -0.0253410107   0.0066210821  -0.0238977520  -0.0028311184  -0.0004797449
        0.0056088531
        0.0018883972   0.0008430049  -0.0004677964  -0.0015070047  -0.0006571131
       -0.0003980363   0.0012708685  -0.0004966896   0.0001221069  -0.0017064734
        0.0008843742  -0.0009767018   0.0005072142   0.0005768740  -0.0010041662
        0.0004667802  -0.0008257235   0.0011885479   0.0000881594   0.0002806503
       -0.0010705716  -0.0012270906  -0.0011569577   0.0015390133   0.0007995562
       -0.0017136372   0.0010981942  -0.0009553026   0.0015816943  -0.0011883735
       -0.0005828902  -0.0019064801   0.0021618372   0.0016730161   0.0023998681
       -0.0019357515  -0.0013790084  -0.0052575420   0.0044933372  -0.0037013868
        0.0027814217  -0.0020229326  -0.0869686609  -0.0260628414  -0.0752579267
        0.0052808979  -0.0209332725   0.0062620833   0.0032110778   0.0048906818
        0.0005382941  -0.0214787303  -0.0134193112  -0.0124705150   0.0009658294
       -0.0006589063   0.0009889469  -0.0009578884   0.0007006232  -0.0009721798
        0.0010092710  -0.0009149504   0.0012115905  -0.0015025313   0.0007165689
       -0.0006860968   0.0016281959  -0.0002528007   0.0002697480  -0.0012909867
        0.0006405941  -0.0005517435  -0.0011871273   0.0005312936   0.0005756883
        0.0010152099  -0.0000755725  -0.0002771802  -0.0011097878   0.0006575230
       -0.0006161723   0.0009474177  -0.0001254345   0.0003460327   0.0024605529
        0.0018897120  -0.0012532666  -0.0034818909  -0.0020497385   0.0023721980
        0.0018997896   0.0003599031  -0.0019246188  -0.0020566190  -0.0005833046
        0.0031800350  -0.0004905802  -0.0031559096  -0.0045397366  -0.0238935451
        0.0147606975   0.0120371374   0.0043389510   0.0047842135  -0.0021692654
       -0.0037960996  -0.0014608094  -0.0015042257   0.0046449599   0.0001831616
        0.0004160198  -0.0148885212  -0.0031392661  -0.0116952001   0.0032389619
        0.0307736571   0.0015797291   0.0019958428  -0.0071859975   0.0048349516
       -0.0000387885   0.0001409223  -0.0024875724   0.0001541832  -0.0008587414
        0.0014347834  -0.0008547759   0.0006019771  -0.0012352291   0.0007507882
       -0.0004068977   0.0011803137  -0.0016353402   0.0008363855  -0.0013682259
        0.0007995844  -0.0007055959   0.0019064827   0.0026094624  -0.0016989043
        0.0030585083  -0.0013390578  -0.0023278158  -0.0053623453   0.0018034468
        0.0020708282   0.0031524321  -0.0003765869   0.0001114650  -0.0023939416
       -0.1233397375   0.0500646411  -0.0470802928   0.3485539188  -0.0720698207
        0.1248667685  -0.0839340241   0.0487858282   0.0209363412   0.0155834097
       -0.0026213670   0.0093161703  -0.0106022960   0.0098318443   0.0032557004
       -0.0153132845  -0.0093163008  -0.0296854955   0.0016724791   0.0004068932
       -0.0010369438  -0.0017119103  -0.0000318358   0.0004158672   0.0021526450
        0.0011773178  -0.0008587586  -0.0020449468  -0.0014658100   0.0017291610
        0.0028286643   0.0010981632  -0.0021618000  -0.0019743786   0.0001819367
        0.0019788782  -0.0036939246   0.0028232644  -0.0002478881   0.0018717004
       -0.0008172487   0.0006212794  -0.0021501942   0.0012597694   0.0005300584
        0.0020475194  -0.0003140035  -0.0019996015  -0.0030539212   0.0017495909
        0.0025392067   0.0031410405  -0.0023060820  -0.0026718244  -0.0010215432
       -0.0019937408   0.0041672199  -0.0004961209   0.0018978613  -0.0035813275
        0.0032308527  -0.0033350814   0.0041440301   0.0012123127  -0.0009737013
       -0.0052949886
       -0.0011568670  -0.0012271014   0.0015390265   0.0002806614   0.0000881718
       -0.0010705530  -0.0008257304   0.0004667952   0.0011885562   0.0005768887
        0.0005071932  -0.0010041313   0.0008843455  -0.0017064797  -0.0009766713
       -0.0004966841   0.0012708874   0.0001220939  -0.0006571311  -0.0015069802
       -0.0003980389   0.0008430157   0.0018882313  -0.0004678129  -0.0019064898
       -0.0005828528   0.0021618188   0.0015816756  -0.0009553321  -0.0011883511
       -0.0017136117   0.0007995866   0.0010981693   0.0027813467  -0.0037014363
       -0.0020229068  -0.0052575241  -0.0013789041   0.0044932778   0.0023999266
        0.0016729565  -0.0019357012  -0.0260628244  -0.0869678621  -0.0752569588
       -0.0134197334  -0.0214783187  -0.0124705921   0.0048906410   0.0032109361
        0.0005382865  -0.0209329411   0.0052814094   0.0062622775  -0.0002527896
        0.0016282109   0.0002697410   0.0007165616  -0.0015025318  -0.0006860818
       -0.0009149514   0.0010092915   0.0012115786   0.0007006335  -0.0009578876
       -0.0009721730  -0.0006589182   0.0009658267   0.0009889573   0.0006405946
       -0.0012909880  -0.0005517330   0.0006575106  -0.0011097783  -0.0006161775
       -0.0000756810   0.0010151731  -0.0002771471   0.0005313131  -0.0011871221
        0.0005756940  -0.0001254323   0.0009474311   0.0003460346  -0.0031394755
       -0.0148884612  -0.0116952421   0.0001832190   0.0046449691   0.0004159234
       -0.0014608146  -0.0037961049  -0.0015042043   0.0047842762   0.0043389102
       -0.0021693128  -0.0071859700   0.0019959454   0.0048349962   0.0307739102
        0.0032384685   0.0015798528  -0.0005833738  -0.0020566800   0.0031800535
        0.0003599613   0.0018998098  -0.0019245906  -0.0020498318  -0.0034818660
        0.0023718986   0.0018899225   0.0024605420  -0.0012531328   0.0147604714
       -0.0238940957   0.0120371406  -0.0031559452  -0.0004904673  -0.0045397766
       -0.0014658185  -0.0020449353   0.0017291888   0.0011773414   0.0021526550
       -0.0008587780  -0.0000318419  -0.0017119053   0.0004158807   0.0004068998
        0.0016724962  -0.0010369670   0.0001819345  -0.0019743880   0.0019788898
        0.0010981845   0.0028286739  -0.0021618361  -0.0009736166   0.0012123429
       -0.0052950246  -0.0033350177   0.0032309040   0.0041440857   0.0018978313
       -0.0004961529  -0.0035813744  -0.0019937310  -0.0010215322   0.0041672418
        0.0487863604  -0.0839351299   0.0209367292  -0.0720698207   0.3485549699
        0.1248655871   0.0500641153  -0.1233406024  -0.0470806854  -0.0093166792
       -0.0153130873  -0.0296855963   0.0098318549  -0.0106025132   0.0032556262
       -0.0026209912   0.0155835017   0.0093165358  -0.0004069041   0.0007507843
        0.0011803227   0.0006019868  -0.0008547718  -0.0012352152  -0.0008587568
        0.0001541774   0.0014347902   0.0001409230  -0.0000387726  -0.0024875784
       -0.0007056095   0.0007995824   0.0019065091   0.0008363843  -0.0016353408
       -0.0013682490   0.0017495972  -0.0030539574   0.0025391848  -0.0003139952
        0.0020475349  -0.0019995922   0.0012597609  -0.0021502357   0.0005299636
       -0.0008173239   0.0018717121   0.0006213298   0.0028233152  -0.0036939450
       -0.0002479279  -0.0023060796   0.0031410889  -0.0026717915   0.0001114666
       -0.0003765661  -0.0023939704   0.0020708551   0.0018033908   0.0031524667
       -0.0023278780  -0.0013390024  -0.0053624051  -0.0016989016   0.0026095284
        0.0030585710
        0.0006850361   0.0003059576   0.0009076111  -0.0010804565  -0.0010308524
       -0.0011644958   0.0004706156   0.0004798712   0.0010337355  -0.0010629407
        0.0006530060  -0.0015559391   0.0006529938  -0.0010629352  -0.0015559460
        0.0004798714   0.0004706235   0.0010337249  -0.0010308697  -0.0010804272
       -0.0011645124   0.0003059677   0.0006846678   0.0009075983  -0.0007056071
       -0.0012576137   0.0028286720   0.0000696431   0.0000696537  -0.0020760320
       -0.0012576166  -0.0007055926   0.0028286704   0.0030799642  -0.0016864316
       -0.0041621332  -0.0044932359  -0.0044932034   0.0096787888  -0.0016863960
        0.0030799888  -0.0041621167  -0.0792780501  -0.0792770674  -0.1587219767
        0.0010980269  -0.0230955997   0.0028245636   0.0115006724   0.0115005501
       -0.0014127623  -0.0230955723   0.0010986655   0.0028246440   0.0008949120
        0.0010057544   0.0006812056  -0.0005892203  -0.0008546836  -0.0011691865
        0.0004510996   0.0004511035   0.0018052550  -0.0008546987  -0.0005892016
       -0.0011691875   0.0010057479   0.0008948884   0.0006812133  -0.0006995207
       -0.0006995053  -0.0005364577  -0.0004396681  -0.0005410514   0.0004536332
        0.0008603140   0.0008603662  -0.0010520132  -0.0005410562  -0.0004396464
        0.0004536331   0.0007543536   0.0007543574   0.0001510423   0.0043156461
       -0.0113308106  -0.0140652723  -0.0018581268   0.0013859298   0.0034836804
       -0.0003952192  -0.0029446296  -0.0034830269   0.0039066290   0.0027886432
        0.0006277963  -0.0049188656  -0.0011980685   0.0022415819   0.0237673485
        0.0055820726   0.0050254932   0.0027886694   0.0039065763   0.0006278182
       -0.0029446274  -0.0003952038  -0.0034830162   0.0013859016  -0.0018581292
        0.0034836344  -0.0113307579   0.0043157845  -0.0140652035   0.0055823160
        0.0237671699   0.0050255005  -0.0011981282  -0.0049188513   0.0022415754
       -0.0019536041  -0.0012603479   0.0000245040   0.0017996773   0.0011773231
        0.0001541572  -0.0010660481  -0.0009007387  -0.0002904359   0.0011803142
        0.0010369423  -0.0005166200  -0.0013993214  -0.0006951765   0.0010023576
        0.0017136283   0.0012576168  -0.0005828827   0.0007887014  -0.0011438645
       -0.0013795975  -0.0033933554   0.0006965671   0.0005432573   0.0023252359
       -0.0003871439  -0.0007245967  -0.0020359253  -0.0001841308   0.0017698390
       -0.0510703018   0.0155733488  -0.0740783850   0.1248667685   0.1248655871
        0.3389447216   0.0155729275  -0.0510706379  -0.0740786207   0.0026209947
       -0.0162236292  -0.0153130253   0.0016758651   0.0016757920   0.0054208021
       -0.0162235949   0.0026212209  -0.0153129154   0.0010369376   0.0011803053
       -0.0005166086  -0.0009007579  -0.0010660356  -0.0002904277   0.0011773254
        0.0017996598   0.0001541683  -0.0012603776  -0.0019535977   0.0000245054
        0.0012576207   0.0017136119  -0.0005828606  -0.0006951919  -0.0013993166
        0.0010023545  -0.0014588282   0.0004385994   0.0025074869   0.0012625425
        0.0007928569  -0.0018541223  -0.0006277700  -0.0006277734   0.0015336183
        0.0007928855   0.0012625352  -0.0018541091   0.0004386187  -0.0014588367
        0.0025074870  -0.0000014484  -0.0000014388  -0.0052747742  -0.0001841492
       -0.0020359365   0.0017698390  -0.0003871195   0.0023252285  -0.0007245716
        0.0006965232  -0.0033933789   0.0005432345  -0.0011438678   0.0007886624
       -0.0013795724
       -0.0015796436  -0.0006727615   0.0004507886   0.0013305690   0.0004645456
        0.0002771494  -0.0012477592   0.0005856643   0.0001306857   0.0014874115
       -0.0007078209   0.0005424768  -0.0002181123  -0.0017212574   0.0008401668
       -0.0008818864   0.0016541832  -0.0016541420  -0.0002180974  -0.0008401262
        0.0017212706   0.0028685330   0.0031362280  -0.0031362791  -0.0016353192
        0.0013993378   0.0001819271   0.0016455674  -0.0022086389   0.0009271581
        0.0000245095   0.0024875780  -0.0017291766   0.0010373255  -0.0071012778
        0.0000427043  -0.0037013711   0.0023999417   0.0016863938   0.0032689768
       -0.0014675445   0.0003474091   0.0166136510   0.0013119253   0.0043056337
       -0.0048892107  -0.0022564541  -0.0033423305   0.0064236002  -0.0000486669
       -0.0003630455  -0.0167490519   0.0101581034   0.0094168500  -0.0013268706
        0.0009167789  -0.0012981598   0.0015802144  -0.0013002487   0.0013002787
       -0.0013268149   0.0012981311  -0.0009167902   0.0017099006  -0.0008839721
        0.0007031675  -0.0017083824   0.0002809337  -0.0002809342   0.0017099132
       -0.0007031812   0.0008840060   0.0013305704  -0.0002771436  -0.0004645547
       -0.0015796482  -0.0004507962   0.0006727891   0.0014874064  -0.0005424714
        0.0007078001  -0.0012477730  -0.0001307534  -0.0005856726  -0.0304697224
       -0.0324459623  -0.0204267960   0.0065261324   0.0069998458  -0.0057413683
       -0.0038905004  -0.0024367897   0.0024368937   0.0065260553   0.0057411893
       -0.0069999484  -0.0304689771   0.0204272548   0.0324461171  -0.1704088452
       -0.0108391779   0.0108401629  -0.0024679393  -0.0025546933   0.0007991863
        0.0023505562   0.0012147806   0.0003851894  -0.0038660230  -0.0011022813
        0.0004440915   0.0052113261   0.0024815450   0.0019498035  -0.0051721350
       -0.0081267385  -0.0010800333   0.0012826618   0.0041578602  -0.0022802932
        0.0010374263  -0.0000426440   0.0071012735   0.0000244816   0.0017291502
       -0.0024875738   0.0016455941  -0.0009271468   0.0022086335  -0.0016353477
       -0.0001819553  -0.0013993044   0.0032690054  -0.0003473994   0.0014674868
       -0.0037014422  -0.0016864287  -0.0023998693  -0.0048891532   0.0033423056
        0.0022565081   0.0166136977  -0.0043061669  -0.0013125722  -0.0167493458
       -0.0094167791  -0.0101579232   0.0064236785   0.0003630176   0.0000485329
       -0.0178664922   0.0293023560   0.0015401322  -0.0839340241   0.0500641153
        0.0155729275   0.4209141685  -0.0371501839   0.0371507606  -0.0839352015
       -0.0155734590  -0.0500648083  -0.0178671009  -0.0015398963  -0.0293023369
        0.0054208152  -0.0032557607   0.0032555428  -0.0017119201  -0.0006019946
        0.0009007570   0.0017576046   0.0002000618  -0.0002000653  -0.0017119214
       -0.0009007481   0.0006019962   0.0016994412   0.0014324002  -0.0009271481
       -0.0020760419  -0.0011883547   0.0011883549   0.0016994317   0.0009271570
       -0.0014324108   0.0052112814  -0.0019497703  -0.0024816228  -0.0038660309
       -0.0004440966   0.0011023636   0.0023505431  -0.0003851817  -0.0012148204
       -0.0024679245  -0.0007991979   0.0025547265   0.0012825783   0.0022803350
       -0.0041579060  -0.0051720102   0.0010800594   0.0081268620   0.0007616199
        0.0021585085  -0.0021584905  -0.0001394923  -0.0023172245   0.0009750905
       -0.0016092736   0.0028129801  -0.0028129538  -0.0001394425  -0.0009751269
        0.0023172819
        0.0007249464   0.0010636142  -0.0013639360   0.0000520726   0.0000041335
        0.0010790549   0.0004968634  -0.0002714839  -0.0011097373  -0.0001701131
       -0.0006989444   0.0010409742  -0.0010491593   0.0012116435   0.0012730038
        0.0002957953  -0.0008674962  -0.0006920175   0.0005979609   0.0014353728
        0.0011022024   0.0002772831  -0.0010154751  -0.0006845960   0.0013682585
        0.0010023346  -0.0019788986  -0.0011045882   0.0002485608   0.0014323993
        0.0019536066  -0.0000387954  -0.0014658224  -0.0022570852   0.0010374404
        0.0022994446   0.0027814066   0.0016729513  -0.0030800279  -0.0014675336
       -0.0019026278   0.0016785960  -0.0066213496  -0.0238980109  -0.0253410177
        0.0004799490   0.0056089845  -0.0028311559  -0.0041853794  -0.0036408639
        0.0011679679   0.0070454354  -0.0004429223  -0.0010276022  -0.0000323910
       -0.0014969059  -0.0007124806  -0.0003182364   0.0011553886   0.0011222105
        0.0005912531  -0.0006229952  -0.0014758586  -0.0002646416   0.0006700985
        0.0011508536   0.0002751465  -0.0008548917  -0.0010875864  -0.0002607068
        0.0011311709   0.0008360167  -0.0003994572   0.0010656709   0.0005648073
       -0.0002538855  -0.0011484232   0.0003616892  -0.0002542958   0.0011430743
       -0.0003933732  -0.0001474639  -0.0010292948  -0.0005663955  -0.0189803583
       -0.0014962372   0.0001705750   0.0015971730  -0.0023063098  -0.0042823790
       -0.0000743135   0.0035395319   0.0029114057  -0.0025083837  -0.0040219209
       -0.0019395556   0.0129021496   0.0088500451  -0.0028073099  -0.0086001859
       -0.0497851426  -0.0126324226   0.0000333774   0.0011293819  -0.0022658546
        0.0003404883  -0.0015696286   0.0019340370   0.0011646444   0.0033244595
       -0.0020504149  -0.0001386391  -0.0032060152   0.0019281699   0.0002935026
        0.0070444131  -0.0026767984   0.0022911634  -0.0015155955   0.0041641525
        0.0022994492   0.0031175250  -0.0000427219  -0.0012603797  -0.0020449543
        0.0001409590   0.0004084627   0.0016994285   0.0001939999  -0.0008363939
       -0.0019744013   0.0006952105   0.0003473931   0.0022922318  -0.0016785973
       -0.0020229085  -0.0041621151   0.0019357372   0.0010299121  -0.0043330223
        0.0068387926   0.0031489510  -0.0185492397  -0.0350735889  -0.0070348532
       -0.0035412111  -0.0000177989   0.0052236348   0.0023986160  -0.0044559189
        0.0315367429  -0.0178671335   0.0070483565   0.0487858282  -0.1233406024
       -0.0510706379  -0.0371501839   0.2952436195   0.1771760517  -0.0209368353
       -0.0740786466  -0.0470802390  -0.0070483006   0.0138095586   0.0015401706
       -0.0016759245  -0.0106024209  -0.0098318383   0.0000318365  -0.0008547842
       -0.0010660536  -0.0002000638   0.0008397367   0.0012139656   0.0004158848
       -0.0002904430  -0.0012352427   0.0001940101   0.0002485319   0.0022086427
        0.0000696592  -0.0009553154  -0.0015816979  -0.0004084545   0.0016455823
        0.0011045871  -0.0015842523   0.0044147507  -0.0029980325  -0.0004795412
       -0.0024784617   0.0021488358  -0.0008829443   0.0022757469  -0.0007153238
        0.0003491594  -0.0020477176  -0.0004237713  -0.0022929981   0.0034858170
       -0.0000014321   0.0038154676  -0.0030062428   0.0024293904   0.0001587241
        0.0008402926   0.0015341076  -0.0019258148  -0.0018345960  -0.0024842271
        0.0003792867   0.0014192686   0.0021937233   0.0010711374  -0.0022776884
       -0.0023977276
        0.0002538952   0.0003616854  -0.0011484216   0.0003994686   0.0005648061
        0.0010656568   0.0001474631  -0.0005663962  -0.0010292766   0.0002542861
       -0.0003933635   0.0011430660  -0.0005979341   0.0011022193   0.0014353728
       -0.0002958221  -0.0006920120  -0.0008674858   0.0010491762   0.0012729906
        0.0012116062  -0.0002773250  -0.0006846264  -0.0010154398   0.0008363984
        0.0006951737  -0.0019743990  -0.0004084572   0.0001940294   0.0016994165
        0.0012603630   0.0001409111  -0.0020449445  -0.0022994269  -0.0000426389
        0.0031175367   0.0020229140   0.0019356700  -0.0041621381  -0.0003474116
       -0.0016785646   0.0022922313  -0.0031495519  -0.0350735571  -0.0185490402
       -0.0010298500   0.0068390095  -0.0043330086  -0.0052236865  -0.0044558610
        0.0023986745   0.0070349443  -0.0000179641  -0.0035413525  -0.0005913010
       -0.0014758597  -0.0006229887   0.0003182998   0.0011222311   0.0011553597
        0.0000323709  -0.0007124853  -0.0014968851   0.0002607085   0.0008360017
        0.0011311620  -0.0002751445  -0.0010875845  -0.0008548773   0.0002646437
        0.0011508469   0.0006701145  -0.0000520644   0.0010790642   0.0000041307
       -0.0007249325  -0.0013639154   0.0010636173   0.0001700934   0.0010409753
       -0.0006989558  -0.0004968636  -0.0011097476  -0.0002714801  -0.0129017687
       -0.0028068838   0.0088503454   0.0025082951  -0.0019396467  -0.0040218201
        0.0000744017   0.0029114187   0.0035394936  -0.0015972786  -0.0042824345
       -0.0023062139   0.0189805639   0.0001701914  -0.0014966782   0.0086011566
       -0.0126324051  -0.0497852253  -0.0003491569  -0.0004237568  -0.0020477075
        0.0008829341  -0.0007153275   0.0022757261   0.0004795719   0.0021488170
       -0.0024784664   0.0015842187  -0.0029980275   0.0044147543  -0.0038154423
        0.0024294588  -0.0030062667   0.0022930412  -0.0000014824   0.0034857996
        0.0022570909   0.0022994165   0.0010373494  -0.0019536095  -0.0014658113
       -0.0000387463   0.0011045844   0.0014323933   0.0002485217  -0.0013682468
       -0.0019788786   0.0010023676   0.0014674974   0.0016785751  -0.0019026602
       -0.0027813796  -0.0030799718   0.0016730029  -0.0004798894  -0.0028311377
        0.0056088677   0.0066207524  -0.0253410560  -0.0238978501  -0.0070452798
       -0.0010274479  -0.0004427702   0.0041852841   0.0011679084  -0.0036408894
        0.0070484757   0.0015399650   0.0138094504   0.0209363412  -0.0470806854
       -0.0740786207   0.0371507606   0.1771760517   0.2952417298  -0.0487865441
       -0.0510702502  -0.1233394000  -0.0315366637   0.0070485390  -0.0178666350
        0.0016757086  -0.0098318277  -0.0106023927  -0.0004158790  -0.0012352260
       -0.0002904360   0.0002000649   0.0012139631   0.0008397304  -0.0000318345
       -0.0010660458  -0.0008547798   0.0004084633   0.0011045768   0.0016455727
       -0.0000696544  -0.0015816796  -0.0009553161  -0.0001940033   0.0022086392
        0.0002485359   0.0001385848   0.0019281415  -0.0032060043  -0.0011645982
       -0.0020503808   0.0033244602  -0.0003405055   0.0019340408  -0.0015696218
       -0.0000333686  -0.0022658360   0.0011293703  -0.0022911221   0.0041641433
       -0.0015155458  -0.0002934455  -0.0026767347   0.0070443440  -0.0001587138
        0.0015340951   0.0008403060  -0.0010711820  -0.0023979238  -0.0022776718
       -0.0003792444   0.0021937140   0.0014192693   0.0019257653  -0.0024842294
       -0.0018345301
        0.0010151987   0.0002771605   0.0000755710  -0.0011871537  -0.0005756860
       -0.0005313055   0.0009474062  -0.0003460441   0.0001254854  -0.0011097930
        0.0006161911  -0.0006575409   0.0000881851   0.0010705527  -0.0002806648
        0.0004667698  -0.0011885943   0.0008256839   0.0005071984   0.0010041464
       -0.0005769145  -0.0012271052  -0.0015389876   0.0011569984   0.0007507580
       -0.0011803253   0.0004069128  -0.0008547678   0.0012352408  -0.0006020099
        0.0001541459  -0.0014347708   0.0008587807  -0.0000387416   0.0024875916
       -0.0001409593   0.0007995421  -0.0019065031   0.0007056338  -0.0016353332
        0.0013682712  -0.0008364056  -0.0013389442   0.0053624101   0.0023278434
        0.0026094464  -0.0030587488   0.0016988757  -0.0003765249   0.0023939979
       -0.0001114853   0.0018033651  -0.0031524801  -0.0020708393   0.0010092659
       -0.0012115637   0.0009149293  -0.0009578672   0.0009721993  -0.0007006322
        0.0009658197  -0.0009889684   0.0006589284  -0.0012910065   0.0005517630
       -0.0006406240   0.0016281915  -0.0002697471   0.0002528017  -0.0015025264
        0.0006860629  -0.0007165330  -0.0015069758   0.0003980270   0.0006571112
        0.0018884028   0.0004677880  -0.0008430305  -0.0017064750   0.0009766838
       -0.0008843514   0.0012708735  -0.0001220462   0.0004966712  -0.0004904099
        0.0045398188   0.0031559081  -0.0020567306  -0.0031800102   0.0005834009
        0.0018998205   0.0019245734  -0.0003599811  -0.0034818669  -0.0023722615
        0.0020498451   0.0024605491   0.0012530191  -0.0018899627  -0.0238942510
       -0.0120369130  -0.0147603617   0.0020475402   0.0019995790   0.0003139977
       -0.0021502345  -0.0005300262  -0.0012597844   0.0018716895  -0.0006213249
        0.0008172527  -0.0036939582   0.0002479759  -0.0028232189   0.0031410841
        0.0026717361   0.0023060443  -0.0030539544  -0.0025391863  -0.0017496035
        0.0016729631   0.0019356718  -0.0023999349  -0.0005828553  -0.0021617727
        0.0019065047  -0.0009553170   0.0011883398  -0.0015816922   0.0007995915
       -0.0010981594   0.0017136250  -0.0037013936   0.0020228983  -0.0027813515
       -0.0013789033  -0.0044931798   0.0052575284   0.0052811434  -0.0062621506
        0.0209327685  -0.0869668453   0.0752567349   0.0260618919  -0.0214781130
        0.0124708311   0.0134195226   0.0032108898  -0.0005383492  -0.0048905755
       -0.0106025094  -0.0032555661  -0.0098318187   0.0155834097  -0.0093166792
        0.0026209947  -0.0839352015  -0.0209368353  -0.0487865441   0.3485530084
       -0.1248655102   0.0720713572  -0.1233397436   0.0470807291  -0.0500643209
       -0.0153127750   0.0296856013   0.0093164900   0.0021526393   0.0008587443
       -0.0011773206  -0.0017119175  -0.0004158760   0.0000318264   0.0016724719
        0.0010369309  -0.0004068995  -0.0019744035  -0.0019788743  -0.0001819497
        0.0028286690   0.0021617765  -0.0010981775  -0.0020449403  -0.0017291708
        0.0014658108  -0.0148882975   0.0116952213   0.0031394290   0.0046449667
       -0.0004160183  -0.0001832436  -0.0037960409   0.0015042073   0.0014608516
        0.0043389094   0.0021692316  -0.0047842368   0.0019958896  -0.0048349700
        0.0071859442   0.0032385127  -0.0015795994  -0.0307736788  -0.0010215642
       -0.0041672077   0.0019937524   0.0012123759   0.0052951643   0.0009736965
        0.0032308606  -0.0041440993   0.0033350144  -0.0004961130   0.0035813349
       -0.0018977310
       -0.0008603219  -0.0010520070   0.0008603875   0.0004396800   0.0004536329
       -0.0005410512  -0.0007543551   0.0001510638   0.0007543299   0.0005410610
        0.0004536228  -0.0004396460   0.0010308498  -0.0011645319  -0.0010804405
       -0.0004798695   0.0010337434   0.0004706580  -0.0006530242  -0.0015559600
       -0.0010629306  -0.0003059442   0.0009076135   0.0006846576  -0.0011803119
       -0.0005166047   0.0010369614   0.0010660462  -0.0002904558  -0.0009007462
       -0.0017996648   0.0001541781   0.0011773329   0.0019536012   0.0000244643
       -0.0012603750  -0.0017136265  -0.0005828609   0.0012576377   0.0013993415
        0.0010023361  -0.0006951899   0.0033933952   0.0005431924   0.0006965266
       -0.0007887358  -0.0013795933  -0.0011438610   0.0020359559   0.0017698084
       -0.0001841572  -0.0023252614  -0.0007245700  -0.0003871073  -0.0004510831
        0.0018052754   0.0004510986   0.0005892249  -0.0011692085  -0.0008546929
       -0.0008949062   0.0006812407   0.0010057581   0.0006995213  -0.0005364900
       -0.0006994979  -0.0010057493   0.0006812335   0.0008948976   0.0008546875
       -0.0011691984  -0.0005892023   0.0010804423  -0.0011645085  -0.0010308606
       -0.0006850441   0.0009076252   0.0003059638   0.0010629382  -0.0015559513
        0.0006530091  -0.0004706163   0.0010337517   0.0004798687   0.0049189083
        0.0022415077  -0.0011981432  -0.0039066004   0.0006278540   0.0027886889
        0.0003951535  -0.0034830708  -0.0029446344   0.0018581908   0.0034837492
        0.0013858893  -0.0043158803  -0.0140653288  -0.0113307642  -0.0237671507
        0.0050258259   0.0055823970  -0.0007929066  -0.0018541146   0.0012625623
        0.0006277977   0.0015336159  -0.0006277764  -0.0012625625  -0.0018541141
        0.0007928806   0.0014588856   0.0025074786   0.0004385948   0.0000013868
       -0.0052748104  -0.0000014331  -0.0004385890   0.0025075056  -0.0014588348
       -0.0030800420  -0.0041621325  -0.0016863877   0.0012576443   0.0028286765
       -0.0007056330  -0.0000696633  -0.0020760389   0.0000696632   0.0007056165
        0.0028286821  -0.0012576495   0.0016864052  -0.0041621405   0.0030800121
        0.0044933074   0.0096787877  -0.0044933326  -0.0010982053   0.0028245118
       -0.0230956215   0.0792768178  -0.1587238655  -0.0792777396   0.0230958683
        0.0028243593   0.0010983480  -0.0115006271  -0.0014126123   0.0115007052
       -0.0016757435   0.0054208591   0.0016758386  -0.0026213670  -0.0153130873
       -0.0162236292  -0.0155734590  -0.0740786466  -0.0510702502  -0.1248655102
        0.3389477699   0.1248660767   0.0510706975  -0.0740791142   0.0155733053
        0.0162236303  -0.0153132763   0.0026211110  -0.0011773276   0.0001541866
        0.0017996834   0.0009007544  -0.0002904354  -0.0010660394  -0.0010369447
       -0.0005165995   0.0011803278   0.0006952010   0.0010023578  -0.0013993233
       -0.0012576320  -0.0005828526   0.0017136426   0.0012603735   0.0000245003
       -0.0019536152   0.0113307909  -0.0140654088   0.0043157047  -0.0013859244
        0.0034836550  -0.0018581406   0.0029446175  -0.0034830545  -0.0003952236
       -0.0027886696   0.0006278513   0.0039066314   0.0011981132   0.0022415776
       -0.0049189239  -0.0055821533   0.0050256428   0.0237673874   0.0001841528
        0.0017698560  -0.0020359587   0.0011438590  -0.0013796158   0.0007886652
       -0.0006965676   0.0005432514  -0.0033934039   0.0003871227  -0.0007245842
        0.0023250138
        0.0000756800  -0.0002771440   0.0010151746  -0.0006575192  -0.0006161716
       -0.0011097661   0.0001254324   0.0003460489   0.0009474223  -0.0005313221
        0.0005756887  -0.0011871139   0.0006571098  -0.0003980509  -0.0015069749
        0.0004966676   0.0001220480   0.0012708683  -0.0008843768  -0.0009766744
       -0.0017064762  -0.0008429895  -0.0004677863   0.0018882201  -0.0004068939
       -0.0010369497   0.0016724997   0.0000318296   0.0004158736  -0.0017119078
       -0.0011773182  -0.0008587500   0.0021526533   0.0014658094   0.0017291460
       -0.0020449555  -0.0010981744  -0.0021618033   0.0028286841  -0.0001819262
        0.0019788743  -0.0019743866   0.0033350785   0.0041440144   0.0032308379
        0.0009735674  -0.0052951756   0.0012123294   0.0019937721   0.0041671849
       -0.0010215668  -0.0018978630  -0.0035813311  -0.0004961079   0.0009149579
        0.0012115824   0.0010092444  -0.0007165162  -0.0006860639  -0.0015025255
        0.0002527879   0.0002697580   0.0016281996  -0.0006406138  -0.0005517540
       -0.0012909715   0.0006589192   0.0009889584   0.0009658127  -0.0007006476
       -0.0009721826  -0.0009578314  -0.0002806597  -0.0010705406   0.0000881752
        0.0011568503   0.0015390051  -0.0012271098  -0.0005769016  -0.0010041226
        0.0005072040   0.0008257252   0.0011886078   0.0004667614   0.0071860202
        0.0048348899   0.0019958402  -0.0047842398  -0.0021692254   0.0043389318
        0.0014607539  -0.0015042373  -0.0037960988  -0.0001831483   0.0004159811
        0.0046449421   0.0031392423  -0.0116952838  -0.0148883956  -0.0307735671
        0.0015802206   0.0032388389   0.0008173293   0.0006213206   0.0018717055
       -0.0012597655   0.0005299649  -0.0021502184   0.0003139880  -0.0019995815
        0.0020475342  -0.0017495731   0.0025391940  -0.0030538865   0.0023060428
       -0.0026718109   0.0031410479  -0.0028232813  -0.0002479239  -0.0036938960
       -0.0027814038  -0.0020228937  -0.0037013852   0.0017136368   0.0010981758
        0.0007995557  -0.0015816925  -0.0011883389  -0.0009553119   0.0019064949
        0.0021617973  -0.0005828846  -0.0023999068  -0.0019356728   0.0016729888
        0.0052575520   0.0044932320  -0.0013789950   0.0134193987  -0.0124707325
       -0.0214781554   0.0260618896  -0.0752575935  -0.0869677787   0.0209331565
        0.0062619965   0.0052810823  -0.0048905886   0.0005383529   0.0032109781
       -0.0098318185   0.0032556803  -0.0106023565   0.0093161703  -0.0296855963
       -0.0153130253  -0.0500648083  -0.0470802390  -0.1233394000   0.0720713572
        0.1248660767   0.3485528413  -0.0487860133   0.0209367090  -0.0839343914
        0.0026212958   0.0093163513   0.0155833653   0.0008587514   0.0014347779
        0.0001541753  -0.0006020064  -0.0012352099  -0.0008547560   0.0004069060
        0.0011803135   0.0007507801  -0.0008364028  -0.0013682388  -0.0016353212
        0.0007056172   0.0019064900   0.0007995774  -0.0001409402  -0.0024875601
       -0.0000387624  -0.0018898210  -0.0012531806   0.0024605107   0.0020497861
        0.0023718573  -0.0034818814  -0.0003599438  -0.0019245735   0.0018998089
        0.0005833494   0.0031800136  -0.0020566656   0.0031559016  -0.0045397691
       -0.0004905097  -0.0147605925   0.0120371606  -0.0238938191  -0.0001114897
       -0.0023939430  -0.0003765526   0.0016989218   0.0030586925   0.0026094984
        0.0023277948  -0.0053623928  -0.0013390265  -0.0020708183   0.0031524585
        0.0018030776
       -0.0011484397  -0.0003616513   0.0002540984   0.0011430758   0.0003933654
        0.0002543009  -0.0010292654   0.0005663965   0.0001474147   0.0010656700
       -0.0005648130   0.0003994445   0.0000041264  -0.0010790711  -0.0000520562
       -0.0002714754   0.0011097291  -0.0004968221  -0.0006989552  -0.0010409717
        0.0001701077   0.0010636210   0.0013638984  -0.0007250723  -0.0008547548
        0.0010660466  -0.0000318424   0.0008397276  -0.0012139648   0.0002000652
       -0.0002904243   0.0012352213  -0.0004158782   0.0002485154  -0.0022086401
       -0.0001940072  -0.0009552986   0.0015816886  -0.0000696572   0.0016455653
       -0.0011045900   0.0004084541   0.0014192373  -0.0021937267  -0.0003792761
       -0.0022776167   0.0023979545  -0.0010711675   0.0008402868  -0.0015340984
       -0.0001587203  -0.0018345737   0.0024842320   0.0019257902  -0.0006229993
        0.0014758392  -0.0005912688   0.0006701054  -0.0011508483   0.0002646569
       -0.0008548516   0.0010875634  -0.0002751494   0.0011311571  -0.0008360135
        0.0002607006  -0.0014968747   0.0007124861   0.0000323660   0.0011553763
       -0.0011222336   0.0003182753   0.0014353622  -0.0011022150  -0.0005979512
       -0.0010156569   0.0006845988  -0.0002773106   0.0012116110  -0.0012729910
        0.0010491636  -0.0008674794   0.0006919898  -0.0002958140  -0.0015156197
       -0.0041641276  -0.0022911303   0.0011294043   0.0022658244  -0.0000333968
       -0.0015696452  -0.0019340212  -0.0003404750   0.0033244413   0.0020506995
       -0.0011646349  -0.0032060049  -0.0019281333   0.0001386550   0.0070443924
        0.0026763628  -0.0002935324  -0.0024784094  -0.0021487709   0.0004795491
        0.0022757532   0.0007152587   0.0008829234  -0.0020476893   0.0004238071
       -0.0003491679   0.0034857712   0.0000014421   0.0022930560  -0.0030062423
       -0.0024293475  -0.0038154562   0.0044147789   0.0029979880   0.0015842236
       -0.0019026472  -0.0016785635   0.0014675355   0.0010023478   0.0019788594
       -0.0013682482   0.0002485413  -0.0014323992   0.0011045847  -0.0000387753
        0.0014657857  -0.0019535947   0.0010373979  -0.0022994182   0.0022570750
        0.0016729618   0.0030799612  -0.0027813908  -0.0004427030   0.0010275430
       -0.0070453176  -0.0238976096   0.0253410942   0.0066211324   0.0056089360
        0.0028310908  -0.0004798124  -0.0036408633  -0.0011679112   0.0041853176
        0.0138094776  -0.0015402835   0.0070481463  -0.0106022960   0.0098318549
        0.0016758651  -0.0178671009  -0.0070483006  -0.0315366637  -0.1233397436
        0.0510706975  -0.0487860133   0.2952409971  -0.1771759047   0.0371511488
       -0.0740780263   0.0470800929   0.0209362636  -0.0020449406  -0.0001409293
        0.0012603694   0.0016994242  -0.0001940152  -0.0004084595  -0.0019743872
       -0.0006951838   0.0008363852   0.0022922442   0.0016785780  -0.0003474059
       -0.0041621097  -0.0019356779   0.0020228972   0.0031175204   0.0000426971
       -0.0022994308  -0.0014963251  -0.0001703920   0.0189803262  -0.0023062564
        0.0042827516  -0.0015971936   0.0035395036  -0.0029114042   0.0000743812
       -0.0040218766   0.0019395943   0.0025083391   0.0088501070   0.0028071200
       -0.0129019811  -0.0497850484   0.0126321186   0.0086003934   0.0023986543
        0.0044558790  -0.0052236284  -0.0043330456  -0.0068389419  -0.0010301035
       -0.0185488269   0.0350735541  -0.0031491608  -0.0035412345   0.0000178894
        0.0070347856
        0.0013639515   0.0010635994  -0.0007250786  -0.0010409876  -0.0006989514
        0.0001700915   0.0011097383  -0.0002714920  -0.0004968302  -0.0010790858
        0.0000041431  -0.0000520530  -0.0005648034   0.0010656884   0.0003994645
        0.0005663897  -0.0010292827   0.0001474214   0.0003933832   0.0011430879
        0.0002542961  -0.0003616909  -0.0011484093   0.0002541143   0.0012352225
       -0.0002904434  -0.0004158868  -0.0012139716   0.0008397516   0.0002000665
        0.0010660419  -0.0008547802  -0.0000318414  -0.0011045796   0.0016456051
        0.0004084671   0.0015816869  -0.0009553250  -0.0000696637  -0.0022086562
        0.0002485550  -0.0001940035  -0.0021937245   0.0014192946  -0.0003792568
        0.0024842038  -0.0018346277   0.0019258046  -0.0015341154   0.0008403169
       -0.0001587154   0.0023979379  -0.0022777002  -0.0010711775   0.0007124835
       -0.0014968998   0.0000323731  -0.0008360064   0.0011311787   0.0002607016
        0.0010875637  -0.0008548740  -0.0002751506  -0.0011508479   0.0006701260
        0.0002646505   0.0014758507  -0.0006230132  -0.0005912712  -0.0011222297
        0.0011553944   0.0003182763  -0.0012729922   0.0012116367   0.0010491755
        0.0006847315  -0.0010154723  -0.0002772892  -0.0011021978   0.0014353807
       -0.0005979517   0.0006919997  -0.0008674938  -0.0002958103   0.0000014996
        0.0034858339   0.0022930488   0.0004237460  -0.0020477155  -0.0003491527
        0.0007153385   0.0022757489   0.0008829323  -0.0021488308  -0.0024784059
        0.0004795696   0.0029980642   0.0044147623   0.0015842280  -0.0024294743
       -0.0030062146  -0.0038154297   0.0020507579   0.0033244444  -0.0011646420
       -0.0019340766  -0.0015696012  -0.0003404948   0.0022658511   0.0011293531
       -0.0000333919  -0.0041641698  -0.0015155650  -0.0022911856   0.0026768047
        0.0070443792  -0.0002934759  -0.0019282208  -0.0032060167   0.0001386308
        0.0016786166   0.0022922357  -0.0003474142  -0.0006952037  -0.0019743965
        0.0008364025  -0.0001940011   0.0016994399  -0.0004084600  -0.0001409425
       -0.0020449514   0.0012603817   0.0000427026   0.0031175411  -0.0022994439
       -0.0019357228  -0.0041621239   0.0020229312   0.0000177673  -0.0035412869
        0.0070348859   0.0350735988  -0.0185494629  -0.0031493559  -0.0068390503
       -0.0043329959  -0.0010300826   0.0044559316   0.0023986280  -0.0052236705
       -0.0070486934  -0.0178669048  -0.0315367272   0.0098318443  -0.0106025132
        0.0016757920  -0.0015398963   0.0138095586   0.0070485390   0.0470807291
       -0.0740791142   0.0209367090  -0.1771759047   0.2952445785   0.0371508558
        0.0510700716  -0.1233406006  -0.0487863928   0.0014658158  -0.0000387904
       -0.0019536224  -0.0014324082   0.0002485495   0.0011045932   0.0019788969
        0.0010023412  -0.0013682679  -0.0016786149  -0.0019026591   0.0014675308
        0.0030800224   0.0016729636  -0.0027814158  -0.0022994364   0.0010373998
        0.0022570998   0.0028071583   0.0088501671  -0.0129021069   0.0019395995
       -0.0040219710   0.0025083490  -0.0029114193   0.0035395382   0.0000743267
        0.0042824228  -0.0023063094  -0.0015972306  -0.0001703881  -0.0014964297
        0.0189805191   0.0126321166  -0.0497853498   0.0086004872  -0.0011679654
       -0.0036409115   0.0041853620   0.0028311966   0.0056089770  -0.0004797989
        0.0253410373  -0.0238982615   0.0066210345   0.0010275335  -0.0004428819
       -0.0070453702
        0.0004507067   0.0006728087  -0.0015796766   0.0005424966   0.0007078105
        0.0014874029   0.0001307466  -0.0005856772  -0.0012477736   0.0002771284
       -0.0004645438   0.0013305663  -0.0004645375   0.0002771321   0.0013305866
       -0.0005856753   0.0001307351  -0.0012477619   0.0007078157   0.0005424871
        0.0014874081   0.0006727942   0.0004507800  -0.0015796587   0.0006020027
        0.0009007345  -0.0017119178  -0.0002000586  -0.0002000482   0.0017575969
        0.0009007432   0.0006019816  -0.0017119063  -0.0014324068  -0.0009271322
        0.0016994276   0.0011883464   0.0011883376  -0.0020760345  -0.0009271505
       -0.0014323824   0.0016994270  -0.0028129928  -0.0028129491  -0.0016092611
        0.0009752137   0.0023172097  -0.0001394927  -0.0021585100  -0.0021584626
        0.0007616206   0.0023172112   0.0009750981  -0.0001394814  -0.0012981679
       -0.0009167905  -0.0013268514   0.0008840141   0.0007031686   0.0017099109
       -0.0002809287  -0.0002809350  -0.0017083800   0.0007031920   0.0008840043
        0.0017098971  -0.0009167878  -0.0012981569  -0.0013268542   0.0013002671
        0.0013002397   0.0015802470   0.0008401611   0.0017212474  -0.0002181145
       -0.0031364648  -0.0031362459   0.0028685330   0.0017212698   0.0008401467
       -0.0002181119  -0.0016541995  -0.0016541999  -0.0008818925  -0.0041578748
       -0.0022802800   0.0012826578   0.0025547101   0.0007991725  -0.0024679110
       -0.0012148509   0.0003851910   0.0023505372   0.0011023258   0.0004439956
       -0.0038660175  -0.0024815658   0.0019497618   0.0052113305   0.0081267563
       -0.0010802690  -0.0051721774   0.0004440090   0.0011023428  -0.0038660361
        0.0003851978  -0.0012148906   0.0023505117   0.0007991978   0.0025547247
       -0.0024678624  -0.0022803420  -0.0041578479   0.0012826671  -0.0010800308
        0.0081268012  -0.0051721081   0.0019497288  -0.0024815826   0.0052113158
        0.0014675327   0.0003474077   0.0032689904  -0.0013993301   0.0001819322
       -0.0016353177   0.0022086575   0.0009271320   0.0016455681  -0.0024875841
       -0.0017291722   0.0000245192   0.0071012730   0.0000426502   0.0010373580
       -0.0023999153   0.0016864044  -0.0037013835  -0.0101578107   0.0094168634
       -0.0167491564  -0.0013121650   0.0043058855   0.0166136603   0.0022564811
       -0.0033423161  -0.0048891499   0.0000486407  -0.0003630320   0.0064236349
        0.0015397756  -0.0293023288  -0.0178667680   0.0032557004   0.0032556262
        0.0054208021  -0.0293023369   0.0015401706  -0.0178666350  -0.0500643209
        0.0155733053  -0.0839343914   0.0371511488   0.0371508558   0.4209139120
        0.0155728518  -0.0500646251  -0.0839346245  -0.0017291802  -0.0024875771
        0.0000245044   0.0009271695   0.0022086402   0.0016455694   0.0001819356
       -0.0013993311  -0.0016353471   0.0003474231   0.0014675142   0.0032689764
        0.0016863946  -0.0023999130  -0.0037014074   0.0000427276   0.0071012774
        0.0010373616   0.0324458367  -0.0204272590  -0.0304694611  -0.0069999054
       -0.0057410635   0.0065261189   0.0024368490   0.0024368272  -0.0038904850
       -0.0057412820  -0.0069998739   0.0065261106  -0.0204269535   0.0324461274
       -0.0304693115   0.0108395137   0.0108395858  -0.1704089105  -0.0003630186
        0.0000486233   0.0064236417  -0.0033422939   0.0022565597  -0.0048891583
        0.0043059665  -0.0013123369   0.0166136441   0.0094167281  -0.0101580776
       -0.0167492273
        0.0009076554  -0.0003059544   0.0006846660  -0.0015559613  -0.0006530003
       -0.0010629350   0.0010337317  -0.0004798761   0.0004706630  -0.0011645073
        0.0010308672  -0.0010804606   0.0004536397   0.0005410413  -0.0004396680
        0.0001510540  -0.0007543567   0.0007543281   0.0004536265   0.0004396549
       -0.0005410602  -0.0010520050  -0.0008603589   0.0008603877   0.0001541538
       -0.0017996740   0.0011773411  -0.0002904278   0.0010660466  -0.0009007610
       -0.0005166288  -0.0011803048   0.0010369701   0.0010023702   0.0013993121
       -0.0006952139  -0.0005828975  -0.0017136175   0.0012576496   0.0000245163
        0.0019536121  -0.0012603856   0.0005432968   0.0033933817   0.0006965568
       -0.0007246867  -0.0023252312  -0.0003871477   0.0017698739   0.0020359537
       -0.0001841602  -0.0013796424  -0.0007886387  -0.0011438464   0.0006812326
       -0.0010057449   0.0008948935  -0.0005364823   0.0006995028  -0.0006995057
        0.0006812262  -0.0008949088   0.0010057635  -0.0011691948   0.0005892231
       -0.0008547063   0.0018052630  -0.0004511038   0.0004511026  -0.0011691863
        0.0008546767  -0.0005892133  -0.0015559351   0.0010629191   0.0006530019
        0.0009076773  -0.0006846585   0.0003059316  -0.0011645092   0.0010804399
       -0.0010308514   0.0010337447  -0.0004706211   0.0004798692   0.0025075073
        0.0014588087   0.0004385759  -0.0018541395  -0.0012625216   0.0007928803
        0.0015336028   0.0006277595  -0.0006277940  -0.0018541019  -0.0007928694
        0.0012625757   0.0025074721  -0.0004386482  -0.0014588680  -0.0052747875
        0.0000015512  -0.0000014477   0.0034837487   0.0018581172   0.0013859190
       -0.0034830336   0.0003951877  -0.0029446420   0.0006277880  -0.0039066121
        0.0027887345   0.0022416076   0.0049189013  -0.0011980682   0.0050253662
       -0.0237675132   0.0055821988  -0.0140653985  -0.0043156657  -0.0113307918
        0.0010023391   0.0006951758  -0.0013993315  -0.0005166004  -0.0010369350
        0.0011803294  -0.0002904378   0.0009007313  -0.0010660479   0.0001541882
       -0.0011773178   0.0017996755   0.0000244821   0.0012603533  -0.0019535962
       -0.0005828479  -0.0012576068   0.0017136358  -0.0007245956   0.0003871299
        0.0023250052   0.0005431887  -0.0006965244  -0.0033933582  -0.0013795479
        0.0011438892   0.0007886923   0.0017698029   0.0001841251  -0.0020359472
       -0.0740792024  -0.0155735499  -0.0510708744  -0.0153132845  -0.0026209912
       -0.0162235949   0.0054208152  -0.0016759245   0.0016757086  -0.0153127750
        0.0162236303   0.0026212958  -0.0740780263   0.0510700716   0.0155728518
        0.3389455897  -0.1248654938   0.1248666399   0.0028286739   0.0007056004
       -0.0012576299  -0.0020760290  -0.0000696562   0.0000696420   0.0028286658
        0.0012576091  -0.0007056149  -0.0041621430  -0.0030799801  -0.0016864236
        0.0096787838   0.0044932080  -0.0044932823  -0.0041620980   0.0016864047
        0.0030799931   0.0022415033   0.0011980891  -0.0049188519   0.0006278516
       -0.0027886924   0.0039065615  -0.0034830022   0.0029446224  -0.0003951369
        0.0034837400  -0.0013859095  -0.0018581642  -0.0140651823   0.0113307757
        0.0043157893   0.0050256283  -0.0055822385   0.0237670144  -0.0014127152
       -0.0115006014   0.0115006380   0.0028247449   0.0230956542   0.0010985371
       -0.1587225177   0.0792777638  -0.0792771956   0.0028243786  -0.0010984889
       -0.0230954419
       -0.0015389976  -0.0012271025   0.0011569913   0.0010041700   0.0005071975
       -0.0005769042  -0.0011885984   0.0004667857   0.0008256788   0.0010705626
        0.0000881586  -0.0002806345   0.0006161703  -0.0011097998  -0.0006575198
       -0.0003460384   0.0009474211   0.0001254719  -0.0005757060  -0.0011871378
       -0.0005313147   0.0002771624   0.0010151615   0.0000755591  -0.0014347684
        0.0001541853   0.0008587575   0.0012352227  -0.0008547929  -0.0006019978
       -0.0011803019   0.0007507793   0.0004068935   0.0013682340  -0.0016353594
       -0.0008363923  -0.0019064755   0.0007995850   0.0007056115   0.0024875905
       -0.0000387923  -0.0001409328   0.0053623964  -0.0013390490   0.0023278282
       -0.0031524531   0.0018034263  -0.0020708098   0.0023939503  -0.0003765913
       -0.0001114867  -0.0030586925   0.0026095291   0.0016989180  -0.0002697396
        0.0016282046   0.0002527925   0.0005517549  -0.0012910097  -0.0006406178
       -0.0009889667   0.0009658392   0.0006589124   0.0009722054  -0.0009578743
       -0.0007006267  -0.0012115775   0.0010092684   0.0009149301   0.0006860589
       -0.0015025361  -0.0007165251   0.0009766709  -0.0017064770  -0.0008843588
        0.0004677065   0.0018882344  -0.0008429932   0.0003980421  -0.0015069889
        0.0006571226  -0.0001220452   0.0012708821   0.0004966702   0.0002479019
       -0.0036939492  -0.0028232817  -0.0006213063   0.0018717058   0.0008173076
       -0.0005300130  -0.0021502545  -0.0012597788   0.0019996247   0.0020475303
        0.0003139721  -0.0025392585  -0.0030539162  -0.0017495791   0.0026718394
        0.0031410131   0.0023060359  -0.0023723304  -0.0034818647   0.0020498172
        0.0019246178   0.0018998257  -0.0003599430  -0.0031800362  -0.0020566530
        0.0005833899   0.0045398084  -0.0004905355   0.0031558723  -0.0120373173
       -0.0238937995  -0.0147604876   0.0012532065   0.0024605688  -0.0018898005
       -0.0019789060  -0.0019743969  -0.0001819279   0.0010369578   0.0016724839
       -0.0004069199  -0.0004158902  -0.0017119161   0.0000318426   0.0008587551
        0.0021526541  -0.0011773511  -0.0017291918  -0.0020449412   0.0014658336
        0.0021618150   0.0028286698  -0.0010982048   0.0035814163  -0.0004961630
       -0.0018977680  -0.0041440625   0.0032308987   0.0033350548   0.0052951926
        0.0012123038   0.0009736701  -0.0041672310  -0.0010215266   0.0019937904
       -0.0209369407  -0.0839346524  -0.0487859020  -0.0093163008   0.0155835017
        0.0026212209  -0.0032557607  -0.0106024209  -0.0098318277   0.0296856013
       -0.0153132763   0.0093163513   0.0470800929  -0.1233406006  -0.0500646251
       -0.1248654938   0.3485553653   0.0720702693  -0.0010981775   0.0007995837
        0.0017136334   0.0011883517  -0.0009553219  -0.0015816810  -0.0021617995
       -0.0005828472   0.0019065071   0.0019357157   0.0016729760  -0.0023999019
       -0.0044932877  -0.0013789130   0.0052575839   0.0020228946  -0.0037014250
       -0.0027813930  -0.0048349455   0.0019959489   0.0071860153   0.0021692613
        0.0043389425  -0.0047842537   0.0015041882  -0.0037961131   0.0014607468
       -0.0004159641   0.0046449829  -0.0001831865   0.0116952785  -0.0148885201
        0.0031393466  -0.0015796907   0.0032386638  -0.0307738835  -0.0005383111
        0.0032110253  -0.0048906750   0.0124705864  -0.0214785457   0.0134194401
        0.0752576585  -0.0869685715   0.0260625780  -0.0062620863   0.0052813329
        0.0209330695
       -0.0004677047  -0.0008429752   0.0018882203  -0.0009766921  -0.0008843568
       -0.0017064628   0.0001220551   0.0004966672   0.0012708691  -0.0003980422
        0.0006571137  -0.0015069862   0.0005756880  -0.0005313263  -0.0011871277
        0.0003460469   0.0001254227   0.0009474077  -0.0006161906  -0.0006575091
       -0.0011097878  -0.0002771423   0.0000755718   0.0010151630  -0.0008587473
       -0.0011773162   0.0021526455   0.0004158695   0.0000318363  -0.0017119177
       -0.0010369454  -0.0004068911   0.0016724986   0.0019788705  -0.0001819542
       -0.0019744096  -0.0021617992  -0.0010981545   0.0028286818   0.0017291715
        0.0014658009  -0.0020449551   0.0041440846   0.0033350119   0.0032308369
       -0.0035814283  -0.0018978153  -0.0004961240   0.0041672141   0.0019937394
       -0.0010215706  -0.0052951560   0.0009737301   0.0012123524   0.0009889741
        0.0006589109   0.0009657981  -0.0005517714  -0.0006406168  -0.0012909720
        0.0002697606   0.0002527831   0.0016281934  -0.0006860724  -0.0007165065
       -0.0015025366   0.0012115830   0.0009149200   0.0010092452  -0.0009721958
       -0.0007006428  -0.0009578367  -0.0010041477  -0.0005769071   0.0005072012
        0.0015389940   0.0011569634  -0.0012271187  -0.0010705525  -0.0002806406
        0.0000881778   0.0011886043   0.0008257113   0.0004667580   0.0025391825
       -0.0017496061  -0.0030539198  -0.0019995951   0.0003140151   0.0020475086
        0.0005299712  -0.0012597893  -0.0021502259   0.0006213418   0.0008173255
        0.0018717006  -0.0002479722  -0.0028232747  -0.0036939110  -0.0026717568
        0.0023060673   0.0031410296   0.0004159778  -0.0001831714   0.0046449508
       -0.0015041925   0.0014607387  -0.0037960906  -0.0021692652  -0.0047841747
        0.0043389443   0.0048349797   0.0071859549   0.0019958939   0.0015794385
       -0.0307735929   0.0032387701  -0.0116952495   0.0031394201  -0.0148883316
       -0.0013682548  -0.0008363819  -0.0016353259   0.0011803195   0.0004068910
        0.0007507766  -0.0012352265  -0.0006020017  -0.0008547701   0.0014347830
        0.0008587406   0.0001541668  -0.0024875794  -0.0001409210  -0.0000387515
        0.0019064922   0.0007055983   0.0007995646   0.0031524500  -0.0020708435
        0.0018030646  -0.0053623706   0.0023278659  -0.0013389856   0.0030587249
        0.0016988887   0.0026094993  -0.0023939573  -0.0001114683  -0.0003765529
       -0.0470808878  -0.0500642111  -0.1233394002  -0.0296854955   0.0093165358
       -0.0153129154   0.0032555428  -0.0098318383  -0.0106023927   0.0093164900
        0.0026211110   0.0155833653   0.0209362636  -0.0487863928  -0.0839346245
        0.1248666399   0.0720702693   0.3485526782   0.0021617973   0.0019064705
       -0.0005828717  -0.0011883557  -0.0015816791  -0.0009553107   0.0010981835
        0.0017136175   0.0007995605  -0.0020229223  -0.0027813732  -0.0037013865
        0.0044932548   0.0052575012  -0.0013789574  -0.0019356896  -0.0023998904
        0.0016729768  -0.0045397815   0.0031559116  -0.0004904753   0.0031800149
        0.0005833562  -0.0020566960  -0.0019245637  -0.0003599408   0.0018998425
        0.0023722879   0.0020497696  -0.0034818726  -0.0012531351  -0.0018898309
        0.0024605263   0.0120369547  -0.0147606662  -0.0238939502   0.0005383115
       -0.0048905752   0.0032109537   0.0062622391   0.0209330081   0.0052811382
       -0.0752570686   0.0260625363  -0.0869674147  -0.0124706501   0.0134194600
       -0.0214780219
        0.0026094631   0.0016988660  -0.0030587587  -0.0013389376   0.0023278726
        0.0053623991   0.0018033688  -0.0020708395  -0.0031524854  -0.0003765392
       -0.0001114772   0.0023940000   0.0000881730  -0.0002806538   0.0010705613
       -0.0012271149   0.0011570002  -0.0015389871   0.0005071990  -0.0005769249
        0.0010041527   0.0004667658   0.0008257311  -0.0011885951   0.0007995544
        0.0007056246  -0.0019065067  -0.0000387486  -0.0001409532   0.0024875988
        0.0001541644   0.0008587661  -0.0014347935  -0.0008547782  -0.0006020002
        0.0012352482   0.0007507715   0.0004069054  -0.0011803301  -0.0016353389
       -0.0008363946   0.0013682739  -0.0011871512  -0.0005313043  -0.0005756851
        0.0010152042   0.0000755706   0.0002771633  -0.0011098029  -0.0006575345
        0.0006161911   0.0009474096   0.0001254318  -0.0003460351  -0.0034818686
        0.0020498384  -0.0023721363   0.0018998576  -0.0003599803   0.0019245532
       -0.0020567300   0.0005834117  -0.0031800292  -0.0004904048   0.0031558898
        0.0045398289  -0.0238942652  -0.0147604085  -0.0120370122   0.0024605436
       -0.0018899589   0.0012530301  -0.0869670334   0.0260622955   0.0752566372
        0.0052812165   0.0209328389  -0.0062622338   0.0032108946  -0.0048905934
       -0.0005383200  -0.0214781116   0.0134196071   0.0124707530  -0.0012910024
       -0.0006406126   0.0005517462   0.0009658243   0.0006589157  -0.0009889468
       -0.0009578564  -0.0007006374   0.0009721937   0.0010092592   0.0009149332
       -0.0012115741  -0.0015025384  -0.0007165296   0.0006860710   0.0016281951
        0.0002527900  -0.0002697453   0.0031410878   0.0023060613   0.0026717399
       -0.0036939640  -0.0028232171   0.0002479759   0.0018716970   0.0008172901
       -0.0006213253  -0.0021502312  -0.0012597877  -0.0005300301   0.0020475381
        0.0003140057   0.0019995815  -0.0030539542  -0.0017496108  -0.0025391932
       -0.0009553299  -0.0015816922   0.0011883537  -0.0005828466   0.0019064948
       -0.0021617904   0.0016729500  -0.0023999280   0.0019356872  -0.0013788878
        0.0052575201  -0.0044932115  -0.0037014140  -0.0027813431   0.0020229027
        0.0007995960   0.0017136155  -0.0010981610   0.0018884013  -0.0008430199
        0.0004677117  -0.0015069926   0.0006571184   0.0003980277   0.0012708786
        0.0004966691  -0.0001220461  -0.0017064741  -0.0008843422   0.0009766951
       -0.0019744105  -0.0001819513  -0.0019788824   0.0016724791  -0.0004069041
        0.0010369376  -0.0017119201   0.0000318365  -0.0004158790   0.0021526393
       -0.0011773276   0.0008587514  -0.0020449406   0.0014658158  -0.0017291802
        0.0028286739  -0.0010981775   0.0021617973   0.3485536953   0.0720707015
       -0.1248655297  -0.0839353137  -0.0487865968  -0.0209367591   0.0155834555
        0.0026209316  -0.0093166932  -0.0106025388  -0.0098318315  -0.0032555551
       -0.0153128273   0.0093166470   0.0296855815  -0.1233400915  -0.0500641114
        0.0470808584  -0.0037960553   0.0014608284   0.0015041853   0.0046449734
       -0.0001832498  -0.0004159098  -0.0148883480   0.0031394917   0.0116951912
        0.0032384416  -0.0307737712  -0.0015795993   0.0019959662   0.0071859397
       -0.0048349851   0.0043388856  -0.0047842329   0.0021692627   0.0032308758
        0.0033349889  -0.0041441163   0.0012123689   0.0009737167   0.0052951724
       -0.0010215562   0.0019937535  -0.0041672283  -0.0004961491  -0.0018978170
        0.0035814347
        0.0009735590   0.0012122993  -0.0052951615   0.0033350766   0.0032308398
        0.0041440224  -0.0018978774  -0.0004961279  -0.0035813975   0.0019937775
       -0.0010215548   0.0041672118   0.0006571085  -0.0015069894  -0.0003980566
       -0.0008429713   0.0018882316  -0.0004676960  -0.0008843724  -0.0017064642
       -0.0009766832   0.0004966782   0.0012708722   0.0001220516  -0.0010981837
        0.0028286813  -0.0021617974   0.0014658156  -0.0020449561   0.0017291623
       -0.0011773304   0.0021526560  -0.0008587426   0.0000318421  -0.0017119149
        0.0004158736  -0.0004069054   0.0016724964  -0.0010369472  -0.0001819361
       -0.0019744001   0.0019788843  -0.0006575185  -0.0011097875  -0.0006161758
        0.0000756700   0.0010151594  -0.0002771476  -0.0005313138  -0.0011871294
        0.0005756996   0.0001254262   0.0009474150   0.0003460336  -0.0001831275
        0.0046449649   0.0004159552   0.0014607059  -0.0037961148  -0.0015042112
       -0.0047842044   0.0043389386  -0.0021692291   0.0071860270   0.0019958763
        0.0048349044  -0.0307736119   0.0032389767   0.0015798955   0.0031392290
       -0.0148884577  -0.0116952765   0.0260623036  -0.0869683990  -0.0752579321
        0.0134193752  -0.0214786617  -0.0124706219  -0.0048906336   0.0032110486
        0.0005383292   0.0209332738   0.0052810656   0.0062620019  -0.0006406153
       -0.0012909794  -0.0005517438   0.0002527948   0.0016281991   0.0002697506
       -0.0007165336  -0.0015025251  -0.0006860737   0.0009149395   0.0010092514
        0.0012115852  -0.0007006299  -0.0009578447  -0.0009721891   0.0006589145
        0.0009658196   0.0009889597   0.0023060443   0.0031410219  -0.0026718287
       -0.0017495834  -0.0030538732   0.0025392286   0.0003139868   0.0020474853
       -0.0019996039  -0.0012597765  -0.0021502220   0.0005299866   0.0008173259
        0.0018716994   0.0006213044  -0.0028232856  -0.0036939053  -0.0002478972
       -0.0015816920  -0.0009553011  -0.0011883617   0.0017136380   0.0007995568
        0.0010981818  -0.0027814232  -0.0037013795  -0.0020229066   0.0052575632
       -0.0013789912   0.0044932824  -0.0023998711   0.0016730052  -0.0019357174
        0.0019064964  -0.0005828773   0.0021618070   0.0011568514  -0.0012271146
        0.0015389889  -0.0002806348   0.0000881565  -0.0010705699   0.0008257280
        0.0004667596   0.0011885948  -0.0005768969   0.0005072122  -0.0010041594
       -0.0008363845  -0.0016353490  -0.0013682292   0.0004068932   0.0007507843
        0.0011803053  -0.0006019946  -0.0008547842  -0.0012352260   0.0008587443
        0.0001541866   0.0014347779  -0.0001409293  -0.0000387904  -0.0024875771
        0.0007056004   0.0007995837   0.0019064705   0.0720707015   0.3485534830
        0.1248663981  -0.0500648482  -0.1233395682  -0.0470801167   0.0093161506
       -0.0153131964  -0.0296855400  -0.0098318243  -0.0106023062   0.0032557296
        0.0026213812   0.0155833841   0.0093162059  -0.0487858074  -0.0839340951
        0.0209365747  -0.0003599024   0.0018998456  -0.0019245893   0.0020497584
       -0.0034818941   0.0023721748  -0.0018897299   0.0024605377  -0.0012532435
       -0.0147606709  -0.0238936025   0.0120372567   0.0031558495  -0.0004905738
       -0.0045397739   0.0005833454  -0.0020566493   0.0031800165   0.0023277963
       -0.0013390603  -0.0053623728   0.0016989237   0.0026095000   0.0030586743
       -0.0001114802  -0.0003765899  -0.0023939263  -0.0020707951   0.0018034366
        0.0031524427
       -0.0007887437  -0.0011438682  -0.0013795676   0.0033933675   0.0006965114
        0.0005432054  -0.0023252575  -0.0003871194  -0.0007246108   0.0020359507
       -0.0001841509   0.0017698125   0.0010308507  -0.0010804477  -0.0011645302
       -0.0003059325   0.0006846625   0.0009076663  -0.0006530171  -0.0010629149
       -0.0015559582  -0.0004798616   0.0004706241   0.0010337357  -0.0017136266
        0.0012576317  -0.0005828561   0.0019535964  -0.0012603700   0.0000244736
       -0.0017996695   0.0011773368   0.0001541850   0.0010660517  -0.0009007494
       -0.0002904547  -0.0011803147   0.0010369557  -0.0005166032   0.0013993311
       -0.0006951956   0.0010023379   0.0004396779  -0.0005410593   0.0004536311
       -0.0008603208   0.0008603722  -0.0010520077   0.0005410669  -0.0004396536
        0.0004536278  -0.0007543525   0.0007543613   0.0001510482   0.0018581879
        0.0013859012   0.0034836820   0.0003951148  -0.0029446315  -0.0034830277
       -0.0039065644   0.0027886639   0.0006278486   0.0049188699  -0.0011981073
        0.0022415085  -0.0237670904   0.0055824273   0.0050256997  -0.0043158731
       -0.0113307504  -0.0140652515   0.0792767183  -0.0792780782  -0.1587230565
       -0.0010982874  -0.0230957301   0.0028246158  -0.0115005856   0.0115007060
       -0.0014126775   0.0230957513   0.0010983342   0.0028243951   0.0006995170
       -0.0006995047  -0.0005364728  -0.0008949036   0.0010057599   0.0006812187
        0.0005892115  -0.0008546876  -0.0011692028  -0.0004510895   0.0004511015
        0.0018052665   0.0008546988  -0.0005892100  -0.0011691973  -0.0010057454
        0.0008949141   0.0006812278   0.0000013911  -0.0000014543  -0.0052747896
        0.0014588732   0.0004386030   0.0025074831  -0.0012625570   0.0007928588
       -0.0018541201   0.0006277863  -0.0006277711   0.0015336235  -0.0007928983
        0.0012625427  -0.0018541165  -0.0004385937  -0.0014588226   0.0025075121
       -0.0000696531   0.0000696640  -0.0020760454   0.0012576292  -0.0007056174
        0.0028286712  -0.0030800243  -0.0016863845  -0.0041621246   0.0044932640
       -0.0044932805   0.0096787849   0.0016864296   0.0030799881  -0.0041621457
        0.0007056083  -0.0012576274   0.0028286710  -0.0006850381   0.0003059594
        0.0009076642   0.0010804572  -0.0010308717  -0.0011645132  -0.0004706131
        0.0004798697   0.0010337356   0.0010629374   0.0006530009  -0.0015559654
        0.0006952069  -0.0013993278   0.0010023658  -0.0010369438   0.0011803227
       -0.0005166086   0.0009007570  -0.0010660536  -0.0002904360  -0.0011773206
        0.0017996834   0.0001541753   0.0012603694  -0.0019536224   0.0000245044
       -0.0012576299   0.0017136334  -0.0005828717  -0.1248655297   0.1248663981
        0.3389464696  -0.0155733908  -0.0510701346  -0.0740783681  -0.0026213816
       -0.0162236133  -0.0153129320  -0.0016757313   0.0016758783   0.0054208382
        0.0162236173   0.0026209875  -0.0153132299   0.0510708073   0.0155731599
       -0.0740790713   0.0029446301  -0.0003952064  -0.0034830307  -0.0013859349
       -0.0018581329   0.0034836849   0.0113308170   0.0043156422  -0.0140653640
       -0.0055820581   0.0237674490   0.0050255535   0.0011980427  -0.0049189142
        0.0022415842  -0.0027886395   0.0039066239   0.0006278228  -0.0006965751
       -0.0033933848   0.0005432771   0.0011438595   0.0007886454  -0.0013796157
        0.0001841481  -0.0020359635   0.0017698691   0.0003871548   0.0023252378
       -0.0007246537
       -0.0048892089  -0.0033423324  -0.0022564442   0.0166136710   0.0043056258
        0.0013119231  -0.0167490520   0.0094169229   0.0101578391   0.0064235906
       -0.0003630559  -0.0000486505  -0.0002181162   0.0008401678  -0.0017212565
        0.0028685080  -0.0031362705   0.0031364472  -0.0002180889   0.0017212634
       -0.0008401433  -0.0008819050  -0.0016541924   0.0016541860  -0.0037013631
        0.0016864007   0.0023999305   0.0010373351   0.0000426803  -0.0071012727
        0.0000245172  -0.0017291871   0.0024875669   0.0016455729   0.0009271496
       -0.0022086387  -0.0016353101   0.0001819293   0.0013993298   0.0032689858
        0.0003473998  -0.0014675339   0.0013305824   0.0002771412   0.0004645515
       -0.0015796330   0.0004507838  -0.0006727648   0.0014874103   0.0005424678
       -0.0007078195  -0.0012477554   0.0001307403   0.0005856714   0.0065260644
       -0.0069999478   0.0057412510  -0.0038904627   0.0024368899  -0.0024368280
        0.0065260665  -0.0057413135   0.0069998690  -0.0304696852  -0.0204268709
       -0.0324459301  -0.1704087779   0.0108404523  -0.0108395454  -0.0304689595
        0.0324462572   0.0204270708   0.0166136913  -0.0013125870  -0.0043061430
       -0.0048891630   0.0022566195   0.0033423039   0.0064236759   0.0000485371
        0.0003630281  -0.0167493481  -0.0101579256  -0.0094167679   0.0017099138
        0.0007031716  -0.0008840058  -0.0013268623  -0.0009167959   0.0012981509
        0.0015802515   0.0013002489  -0.0013002599  -0.0013268430  -0.0012981457
        0.0009167659   0.0017099071   0.0008839957  -0.0007031766  -0.0017083807
       -0.0002809356   0.0002809231  -0.0051721298  -0.0010800715  -0.0081267435
        0.0052113371   0.0019498048   0.0024815495  -0.0038660161   0.0004439973
       -0.0011022851   0.0023505662   0.0003851834   0.0012147867  -0.0024679326
        0.0007991825  -0.0025546993   0.0012826555  -0.0022802848   0.0041578765
        0.0016455934   0.0022086261  -0.0009271494   0.0000244722  -0.0024875740
        0.0017291479   0.0010374298   0.0071012843  -0.0000426737  -0.0037014511
       -0.0023998635  -0.0016864321   0.0032690023   0.0014674795  -0.0003474065
       -0.0016353555  -0.0013993041  -0.0001819565  -0.0015796494   0.0006728046
       -0.0004507138   0.0013305576  -0.0004645595  -0.0002771395  -0.0012477715
       -0.0005856709  -0.0001307616   0.0014874124   0.0007077993  -0.0005424695
        0.0016994338  -0.0009271489   0.0014324097  -0.0017119103   0.0006019868
       -0.0009007579   0.0017576046  -0.0002000638   0.0002000649  -0.0017119175
        0.0009007544  -0.0006020064   0.0016994242  -0.0014324082   0.0009271695
       -0.0020760290   0.0011883517  -0.0011883557  -0.0839353137  -0.0500648482
       -0.0155733908   0.4209144232   0.0371501063  -0.0371497741  -0.0839341278
        0.0155732074   0.0500640464  -0.0178665898   0.0015402789   0.0293023596
        0.0054208388   0.0032555292  -0.0032557588  -0.0178671986  -0.0293023376
       -0.0015398293   0.0023505293  -0.0012148553  -0.0003851839  -0.0038660319
        0.0011023749  -0.0004440110   0.0052112686  -0.0024816427  -0.0019497870
       -0.0051720195   0.0081268883   0.0010800192   0.0012826226  -0.0041578863
        0.0022803690  -0.0024679321   0.0025547453  -0.0007992097  -0.0016092884
       -0.0028129483   0.0028129994  -0.0001394849   0.0009750840  -0.0023172231
        0.0007616097  -0.0021584801   0.0021585148  -0.0001394603   0.0023171945
       -0.0009752224
       -0.0010298636  -0.0043329849   0.0068390368  -0.0031495806  -0.0185492606
       -0.0350735910   0.0070349906  -0.0035413999  -0.0000178456  -0.0052236886
        0.0023986771  -0.0044559012  -0.0005979371   0.0014353717   0.0011022099
       -0.0002773179  -0.0010154392  -0.0006847525   0.0010491842   0.0012116113
        0.0012729955  -0.0002958105  -0.0008674716  -0.0006920116   0.0020229148
       -0.0041621427   0.0019356855  -0.0022994220   0.0031175482  -0.0000426440
        0.0012603584  -0.0020449420   0.0001409191  -0.0004084512   0.0016994263
        0.0001940213   0.0008363949  -0.0019743927   0.0006951824  -0.0003474202
        0.0022922287  -0.0016785901   0.0003994636   0.0010656716   0.0005647987
        0.0002538930  -0.0011484163   0.0003616942   0.0002542945   0.0011430754
       -0.0003933671   0.0001474635  -0.0010292843  -0.0005664030  -0.0015972976
       -0.0023062214  -0.0042824324   0.0000743779   0.0035394997   0.0029114348
        0.0025082736  -0.0040219030  -0.0019396520  -0.0129017633   0.0088504173
       -0.0028068962   0.0086013572  -0.0497854652  -0.0126321127   0.0189806701
       -0.0014967807   0.0001702179   0.0066207436  -0.0238980852  -0.0253410245
       -0.0004798595   0.0056089553  -0.0028311839   0.0041852770  -0.0036409250
        0.0011679401  -0.0070452731  -0.0004427534  -0.0010274589   0.0002606998
        0.0011311759   0.0008360223   0.0000323866  -0.0014968832  -0.0007124944
        0.0003182737   0.0011553743   0.0011222345  -0.0005912700  -0.0006229872
       -0.0014758542   0.0002646458   0.0006701175   0.0011508636  -0.0002751424
       -0.0008548898  -0.0010875917  -0.0038154404  -0.0030062026   0.0024294976
        0.0015842162   0.0044147505  -0.0029980578   0.0004795778  -0.0024783572
        0.0021488387   0.0008829288   0.0022757416  -0.0007153413  -0.0003491536
       -0.0020477093  -0.0004237401   0.0022930534   0.0034858177  -0.0000015062
        0.0011045767   0.0002485209   0.0014324039  -0.0019536166  -0.0000387501
       -0.0014658231   0.0022570917   0.0010373303   0.0022994296  -0.0027813716
        0.0016730055  -0.0030799898   0.0014674967  -0.0019026773   0.0016785936
       -0.0013682420   0.0010023662  -0.0019788793  -0.0007249232   0.0010636026
       -0.0013639452  -0.0000520625   0.0000041344   0.0010790730  -0.0004968602
       -0.0002714856  -0.0011097414   0.0001700775  -0.0006989552   0.0010409850
        0.0004084715   0.0016455871   0.0011045730  -0.0000318358  -0.0008547718
       -0.0010660356   0.0002000618   0.0008397367   0.0012139631  -0.0004158760
       -0.0002904354  -0.0012352099  -0.0001940152   0.0002485495   0.0022086402
       -0.0000696562  -0.0009553219  -0.0015816791  -0.0487865968  -0.1233395682
       -0.0510701346   0.0371501063   0.2952428254   0.1771761677   0.0209366076
       -0.0740790252  -0.0470809064   0.0070486473   0.0138094642   0.0015398055
        0.0016756861  -0.0106024759  -0.0098318188  -0.0315367034  -0.0178665124
        0.0070485920  -0.0003405079  -0.0015695838   0.0019340760  -0.0011645912
        0.0033244593  -0.0020506684   0.0001385743  -0.0032060027   0.0019281993
       -0.0002933976   0.0070443289  -0.0026768014  -0.0022911962  -0.0015155358
        0.0041641386  -0.0000333434   0.0011293404  -0.0022658350  -0.0003792385
        0.0014192974   0.0021937047  -0.0010711865  -0.0022776852  -0.0023979215
       -0.0001587136   0.0008403172   0.0015340988   0.0019257898  -0.0018346424
       -0.0024841949
        0.0004799298  -0.0028311240   0.0056089526  -0.0066213125  -0.0253410256
       -0.0238978219   0.0070453863  -0.0010276077  -0.0004427036  -0.0041853209
        0.0011679574  -0.0036408746  -0.0010491542   0.0012729890   0.0012116203
        0.0002773066  -0.0006846111  -0.0010156579   0.0005979600   0.0011022004
        0.0014353712   0.0002958065  -0.0006920020  -0.0008674806   0.0027813815
       -0.0030800029   0.0016729579  -0.0022570594   0.0022994371   0.0010374078
        0.0019535890  -0.0014658144  -0.0000387741  -0.0011045716   0.0014324001
        0.0002485439   0.0013682381  -0.0019788758   0.0010023440  -0.0014675234
        0.0016785827  -0.0019026492   0.0000520640   0.0010790689   0.0000041243
        0.0007249295  -0.0013639123   0.0010636155  -0.0001700993   0.0010409811
       -0.0006989473   0.0004968514  -0.0011097416  -0.0002714869  -0.0025083869
       -0.0019395744  -0.0040218432  -0.0000743583   0.0029113945   0.0035395260
        0.0015971932  -0.0042824331  -0.0023062748  -0.0189803609   0.0001705644
       -0.0014963350  -0.0086004444  -0.0126321340  -0.0497852065   0.0129020290
       -0.0028072523   0.0088501057   0.0031489436  -0.0350735981  -0.0185490388
        0.0010299308   0.0068389739  -0.0043330368   0.0052236147  -0.0044559323
        0.0023986417  -0.0070348467  -0.0000178302  -0.0035412408  -0.0002646511
        0.0011508596   0.0006701220   0.0005912871  -0.0014758485  -0.0006229968
       -0.0003182697   0.0011222253   0.0011553844  -0.0000323921  -0.0007124848
       -0.0014968774  -0.0002607017   0.0008360186   0.0011311779   0.0002751352
       -0.0010875908  -0.0008548844   0.0002934950  -0.0026767355   0.0070443905
       -0.0001386304   0.0019281576  -0.0032060136   0.0011646310  -0.0020506575
        0.0033244534   0.0003404854   0.0019340443  -0.0015696325   0.0000333695
       -0.0022658275   0.0011293843   0.0022911680   0.0041641380  -0.0015156060
        0.0004084532   0.0001940028   0.0016994267  -0.0012603756   0.0001409380
       -0.0020449406   0.0022994372  -0.0000427266   0.0031175267  -0.0020228929
        0.0019357069  -0.0041621092   0.0003473963  -0.0016785962   0.0022922372
       -0.0008363909   0.0006951945  -0.0019743824  -0.0002538858   0.0003616685
       -0.0011484461  -0.0003994519   0.0005648101   0.0010656718  -0.0001474715
       -0.0005664009  -0.0010292737  -0.0002543136  -0.0003933685   0.0011430761
        0.0001940229   0.0022086448   0.0002485247   0.0004158672  -0.0012352152
       -0.0002904277  -0.0002000653   0.0012139656   0.0008397304   0.0000318264
       -0.0010660394  -0.0008547560  -0.0004084595   0.0011045932   0.0016455694
        0.0000696420  -0.0015816810  -0.0009553107  -0.0209367591  -0.0470801167
       -0.0740783681  -0.0371497741   0.1771761677   0.2952422333   0.0487857362
       -0.0510708644  -0.1233400886   0.0315367462   0.0070481957  -0.0178670730
       -0.0016759241  -0.0098318340  -0.0106023645  -0.0070482411   0.0015402287
        0.0138095039  -0.0008829340  -0.0007152705   0.0022757670  -0.0004795453
        0.0021488149  -0.0024783525  -0.0015842398  -0.0029980054   0.0044147852
        0.0038154821   0.0024293627  -0.0030062988  -0.0022930659  -0.0000014345
        0.0034857829   0.0003491718  -0.0004237965  -0.0020476980   0.0003792925
        0.0021937331   0.0014192487  -0.0019258100  -0.0024842098  -0.0018345925
        0.0001587283   0.0015341062   0.0008402930   0.0010711562  -0.0023979504
       -0.0022776356
        0.0052809821   0.0062620306  -0.0209332987  -0.0869688272  -0.0752580091
       -0.0260627260  -0.0214787237  -0.0124705258  -0.0134194448   0.0032110833
        0.0005383022   0.0048906933   0.0005072030  -0.0010041658   0.0005768878
       -0.0012270945   0.0015390075  -0.0011568451   0.0000881592  -0.0010705795
        0.0002806470   0.0004667705   0.0011885988  -0.0008257218  -0.0013789756
        0.0044933275  -0.0052575761   0.0016730079  -0.0019357469   0.0023998814
       -0.0005828669   0.0021618142  -0.0019065045  -0.0009553115  -0.0011883622
        0.0015816965   0.0007995709   0.0010981937  -0.0017136477  -0.0037013981
       -0.0020229144   0.0027814243  -0.0015069981  -0.0003980307  -0.0006571109
        0.0018884027  -0.0004677879   0.0008430119  -0.0017064899  -0.0009766891
        0.0008843738   0.0012708698   0.0001220515  -0.0004966716  -0.0020566244
        0.0031800228  -0.0005833244   0.0018998066  -0.0019246408   0.0003599034
       -0.0034818822   0.0023723456  -0.0020497723   0.0024605753  -0.0012532914
        0.0018897279  -0.0238935567   0.0120373250   0.0147606480  -0.0004905814
       -0.0045397540  -0.0031559040  -0.0013390747  -0.0053623613  -0.0023278050
        0.0026094721   0.0030586708  -0.0016988981  -0.0003765838  -0.0023939467
        0.0001114795   0.0018034542   0.0031524290   0.0020708197  -0.0015025370
       -0.0006860692   0.0007165329   0.0010092701   0.0012115800  -0.0009149245
       -0.0009578576  -0.0009722069   0.0007006300   0.0009658236   0.0009889580
       -0.0006589121  -0.0012910106  -0.0005517420   0.0006406134   0.0016281968
        0.0002697423  -0.0002527907   0.0032388970   0.0015796939   0.0307737365
       -0.0148885462  -0.0116952041  -0.0031392592   0.0046449719   0.0004159246
        0.0001831611  -0.0037960992  -0.0015042198  -0.0014608184   0.0043389450
       -0.0021692481   0.0047842330   0.0019958721   0.0048349414  -0.0071860235
       -0.0008547913  -0.0012352328   0.0006019955   0.0001541871   0.0014347654
       -0.0008587488  -0.0000387995  -0.0024875774   0.0001409314   0.0007995864
        0.0019064750  -0.0007056050  -0.0016353552  -0.0013682322   0.0008363937
        0.0007507843   0.0011803037  -0.0004068934   0.0010152044  -0.0002771768
       -0.0000756689  -0.0011871466   0.0005756969   0.0005313036   0.0009474158
        0.0003460308  -0.0001254276  -0.0011097984  -0.0006161686   0.0006575397
       -0.0020449498   0.0017291739  -0.0014658208   0.0021526450  -0.0008587568
        0.0011773254  -0.0017119214   0.0004158848  -0.0000318345   0.0016724719
       -0.0010369447   0.0004069060  -0.0019743872   0.0019788969   0.0001819356
        0.0028286658  -0.0021617995   0.0010981835   0.0155834555   0.0093161506
       -0.0026213816  -0.0839341278   0.0209366076   0.0487857362   0.3485546199
        0.1248662805  -0.0720700519  -0.1233400839  -0.0470800671   0.0500647586
       -0.0153133334  -0.0296855344  -0.0093162527  -0.0106023226   0.0032557589
        0.0098318370  -0.0021502164   0.0005300517   0.0012597729   0.0018717026
        0.0006212738  -0.0008172817  -0.0036939452  -0.0002478903   0.0028232288
        0.0031410262  -0.0026718419  -0.0023060469  -0.0030538737   0.0025392434
        0.0017495909   0.0020475110  -0.0019996063  -0.0003139870   0.0032308706
        0.0041440244  -0.0033350867  -0.0004961343  -0.0035813161   0.0018978709
       -0.0010215378   0.0041672309  -0.0019937691   0.0012122831  -0.0052951677
       -0.0009735751
        0.0010980161   0.0028244258  -0.0230956380  -0.0792781322  -0.1587222477
       -0.0792768977  -0.0230956058   0.0028247256   0.0010982860   0.0115006693
       -0.0014127415   0.0115005853   0.0006529944  -0.0015559596  -0.0010629442
        0.0003059775   0.0009075974   0.0006850473  -0.0010308697  -0.0011645081
       -0.0010804448   0.0004798725   0.0010337247   0.0004706207  -0.0044932244
        0.0096787868  -0.0044932372   0.0030799716  -0.0041621485  -0.0016864275
       -0.0012576142   0.0028286637  -0.0007055989   0.0000696569  -0.0020760385
        0.0000696480  -0.0007056052   0.0028286725  -0.0012576232  -0.0016863917
       -0.0041621161   0.0030800025  -0.0010804442  -0.0011645104  -0.0010308509
        0.0006850353   0.0009076101   0.0003059532  -0.0010629302  -0.0015559462
        0.0006530118   0.0004706168   0.0010337323   0.0004798672   0.0039066475
        0.0006277913   0.0027886693  -0.0003952491  -0.0034830430  -0.0029446250
       -0.0018581002   0.0034837383   0.0013859336   0.0043156260  -0.0140653404
       -0.0113308078   0.0237674913   0.0050254131   0.0055820856  -0.0049188831
        0.0022416197  -0.0011980742  -0.0033933723   0.0005432955   0.0006965753
        0.0007886869  -0.0013796187  -0.0011438502  -0.0020359360   0.0017698672
       -0.0001841450   0.0023252328  -0.0007246130  -0.0003871441  -0.0008546928
       -0.0011691896  -0.0005892118   0.0004510951   0.0018052529   0.0004511023
       -0.0005892145  -0.0011691981  -0.0008546954   0.0008949018   0.0006812106
        0.0010057526  -0.0006995142  -0.0005364668  -0.0006995120   0.0010057460
        0.0006812199   0.0008949044   0.0055823307   0.0050255580   0.0237670353
       -0.0113307556  -0.0140651543   0.0043158381   0.0013859024   0.0034836712
       -0.0018581690  -0.0029446231  -0.0034830191  -0.0003951802   0.0027886598
        0.0006278398   0.0039065656  -0.0011981268   0.0022415332  -0.0049188421
       -0.0010660511  -0.0002904313  -0.0009007561   0.0017996739   0.0001541508
        0.0011773249  -0.0019536141   0.0000245168  -0.0012603658   0.0017136217
       -0.0005828826   0.0012576268  -0.0013993149   0.0010023670  -0.0006951998
        0.0011803079  -0.0005166208   0.0010369465   0.0008603092  -0.0010520163
        0.0008603181  -0.0004396580   0.0004536246  -0.0005410673   0.0007543521
        0.0001510412   0.0007543524  -0.0005410591   0.0004536383  -0.0004396674
       -0.0012603607   0.0000244822  -0.0019535932   0.0011773178   0.0001541774
        0.0017996598  -0.0009007481  -0.0002904430  -0.0010660458   0.0010369309
       -0.0005165995   0.0011803135  -0.0006951838   0.0010023412  -0.0013993311
        0.0012576091  -0.0005828472   0.0017136175   0.0026209316  -0.0153131964
       -0.0162236133   0.0155732074  -0.0740790252  -0.0510708644   0.1248662805
        0.3389451637   0.1248659768  -0.0510700708  -0.0740780851   0.0155731450
       -0.0162236126  -0.0153127899   0.0026213266   0.0016759181   0.0054208117
        0.0016757264  -0.0006277581   0.0015336410  -0.0006277824   0.0012625249
       -0.0018541364   0.0007928658  -0.0014588112   0.0025075057   0.0004385735
       -0.0000014768  -0.0052747708  -0.0000014095   0.0004386190   0.0025074773
       -0.0014588678   0.0007928813  -0.0018541068   0.0012625533   0.0006965166
        0.0005432023  -0.0033933666  -0.0003871147  -0.0007245445   0.0023252412
       -0.0001841388   0.0017698105  -0.0020359345  -0.0011438747  -0.0013795457
        0.0007887316
       -0.0134197247  -0.0124706458  -0.0214782365  -0.0260626983  -0.0752568012
       -0.0869673896  -0.0209329049   0.0062622809   0.0052811685   0.0048906164
        0.0005382960   0.0032109270   0.0008843499  -0.0009766900  -0.0017064884
        0.0008430275  -0.0004678004   0.0018884020  -0.0006571205  -0.0003980229
       -0.0015069866  -0.0004966679   0.0001220471   0.0012708752  -0.0052575123
        0.0044932577  -0.0013789078   0.0027813522  -0.0020229156  -0.0037014108
       -0.0017136238   0.0010981778   0.0007995962   0.0015816914  -0.0011883624
       -0.0009553314  -0.0019064905   0.0021618090  -0.0005828536   0.0023999140
       -0.0019357107   0.0016729606   0.0002806608  -0.0010705677   0.0000881683
       -0.0011568640   0.0015390039  -0.0012271037   0.0005769072  -0.0010041459
        0.0005072028  -0.0008257250   0.0011885985   0.0004667659   0.0047842617
       -0.0021692782   0.0043389055  -0.0014608671  -0.0015042034  -0.0037960596
        0.0001832356   0.0004159406   0.0046449725  -0.0031394920  -0.0116951829
       -0.0148883844   0.0307737717   0.0015795172   0.0032385570  -0.0071859361
        0.0048350145   0.0019959148  -0.0033350007   0.0041440996   0.0032308760
       -0.0009736279  -0.0052951660   0.0012123463  -0.0019937298   0.0041672383
       -0.0010215527   0.0018978130  -0.0035813526  -0.0004961344   0.0007006304
       -0.0009721891  -0.0009578549  -0.0009149475   0.0012115803   0.0010092570
        0.0007165286  -0.0006860724  -0.0015025352  -0.0002527903   0.0002697425
        0.0016282022   0.0006406156  -0.0005517472  -0.0012909930  -0.0006589145
        0.0009889632   0.0009658202   0.0147605199   0.0120369829  -0.0238941260
        0.0018899173  -0.0012531026   0.0024605523  -0.0020498147   0.0023721669
       -0.0034818815   0.0003599483  -0.0019245805   0.0018998294  -0.0005833608
        0.0031800299  -0.0020566925  -0.0031559454  -0.0045397815  -0.0004904403
       -0.0000318362   0.0004158829  -0.0017119260   0.0011773228  -0.0008587617
        0.0021526448  -0.0014658094   0.0017291838  -0.0020449458   0.0010981698
       -0.0021618022   0.0028286722   0.0001819579   0.0019788815  -0.0019744072
        0.0004068952  -0.0010369459   0.0016724848  -0.0000756751  -0.0002771576
        0.0010152021   0.0006575346  -0.0006161938  -0.0011097971  -0.0001254285
        0.0003460324   0.0009474101   0.0005313059   0.0005756909  -0.0011871533
        0.0001409401  -0.0024875952  -0.0000387566  -0.0008587586   0.0014347902
        0.0001541683   0.0006019962  -0.0012352427  -0.0008547798  -0.0004068995
        0.0011803278   0.0007507801   0.0008363852  -0.0013682679  -0.0016353471
       -0.0007056149   0.0019065071   0.0007995605  -0.0093166932  -0.0296855400
       -0.0153129320   0.0500640464  -0.0470809064  -0.1233400886  -0.0720700519
        0.1248659768   0.3485538767   0.0487865154   0.0209365272  -0.0839350758
       -0.0026209876   0.0093165919   0.0155834561   0.0098318481   0.0032555537
       -0.0106024953   0.0012597845   0.0005300137  -0.0021502180  -0.0003140137
       -0.0019995886   0.0020474941   0.0017496247   0.0025391854  -0.0030539218
       -0.0023060729  -0.0026717507   0.0031410795   0.0028232190  -0.0002479700
       -0.0036939619  -0.0008172983   0.0006213204   0.0018717029  -0.0023278788
       -0.0053623878  -0.0013389750   0.0020708606   0.0031524595   0.0018033874
        0.0001114683  -0.0023939908  -0.0003765398  -0.0016988591   0.0030587481
        0.0026094643
       -0.0004425955  -0.0010275156   0.0070453291  -0.0238982837  -0.0253410052
       -0.0066208729   0.0056089627  -0.0028312119   0.0004798693  -0.0036409309
        0.0011679691  -0.0041852938  -0.0006989555   0.0010410011  -0.0001700924
        0.0010636064  -0.0013639133   0.0007249245   0.0000041464   0.0010790841
        0.0000520659  -0.0002714880  -0.0011097357   0.0004968548   0.0016729858
       -0.0030800127   0.0027813802  -0.0019026712   0.0016786100  -0.0014674983
        0.0010023563  -0.0019788914   0.0013682377   0.0002485349   0.0014324153
       -0.0011045783  -0.0000387558  -0.0014658266   0.0019536104   0.0010373559
        0.0022994359  -0.0022570917   0.0014353882   0.0011022137   0.0005979494
       -0.0010156436  -0.0006846315   0.0002773371   0.0012116182   0.0012729892
       -0.0010491785  -0.0008674756  -0.0006920113   0.0002958086   0.0011293569
       -0.0022658444   0.0000333685  -0.0015696148   0.0019340699   0.0003405082
        0.0033244360  -0.0020507491   0.0011645939  -0.0032060017   0.0019282225
       -0.0001385717   0.0070443310  -0.0026768338   0.0002934049  -0.0015155357
        0.0041641742   0.0022911755   0.0014193011   0.0021937170   0.0003792533
       -0.0022776688  -0.0023979237   0.0010712013   0.0008403316   0.0015340945
        0.0001587157  -0.0018346573  -0.0024842191  -0.0019257884   0.0011553907
        0.0011222347  -0.0003182728  -0.0006230060  -0.0014758592   0.0005912601
        0.0006701291   0.0011508567  -0.0002646482  -0.0008548727  -0.0010875700
        0.0002751325   0.0011311758   0.0008360209  -0.0002607040  -0.0014968881
       -0.0007124931  -0.0000323949  -0.0497854546  -0.0126320512  -0.0086011376
       -0.0014967114   0.0001703620  -0.0189806534  -0.0023062614  -0.0042824514
        0.0015973056   0.0035395473   0.0029114113  -0.0000744284  -0.0040219174
       -0.0019396331  -0.0025082781   0.0088503211  -0.0028070075   0.0129019067
        0.0008397518   0.0012139666  -0.0002000652  -0.0002904494  -0.0012352165
        0.0004158639   0.0002485582   0.0022086576   0.0001940167  -0.0009553399
       -0.0015816704   0.0000696443   0.0016456031   0.0011045707  -0.0004084643
       -0.0008547808  -0.0010660303   0.0000318242  -0.0011484522   0.0003616842
       -0.0002538992   0.0011430799  -0.0003933838  -0.0002543051  -0.0010292811
       -0.0005663979  -0.0001474755   0.0010656841   0.0005648026  -0.0003994526
        0.0031175606  -0.0000426785   0.0022994390  -0.0020449468   0.0001409230
       -0.0012603776   0.0016994412   0.0001940101   0.0004084633  -0.0019744035
        0.0006952010  -0.0008364028   0.0022922442  -0.0016786149   0.0003474231
       -0.0041621430   0.0019357157  -0.0020229223  -0.0106025388  -0.0098318243
       -0.0016757313  -0.0178665898   0.0070486473   0.0315367462  -0.1233400839
       -0.0510700708   0.0487865154   0.2952441842   0.1771761637  -0.0371498737
       -0.0740793086  -0.0470809562  -0.0209368393   0.0138095033   0.0015397525
       -0.0070486928   0.0022757595  -0.0007153135  -0.0008829346  -0.0020477208
       -0.0004237490   0.0003491669   0.0034858119  -0.0000015157  -0.0022930969
       -0.0030062114   0.0024295141   0.0038154374   0.0044147518  -0.0029980838
       -0.0015842132  -0.0024784180   0.0021488438  -0.0004795750  -0.0185494697
       -0.0350736256   0.0031494795  -0.0035413640  -0.0000179330  -0.0070349870
        0.0023986592  -0.0044559417   0.0052237027  -0.0043329770   0.0068390615
        0.0010298762
       -0.0000177524  -0.0035412793   0.0070348504  -0.0350735704  -0.0185488316
       -0.0031490428   0.0068389390  -0.0043330417  -0.0010299174  -0.0044559005
        0.0023986621  -0.0052235986  -0.0003933628   0.0011430815   0.0002542983
        0.0003616728  -0.0011483980   0.0002538852   0.0005648180   0.0010656709
        0.0003994585  -0.0005663998  -0.0010292637   0.0001474647   0.0019356748
       -0.0041621088   0.0020228854  -0.0016785756   0.0022922359  -0.0003473880
        0.0006951778  -0.0019743814   0.0008363837   0.0001940152   0.0016994227
       -0.0004084500   0.0001409286  -0.0020449331   0.0012603592  -0.0000426993
        0.0031175162  -0.0022994207   0.0012729972   0.0012116125   0.0010491594
       -0.0006847349  -0.0010154557  -0.0002772873   0.0011021957   0.0014353571
       -0.0005979476  -0.0006920029  -0.0008674771  -0.0002958087  -0.0004237815
       -0.0020476866  -0.0003491504  -0.0007153016   0.0022757351   0.0008829369
        0.0021487772  -0.0024784109   0.0004795422  -0.0029979733   0.0044147818
        0.0015842453   0.0024293414  -0.0030062875  -0.0038154636  -0.0000014278
        0.0034857894   0.0022930228   0.0021937219   0.0014192446  -0.0003792777
       -0.0024841838  -0.0018345778   0.0019258110   0.0015341144   0.0008402815
       -0.0001587263  -0.0023979486  -0.0022776505  -0.0010711413   0.0011222290
        0.0011553751   0.0003182713  -0.0007124926  -0.0014968736   0.0000323728
        0.0008360227   0.0011311585   0.0002607028  -0.0010875702  -0.0008548550
       -0.0002751425   0.0011508484   0.0006701132   0.0002646481  -0.0014758464
       -0.0006229995  -0.0005912950  -0.0126320609  -0.0497850890   0.0086006632
       -0.0028071413   0.0088502040  -0.0129018865  -0.0019395998  -0.0040218318
        0.0025083774   0.0029114158   0.0035394791   0.0000743075  -0.0042824156
       -0.0023062418  -0.0015971747   0.0001704210  -0.0014964027   0.0189803780
        0.0012139699   0.0008397249   0.0002000602  -0.0010660469  -0.0008547555
       -0.0000318367   0.0011045954   0.0016455682   0.0004084584  -0.0015816861
       -0.0009552904  -0.0000696532   0.0022086433   0.0002485153  -0.0001940152
       -0.0012352174  -0.0002904180  -0.0004158756  -0.0013639306   0.0010636071
       -0.0007249342   0.0010409738  -0.0006989608   0.0001700887  -0.0011097331
       -0.0002714792  -0.0004968621   0.0010790684   0.0000041266  -0.0000520563
        0.0022994325   0.0010373747   0.0022570596  -0.0014658100  -0.0000387726
       -0.0019535977   0.0014324002   0.0002485319   0.0011045768  -0.0019788743
        0.0010023578  -0.0013682388   0.0016785780  -0.0019026591   0.0014675142
       -0.0030799801   0.0016729760  -0.0027813732  -0.0098318315  -0.0106023062
        0.0016758783   0.0015402789   0.0138094642   0.0070481957  -0.0470800671
       -0.0740780851   0.0209365272   0.1771761637   0.2952408662   0.0371500062
       -0.0510709281  -0.1233395731  -0.0487858184   0.0070481398  -0.0178669989
       -0.0315367038   0.0019340387  -0.0015696042  -0.0003404891  -0.0022658195
        0.0011293888  -0.0000333687   0.0041641057  -0.0015156119  -0.0022911887
       -0.0026767018   0.0070443823  -0.0002934963   0.0019281331  -0.0032060077
        0.0001386301  -0.0020507014   0.0033244390  -0.0011646206  -0.0253410467
       -0.0238976306   0.0066211798  -0.0010275537  -0.0004428710  -0.0070453312
        0.0011679308  -0.0036408775   0.0041853009  -0.0028310928   0.0056089347
       -0.0004799211
        0.0101577925   0.0094167662  -0.0167492854   0.0013124793   0.0043060389
        0.0166136984  -0.0022565877  -0.0033423004  -0.0048891649  -0.0000485522
       -0.0003630363   0.0064236581  -0.0007077932   0.0005424683   0.0014874081
       -0.0006727844   0.0004507927  -0.0015796406   0.0004645539   0.0002771326
        0.0013305707   0.0005856710   0.0001307404  -0.0012477664   0.0023998921
        0.0016864088  -0.0037014277  -0.0014674836   0.0003474085   0.0032690044
        0.0013993051   0.0001819371  -0.0016353311  -0.0022086231   0.0009271466
        0.0016455851   0.0024875606  -0.0017291705   0.0000244847  -0.0071012755
        0.0000426988   0.0010374142  -0.0008401500   0.0017212512  -0.0002181159
        0.0031364548  -0.0031362640   0.0028685089  -0.0017212655   0.0008401598
       -0.0002180899   0.0016541774  -0.0016542039  -0.0008819065  -0.0025547291
        0.0007992150  -0.0024678980   0.0012148201   0.0003851586   0.0023505503
       -0.0011023412   0.0004439899  -0.0038660203   0.0024816427   0.0019497783
        0.0052112907  -0.0081268547  -0.0010799890  -0.0051720622   0.0041578847
       -0.0022803610   0.0012826076   0.0028129431  -0.0028130066  -0.0016092881
       -0.0009751754   0.0023172312  -0.0001394908   0.0021584870  -0.0021585080
        0.0007616086  -0.0023171900   0.0009751329  -0.0001394551  -0.0013002554
        0.0013002623   0.0015802528   0.0012981517  -0.0009167846  -0.0013268610
       -0.0008839978   0.0007031691   0.0017099161   0.0002809186  -0.0002809291
       -0.0017083743  -0.0007031733   0.0008840025   0.0017099172   0.0009167732
       -0.0012981726  -0.0013268718  -0.0108402391   0.0108397920  -0.1704087785
       -0.0324462581  -0.0204269168  -0.0304690998   0.0069999119  -0.0057412881
        0.0065260608  -0.0024368817   0.0024368434  -0.0038904626   0.0057412833
       -0.0069999090   0.0065260862   0.0204270208   0.0324459342  -0.0304695428
        0.0002000575  -0.0002000647   0.0017575972  -0.0009007533   0.0006019968
       -0.0017119060   0.0014324054  -0.0009271758   0.0016994213  -0.0011883442
        0.0011883614  -0.0020760277   0.0009271442  -0.0014324130   0.0016994271
       -0.0006019988   0.0009007528  -0.0017119087  -0.0004507003   0.0006727886
       -0.0015796455  -0.0005424722   0.0007078158   0.0014874103  -0.0001307571
       -0.0005856749  -0.0012477641  -0.0002771519  -0.0004645479   0.0013305650
       -0.0000426538   0.0071012785   0.0010373514   0.0017291610  -0.0024875784
        0.0000245054  -0.0009271481   0.0022086427   0.0016455727  -0.0001819497
       -0.0013993233  -0.0016353212  -0.0003474059   0.0014675308   0.0032689764
       -0.0016864236  -0.0023999019  -0.0037013865  -0.0032555551   0.0032557296
        0.0054208382   0.0293023596   0.0015398055  -0.0178670730   0.0500647586
        0.0155731450  -0.0839350758  -0.0371498737   0.0371500062   0.4209144234
       -0.0155734529  -0.0500641347  -0.0839343655  -0.0015403048  -0.0293023378
       -0.0178667135  -0.0003852019  -0.0012148183   0.0023505599  -0.0007991834
        0.0025547422  -0.0024679292   0.0022802988  -0.0041578857   0.0012826719
        0.0010800958   0.0081267752  -0.0051721358  -0.0019498118  -0.0024815456
        0.0052113146  -0.0004439812   0.0011023041  -0.0038660218  -0.0043057298
       -0.0013120311   0.0166136626  -0.0094169246  -0.0101579723  -0.0167491136
        0.0003630482   0.0000486347   0.0064236071   0.0033423360   0.0022564757
       -0.0048892058
       -0.0007246764  -0.0003871485  -0.0023252512   0.0005433024   0.0006965702
        0.0033933731  -0.0013796393  -0.0011438438  -0.0007887019   0.0017698731
       -0.0001841566   0.0020359508   0.0004536321  -0.0004396672   0.0005410537
       -0.0010520080   0.0008603822  -0.0008603103   0.0004536272  -0.0005410718
        0.0004396648   0.0001510488   0.0007543641  -0.0007543502  -0.0005828856
        0.0012576481  -0.0017136342   0.0010023678  -0.0006952128   0.0013993182
       -0.0005166166   0.0010369597  -0.0011803196  -0.0002904379  -0.0009007520
        0.0010660540   0.0001541618   0.0011773433  -0.0017996845   0.0000245094
       -0.0012603737   0.0019536149  -0.0015559685  -0.0010629242  -0.0006529986
        0.0009076563   0.0006846771  -0.0003059571  -0.0011645242  -0.0010804450
        0.0010308689   0.0010337287   0.0004706295  -0.0004798662  -0.0018541028
        0.0012625624  -0.0007928358   0.0015336239  -0.0006278073   0.0006277552
       -0.0018541338   0.0007929245  -0.0012625389   0.0025075200   0.0004385522
        0.0014588159  -0.0052747885  -0.0000013886   0.0000014735   0.0025074753
       -0.0014588831  -0.0004386417   0.0005431823  -0.0033933788  -0.0006965165
       -0.0007245879   0.0023252443   0.0003871256   0.0017698104  -0.0020359632
        0.0001841424  -0.0013795432   0.0007886871   0.0011438842  -0.0011692037
       -0.0008546882   0.0005892131   0.0006812266   0.0010057594  -0.0008948830
       -0.0005364739  -0.0006995154   0.0006995122   0.0006812263   0.0008949047
       -0.0010057429  -0.0011692047  -0.0005892080   0.0008546954   0.0018052621
        0.0004510928  -0.0004510866   0.0050254430   0.0055821083  -0.0237675456
        0.0022416036  -0.0011980515   0.0049189093   0.0006278024   0.0027886769
       -0.0039066423  -0.0034830445  -0.0029446310   0.0003951840   0.0034837491
        0.0013859364   0.0018581077  -0.0140654318  -0.0113307971  -0.0043156597
       -0.0002904486  -0.0010660527   0.0009007527  -0.0005165955   0.0011803159
       -0.0010369369   0.0010023360  -0.0013993398   0.0006951896  -0.0005828417
        0.0017136254  -0.0012576132   0.0000244726  -0.0019536047   0.0012603705
        0.0001541905   0.0017996649  -0.0011773131   0.0009076754   0.0003059328
       -0.0006850262  -0.0015559542   0.0006530143   0.0010629300   0.0010337433
        0.0004798670  -0.0004706100  -0.0011645178  -0.0010308481   0.0010804620
       -0.0041621561  -0.0016864179  -0.0030799911   0.0028286643  -0.0007056095
        0.0012576207  -0.0020760419   0.0000696592  -0.0000696544   0.0028286690
       -0.0012576320   0.0007056172  -0.0041621097   0.0030800224   0.0016863946
        0.0096787838  -0.0044932877   0.0044932548  -0.0153128273   0.0026213812
        0.0162236173   0.0054208388   0.0016756861  -0.0016759241  -0.0153133334
       -0.0162236126  -0.0026209876  -0.0740793086  -0.0510709281  -0.0155734529
        0.3389464704   0.1248660990  -0.1248658315  -0.0740781310   0.0155730986
        0.0510700142  -0.0034830228  -0.0003951389   0.0029446264   0.0006278657
        0.0039065597  -0.0027886453   0.0022414897  -0.0049188767   0.0011980971
        0.0050256995   0.0237669956  -0.0055823745  -0.0140651845   0.0043158608
        0.0113307660   0.0034837350  -0.0018581826  -0.0013858968  -0.1587230564
       -0.0792768396   0.0792779546   0.0028246953   0.0010986070   0.0230957215
       -0.0014126771   0.0115006262  -0.0115006668   0.0028243159  -0.0230957608
       -0.0010980147
       -0.0035814293  -0.0004961285  -0.0018978186   0.0041441056   0.0032308460
        0.0033349940  -0.0052951567   0.0012123637   0.0009736128   0.0041672260
       -0.0010215699   0.0019937405   0.0005756836  -0.0011871409  -0.0005313251
       -0.0002771333   0.0010151561   0.0000756806  -0.0006161898  -0.0011097887
       -0.0006575222   0.0003460407   0.0009474094   0.0001254309  -0.0021617890
        0.0028286822  -0.0010981710   0.0019788745  -0.0019744125  -0.0001819532
       -0.0010369394   0.0016724838  -0.0004068956   0.0004158781  -0.0017119161
        0.0000318308  -0.0008587467   0.0021526536  -0.0011773252   0.0017291751
       -0.0020449533   0.0014658035  -0.0009766815  -0.0017064613  -0.0008843486
       -0.0004677066   0.0018882302  -0.0008429860  -0.0003980435  -0.0015069782
        0.0006571178   0.0001220467   0.0012708735   0.0004966733   0.0006213530
        0.0018716904   0.0008173135   0.0005299484  -0.0021502542  -0.0012597791
       -0.0019995727   0.0020475353   0.0003140045   0.0025391891  -0.0030539302
       -0.0017496145  -0.0026717344   0.0031410772   0.0023060578  -0.0002479782
       -0.0036939280  -0.0028232761  -0.0053623972  -0.0013389575   0.0023278706
        0.0031524701   0.0018033733  -0.0020708364  -0.0023939710  -0.0003765445
       -0.0001114699   0.0030587509   0.0026094923   0.0016988848  -0.0006860754
       -0.0015025183  -0.0007165293   0.0002697493   0.0016281924   0.0002528018
       -0.0005517504  -0.0012909991  -0.0006406136   0.0009889646   0.0009658104
        0.0006589193  -0.0009722047  -0.0009578449  -0.0007006294   0.0012115725
        0.0010092598   0.0009149480   0.0015794494   0.0032385811  -0.0307736463
        0.0048349901   0.0019959276   0.0071859400  -0.0021692551   0.0043388971
       -0.0047842247  -0.0015041903  -0.0037960681   0.0014607554   0.0004159743
        0.0046449660  -0.0001832096  -0.0116952483  -0.0148882812   0.0031394649
       -0.0012352383  -0.0008547711  -0.0006020007   0.0011803203   0.0007507570
        0.0004068987  -0.0013682698  -0.0016353315  -0.0008363883   0.0019064987
        0.0007995546   0.0007056103  -0.0024875858  -0.0000387514  -0.0001409328
        0.0014347776   0.0001541558   0.0008587601   0.0015389865  -0.0012271262
        0.0011568620  -0.0010041457   0.0005071959  -0.0005769115   0.0011885973
        0.0004667582   0.0008257230  -0.0010705631   0.0000881824  -0.0002806448
       -0.0020229070  -0.0037013923  -0.0027813491   0.0010981632   0.0007995824
        0.0017136119  -0.0011883547  -0.0009553154  -0.0015816796   0.0021617765
       -0.0005828526   0.0019064900  -0.0019356779   0.0016729636  -0.0023999130
        0.0044932080  -0.0013789130   0.0052575012   0.0093166470   0.0155833841
        0.0026209875   0.0032555292  -0.0106024759  -0.0098318340  -0.0296855344
       -0.0153127899   0.0093165919  -0.0470809562  -0.1233395731  -0.0500641347
        0.1248660990   0.3485527525   0.0720707030   0.0209364949  -0.0839350372
       -0.0487865852  -0.0019245565   0.0018998711  -0.0003599488   0.0031800096
       -0.0020567388   0.0005833882  -0.0045398055  -0.0004904366   0.0031558920
        0.0120369121  -0.0238941685  -0.0147605141  -0.0012530634   0.0024605361
       -0.0018899215   0.0023722788  -0.0034818764   0.0020498131  -0.0752567236
       -0.0869669532   0.0260622743   0.0062622519   0.0052812562   0.0209328821
        0.0005383235   0.0032108983  -0.0048905581  -0.0124707409  -0.0214781711
        0.0134196565
       -0.0031524554  -0.0020707991   0.0018034378   0.0053623722   0.0023277985
       -0.0013390377  -0.0030586810   0.0016989056   0.0026094733   0.0023939556
       -0.0001114891  -0.0003765829   0.0006161777  -0.0006575349  -0.0011098071
        0.0002771778   0.0000755596   0.0010152029  -0.0005757026  -0.0005312965
       -0.0011871481  -0.0003460290   0.0001254254   0.0009474116  -0.0019064746
        0.0007056132   0.0007995820   0.0013682357  -0.0008363926  -0.0016353541
       -0.0011803129   0.0004069005   0.0007507936   0.0012352356  -0.0006020061
       -0.0008547988  -0.0014347721   0.0008587586   0.0001541850   0.0024875837
       -0.0001409461  -0.0000387901   0.0010041718  -0.0005769099   0.0005071983
       -0.0015389908   0.0011569793  -0.0012271042   0.0010705745  -0.0002806431
        0.0000881634  -0.0011885936   0.0008257245   0.0004667677   0.0019996166
        0.0003139861   0.0020474893  -0.0005300703  -0.0012597823  -0.0021502097
       -0.0006212823   0.0008172986   0.0018717058   0.0002478949  -0.0028232257
       -0.0036939476   0.0026718301   0.0023060382   0.0031410428  -0.0025392363
       -0.0017495778  -0.0030539035  -0.0041440392   0.0033350729   0.0032308709
        0.0035813970  -0.0018978714  -0.0004961484  -0.0041672210   0.0019937921
       -0.0010215432   0.0052951710   0.0009736661   0.0012123040   0.0009721988
       -0.0007006334  -0.0009578567  -0.0009889611   0.0006589194   0.0009658088
        0.0005517431  -0.0006406179  -0.0012910020  -0.0002697399   0.0002527911
        0.0016282018   0.0006860707  -0.0007165340  -0.0015025355  -0.0012115752
        0.0009149535   0.0010092673  -0.0120372979  -0.0147605666  -0.0238936971
        0.0045397968   0.0031558516  -0.0004905438  -0.0031800201   0.0005833684
       -0.0020566624   0.0019246053  -0.0003599302   0.0018998348  -0.0023723096
        0.0020497904  -0.0034818655   0.0012532146  -0.0018897650   0.0024605680
       -0.0004158824   0.0000318452  -0.0017119288   0.0010369440  -0.0004069122
        0.0016724833  -0.0019788962  -0.0001819320  -0.0019744016   0.0021617993
       -0.0010981898   0.0028286699  -0.0017291702   0.0014658277  -0.0020449511
        0.0008587449  -0.0011773340   0.0021526467   0.0004677026  -0.0008430024
        0.0018883990   0.0009766929  -0.0008843724  -0.0017064803  -0.0001220480
        0.0004966710   0.0012708704   0.0003980340   0.0006571140  -0.0015070083
        0.0019357244  -0.0023998979   0.0016729970  -0.0021618000   0.0019065091
       -0.0005828606   0.0011883549  -0.0015816979  -0.0009553161  -0.0010981775
        0.0017136426   0.0007995774   0.0020228972  -0.0027814158  -0.0037014074
       -0.0044932823   0.0052575839  -0.0013789574   0.0296855815   0.0093162059
       -0.0153132299  -0.0032557588  -0.0098318188  -0.0106023645  -0.0093162527
        0.0026213266   0.0155834561  -0.0209368393  -0.0487858184  -0.0839343655
       -0.1248658315   0.0720707030   0.3485544374   0.0470800170  -0.0500648225
       -0.1233400851   0.0015042079   0.0014607842  -0.0037960877   0.0021692282
       -0.0047842514   0.0043389114  -0.0048349017   0.0071860279   0.0019959233
       -0.0015797836  -0.0307737405   0.0032388320   0.0116952168   0.0031392647
       -0.0148885102  -0.0004159484  -0.0001831809   0.0046449745   0.0752578450
        0.0260623222  -0.0869684732   0.0124706324   0.0134193265  -0.0214785993
       -0.0005383260  -0.0048906720   0.0032110480  -0.0062619830   0.0209332324
        0.0052810298
       -0.0022776238  -0.0010711575   0.0023979575   0.0014192456  -0.0003792868
       -0.0021937389  -0.0018345773   0.0019258147   0.0024841907   0.0008402781
       -0.0001587239  -0.0015341077   0.0000041220  -0.0000520488  -0.0010790724
        0.0010636081  -0.0007250683   0.0013639339  -0.0006989499   0.0001700993
       -0.0010409735  -0.0002714851  -0.0004968598   0.0011097317  -0.0009552989
       -0.0000696542   0.0015816880   0.0002485166  -0.0001940128  -0.0022086449
       -0.0002904178  -0.0004158798   0.0012352072   0.0008397290   0.0002000699
       -0.0012139634  -0.0008547492  -0.0000318388   0.0010660424   0.0016455710
        0.0004084578  -0.0011045941   0.0011430842   0.0002543082   0.0003933722
       -0.0011484346   0.0002541007  -0.0003616551   0.0010656733   0.0003994502
       -0.0005648151  -0.0010292634   0.0001474636   0.0005663979   0.0033244560
       -0.0011646489   0.0020506477  -0.0015696164  -0.0003404753  -0.0019340526
        0.0011293761  -0.0000333664   0.0022658217  -0.0015156252  -0.0022911765
       -0.0041641221   0.0070444045  -0.0002935345   0.0026767383  -0.0032060245
        0.0001386661  -0.0019281492  -0.0238977154   0.0066212946   0.0253410686
       -0.0004427370  -0.0070454016   0.0010275943  -0.0036408649   0.0041853395
       -0.0011679349   0.0056089451  -0.0004798249   0.0028311029   0.0011311725
        0.0002607061  -0.0008360203  -0.0008548736  -0.0002751492   0.0010875753
        0.0006701207   0.0002646539  -0.0011508562  -0.0006229925  -0.0005912680
        0.0014758359   0.0011553824   0.0003182734  -0.0011222259  -0.0014968771
        0.0000323883   0.0007124836  -0.0030062520  -0.0038154787  -0.0024293365
        0.0034857807   0.0022930573   0.0000014317  -0.0020476913  -0.0003491718
        0.0004238052   0.0022757651   0.0008829265   0.0007152578  -0.0024784079
        0.0004795442  -0.0021487798   0.0044147855   0.0015842347   0.0029979905
        0.0002485474   0.0011045805  -0.0014323979   0.0010023411  -0.0013682504
        0.0019788631  -0.0019026481   0.0014675434  -0.0016785757   0.0016729472
       -0.0027813955   0.0030799832   0.0010374144   0.0022570677  -0.0022994301
       -0.0000387860  -0.0019535962   0.0014657980  -0.0010156651  -0.0002772901
        0.0006847216   0.0014353589  -0.0005979585  -0.0011022015  -0.0008674809
       -0.0002958097   0.0006919906   0.0012116281   0.0010491598  -0.0012729827
        0.0022922408  -0.0003473986   0.0016785904  -0.0019743786   0.0008363843
       -0.0006951919   0.0016994317  -0.0004084545  -0.0001940033  -0.0020449403
        0.0012603735  -0.0001409402   0.0031175204  -0.0022994364   0.0000427276
       -0.0041620980   0.0020228946  -0.0019356896  -0.1233400915  -0.0487858074
        0.0510708073  -0.0178671986  -0.0315367034  -0.0070482411  -0.0106023226
        0.0016759181   0.0098318481   0.0138095033   0.0070481398  -0.0015403048
       -0.0740781310   0.0209364949   0.0470800170   0.2952417397   0.0371506836
       -0.1771759653   0.0035395138   0.0000743246  -0.0029114078  -0.0023062823
       -0.0015971875   0.0042823905  -0.0014962508   0.0189802953  -0.0001705172
       -0.0497850609   0.0086002099   0.0126321867   0.0088500810  -0.0129020721
        0.0028072579  -0.0040219065   0.0025083874   0.0019395759  -0.0185489338
       -0.0031489992   0.0350735727  -0.0043330466  -0.0010301294  -0.0068389478
        0.0023986385  -0.0052236057   0.0044559094  -0.0035412235   0.0070348145
        0.0000177248
        0.0009752183  -0.0001394751   0.0023171861  -0.0028130062  -0.0016092743
       -0.0028129499   0.0023172205  -0.0001395044   0.0009751701  -0.0021585020
        0.0007616214  -0.0021584752  -0.0004645423   0.0013305837   0.0002771291
        0.0006727977  -0.0015796565   0.0004506925   0.0007078278   0.0014874155
        0.0005424865  -0.0005856731  -0.0012477523   0.0001307433   0.0011883459
       -0.0020760261   0.0011883316  -0.0014324016   0.0016994337  -0.0009271353
        0.0009007395  -0.0017119062   0.0006019867  -0.0002000530   0.0017576063
       -0.0002000567   0.0006019956  -0.0017118991   0.0009007361  -0.0009271628
        0.0016994218  -0.0014323989   0.0005424910   0.0014874151   0.0007078014
        0.0004507025  -0.0015796637   0.0006728181   0.0002771250   0.0013305751
       -0.0004645454   0.0001307443  -0.0012477648  -0.0005856740   0.0011023136
       -0.0038660205   0.0004440155  -0.0012148733   0.0023505280   0.0003852078
        0.0025547043  -0.0024679476   0.0007991670  -0.0041578615   0.0012826913
       -0.0022802851   0.0081267279  -0.0051721541  -0.0010800791  -0.0024815303
        0.0052113415   0.0019497512  -0.0013119753   0.0166136372   0.0043057090
       -0.0101578498  -0.0167490819   0.0094168934   0.0000486781   0.0064235916
       -0.0003630369   0.0022564503  -0.0048891825  -0.0033423194   0.0007031785
        0.0017099219   0.0008840039  -0.0002809345  -0.0017083727  -0.0002809344
        0.0008840104   0.0017099069   0.0007031775  -0.0012981493  -0.0013268246
       -0.0009167835   0.0013002601   0.0015802474   0.0013002661  -0.0009167830
       -0.0013268690  -0.0012981648  -0.0010800404  -0.0051720429   0.0081268382
       -0.0022803567   0.0012826504  -0.0041578702   0.0007992019  -0.0024679160
        0.0025547371   0.0003851834   0.0023505201  -0.0012149068   0.0004440118
       -0.0038660262   0.0011023747   0.0019497276   0.0052113049  -0.0024816214
        0.0022086518   0.0016455641   0.0009271486  -0.0013993408  -0.0016353211
        0.0001819302   0.0014675446   0.0032689752   0.0003474126  -0.0023999314
       -0.0037013652   0.0016863977   0.0071012841   0.0010373175   0.0000426778
       -0.0024875813   0.0000245222  -0.0017291704  -0.0031364452   0.0028685152
       -0.0031364596   0.0008401558  -0.0002181080   0.0017212654  -0.0016541927
       -0.0008818966  -0.0016541907   0.0017212519  -0.0002181159   0.0008401660
        0.0003474230   0.0032689905   0.0014674964   0.0001819367  -0.0016353408
       -0.0013993166   0.0009271570   0.0016455823   0.0022086392  -0.0017291708
        0.0000245003  -0.0024875601   0.0000426971   0.0010373998   0.0071012774
        0.0016864047  -0.0037014250  -0.0023998904  -0.0500641114  -0.0839340951
        0.0155731599  -0.0293023376  -0.0178665124   0.0015402287   0.0032557589
        0.0054208117   0.0032555537   0.0015397525  -0.0178669989  -0.0293023378
        0.0155730986  -0.0839350372  -0.0500648225   0.0371506836   0.4209140259
        0.0371507840   0.0024368280  -0.0038904501   0.0024368903  -0.0069998778
        0.0065261248  -0.0057413012   0.0324458461  -0.0304696789  -0.0204270593
        0.0108393286  -0.1704088792   0.0108399892  -0.0204271117  -0.0304690816
        0.0324461721  -0.0057412192   0.0065260550  -0.0069999061   0.0043061220
        0.0166136663  -0.0013125335  -0.0033422881  -0.0048891394   0.0022565957
       -0.0003630159   0.0064236595   0.0000485789   0.0094167380  -0.0167493180
       -0.0101578014
        0.0024842009   0.0019257930  -0.0018346407  -0.0021937233  -0.0003792481
        0.0014192975   0.0023979311  -0.0010712024  -0.0022776566  -0.0015340949
       -0.0001587118   0.0008403153  -0.0005647976   0.0003994541   0.0010656793
       -0.0003616750   0.0002541095  -0.0011484477   0.0003933773   0.0002543032
        0.0011430816   0.0005663991   0.0001474627  -0.0010292776   0.0015816795
       -0.0000696579  -0.0009553288  -0.0011045727   0.0004084707   0.0016455963
        0.0010660295  -0.0000318357  -0.0008547633  -0.0012139643   0.0002000647
        0.0008397408   0.0012352090  -0.0004158745  -0.0002904397  -0.0022086528
       -0.0001940073   0.0002485498  -0.0010409905   0.0001700901  -0.0006989579
        0.0013639387  -0.0007250636   0.0010636004  -0.0010790828  -0.0000520522
        0.0000041427   0.0011097308  -0.0004968646  -0.0002714886  -0.0021488364
        0.0004795781  -0.0024783479   0.0007152986   0.0008829217   0.0022757701
        0.0004237667  -0.0003491774  -0.0020477097   0.0000015119   0.0022930893
        0.0034858072  -0.0024294914  -0.0038154336  -0.0030062717   0.0029980788
        0.0015842078   0.0044147525   0.0350735975  -0.0031495376  -0.0185493638
        0.0000178228   0.0070349562  -0.0035413451   0.0044559142  -0.0052236956
        0.0023986541  -0.0068390415  -0.0010300745  -0.0043329891  -0.0011508608
        0.0002646529   0.0006701285   0.0010875796  -0.0002751413  -0.0008548802
       -0.0008360197   0.0002607022   0.0011311824   0.0007124836   0.0000323837
       -0.0014968810  -0.0011222331   0.0003182769   0.0011553897   0.0014758483
       -0.0005913026  -0.0006230073   0.0026767912  -0.0002934378   0.0070443459
       -0.0041641596  -0.0022911812  -0.0015155528   0.0022658423  -0.0000333697
        0.0011293518  -0.0019340810  -0.0003404936  -0.0015695977   0.0020507455
       -0.0011646151   0.0033244446  -0.0019282157   0.0001386115  -0.0032060088
       -0.0001940116  -0.0004084566   0.0016994349  -0.0006951942   0.0008363973
       -0.0019743889   0.0016786079  -0.0003474291   0.0022922371  -0.0019356976
        0.0020229246  -0.0041621311   0.0000426761  -0.0022994383   0.0031175504
       -0.0001409281   0.0012603727  -0.0020449434   0.0006847428  -0.0002773198
       -0.0010156509  -0.0012729835   0.0010491809   0.0012116245   0.0006920011
       -0.0002958126  -0.0008674772  -0.0011022169  -0.0005979455   0.0014353735
       -0.0016786000   0.0014675179  -0.0019026677   0.0019788782  -0.0013682490
        0.0010023545  -0.0014324108   0.0011045871   0.0002485359   0.0014658108
       -0.0019536152  -0.0000387624  -0.0022994308   0.0022570998   0.0010373616
        0.0030799931  -0.0027813930   0.0016729768   0.0470808584   0.0209365747
       -0.0740790713  -0.0015398293   0.0070485920   0.0138095039   0.0098318370
        0.0016757264  -0.0106024953  -0.0070486928  -0.0315367038  -0.0178667135
        0.0510700142  -0.0487865852  -0.1233400851  -0.1771759653   0.0371507840
        0.2952436941  -0.0029114221   0.0000743981   0.0035395406   0.0019396289
        0.0025083365  -0.0040218759   0.0028070184  -0.0129019475   0.0088502977
        0.0126320952   0.0086008987  -0.0497854468  -0.0001703126   0.0189805929
       -0.0014966240   0.0042824551  -0.0015972965  -0.0023062657   0.0253410474
        0.0066208546  -0.0238981750   0.0028311909  -0.0004797643   0.0056089585
       -0.0011679458   0.0041853119  -0.0036409193   0.0010275019  -0.0070453439
       -0.0004426254
       -0.0012729077  -0.0006022304   0.0005834644   0.0012024778   0.0003202745
       -0.0000582678  -0.0013073560   0.0007641181   0.0006483396   0.0010656030
       -0.0003685111  -0.0000287468   0.0004194294  -0.0015470376  -0.0011223074
       -0.0000537000   0.0014373976   0.0003397866  -0.0013534729  -0.0019036040
       -0.0011591781   0.0004952047   0.0012086454   0.0006420766  -0.0012909757
        0.0006995058   0.0006406295   0.0011311603  -0.0011508678  -0.0007031585
       -0.0011691788   0.0009721841   0.0006860847   0.0011553508  -0.0013002720
       -0.0011222150  -0.0015025245   0.0007006246   0.0008547043   0.0017098979
       -0.0002646601  -0.0002607016   0.0019775051   0.0001787499   0.0006229863
       -0.0015851487   0.0004636729  -0.0006825928   0.0014519681  -0.0000005219
       -0.0004332428  -0.0021221110   0.0010201165   0.0011743528  -0.0006772311
        0.0035724813   0.0000301830   0.0004210950  -0.0021433442  -0.0009349157
       -0.0012036905   0.0015940449   0.0006586684   0.0012719138  -0.0012835282
       -0.0003704109  -0.0021869926   0.0015797193   0.0007881552   0.0016412389
       -0.0024234863  -0.0002583355   0.0032828245  -0.0021859451  -0.0016589094
       -0.0018810495   0.0034027174  -0.0010124731   0.0027016570  -0.0032424051
        0.0025888009  -0.0014386139   0.0023685839  -0.0001743247   0.0016412013
       -0.0012027593  -0.0019931758  -0.0014284835   0.0014301457   0.0019545897
       -0.0003983184  -0.0025092496  -0.0024234655   0.0012111681   0.0018129145
        0.0034174905   0.0001842386  -0.0037700614  -0.0054760795  -0.0049010540
        0.0021923172   0.0039383318  -0.0019677911  -0.0019891911   0.0002677936
        0.0019349481   0.0010677052   0.0003704222  -0.0018263249  -0.0003647087
        0.0000268321   0.0024253466   0.0009349107   0.0010910571  -0.0019808088
       -0.0017698772  -0.0012665508   0.0027359898   0.0025092314   0.0012026971
       -0.0032060234  -0.0029980039  -0.0024815583   0.0025075022   0.0025391783
       -0.0002479358  -0.0015155842  -0.0041578503  -0.0000014492  -0.0004904663
        0.0071859728  -0.0049188771  -0.0304693319  -0.0129016730   0.0189806089
        0.0024605610   0.0043157009   0.0031393546  -0.1075573405   0.0788009374
       -0.0497942790   0.0097703491  -0.0029456346  -0.0150134446  -0.0022420613
        0.0049469283   0.0073703330  -0.0269998152   0.0120101303  -0.0168227420
        0.0034858066   0.0022802969   0.0041640970  -0.0036939246   0.0017495972
       -0.0014588282   0.0052112814  -0.0015842523   0.0001385848  -0.0148882975
        0.0113307909  -0.0018898210  -0.0014963251   0.0028071583   0.0324458367
        0.0022415033  -0.0048349455  -0.0045397815  -0.0037960553  -0.0003599024
        0.0029446301   0.0023505293  -0.0003405079  -0.0008829340  -0.0021502164
       -0.0006277581   0.0012597845   0.0022757595   0.0019340387  -0.0003852019
       -0.0034830228  -0.0019245565   0.0015042079   0.0035395138   0.0024368280
       -0.0029114221   0.3832486531  -0.1511771969  -0.0739193804  -0.0889684928
       -0.0290613432   0.0524731555   0.0153625294  -0.0043957161  -0.0028007874
       -0.0113776261  -0.0029117035   0.0105960722  -0.0192101679   0.0346438942
       -0.0043956432  -0.1122863944   0.0531475090   0.0512871746   0.0011661392
        0.0047039366  -0.0001204118  -0.0018428266  -0.0035240034  -0.0015907730
       -0.0010666603   0.0024967859   0.0015109321   0.0046080192  -0.0037924362
       -0.0050278959
        0.0004767470   0.0003283365   0.0005080176  -0.0007884872  -0.0009336920
       -0.0007884651   0.0005080345   0.0003283277   0.0004767284  -0.0007878190
        0.0001245172  -0.0007878064  -0.0003651713   0.0008874811  -0.0003709671
        0.0010425609  -0.0012113844   0.0009394048  -0.0000573620   0.0010741695
       -0.0007213908  -0.0006599602  -0.0014802526   0.0011364672   0.0005517861
       -0.0005365013   0.0005517705  -0.0008359940   0.0006700859  -0.0008839636
        0.0005892300  -0.0009579081   0.0007165399  -0.0003182583   0.0015801933
       -0.0003182566   0.0007165545  -0.0009579031   0.0005892159  -0.0008839816
        0.0006700774  -0.0008359835  -0.0007214002   0.0010741583  -0.0000573805
        0.0009394187  -0.0012113789   0.0010425691  -0.0003709761   0.0008874697
       -0.0003651670   0.0011364734  -0.0014802663  -0.0006599647   0.0018795622
       -0.0005582543   0.0010563993  -0.0015097701   0.0004210781  -0.0010910200
        0.0010322643  -0.0004157464   0.0008521019  -0.0012834716  -0.0003078228
       -0.0010676964   0.0014745376   0.0008326156   0.0006678852  -0.0019931732
       -0.0003982396  -0.0012822429  -0.0016567901  -0.0013178458   0.0005678244
        0.0050176058   0.0000631441  -0.0011649313  -0.0019648071   0.0002006944
        0.0002512363   0.0018457076   0.0010998835   0.0003146149   0.0002583320
        0.0027359300   0.0012822579   0.0000329077  -0.0019052094   0.0000329043
        0.0012822689   0.0027359247   0.0002583308  -0.0028841718  -0.0032835943
        0.0016219355   0.0037700583   0.0062112365   0.0037700324   0.0016219514
       -0.0032834464  -0.0028841934   0.0006678055   0.0008326455   0.0014745124
       -0.0010677222  -0.0003078389  -0.0012834573   0.0008521269  -0.0004157352
        0.0010322635  -0.0010910510   0.0004210596  -0.0015097681   0.0010564051
       -0.0005582115   0.0018795551  -0.0012822789  -0.0003982772  -0.0019931547
        0.0019281808   0.0044147348  -0.0019497649   0.0004385682  -0.0030539492
        0.0028232562  -0.0022911569   0.0012826625  -0.0022930337   0.0031559030
        0.0019958508   0.0011981025  -0.0204267572   0.0088504180  -0.0001704553
       -0.0012532327  -0.0140652724   0.0116952054   0.0735065867  -0.1370276618
        0.0735066244   0.0054182250   0.0040849817   0.0208870430  -0.0011350864
       -0.0021305537  -0.0011351347   0.0208871926   0.0040847748   0.0054182361
       -0.0022930603   0.0012826141  -0.0022911868   0.0028232644  -0.0030539574
        0.0004385994  -0.0019497703   0.0044147507   0.0019281415   0.0116952213
       -0.0140654088  -0.0012531806  -0.0001703920   0.0088501671  -0.0204272590
        0.0011980891   0.0019959489   0.0031559116   0.0014608284   0.0018998456
       -0.0003952064  -0.0012148553  -0.0015695838  -0.0007152705   0.0005300517
        0.0015336410   0.0005300137  -0.0007153135  -0.0015696042  -0.0012148183
       -0.0003951389   0.0018998711   0.0014607842   0.0000743246  -0.0038904501
        0.0000743981  -0.1511771969   0.3291708677  -0.1511752438  -0.0233591643
       -0.0814985604   0.0560841361  -0.0028009393  -0.0192102753   0.0245290865
       -0.0007465279   0.0047789687  -0.0007467275   0.0245290452  -0.0192107353
       -0.0028008364   0.0560846727  -0.0814995039  -0.0233599613   0.0005677831
       -0.0013179098  -0.0016567585   0.0003146471   0.0010999343   0.0018457019
        0.0002512505   0.0002006378  -0.0019647993  -0.0011649348   0.0000632362
        0.0050176385
        0.0006483363   0.0007641043  -0.0013073608  -0.0000582649   0.0003202885
        0.0012024975   0.0005834515  -0.0006022485  -0.0012729029  -0.0000287485
       -0.0003685028   0.0010656257  -0.0004332317  -0.0000005001   0.0014519830
       -0.0006826096   0.0004636713  -0.0015851566   0.0006230091   0.0001787747
        0.0019775083   0.0011743480   0.0010200960  -0.0021221432   0.0006406278
        0.0006994848  -0.0012909792  -0.0002606982  -0.0002646390   0.0017099188
        0.0008547020   0.0007006075  -0.0015025393  -0.0011222308  -0.0013002626
        0.0011553790   0.0006860912   0.0009721546  -0.0011691938  -0.0007031647
       -0.0011508571   0.0011311890  -0.0011592117  -0.0019036267  -0.0013534545
        0.0003398026   0.0014373868  -0.0000537164  -0.0011223268  -0.0015470447
        0.0004194525   0.0006420993   0.0012086361   0.0004951899  -0.0012665979
       -0.0017698931  -0.0019808176   0.0010910872   0.0009349423   0.0024253542
        0.0000268318  -0.0003647193  -0.0018263243   0.0003704397   0.0010677375
        0.0019349618   0.0002677655  -0.0019892235  -0.0019677472   0.0012027394
        0.0025092804   0.0027359815  -0.0001203861   0.0047039829   0.0011661175
       -0.0050279136  -0.0037923811   0.0046080960   0.0015109346   0.0024968031
       -0.0010667108  -0.0015908168  -0.0035240154  -0.0018427918  -0.0024234909
       -0.0025092736  -0.0003982827   0.0019546047   0.0014301207  -0.0014285232
       -0.0019931748  -0.0012027378   0.0016412357   0.0039383093   0.0021918031
       -0.0049011425  -0.0054761311  -0.0037700413   0.0001842874   0.0034175403
        0.0018136019   0.0012111257   0.0007880761   0.0015796933  -0.0021870138
       -0.0003704191  -0.0012835302   0.0012719510   0.0006586726   0.0015940412
       -0.0012037092  -0.0009349292  -0.0021433699   0.0004211243   0.0000301750
        0.0035724782  -0.0006772641  -0.0002583516  -0.0024234960   0.0016412728
        0.0001386282  -0.0015842169   0.0052113142  -0.0014588609   0.0017495932
       -0.0036939478   0.0041641646   0.0022803219   0.0034857724  -0.0045398154
       -0.0048349462   0.0022415879   0.0324462001   0.0028069594  -0.0014967059
       -0.0018898503   0.0113307785  -0.0148884884  -0.0497942396   0.0788009393
       -0.1075577196  -0.0168229439   0.0120100538  -0.0269998351   0.0073703782
        0.0049468438  -0.0022422016  -0.0150133462  -0.0029455762   0.0097705403
       -0.0000015031  -0.0041578932  -0.0015155713  -0.0002478881   0.0025391848
        0.0025074869  -0.0024816228  -0.0029980325  -0.0032060043   0.0031394290
        0.0043157047   0.0024605107   0.0189803262  -0.0129021069  -0.0304694611
       -0.0049188519   0.0071860153  -0.0004904753   0.0015041853  -0.0019245893
       -0.0034830307  -0.0003851839   0.0019340760   0.0022757670   0.0012597729
       -0.0006277824  -0.0021502180  -0.0008829346  -0.0003404891   0.0023505599
        0.0029446264  -0.0003599488  -0.0037960877  -0.0029114078   0.0024368903
        0.0035395406  -0.0739193804  -0.1511752438   0.3832517743   0.0512875512
        0.0531464477  -0.1122879175  -0.0043956193   0.0346439762  -0.0192105362
        0.0105960845  -0.0029118701  -0.0113777319  -0.0028007446  -0.0043956923
        0.0153626295   0.0524728061  -0.0290616727  -0.0889688635  -0.0016589152
       -0.0021859377   0.0032828682  -0.0001743093   0.0023685842  -0.0014386286
        0.0025888037  -0.0032424318   0.0027016630  -0.0010124850   0.0034027349
       -0.0018810680
        0.0012829687   0.0004984147  -0.0001980166  -0.0015482164  -0.0006233082
       -0.0004744931   0.0016072996  -0.0008109493  -0.0004872144  -0.0013230014
        0.0005364303  -0.0002335906  -0.0005981400   0.0021780550   0.0021780452
       -0.0000130620  -0.0022425738  -0.0009067741   0.0025651664   0.0030811215
        0.0030811409  -0.0000130511  -0.0009067066  -0.0022425724   0.0016281857
       -0.0010057615  -0.0006589220  -0.0014968753   0.0014758607   0.0009167904
        0.0018052530  -0.0012115839  -0.0012115920  -0.0014968833   0.0009168000
        0.0014758659   0.0016281896  -0.0006589235  -0.0010057616  -0.0017083834
        0.0002751604   0.0002751482  -0.0015482296  -0.0004744759  -0.0006233116
        0.0012829646  -0.0001980023   0.0004984130  -0.0013229995  -0.0002335742
        0.0005364271   0.0016072989  -0.0004872775  -0.0008109511   0.0022050268
       -0.0091779069   0.0001667973  -0.0005581644   0.0035725036   0.0017698776
        0.0020970363  -0.0026212822  -0.0008549048  -0.0021870320   0.0014744709
       -0.0002677671   0.0038990878  -0.0018191380  -0.0004930628  -0.0049010550
        0.0034175267  -0.0016219652  -0.0081652950  -0.0023069841   0.0021744653
        0.0223698726   0.0047478923  -0.0065680050  -0.0139824647   0.0091530808
       -0.0103787851   0.0057462398  -0.0038596294   0.0017055720  -0.0021870334
       -0.0002677717   0.0014745021   0.0020970356  -0.0008549086  -0.0026212771
       -0.0005582060   0.0017699143   0.0035724927   0.0022050302   0.0001668235
       -0.0091778989  -0.0049010670  -0.0016219487   0.0034175223   0.0038990886
       -0.0004932250  -0.0018191179   0.0015305286   0.0013611028   0.0008548794
       -0.0018263403  -0.0008520702  -0.0006586450   0.0017702738   0.0001934231
        0.0001934164  -0.0018263373  -0.0006586415  -0.0008520766   0.0015305229
        0.0008548976   0.0013610929  -0.0019051567  -0.0014301582  -0.0014301584
        0.0070443960   0.0024293980   0.0081267748  -0.0052748093  -0.0026717592
       -0.0026717663   0.0070444095   0.0081267518   0.0024294023  -0.0238940179
       -0.0307735426   0.0237673938  -0.1704086378   0.0086014759   0.0086012629
       -0.0238938760   0.0237673382  -0.0307736622   0.0223698800  -0.0065680834
        0.0047480004  -0.0081652989   0.0021744681  -0.0023070051   0.0057462587
        0.0017055587  -0.0038596025  -0.0139825173  -0.0103787345   0.0091531123
       -0.0020477232  -0.0007991863  -0.0022658252   0.0018717004  -0.0003139952
        0.0012625425  -0.0038660309  -0.0004795412  -0.0011645982   0.0046449667
       -0.0013859244   0.0020497861  -0.0023062564   0.0019395995  -0.0069999054
        0.0006278516   0.0021692613   0.0031800149   0.0046449734   0.0020497584
       -0.0013859349  -0.0038660319  -0.0011645912  -0.0004795453   0.0018717026
        0.0012625249  -0.0003140137  -0.0020477208  -0.0022658195  -0.0007991834
        0.0006278657   0.0031800096   0.0021692282  -0.0023062823  -0.0069998778
        0.0019396289  -0.0889684928  -0.0233591643   0.0512875512   0.4028848078
       -0.0419249783  -0.0419250619  -0.0889682253   0.0512873472  -0.0233592230
       -0.0157255881   0.0212332181  -0.0012003312   0.0047788892  -0.0029118762
       -0.0029118031  -0.0157257139  -0.0012002311   0.0212332251   0.0001131822
       -0.0019383469  -0.0011251145   0.0011429265   0.0018782843   0.0018782730
        0.0001131909  -0.0011251119  -0.0019383286  -0.0027698546   0.0035990934
        0.0035991227
        0.0000151587   0.0000620305  -0.0011761698   0.0006082989   0.0010993327
        0.0014327570  -0.0001703034  -0.0006709932  -0.0010252749   0.0006316076
       -0.0001919498   0.0011879402   0.0003041644  -0.0008624493   0.0004357539
       -0.0011457581   0.0014034818  -0.0010407544   0.0001308139  -0.0012267272
        0.0005601637   0.0005404022   0.0013036783  -0.0009314473  -0.0002697662
        0.0006812457  -0.0009889737   0.0007124934  -0.0006230047   0.0012981432
       -0.0004511033   0.0010092935  -0.0009149603  -0.0000323657  -0.0013268618
        0.0005912753  -0.0002527903   0.0009658432  -0.0008949165   0.0002809403
       -0.0008548911   0.0010875832  -0.0002326643  -0.0012095840  -0.0004161278
       -0.0003198530   0.0011443597  -0.0006391724  -0.0002462063  -0.0010257642
        0.0004595964  -0.0002369137   0.0010906340   0.0003368311  -0.0035423363
        0.0022051653  -0.0017750194   0.0018795085  -0.0006772825   0.0012665463
       -0.0012810794   0.0005155195  -0.0013611234   0.0015797058   0.0008326320
        0.0019892083  -0.0018191753  -0.0017329086  -0.0015498446   0.0039383487
        0.0012111361   0.0028841182   0.0021634554   0.0032571472   0.0025913047
       -0.0127422460  -0.0242430262   0.0215750035   0.0092130768  -0.0019186546
        0.0009025575  -0.0044422806  -0.0021558059  -0.0018638379  -0.0007881711
       -0.0019679264  -0.0006678706   0.0003654667   0.0015305686  -0.0002933040
       -0.0010563977  -0.0019808128  -0.0000301560   0.0017751107   0.0024121418
       -0.0001668960  -0.0021922662  -0.0032833558  -0.0018136397   0.0004932297
        0.0019118020   0.0015501399   0.0002932365   0.0005154602  -0.0026212850
        0.0003647304  -0.0004156949   0.0015940688  -0.0001934375   0.0009670944
       -0.0013597912  -0.0000268145  -0.0012037143   0.0010322378  -0.0003654154
        0.0020970312  -0.0012810440  -0.0000329045  -0.0014284943   0.0019546165
       -0.0026764602  -0.0030061853   0.0010801638  -0.0000014625   0.0031410448
       -0.0023060561  -0.0002935365  -0.0051721881   0.0038154162  -0.0147603790
        0.0032389346  -0.0055823243   0.0108404840  -0.0497852658   0.0126323151
        0.0120371774   0.0050254423  -0.0015799168   0.0054817305  -0.0161392706
        0.0246678273   0.0006743126  -0.0017846636  -0.0032790166   0.0028809132
        0.0028262301   0.0036073222  -0.0058779555  -0.0014396967  -0.0007060212
        0.0003491661  -0.0024678504  -0.0000333610  -0.0008172487   0.0020475349
        0.0007928569  -0.0004440966  -0.0024784617  -0.0020503808  -0.0004160183
        0.0034836550   0.0023718573   0.0042827516  -0.0040219710  -0.0057410635
       -0.0027886924   0.0043389425   0.0005833562  -0.0001832498  -0.0034818941
       -0.0018581329   0.0011023749   0.0033244593   0.0021488149   0.0006212738
       -0.0018541364  -0.0019995886  -0.0004237490   0.0011293888   0.0025547422
        0.0039065597  -0.0020567388  -0.0047842514  -0.0015971875   0.0065261248
        0.0025083365  -0.0290613432  -0.0814985604   0.0531464477  -0.0419249783
        0.2896617630  -0.1565271739   0.0524728757  -0.1122875258   0.0560844123
        0.0261364798  -0.0157261107  -0.0124233065  -0.0007467262  -0.0113776190
        0.0105961546  -0.0124229588   0.0143775126  -0.0012005834  -0.0021954503
       -0.0019511067   0.0029002710   0.0001851272   0.0013530377  -0.0018673638
        0.0014662303  -0.0026903883   0.0023745637   0.0007445363   0.0015298669
       -0.0018445538
       -0.0003198392  -0.0006391667   0.0011443404  -0.0002326711  -0.0004161484
       -0.0012096124  -0.0002368870   0.0003368269   0.0010905907  -0.0002462152
        0.0004595963  -0.0010257480   0.0003041675   0.0004357475  -0.0008624405
        0.0005403751  -0.0009314219   0.0013036657   0.0001308118   0.0005601408
       -0.0012267335  -0.0011457698  -0.0010407646   0.0014034950  -0.0002527938
       -0.0008948939   0.0009658228  -0.0000323632   0.0005912491  -0.0013268563
       -0.0004511064  -0.0009149375   0.0010092809   0.0007124815   0.0012981420
       -0.0006229959  -0.0002697660  -0.0009889560   0.0006812359   0.0002809410
        0.0010875868  -0.0008548853   0.0006082961   0.0014327655   0.0010993348
        0.0000151622  -0.0011761544   0.0000620327   0.0006315896   0.0011879476
       -0.0001919561  -0.0001703001  -0.0010252360  -0.0006709751   0.0017750418
       -0.0001667820   0.0024121312  -0.0010563717  -0.0000302005  -0.0019808106
        0.0003653875  -0.0002932431   0.0015305500  -0.0007881245  -0.0006679040
       -0.0019677512   0.0004930798   0.0015498466   0.0019117932  -0.0021919275
       -0.0018131772  -0.0032835498   0.0006741416  -0.0032791719  -0.0017848529
        0.0054819830   0.0246677326  -0.0161392765  -0.0058781398  -0.0007061223
       -0.0014395260   0.0028810400   0.0036072616   0.0028260871   0.0015797053
        0.0019892194   0.0008326130  -0.0012810824  -0.0013611020   0.0005155274
        0.0018795360   0.0012665352  -0.0006772694  -0.0035422726  -0.0017749809
        0.0022051486   0.0039383270   0.0028841224   0.0012111475  -0.0018191650
       -0.0015501253  -0.0017329066  -0.0003653899  -0.0012810363   0.0020970395
       -0.0000268249   0.0010322228  -0.0012037366  -0.0001934410  -0.0013597588
        0.0009671026   0.0003647314   0.0015940645  -0.0004157136   0.0002932355
       -0.0026212680   0.0005154778  -0.0000329129   0.0019546091  -0.0014285123
       -0.0002934848   0.0038154269  -0.0051721138  -0.0000014149  -0.0023060604
        0.0031411006  -0.0026767983   0.0010800085  -0.0030062744   0.0120372778
       -0.0015796887   0.0050254873   0.0108403478   0.0126320454  -0.0497854176
       -0.0147605122  -0.0055822675   0.0032389090  -0.0127421221   0.0215749722
       -0.0242432801   0.0021634379   0.0025913300   0.0032571330  -0.0044422660
       -0.0018638395  -0.0021558022   0.0092130818   0.0009025034  -0.0019185933
       -0.0004237630   0.0025547507   0.0011293652   0.0006212794  -0.0019995922
       -0.0018541223   0.0011023636   0.0021488358   0.0033244602  -0.0001832436
       -0.0018581406  -0.0034818814  -0.0015971936   0.0025083490   0.0065261189
        0.0039065615  -0.0047842537  -0.0020566960  -0.0004159098   0.0023721748
        0.0034836849  -0.0004440110  -0.0020506684  -0.0024783525  -0.0008172817
        0.0007928658   0.0020474941   0.0003491669  -0.0000333687  -0.0024679292
       -0.0027886453   0.0005833882   0.0043389114   0.0042823905  -0.0057413012
       -0.0040218759   0.0524731555   0.0560841361  -0.1122879175  -0.0419250619
       -0.1565271739   0.2896627254  -0.0290610902   0.0531471539  -0.0814988778
       -0.0124231878  -0.0012002899   0.0143775672  -0.0007466142   0.0105961131
       -0.0113776987   0.0261364609  -0.0124234303  -0.0157259642   0.0014662401
        0.0023745152  -0.0026903964   0.0001851263  -0.0018673480   0.0013530395
       -0.0021954461   0.0029002538  -0.0019511380   0.0007444870  -0.0018444648
        0.0015300261
       -0.0015851507  -0.0006825930   0.0004637021   0.0019775113   0.0006229874
        0.0001787627  -0.0021221174   0.0011743798   0.0010200612   0.0014519558
       -0.0004332466  -0.0000005046   0.0004194282  -0.0011223054  -0.0015470430
        0.0004951944   0.0006420837   0.0012087135  -0.0013534706  -0.0011591887
       -0.0019036054  -0.0000537010   0.0003397241   0.0014373834  -0.0015025236
        0.0008546972   0.0007006417   0.0011553530  -0.0011222292  -0.0013002634
       -0.0011691708   0.0006860844   0.0009721667   0.0011311631  -0.0007031696
       -0.0011508585  -0.0012909606   0.0006406075   0.0006995065   0.0017099039
       -0.0002607098  -0.0002646508   0.0012024857  -0.0000582821   0.0003202770
       -0.0012728928   0.0005834371  -0.0006022294   0.0010656198  -0.0000287651
       -0.0003685090  -0.0013073422   0.0006483811   0.0007641011   0.0012111802
        0.0034174949   0.0018131355  -0.0003982891  -0.0024234528  -0.0025092818
       -0.0014285000   0.0019546119   0.0014301470   0.0016411833  -0.0019932174
       -0.0012027266  -0.0049010537   0.0039383519   0.0021919476   0.0001841963
       -0.0054760720  -0.0037700600   0.0097702777  -0.0150135319  -0.0029455461
       -0.1075577890  -0.0497941468   0.0788012923  -0.0269999474  -0.0168226234
        0.0120101235  -0.0022420523   0.0073703736   0.0049469128   0.0012719384
       -0.0003704376  -0.0012835154  -0.0012036812   0.0006586550   0.0015940337
        0.0004210876  -0.0009349054  -0.0021433675  -0.0006772410   0.0000301535
        0.0035724542   0.0016412602  -0.0002583442  -0.0024235010  -0.0021869892
        0.0007881983   0.0015796942  -0.0019808075  -0.0012665611  -0.0017698469
        0.0024253472   0.0010910532   0.0009349285  -0.0018263185   0.0000268320
       -0.0003646948   0.0019349626   0.0003704059   0.0010677140  -0.0019677832
        0.0002677689  -0.0019891855   0.0027359934   0.0012026987   0.0025092429
       -0.0015155666  -0.0000014501  -0.0041578697   0.0025074913  -0.0002479315
        0.0025391691  -0.0032060360  -0.0024815318  -0.0029980189   0.0024605479
        0.0031393350   0.0043157284  -0.0304691912   0.0189806304  -0.0129018222
       -0.0004905026  -0.0049188450   0.0071859596  -0.0018810765  -0.0010124302
        0.0034031049   0.0032828231  -0.0016589249  -0.0021859420  -0.0014386193
       -0.0001743204   0.0023685496   0.0027016847   0.0025887893  -0.0032424237
        0.0022757568  -0.0003852069   0.0019340461  -0.0021501942   0.0012597609
       -0.0006277700   0.0023505431  -0.0008829443  -0.0003405055  -0.0037960409
        0.0029446175  -0.0003599438   0.0035395036  -0.0029114193   0.0024368490
       -0.0034830022   0.0015041882  -0.0019245637  -0.0148883480  -0.0018897299
        0.0113308170   0.0052112686   0.0001385743  -0.0015842398  -0.0036939452
       -0.0014588112   0.0017496247   0.0034858119   0.0041641057   0.0022802988
        0.0022414897  -0.0045398055  -0.0048349017  -0.0014962508   0.0324458461
        0.0028070184   0.0153625294  -0.0028009393  -0.0043956193  -0.0889682253
        0.0524728757  -0.0290610902   0.3832489052  -0.0739196128  -0.1511770926
       -0.1122863976   0.0512874548   0.0531470061  -0.0192102669  -0.0043954597
        0.0346439212  -0.0113776040   0.0105961153  -0.0029117802  -0.0010666633
        0.0015109431   0.0024967775  -0.0018428229  -0.0015907969  -0.0035239803
        0.0011661304  -0.0001203805   0.0047039492   0.0046080075  -0.0050278936
       -0.0037928084
        0.0003397756  -0.0000537135   0.0014374010  -0.0011592469  -0.0013534680
       -0.0019035974   0.0006420818   0.0004951790   0.0012087222  -0.0011223398
        0.0004194523  -0.0015470216  -0.0004332388   0.0014519927  -0.0000004962
        0.0011743510  -0.0021221103   0.0010200439   0.0006230282   0.0019775420
        0.0001787785  -0.0006825972  -0.0015851283   0.0004636786   0.0006860657
       -0.0011691868   0.0009721777  -0.0011222358   0.0011553870  -0.0013002421
        0.0008546825  -0.0015025241   0.0007006313  -0.0002606972   0.0017099180
       -0.0002646377   0.0006406050  -0.0012909775   0.0006995006  -0.0007031934
        0.0011311649  -0.0011508531  -0.0000582764   0.0012024695   0.0003202685
        0.0006483176  -0.0013073819   0.0007641152  -0.0000287555   0.0010656030
       -0.0003684960   0.0005834452  -0.0012729198  -0.0006022556   0.0039383039
       -0.0049011100   0.0021919197  -0.0019932091   0.0016412561  -0.0012026994
        0.0019545973  -0.0014285248   0.0014301397  -0.0024235054  -0.0003982310
       -0.0025092498   0.0034175421   0.0012111202   0.0018131202  -0.0054760987
        0.0001843356  -0.0037700177  -0.0168229981  -0.0269996538   0.0120101347
       -0.0497941037  -0.1075581743   0.0788006014  -0.0150131953   0.0097706231
       -0.0029456424   0.0073703726  -0.0022421901   0.0049468496   0.0003704286
        0.0019349588   0.0010677439   0.0000268260  -0.0018263193  -0.0003647284
        0.0010910668   0.0024253683   0.0009349385  -0.0012665664  -0.0019807821
       -0.0017698974   0.0012027519   0.0027359784   0.0025092724   0.0002677808
       -0.0019679544  -0.0019892370   0.0000301599  -0.0006772543   0.0035724909
       -0.0009349608   0.0004210991  -0.0021433547   0.0006586578  -0.0012037215
        0.0015940570  -0.0003704465   0.0012719256  -0.0012835299   0.0007880678
       -0.0021870281   0.0015797126  -0.0002583647   0.0016412302  -0.0024235081
        0.0041641721   0.0034857853   0.0022803179  -0.0014588679  -0.0036939084
        0.0017495863   0.0001386582   0.0052113284  -0.0015842125  -0.0018898885
       -0.0148883792   0.0113307672   0.0324462073  -0.0014967776   0.0028070574
       -0.0045397698   0.0022416094  -0.0048349748  -0.0050278484   0.0046080765
       -0.0037928471  -0.0001203717   0.0011661244   0.0047039486  -0.0015907817
       -0.0018428031  -0.0035240312   0.0015109314  -0.0010666977   0.0024967868
       -0.0008829261   0.0023505241  -0.0003405155   0.0012597694  -0.0021502357
       -0.0006277734  -0.0003851817   0.0022757469   0.0019340408   0.0015042073
       -0.0034830545  -0.0019245735  -0.0029114042   0.0035395382   0.0024368272
        0.0029446224  -0.0037961131  -0.0003599408   0.0031394917   0.0024605377
        0.0043156422  -0.0024816427  -0.0032060027  -0.0029980054  -0.0002478903
        0.0025075057   0.0025391854  -0.0000015157  -0.0015156119  -0.0041578857
       -0.0049188767  -0.0004904366   0.0071860279   0.0189802953  -0.0304696789
       -0.0129019475  -0.0043957161  -0.0192102753   0.0346439762   0.0512873472
       -0.1122875258   0.0531471539  -0.0739196128   0.3832509925  -0.1511752836
        0.0524731111  -0.0889692232  -0.0290617626  -0.0028006415   0.0153625923
       -0.0043959146   0.0105961210  -0.0113778287  -0.0029118015   0.0025888178
        0.0027016274  -0.0032424469  -0.0001743149  -0.0014386354   0.0023685926
       -0.0016589006   0.0032828212  -0.0021859727  -0.0010124790  -0.0018798721
        0.0034031453
        0.0009393692   0.0010425443  -0.0012113313  -0.0007214492  -0.0000573670
        0.0010742228   0.0011364198  -0.0006599532  -0.0014802095  -0.0003710271
       -0.0003651680   0.0008875341  -0.0003651791  -0.0003709249   0.0008874957
       -0.0006599685   0.0011365291  -0.0014802517  -0.0000573636  -0.0007213271
        0.0010741541   0.0010425696   0.0009394864  -0.0012113935   0.0007165148
        0.0005892152  -0.0009578672  -0.0003182932  -0.0003182310   0.0015802301
        0.0005892109   0.0007165602  -0.0009578869  -0.0008360071  -0.0008839700
        0.0006700958   0.0005517648   0.0005517487  -0.0005364848  -0.0008840086
       -0.0008360061   0.0006701212  -0.0007884729  -0.0007885404  -0.0009336990
        0.0004767351   0.0005079614   0.0003283401  -0.0007878356  -0.0007878564
        0.0001245286   0.0005080379   0.0004766469   0.0003283290  -0.0028841931
        0.0016220147  -0.0032836037   0.0012822537   0.0002583866   0.0027359513
        0.0000328807   0.0000329455  -0.0019051783   0.0002583052   0.0012823045
        0.0027359685   0.0016219019  -0.0028841513  -0.0032835871   0.0037700569
        0.0037700905   0.0062112598   0.0054183185   0.0208871650   0.0040848842
        0.0735069473   0.0735036928  -0.1370279312   0.0208872174   0.0054182208
        0.0040848121  -0.0011351223  -0.0011350563  -0.0021305498  -0.0012834571
       -0.0010677251  -0.0003078606   0.0010322734   0.0008521050  -0.0004157473
       -0.0015097405  -0.0010910151   0.0004210611   0.0018795894   0.0010564030
       -0.0005582754  -0.0019931430  -0.0012822500  -0.0003982960   0.0014745641
        0.0006678621   0.0008325933   0.0010563737   0.0018795107  -0.0005582017
       -0.0010910830  -0.0015098030   0.0004211106   0.0008520903   0.0010322157
       -0.0004157070  -0.0010677366  -0.0012835219  -0.0003078122   0.0006677910
        0.0014744571   0.0008326388  -0.0012822948  -0.0019932159  -0.0003982412
       -0.0022911458  -0.0022929945   0.0012826195   0.0004386089   0.0028233177
       -0.0030539742   0.0019281774  -0.0019497096   0.0044147348  -0.0012531572
        0.0116952742  -0.0140653669  -0.0204269117  -0.0001703044   0.0088503215
        0.0031559569   0.0011981255   0.0019958356   0.0050176681  -0.0011649581
        0.0000631211  -0.0016567276   0.0005677977  -0.0013179260   0.0018457592
        0.0003146225   0.0010998482  -0.0019647537   0.0002512667   0.0002006205
       -0.0007153001  -0.0012148947  -0.0015696069   0.0005300584   0.0005299636
        0.0015336183  -0.0012148204  -0.0007153238  -0.0015696218   0.0014608516
       -0.0003952236   0.0018998089   0.0000743812   0.0000743267  -0.0038904850
       -0.0003951369   0.0014607468   0.0018998425   0.0116951912  -0.0012532435
       -0.0140653640  -0.0019497870   0.0019281993   0.0044147852   0.0028232288
        0.0004385735  -0.0030539218  -0.0022930969  -0.0022911887   0.0012826719
        0.0011980971   0.0031558920   0.0019959233  -0.0001705172  -0.0204270593
        0.0088502977  -0.0028007874   0.0245290865  -0.0192105362  -0.0233592230
        0.0560844123  -0.0814988778  -0.1511770926  -0.1511752836   0.3291713566
        0.0560843954  -0.0233599450  -0.0814991334   0.0245290869  -0.0028010184
       -0.0192106252  -0.0007465622  -0.0007466546   0.0047789384   0.0002512260
       -0.0019648492   0.0002006749   0.0003146366   0.0018456481   0.0010999198
        0.0005677984  -0.0016568423  -0.0013179036  -0.0011649122   0.0050202568
        0.0000631881
        0.0013036254   0.0005403532  -0.0009314096  -0.0012267141   0.0001308419
        0.0005601843   0.0014034266  -0.0011457562  -0.0010407293  -0.0008624408
        0.0003041683   0.0004357848  -0.0001919380   0.0006315990   0.0011879346
       -0.0006710056  -0.0001702477  -0.0010252668   0.0010993385   0.0006082817
        0.0014327437   0.0000620374   0.0000152416  -0.0011761677   0.0010092388
       -0.0004510970  -0.0009149362  -0.0006229768   0.0007124774   0.0012981563
        0.0006812127  -0.0002697414  -0.0009889695  -0.0008548697   0.0002809263
        0.0010875892   0.0009658088  -0.0002527943  -0.0008949100  -0.0013268320
       -0.0000323800   0.0005912810  -0.0012096171  -0.0002327030  -0.0004161592
        0.0010905772  -0.0002368856   0.0003368112  -0.0010257385  -0.0002462436
        0.0004596002   0.0011443556  -0.0003198950  -0.0006391799  -0.0017329559
       -0.0018190803  -0.0015498305   0.0008326672   0.0015796889   0.0019891954
        0.0005154581  -0.0012810374  -0.0013611062  -0.0006772362   0.0018795095
        0.0012665760   0.0022050006  -0.0035422418  -0.0017750199   0.0012112083
        0.0039382828   0.0028841009  -0.0019184322   0.0092129469   0.0009024419
       -0.0242431027  -0.0127430039   0.0215749068   0.0032571185   0.0021633439
        0.0025913152  -0.0021558933  -0.0044421466  -0.0018638175  -0.0012037163
       -0.0000268493   0.0010322224   0.0009671073  -0.0001934252  -0.0013597739
       -0.0004157042   0.0003647229   0.0015940408   0.0005154870   0.0002932637
       -0.0026212731  -0.0014284882  -0.0000329233   0.0019545737   0.0020970539
       -0.0003654191  -0.0012810595   0.0024120781   0.0017749842  -0.0001669011
       -0.0019807955  -0.0010563443  -0.0000301189   0.0015305065   0.0003653822
       -0.0002932693  -0.0019677920  -0.0007880640  -0.0006677604   0.0019118004
        0.0004929222   0.0015496068  -0.0032835847  -0.0021918446  -0.0018129124
        0.0011293659  -0.0004237807   0.0025547039  -0.0018541046   0.0006213422
       -0.0019995884   0.0033244501   0.0011023159   0.0021487942  -0.0034818574
       -0.0001831397  -0.0018581342   0.0065260162  -0.0015972567   0.0025082970
       -0.0020566397   0.0039066025  -0.0047842085   0.0015300726   0.0007444682
       -0.0018444987  -0.0026903508   0.0014662327   0.0023744887   0.0013530675
        0.0001851353  -0.0018673508  -0.0019511201  -0.0021954217   0.0029002156
       -0.0024784251  -0.0004440194  -0.0020507229   0.0020475194  -0.0008173239
        0.0007928855  -0.0024679245   0.0003491594  -0.0000333686   0.0043389094
       -0.0027886696   0.0005833494  -0.0040218766   0.0042824228  -0.0057412820
        0.0034837400  -0.0004159641   0.0023722879   0.0032384416  -0.0147606709
       -0.0055820581  -0.0051720195  -0.0002933976   0.0038154821   0.0031410262
       -0.0000014768  -0.0023060729  -0.0030062114  -0.0026767018   0.0010800958
        0.0050256995   0.0120369121  -0.0015797836  -0.0497850609   0.0108393286
        0.0126320952  -0.0113776261  -0.0007465279   0.0105960845  -0.0157255881
        0.0261364798  -0.0124231878  -0.1122863976   0.0524731111   0.0560843954
        0.2896603484  -0.0419238850  -0.1565281953  -0.0814987359  -0.0290609842
        0.0531475557   0.0143774256  -0.0124233350  -0.0012003741  -0.0014396577
       -0.0058782947  -0.0007060987   0.0028260872   0.0028810369   0.0036071548
       -0.0017848428   0.0006740230  -0.0032791961  -0.0161390040   0.0054834662
        0.0246677408
       -0.0009067984  -0.0000130516  -0.0022425625   0.0030811749   0.0025651222
        0.0030811258  -0.0022425890  -0.0000130279  -0.0009067601   0.0021780618
       -0.0005981688   0.0021780480   0.0005364144  -0.0013230152  -0.0002335931
       -0.0008109252   0.0016073136  -0.0004871908  -0.0006233334  -0.0015482165
       -0.0004744967   0.0004984267   0.0012829660  -0.0001979949  -0.0012115843
        0.0018052751  -0.0012115711   0.0014758560  -0.0014969054   0.0009167809
       -0.0010057565   0.0016282032  -0.0006589027   0.0002751475  -0.0017083927
        0.0002751436  -0.0006589209   0.0016282064  -0.0010057491   0.0009167882
       -0.0014969021   0.0014758546  -0.0004744983  -0.0015482180  -0.0006233160
       -0.0004872114   0.0016073050  -0.0008109384  -0.0002335893  -0.0013230078
        0.0005364275  -0.0001980086   0.0012829668   0.0004984221  -0.0018190793
        0.0038991271  -0.0004930326   0.0014744461  -0.0021870609  -0.0002677843
       -0.0026212654   0.0020970782  -0.0008548776   0.0035725096  -0.0005582252
        0.0017698716  -0.0091778994   0.0022051548   0.0001668306   0.0034174712
       -0.0049011226  -0.0016219994   0.0091529544  -0.0139826199  -0.0103788323
        0.0047482843   0.0223699606  -0.0065681632  -0.0023070830  -0.0081653049
        0.0021744327  -0.0038595400   0.0057463217   0.0017056056  -0.0006586624
       -0.0018263214  -0.0008520846   0.0001934311   0.0017702756   0.0001934351
       -0.0008520935  -0.0018263342  -0.0006586562   0.0013611150   0.0015305104
        0.0008549087  -0.0014301660  -0.0019051448  -0.0014301564   0.0008548909
        0.0015305468   0.0013611158   0.0001668099   0.0022050342  -0.0091779019
        0.0017699107  -0.0005581909   0.0035724911  -0.0008549057   0.0020970311
       -0.0026212791  -0.0002677735  -0.0021870255   0.0014744735  -0.0004929125
        0.0038990979  -0.0018191287  -0.0016219697  -0.0049010451   0.0034175346
       -0.0022658618  -0.0020476974  -0.0007992029   0.0012625673   0.0018716893
       -0.0003139915  -0.0011646566  -0.0038660260  -0.0004795575   0.0020498406
        0.0046449598  -0.0013859161  -0.0069999478  -0.0023062040   0.0019396124
        0.0031800499   0.0006277947   0.0021692765   0.0035991150  -0.0027699150
        0.0035991231  -0.0011251031   0.0001131872  -0.0019383637   0.0018782904
        0.0011428962   0.0018782843  -0.0019383357   0.0001132294  -0.0011251304
       -0.0004795602  -0.0038660303  -0.0011645933  -0.0003140035   0.0018717121
        0.0012625352  -0.0007991979  -0.0020477176  -0.0022658360   0.0021692316
        0.0006278513   0.0031800136   0.0019395943  -0.0023063094  -0.0069998739
       -0.0013859095   0.0046449829   0.0020497696  -0.0307737712  -0.0238936025
        0.0237674490   0.0081268883   0.0070443289   0.0024293627  -0.0026718419
       -0.0052747708  -0.0026717507   0.0024295141   0.0070443823   0.0081267752
        0.0237669956  -0.0238941685  -0.0307737405   0.0086002099  -0.1704088792
        0.0086008987  -0.0029117035   0.0047789687  -0.0029118701   0.0212332181
       -0.0157261107  -0.0012002899   0.0512874548  -0.0889692232  -0.0233599450
       -0.0419238850   0.4028858347  -0.0419231613  -0.0233592456  -0.0889681281
        0.0512870758  -0.0012004901  -0.0157256516   0.0212332330  -0.0103788489
       -0.0139823817   0.0091531065   0.0017055835   0.0057462265  -0.0038596403
        0.0021743898  -0.0081653314  -0.0023070059  -0.0065677078   0.0223699078
        0.0047478235
       -0.0010407344  -0.0011457448   0.0014034671   0.0005601622   0.0001308146
       -0.0012267484  -0.0009313976   0.0005403792   0.0013036499   0.0004357690
        0.0003041634  -0.0008624680   0.0004595974  -0.0002462332  -0.0010257428
        0.0003368294  -0.0002369153   0.0010905998  -0.0004161610  -0.0002326881
       -0.0012096036  -0.0006391743  -0.0003198961   0.0011443602  -0.0009149287
       -0.0004510982   0.0010092680   0.0005912549  -0.0000323688  -0.0013268656
       -0.0008948953  -0.0002527941   0.0009658338   0.0010875813   0.0002809263
       -0.0008548934  -0.0009889623  -0.0002697438   0.0006812350   0.0012981554
        0.0007124838  -0.0006230074   0.0014327635   0.0006082965   0.0010993300
       -0.0010252778  -0.0001702589  -0.0006709950   0.0011879437   0.0006316064
       -0.0001919563  -0.0011761736   0.0000152398   0.0000620472   0.0015498781
        0.0004930462   0.0019117932  -0.0006679089  -0.0007881474  -0.0019677463
       -0.0002932281   0.0003653780   0.0015305485  -0.0000301891  -0.0010563846
       -0.0019808285  -0.0001667593   0.0017750354   0.0024121283  -0.0018131845
       -0.0021919432  -0.0032835626  -0.0007061581  -0.0058781981  -0.0014395640
        0.0246678772   0.0054830793  -0.0161393658  -0.0032791680   0.0006741436
       -0.0017848401   0.0036073100   0.0028809875   0.0028260898   0.0015940577
        0.0003647205  -0.0004157144  -0.0013597919  -0.0001934182   0.0009671129
        0.0010322218  -0.0000268541  -0.0012037202  -0.0012810474  -0.0003653839
        0.0020970718   0.0019545848  -0.0000329311  -0.0014285030  -0.0026212821
        0.0002933139   0.0005155076  -0.0017750109  -0.0035422439   0.0022051102
        0.0012665851   0.0018795078  -0.0006772873  -0.0013611139  -0.0012810369
        0.0005154936   0.0019892335   0.0015797030   0.0008326331  -0.0015496507
       -0.0018191185  -0.0017329256   0.0028841675   0.0039383244   0.0012111502
       -0.0000333817   0.0003491609  -0.0024679138   0.0007928661  -0.0008173174
        0.0020475200  -0.0020506807  -0.0004440218  -0.0024783498   0.0023721935
       -0.0004159570   0.0034836955  -0.0057412941   0.0042824391  -0.0040218422
        0.0005833616  -0.0027886826   0.0043389397  -0.0018445225   0.0007445069
        0.0015300612   0.0029002140  -0.0021954643  -0.0019511240  -0.0018673643
        0.0001851480   0.0013530772   0.0023745106   0.0014662153  -0.0026903872
        0.0021488389   0.0011023590   0.0033244509  -0.0019996015   0.0006213298
       -0.0018541091   0.0025547265  -0.0004237713   0.0011293703  -0.0047842368
        0.0039066314  -0.0020566656   0.0025083391  -0.0015972306   0.0065261106
       -0.0018581642  -0.0001831865  -0.0034818726  -0.0015795993   0.0120372567
        0.0050255535   0.0010800192  -0.0026768014  -0.0030062988  -0.0023060469
       -0.0000014095   0.0031410795   0.0038154374  -0.0002934963  -0.0051721358
       -0.0055823745  -0.0147605141   0.0032388320   0.0126321867   0.0108399892
       -0.0497854468   0.0105960722  -0.0007467275  -0.0113777319  -0.0012003312
       -0.0124233065   0.0143775672   0.0531470061  -0.0290617626  -0.0814991334
       -0.1565281953  -0.0419231613   0.2896631186   0.0560846004   0.0524726831
       -0.1122879225  -0.0124232170   0.0261366161  -0.0157258492   0.0009025907
        0.0092130745  -0.0019185803  -0.0018638944  -0.0044422140  -0.0021558385
        0.0025913545   0.0021634099   0.0032571188   0.0215748125  -0.0127435436
       -0.0242433850
       -0.0014801922  -0.0006599235   0.0011364237   0.0010742023  -0.0000573848
       -0.0007214518  -0.0012113066   0.0010425540   0.0009393599   0.0008875168
       -0.0003651764  -0.0003710305   0.0001245128  -0.0007878542  -0.0007878250
        0.0003283495   0.0005079596   0.0004767216  -0.0009337057  -0.0007885312
       -0.0007884535   0.0003283356   0.0004766464   0.0005080241  -0.0009578490
        0.0005892279   0.0007165088   0.0006700990  -0.0008360143  -0.0008840036
       -0.0005364674   0.0005517577   0.0005517542   0.0006700771  -0.0008839701
       -0.0008359961  -0.0009578670   0.0007165667   0.0005892090   0.0015802096
       -0.0003182455  -0.0003183020   0.0010741411  -0.0007213293  -0.0000573676
       -0.0014802292   0.0011365264  -0.0006599532   0.0008874830  -0.0003709303
       -0.0003651858  -0.0012113624   0.0009394967   0.0010425653   0.0008326491
        0.0014744445   0.0006678821  -0.0003078318  -0.0012835081  -0.0010677228
       -0.0004156876   0.0010322153   0.0008520756   0.0004210775  -0.0015098024
       -0.0010910673  -0.0005581705   0.0018795093   0.0010563695  -0.0003982705
       -0.0019932033  -0.0012822626   0.0002006539  -0.0019648203   0.0002512493
        0.0000632102   0.0050201980  -0.0011649227  -0.0013178957  -0.0016568074
        0.0005678157   0.0010999247   0.0018456209   0.0003146024   0.0004210355
       -0.0010910145  -0.0015097274  -0.0004157189   0.0008521068   0.0010322535
       -0.0003078782  -0.0010677093  -0.0012834413   0.0008326050   0.0006677502
        0.0014745372  -0.0003983078  -0.0012822432  -0.0019931096  -0.0005582398
        0.0010564360   0.0018795824  -0.0032835669  -0.0028840808   0.0016219370
        0.0027359517   0.0012822680   0.0002582710  -0.0019051592   0.0000329635
        0.0000328876   0.0027359344   0.0002583710   0.0012822162  -0.0032835803
        0.0016220069  -0.0028841310   0.0062112590   0.0037700321   0.0037699475
       -0.0015696252  -0.0007153143  -0.0012147895   0.0015336168   0.0005299555
        0.0005300325  -0.0015696103  -0.0012148760  -0.0007152679   0.0018998311
        0.0014607138  -0.0003951650  -0.0038904521   0.0000743589   0.0000744102
        0.0018998054  -0.0003952284   0.0014608250   0.0000631456  -0.0011648975
        0.0050176304   0.0002006057   0.0002512649  -0.0019647265   0.0010998564
        0.0003146127   0.0018457299  -0.0013179147   0.0005677895  -0.0016567007
        0.0044147070  -0.0019497068   0.0019281405  -0.0030539212   0.0028233152
        0.0004386187   0.0012825783  -0.0022929981  -0.0022911221   0.0019958896
        0.0011981132   0.0031559016   0.0088501070  -0.0001703881  -0.0204269535
       -0.0140651823   0.0116952785  -0.0012531351   0.0019959662   0.0031558495
        0.0011980427   0.0012826226  -0.0022911962  -0.0022930659  -0.0030538737
        0.0004386190   0.0028232190   0.0044147518   0.0019281331  -0.0019498118
       -0.0140651845  -0.0012530634   0.0116952168   0.0088500810  -0.0204271117
       -0.0001703126  -0.0192101679   0.0245290452  -0.0028007446   0.0047788892
       -0.0007467262  -0.0007466142  -0.0192102669  -0.0028006415   0.0245290869
       -0.0814987359  -0.0233592456   0.0560846004   0.3291671346  -0.1511764861
       -0.1511761755  -0.0814984846   0.0560845080  -0.0233593072   0.0040851302
        0.0208868796   0.0054180986  -0.0021304952  -0.0011350153  -0.0011350600
        0.0040850601   0.0054182877   0.0208868623  -0.1370258054   0.0735040619
        0.0735062964
        0.0012087577   0.0004951887   0.0006420477  -0.0019036115  -0.0013534565
       -0.0011592041   0.0014374220  -0.0000537338   0.0003397465  -0.0015470212
        0.0004194534  -0.0011223205  -0.0003684946   0.0010656014  -0.0000287590
        0.0007641017  -0.0013073898   0.0006483046   0.0003202881   0.0012024632
       -0.0000582841  -0.0006022544  -0.0012729167   0.0005834411   0.0009721993
       -0.0011691914   0.0006860474  -0.0011508483   0.0011311717  -0.0007031766
        0.0006995132  -0.0012909945   0.0006405909  -0.0002646292   0.0017099157
       -0.0002607051   0.0007006483  -0.0015025221   0.0008546733  -0.0013002538
        0.0011553795  -0.0011222275   0.0001787835   0.0019775445   0.0006230027
        0.0010200633  -0.0021221114   0.0011743691  -0.0000004942   0.0014519836
       -0.0004332427   0.0004636852  -0.0015851434  -0.0006825995   0.0015796831
       -0.0021870513   0.0007881274  -0.0012835139   0.0012719221  -0.0003704261
        0.0015940437  -0.0012037334   0.0006586271  -0.0021433420   0.0004211183
       -0.0009349270   0.0035724788  -0.0006773071   0.0000301475  -0.0024234809
        0.0016412609  -0.0002583340  -0.0032423981   0.0027016936   0.0025888133
        0.0034030895  -0.0018799713  -0.0010124484  -0.0021859276   0.0032828334
       -0.0016589057   0.0023685431  -0.0014386799  -0.0001743378   0.0009349469
        0.0024253756   0.0010910551  -0.0003647268  -0.0018263250   0.0000268361
        0.0010677524   0.0019349347   0.0003704237  -0.0019892276  -0.0019677830
        0.0002677802   0.0025092658   0.0027359735   0.0012027434  -0.0017698962
       -0.0019808253  -0.0012665743   0.0018129808   0.0012111830   0.0034174787
       -0.0025092837  -0.0003982455  -0.0024234761   0.0014301787  -0.0014285050
        0.0019545993  -0.0012027312   0.0016412438  -0.0019932203   0.0021918558
       -0.0049010789   0.0039383385  -0.0037701160   0.0001842724  -0.0054760914
        0.0019340557   0.0022757259  -0.0003851916  -0.0006278034  -0.0021502344
        0.0012597655  -0.0003404887   0.0023505257  -0.0008829291  -0.0003599827
       -0.0037960949   0.0029446284   0.0024368718   0.0035394763  -0.0029114197
       -0.0019246232  -0.0034830163   0.0015042111  -0.0037928334   0.0046080687
       -0.0050279043   0.0024967562  -0.0010666949   0.0015109587  -0.0035240504
       -0.0018427928  -0.0015907717   0.0047039381   0.0011660820  -0.0001203760
       -0.0015842217   0.0052113398   0.0001386024   0.0017495909  -0.0036939450
       -0.0014588367   0.0022803350   0.0034858170   0.0041641433  -0.0048349700
        0.0022415776  -0.0045397691   0.0028071200  -0.0014964297   0.0324461274
        0.0113307757  -0.0148885201  -0.0018898309   0.0071859397  -0.0004905738
       -0.0049189142  -0.0041578863  -0.0015155358  -0.0000014345   0.0025392434
        0.0025074773  -0.0002479700  -0.0029980838  -0.0032060077  -0.0024815456
        0.0043158608   0.0024605361   0.0031392647  -0.0129020721  -0.0304690816
        0.0189805929   0.0346438942  -0.0192107353  -0.0043956923  -0.0029118762
       -0.0113776190   0.0105961131  -0.0043954597   0.0153625923  -0.0028010184
       -0.0290609842  -0.0889681281   0.0524726831  -0.1511764861   0.3832520871
       -0.0739174954   0.0531473102  -0.1122877132   0.0512873122   0.0120097799
       -0.0270000954  -0.0168228574   0.0049469365  -0.0022421046   0.0073703521
       -0.0029456237   0.0097703934  -0.0150135708   0.0788010078  -0.1075599241
       -0.0497951606
        0.0010200586   0.0011743599  -0.0021221458   0.0001787856   0.0006230088
        0.0019775185   0.0004636846  -0.0006826148  -0.0015851611  -0.0000004911
       -0.0004332366   0.0014519657  -0.0003684934  -0.0000287556   0.0010656193
       -0.0006022450   0.0005834347  -0.0012729105   0.0003202816  -0.0000582780
        0.0012024802   0.0007641012   0.0006483684  -0.0013073682   0.0007006414
        0.0008546831  -0.0015025456  -0.0002646375  -0.0002606924   0.0017099105
        0.0006995022   0.0006406002  -0.0012909783  -0.0011508624  -0.0007031637
        0.0011311736   0.0009721781   0.0006860729  -0.0011691964  -0.0013002610
       -0.0011222091   0.0011553764  -0.0019036278  -0.0011591894  -0.0013534547
        0.0012087313   0.0006420859   0.0004951754  -0.0015470491  -0.0011222958
        0.0004194533   0.0014373979   0.0003397179  -0.0000537136  -0.0019892305
        0.0002677727  -0.0019677542   0.0010677391   0.0003704103   0.0019349632
       -0.0003647095   0.0000268236  -0.0018263284   0.0009349639   0.0010910735
        0.0024253435  -0.0017698972  -0.0012665784  -0.0019808183   0.0025092943
        0.0012027057   0.0027359760   0.0024967931   0.0015109094  -0.0010667102
       -0.0037928443  -0.0050278582   0.0046080875   0.0047039708  -0.0001204208
        0.0011661044  -0.0035240383  -0.0015907899  -0.0018427918  -0.0021433698
       -0.0009349081   0.0004211127   0.0015940401   0.0006586496  -0.0012037126
       -0.0012835092  -0.0003704304   0.0012719551   0.0015796862   0.0007880513
       -0.0021870181  -0.0024235065  -0.0002583245   0.0016412746   0.0035724750
        0.0000301155  -0.0006772661   0.0021918537   0.0039383096  -0.0049011306
       -0.0012027284  -0.0019932023   0.0016412262   0.0014301608   0.0019546082
       -0.0014285387  -0.0025092971  -0.0024234570  -0.0003982482   0.0018129604
        0.0034175143   0.0012111338  -0.0037701109  -0.0054760690   0.0001842869
       -0.0003404957  -0.0008829309   0.0023505556  -0.0006277830   0.0012597606
       -0.0021502098   0.0019340688  -0.0003852170   0.0022757480  -0.0019245917
        0.0015041947  -0.0034830196   0.0024368552  -0.0029114380   0.0035395283
       -0.0003599529   0.0029446211  -0.0037960853   0.0034031081  -0.0010124927
       -0.0018810887  -0.0032424036   0.0025888394   0.0027016956   0.0023685549
       -0.0001743342  -0.0014386343  -0.0021859555  -0.0016589023   0.0032828628
       -0.0029980811  -0.0024815549  -0.0032060073   0.0025392067  -0.0002479279
        0.0025074870  -0.0041579060  -0.0000014321  -0.0015155458   0.0071859442
       -0.0049189239  -0.0004905097  -0.0129019811   0.0189805191  -0.0304693115
        0.0043157893   0.0031393466   0.0024605263  -0.0048349851  -0.0045397739
        0.0022415842   0.0022803690   0.0041641386   0.0034857829   0.0017495909
       -0.0014588678  -0.0036939619  -0.0015842132   0.0001386301   0.0052113146
        0.0113307660  -0.0018899215  -0.0148885102   0.0028072579   0.0324461721
       -0.0014966240  -0.0043956432  -0.0028008364   0.0153626295  -0.0029118031
        0.0105961546  -0.0113776987   0.0346439212  -0.0043959146  -0.0192106252
        0.0531475557   0.0512870758  -0.1122879225  -0.1511761755  -0.0739174954
        0.3832520608  -0.0290610498   0.0524729755  -0.0889685810  -0.0029456967
       -0.0150134018   0.0097704905   0.0049469283   0.0073703468  -0.0022421778
        0.0120098101  -0.0168230021  -0.0269999473   0.0788006001  -0.0497952094
       -0.1075581512
        0.0010905873   0.0003368072  -0.0002368620  -0.0012096079  -0.0004161498
       -0.0002326780   0.0011443558  -0.0006391791  -0.0003198299  -0.0010257234
        0.0004595952  -0.0002462293  -0.0001919276   0.0011879233   0.0006315702
        0.0000620309  -0.0011761696   0.0000151772   0.0010993328   0.0014327288
        0.0006082650  -0.0006709941  -0.0010252501  -0.0001702784   0.0009658158
       -0.0008949188  -0.0002527799  -0.0008548533   0.0010875742   0.0002809204
        0.0006812177  -0.0009889703  -0.0002697523  -0.0006229626   0.0012981369
        0.0007124685   0.0010092598  -0.0009149588  -0.0004510950  -0.0013268108
        0.0005912669  -0.0000323761  -0.0012267030   0.0005601652   0.0001308319
        0.0013036460  -0.0009314239   0.0005403629  -0.0008624096   0.0004357610
        0.0003041655   0.0014034525  -0.0010407788  -0.0011457672   0.0005154716
       -0.0026212595   0.0002932426  -0.0004156945   0.0015940516   0.0003646983
        0.0009671008  -0.0013597815  -0.0001934197  -0.0012037206   0.0010322203
       -0.0000268385   0.0020970376  -0.0012810500  -0.0003653714  -0.0014284975
        0.0019545902  -0.0000329318  -0.0026903573   0.0023745200   0.0014662231
        0.0015300354  -0.0018444260   0.0007444725  -0.0019511380   0.0029002232
       -0.0021954433   0.0013530341  -0.0018673333   0.0001851416  -0.0006772245
        0.0012665437   0.0018795187   0.0005154823  -0.0013611226  -0.0012810591
        0.0008326389   0.0019892074   0.0015796546  -0.0017329535  -0.0015496271
       -0.0018191075   0.0012112100   0.0028841029   0.0039382477   0.0022050271
       -0.0017751153  -0.0035422801   0.0019118113   0.0015496082   0.0004929367
       -0.0019677789  -0.0006677630  -0.0007880316   0.0015305228  -0.0002932810
        0.0003654286  -0.0019807729  -0.0000301402  -0.0010563294   0.0024120858
       -0.0001668887   0.0017749911  -0.0032835663  -0.0018129177  -0.0021918034
        0.0033244445   0.0021487854   0.0011022891  -0.0018541215  -0.0019995726
        0.0006213152   0.0011293598   0.0025547032  -0.0004237985  -0.0020566806
       -0.0047841767   0.0039065974   0.0065260077   0.0025082838  -0.0015972605
       -0.0034818726  -0.0018581164  -0.0001831716  -0.0242430211   0.0215748956
       -0.0127418827  -0.0019184668   0.0009024914   0.0092129362  -0.0021558812
       -0.0018638318  -0.0044421724   0.0032571095   0.0025913121   0.0021633298
       -0.0030061896   0.0010800610  -0.0026767148   0.0031410405  -0.0023060796
       -0.0000014484  -0.0051720102   0.0038154676  -0.0002934455   0.0032385127
       -0.0055821533  -0.0147605925  -0.0497850484   0.0126321166   0.0108395137
        0.0050256283  -0.0015796907   0.0120369547   0.0043388856   0.0005833454
       -0.0027886395  -0.0024679321  -0.0000333434   0.0003491718   0.0020475110
        0.0007928813  -0.0008172983  -0.0024784180  -0.0020507014  -0.0004439812
        0.0034837350   0.0023722788  -0.0004159484  -0.0040219065  -0.0057412192
        0.0042824551  -0.1122863944   0.0560846727   0.0524728061  -0.0157257139
       -0.0124229588   0.0261364609  -0.0113776040   0.0105961210  -0.0007465622
        0.0143774256  -0.0012004901  -0.0124232170  -0.0814984846   0.0531473102
       -0.0290610498   0.2896599318  -0.1565284748  -0.0419236087  -0.0017848522
       -0.0032791708   0.0006740673   0.0028260876   0.0036071648   0.0028810405
       -0.0014396238  -0.0007061246  -0.0058782259  -0.0161389180   0.0246676923
        0.0054820267
       -0.0010252949  -0.0006709969  -0.0001702747   0.0014327594   0.0010993204
        0.0006082646  -0.0011761810   0.0000620485   0.0000151828   0.0011879325
       -0.0001919478   0.0006315876   0.0004595826  -0.0010257394  -0.0002462224
       -0.0006391693   0.0011443791  -0.0003198252  -0.0004161729  -0.0012096129
       -0.0002326836   0.0003368179   0.0010905921  -0.0002368573  -0.0009889776
        0.0006812420  -0.0002697477   0.0010875719  -0.0008548805   0.0002809234
       -0.0008949147   0.0009658369  -0.0002527759   0.0005912536  -0.0013268339
       -0.0000323760  -0.0009149572   0.0010092847  -0.0004510924   0.0012981390
       -0.0006229908   0.0007124740   0.0005601549  -0.0012267220   0.0001308236
       -0.0010407575   0.0014034744  -0.0011457566   0.0004357452  -0.0008624366
        0.0003041650  -0.0009314252   0.0013036708   0.0005403872  -0.0012810382
        0.0020970801  -0.0003653673   0.0010322163  -0.0012037421  -0.0000268389
       -0.0013597826   0.0009671305  -0.0001934138   0.0015940638  -0.0004157194
        0.0003647044  -0.0026212755   0.0005155110   0.0002932514   0.0019545970
       -0.0014285312  -0.0000329290   0.0029002335  -0.0019511731  -0.0021954652
       -0.0018444807   0.0015299410   0.0007444932   0.0023745313  -0.0026904135
        0.0014662392  -0.0018673309   0.0013530748   0.0001851458  -0.0000301671
       -0.0019807775  -0.0010563717  -0.0002932736   0.0015305407   0.0003654213
       -0.0006677785  -0.0019678003  -0.0007880448   0.0015496515   0.0019118131
        0.0004929479  -0.0018129768  -0.0032835744  -0.0021918278  -0.0001668689
        0.0024121670   0.0017750187  -0.0015496668  -0.0017329467  -0.0018191227
        0.0019892226   0.0008326468   0.0015796669  -0.0013611361   0.0005154896
       -0.0012810456   0.0012665655  -0.0006772505   0.0018794981  -0.0017750253
        0.0022050688  -0.0035422683   0.0028841559   0.0012111787   0.0039382830
       -0.0020507652  -0.0024784230  -0.0004439845   0.0007929243   0.0020475335
       -0.0008173071  -0.0000333728  -0.0024679524   0.0003491831   0.0005834023
        0.0043389378  -0.0027886801  -0.0057413070  -0.0040218841   0.0042824760
        0.0023723559   0.0034837382  -0.0004159522   0.0246678376  -0.0161394093
        0.0054820444  -0.0007061544  -0.0014396028  -0.0058783128   0.0036072316
        0.0028260585   0.0028810690  -0.0032792202  -0.0017848477   0.0006740665
        0.0038154406  -0.0051720837  -0.0002934478  -0.0023060820   0.0031410889
       -0.0000014388   0.0010800594  -0.0030062428  -0.0026767347  -0.0015795994
        0.0050256428   0.0120371606   0.0126321186  -0.0497853498   0.0108395858
       -0.0055822385   0.0032386638  -0.0147606662  -0.0047842329  -0.0020566493
        0.0039066239   0.0025547453   0.0011293404  -0.0004237965  -0.0019996063
       -0.0018541068   0.0006213204   0.0021488438   0.0033244390   0.0011023041
       -0.0018581826  -0.0034818764  -0.0001831809   0.0025083874   0.0065260550
       -0.0015972965   0.0531475090  -0.0814995039  -0.0290616727  -0.0012002311
        0.0143775126  -0.0124234303   0.0105961153  -0.0113778287  -0.0007466546
       -0.0124233350  -0.0157256516   0.0261366161   0.0560845080  -0.1122877132
        0.0524729755  -0.1565284748   0.2896633567  -0.0419231013   0.0025913658
        0.0032571128   0.0021633400  -0.0018638968  -0.0021558848  -0.0044422198
        0.0009025172  -0.0019185102   0.0092130059   0.0215747939  -0.0242433614
       -0.0127420652
       -0.0004872049  -0.0008109316   0.0016073144  -0.0004745044  -0.0006233198
       -0.0015482072  -0.0001979991   0.0004984288   0.0012829722  -0.0002335927
        0.0005364196  -0.0013230023   0.0005364187  -0.0002335922  -0.0013230025
        0.0004984239  -0.0001980024   0.0012829646  -0.0006233357  -0.0004744861
       -0.0015482250  -0.0008109406  -0.0004872692   0.0016073104  -0.0006589132
       -0.0010057504   0.0016282078   0.0002751372   0.0002751460  -0.0017083904
       -0.0010057526  -0.0006589091   0.0016282119   0.0014758525   0.0009167722
       -0.0014969062  -0.0012115826  -0.0012115747   0.0018052788   0.0009167931
        0.0014758498  -0.0014968950   0.0030811783   0.0030811223   0.0025651201
       -0.0009067921  -0.0022425740  -0.0000130394   0.0021780548   0.0021780356
       -0.0005981739  -0.0022425834  -0.0009066974  -0.0000130213   0.0013611302
        0.0008549012   0.0015305245  -0.0008520953  -0.0006586528  -0.0018263208
        0.0001934272   0.0001934282   0.0017702797  -0.0006586612  -0.0008520792
       -0.0018263268   0.0008549046   0.0013611052   0.0015305331  -0.0014301743
       -0.0014301583  -0.0019051328  -0.0011251276  -0.0019383380   0.0001132090
        0.0035991297   0.0035990553  -0.0027699143  -0.0019383404  -0.0011250978
        0.0001132168   0.0018782979   0.0018782855   0.0011428966   0.0035725094
        0.0017698692  -0.0005582473  -0.0026212955  -0.0008548778   0.0020970653
        0.0014744844  -0.0002678056  -0.0021870438  -0.0018190879  -0.0004928923
        0.0038991137   0.0034174738  -0.0016220059  -0.0049011078  -0.0091778966
        0.0001669807   0.0022051279  -0.0004929145  -0.0018191007   0.0038991123
       -0.0002677688   0.0014744563  -0.0021870371  -0.0008549083  -0.0026212539
        0.0020970492   0.0017699136   0.0035724799  -0.0005582068   0.0001668017
       -0.0091779084   0.0022050943  -0.0016219712   0.0034175116  -0.0049010728
       -0.0011646346  -0.0004795543  -0.0038660266   0.0012625609  -0.0003139940
        0.0018716999  -0.0022658521  -0.0007991886  -0.0020477048   0.0031800467
        0.0021692512   0.0006278047  -0.0069999192   0.0019396444  -0.0023062380
        0.0020498137  -0.0013859153   0.0046449562   0.0047481013  -0.0065679998
        0.0223699422   0.0091529579  -0.0103788880  -0.0139825357  -0.0038595670
        0.0017056201   0.0057462838  -0.0023070497   0.0021744165  -0.0081653212
        0.0024294928   0.0081268152   0.0070443546  -0.0026718244  -0.0026717915
       -0.0052747742   0.0081268620   0.0024293904   0.0070443440  -0.0307736788
        0.0237673874  -0.0238938191   0.0086003934   0.0086004872  -0.1704089105
        0.0237670144  -0.0307738835  -0.0238939502   0.0021692627   0.0031800165
        0.0006278228  -0.0007992097  -0.0022658350  -0.0020476980  -0.0003139870
        0.0012625533   0.0018717029  -0.0004795750  -0.0011646206  -0.0038660218
       -0.0013858968   0.0020498131   0.0046449745   0.0019395759  -0.0069999061
       -0.0023062657   0.0512871746  -0.0233599613  -0.0889688635   0.0212332251
       -0.0012005834  -0.0157259642  -0.0029117802  -0.0029118015   0.0047789384
       -0.0012003741   0.0212332330  -0.0157258492  -0.0233593072   0.0512873122
       -0.0889685810  -0.0419236087  -0.0419231013   0.4028859717   0.0021743875
       -0.0023070525  -0.0081653146   0.0017055774  -0.0038596077   0.0057462628
       -0.0103788169   0.0091530768  -0.0139824827  -0.0065678530   0.0047480972
        0.0223699334
        0.0005369543   0.0004706460   0.0010182813  -0.0024227095  -0.0021486585
       -0.0012313687   0.0010625896   0.0002706603   0.0003560315  -0.0011158735
        0.0000812811  -0.0011411603  -0.0003932789   0.0002217808  -0.0002833171
        0.0006763872  -0.0004640197   0.0004639746  -0.0003932729   0.0002833218
       -0.0002217724   0.0000469769  -0.0003771271   0.0003771194   0.0005072093
       -0.0006530115   0.0008843599  -0.0006989593   0.0003933743  -0.0007078047
        0.0004536381  -0.0005756990   0.0006161719   0.0000041322   0.0004645519
       -0.0005648043   0.0000881822  -0.0006571245   0.0010308586  -0.0002181126
        0.0005979489  -0.0010491686   0.0006891262   0.0005183701   0.0000812768
       -0.0004339199  -0.0003831561   0.0004959791   0.0004123228   0.0005593073
       -0.0006928523  -0.0004161382  -0.0003035728   0.0003488259   0.0010993306
       -0.0006233303   0.0004161456  -0.0009337022   0.0003202893  -0.0003202771
        0.0010993318  -0.0004161695   0.0006233131  -0.0013534693  -0.0000573594
       -0.0006229880   0.0025651392   0.0001308045  -0.0001308397  -0.0013534615
        0.0006230273   0.0000573760  -0.0024226616   0.0012314207   0.0021486681
        0.0005369145  -0.0010182951  -0.0004706325  -0.0011158535   0.0011411818
       -0.0000812759   0.0010625645  -0.0003560102  -0.0002706743   0.0004194513
        0.0004332441  -0.0003651810  -0.0001919459  -0.0005364285   0.0004595961
        0.0001245356   0.0003685039  -0.0003685035  -0.0001919474  -0.0004595952
        0.0005364122   0.0004194511   0.0003651828  -0.0004332427  -0.0005981581
       -0.0003041679   0.0003041562  -0.0014395162  -0.0009024634   0.0103788303
       -0.0010667160  -0.0002512424  -0.0025888038   0.0001132195  -0.0014662399
        0.0021954689   0.0011661143   0.0016589032  -0.0005678311  -0.0017848644
       -0.0021744748  -0.0025912926   0.0040848155   0.0029455771  -0.0120102036
        0.0000041395   0.0005648087  -0.0004645502   0.0004536248  -0.0006161817
        0.0005756832  -0.0006989493   0.0007078234  -0.0003933669   0.0005071883
       -0.0008843626   0.0006530010  -0.0002180911   0.0010491725  -0.0005979534
        0.0000881614  -0.0010308576   0.0006571097  -0.0004339408  -0.0004959547
        0.0003833748   0.0006891196  -0.0000812851  -0.0005183708  -0.0004161511
       -0.0003488288   0.0003035564   0.0004123318   0.0006928474  -0.0005593126
        0.0023986750   0.0003630555   0.0011679485  -0.0010215432   0.0001114666
       -0.0001841492   0.0007616199   0.0001587241  -0.0001587138  -0.0010215642
        0.0001841528  -0.0001114897   0.0023986543  -0.0011679654  -0.0003630186
       -0.0014127152  -0.0005383111   0.0005383115   0.0032308758   0.0023277963
       -0.0006965751  -0.0016092884  -0.0003792385   0.0003792925   0.0032308706
        0.0006965166  -0.0023278788  -0.0185494697  -0.0253410467  -0.0043057298
       -0.1587230564  -0.0752567236   0.0752578450  -0.0185489338   0.0043061220
        0.0253410474   0.0011661392   0.0005677831  -0.0016589152   0.0001131822
       -0.0021954503   0.0014662401  -0.0010666633   0.0025888178   0.0002512260
       -0.0014396577  -0.0103788489   0.0009025907   0.0040851302   0.0120097799
       -0.0029456967  -0.0017848522   0.0025913658   0.0021743875   0.2470483602
        0.0784008866  -0.0784005428  -0.0402435625  -0.0138544970  -0.0311035429
        0.0222193471  -0.0048051440   0.0048051291  -0.0402428069   0.0311023453
        0.0138542122
        0.0014995252   0.0002149080   0.0011027959  -0.0039045750  -0.0024226528
       -0.0010755128   0.0022578197  -0.0006558125   0.0001068902  -0.0018591346
        0.0006891251  -0.0013424452  -0.0002217673   0.0007908578  -0.0000138994
        0.0004358490  -0.0008895572   0.0004035970   0.0002833254   0.0007823779
        0.0000138704  -0.0004623020  -0.0008674372   0.0003784568   0.0010041385
       -0.0015559384   0.0009766645  -0.0010409742   0.0011430779  -0.0005424814
        0.0004396569  -0.0011871230   0.0006575027   0.0000520786   0.0013305744
       -0.0003994598   0.0002806592  -0.0015069714   0.0010804287  -0.0008401474
        0.0014353624  -0.0012729845   0.0013425005   0.0017388542   0.0011411649
       -0.0000462985  -0.0018165179   0.0005565011   0.0006333144   0.0014899323
       -0.0005593129  -0.0005377889  -0.0010557002  -0.0002404502   0.0006082888
       -0.0015482079   0.0002326903  -0.0007885246   0.0012024605   0.0000582722
        0.0014327223  -0.0012096040   0.0004744767  -0.0019035766   0.0010742250
       -0.0001787592   0.0030811022  -0.0012267632  -0.0005601863  -0.0011591979
        0.0019775436   0.0007213865  -0.0010755143   0.0027679688   0.0012313762
       -0.0010467468  -0.0029586885   0.0015365633  -0.0003964445   0.0017388557
       -0.0005183692   0.0002616803  -0.0014642765  -0.0005659297   0.0011223500
        0.0014519801   0.0003709707  -0.0006316002  -0.0013229922   0.0002462187
        0.0007878773   0.0010655864   0.0000287311  -0.0011879222  -0.0010257181
        0.0002335724   0.0015470242   0.0008875256   0.0000004952  -0.0021780281
       -0.0008624490  -0.0004358008   0.0007061840  -0.0019185117   0.0091529780
       -0.0024967852   0.0002006757  -0.0032423768   0.0011251196  -0.0026903756
        0.0029002489   0.0001204093   0.0032828052  -0.0016568271  -0.0006740572
       -0.0081652987   0.0021634585  -0.0054183267   0.0097704189  -0.0168228220
        0.0010790742   0.0010656601  -0.0002771451  -0.0005410644  -0.0011097729
        0.0005312958   0.0001701013   0.0014874127  -0.0002542986  -0.0005769193
       -0.0017064523   0.0010629212   0.0017212666   0.0012115994  -0.0011022152
       -0.0010705593  -0.0011644888   0.0003980311  -0.0017519863   0.0009861286
       -0.0003250511   0.0018591286  -0.0011158782  -0.0003964740  -0.0016647279
       -0.0004245153  -0.0002555297   0.0017183083   0.0004123117  -0.0006333050
        0.0052236965   0.0064235993   0.0041852810  -0.0019937408  -0.0003765661
       -0.0020359365   0.0021585085   0.0008402926   0.0015340951  -0.0041672077
        0.0017698560  -0.0023939430   0.0044558790  -0.0036409115   0.0000486233
       -0.0115006014   0.0032110253  -0.0048905752   0.0033349889  -0.0013390603
       -0.0033933848  -0.0028129483   0.0014192974   0.0021937331   0.0041440244
        0.0005432023  -0.0053623878  -0.0350736256  -0.0238976306  -0.0013120311
       -0.0792768396  -0.0869669532   0.0260623222  -0.0031489992   0.0166136663
        0.0066208546   0.0047039366  -0.0013179098  -0.0021859377  -0.0019383469
       -0.0019511067   0.0023745152   0.0015109431   0.0027016274  -0.0019648492
       -0.0058782947  -0.0139823817   0.0092130745   0.0208868796  -0.0270000954
       -0.0150134018  -0.0032791708   0.0032571128  -0.0023070525   0.0784008866
        0.4292291786  -0.1115621133  -0.0074198560  -0.0500973203   0.0246158274
        0.0048048833  -0.0454784248   0.0635335958   0.0347704692  -0.2082870221
        0.0169497681
        0.0010467103   0.0015365363  -0.0029587208   0.0010755523   0.0012313954
        0.0027679778  -0.0002617271  -0.0005659546  -0.0014642769   0.0003964782
       -0.0005183676   0.0017388650  -0.0002833050   0.0000138735   0.0007823643
       -0.0004358412   0.0004036774  -0.0008895787   0.0002217741  -0.0000138702
        0.0007908371   0.0004623076   0.0003784680  -0.0008674585   0.0005768957
        0.0010629332  -0.0017064869  -0.0001700852  -0.0002542867   0.0014874101
        0.0005410393   0.0005313137  -0.0011097747  -0.0010790568  -0.0002771333
        0.0010656593   0.0010705441   0.0003980435  -0.0011645160  -0.0017212601
       -0.0011022075   0.0012116294  -0.0018591370  -0.0003964731  -0.0011158622
        0.0017520021  -0.0003258110   0.0009861116  -0.0017183089  -0.0006332927
        0.0004123340   0.0016647382  -0.0002555298  -0.0004245315  -0.0014327598
        0.0004745095  -0.0012096041   0.0007884663   0.0000582588   0.0012024908
       -0.0006082883   0.0002326867  -0.0015482151   0.0011592312   0.0007214454
        0.0019775032  -0.0030811699  -0.0005601589  -0.0012267314   0.0019036104
       -0.0001787918   0.0010741946   0.0039045583  -0.0010755898  -0.0024227051
       -0.0014995254   0.0011028243   0.0002149196   0.0018591378  -0.0013424831
        0.0006891149  -0.0022578500   0.0001068475  -0.0006557891  -0.0015470213
        0.0000005085   0.0008875391   0.0011879392   0.0002335857  -0.0010257515
       -0.0007878615   0.0000287405   0.0010656019   0.0006315988   0.0002462365
       -0.0013229990  -0.0011223297   0.0003709845   0.0014519878   0.0021780422
       -0.0004358097  -0.0008624630   0.0058782563   0.0092129704  -0.0139825887
       -0.0015109239  -0.0019648290   0.0027016862   0.0019383416   0.0023745149
       -0.0019511657  -0.0047039798  -0.0021859309  -0.0013178555   0.0032792085
       -0.0023070283   0.0032571152  -0.0208872753  -0.0150133767  -0.0269996867
       -0.0000520638  -0.0003994512   0.0013305713  -0.0004396660   0.0006575200
       -0.0011871268   0.0010409849  -0.0005425039   0.0011430670  -0.0010041475
        0.0009766866  -0.0015559458   0.0008401514  -0.0012730042   0.0014353751
       -0.0002806548   0.0010804483  -0.0015069854   0.0000463102   0.0005564692
       -0.0018160346  -0.0013424545   0.0011411844   0.0017388713   0.0005377976
       -0.0002404521  -0.0010557004  -0.0006333201  -0.0005593130   0.0014899376
       -0.0044559335   0.0000486196  -0.0036408866   0.0041672199  -0.0023939704
        0.0017698390  -0.0021584905   0.0015341076   0.0008403060   0.0019937524
       -0.0020359587  -0.0003765526  -0.0052236284   0.0041853620   0.0064236417
        0.0115006380  -0.0048906750   0.0032109537  -0.0041441163  -0.0053623728
        0.0005432771   0.0028129994   0.0021937047   0.0014192487  -0.0033350867
       -0.0033933666  -0.0013389750   0.0031494795   0.0066211798   0.0166136626
        0.0792779546   0.0260622743  -0.0869684732   0.0350735727  -0.0013125335
       -0.0238981750  -0.0001204118  -0.0016567585   0.0032828682  -0.0011251145
        0.0029002710  -0.0026903964   0.0024967775  -0.0032424469   0.0002006749
       -0.0007060987   0.0091531065  -0.0019185803   0.0054180986  -0.0168228574
        0.0097704905   0.0006740673   0.0021633400  -0.0081653146  -0.0784005428
       -0.1115621133   0.4292313431  -0.0347717573   0.0169503964  -0.2082865857
       -0.0048049309   0.0635336482  -0.0454788522   0.0074198878   0.0246160290
       -0.0500981242
       -0.0022033705  -0.0027466859   0.0021964920   0.0002149353   0.0004706432
       -0.0015365461  -0.0008895311   0.0002519831   0.0010979176   0.0009861492
        0.0004959545  -0.0005564824   0.0006763923  -0.0004358688  -0.0004358648
       -0.0003247781   0.0002878964   0.0002819844   0.0000469707  -0.0004623065
       -0.0004623102  -0.0003247785   0.0002819681   0.0002878925  -0.0012271097
       -0.0003059446   0.0008430137   0.0010636218  -0.0003616950  -0.0006728110
       -0.0010520113   0.0002771627   0.0002771608   0.0010636218  -0.0006728173
       -0.0003616919  -0.0012271077   0.0008430173  -0.0003059521   0.0028685551
        0.0002772879   0.0002772977   0.0002149309  -0.0015365535   0.0004706463
       -0.0022033581   0.0021964872  -0.0027466965   0.0009861440  -0.0005564895
        0.0004959603  -0.0008895260   0.0010979388   0.0002519796   0.0000620534
        0.0004984325   0.0006391812   0.0003283275  -0.0006022656  -0.0007641082
       -0.0006709877   0.0003368234   0.0008109589   0.0004952012  -0.0006599557
       -0.0011743635  -0.0000130255   0.0005403879   0.0011457715  -0.0000537222
       -0.0006826049  -0.0010425575  -0.0006558081  -0.0005659357  -0.0002706612
        0.0008725525   0.0007168602  -0.0002519854  -0.0004245302  -0.0002404479
       -0.0003488259   0.0006744082   0.0005578815   0.0008626851   0.0004951959
       -0.0011743664  -0.0006599600  -0.0006709872   0.0008109625   0.0003368219
        0.0003283346  -0.0007641193  -0.0006022601   0.0000620574   0.0006391900
        0.0004984261  -0.0000537275  -0.0010425618  -0.0006826003  -0.0000130171
        0.0011457777   0.0005403989  -0.0161393872  -0.0215749605   0.0065681729
        0.0046081209   0.0011649196   0.0010124652  -0.0027699195  -0.0007444765
       -0.0007445005   0.0046081222   0.0010124500   0.0011649350  -0.0161393035
        0.0065681543  -0.0215749938  -0.1370284653  -0.0788010413  -0.0788009024
       -0.0002714970  -0.0005664029  -0.0005856767   0.0001510588   0.0003460414
        0.0003460379  -0.0002714960  -0.0005856779  -0.0005664022   0.0004667816
        0.0004966796   0.0004798671  -0.0008819166  -0.0002958070  -0.0002958061
        0.0004667823   0.0004798729   0.0004966729   0.0008725540  -0.0002519867
        0.0007168817  -0.0006558088  -0.0002706607  -0.0005659358   0.0006744125
        0.0008626857   0.0005578752  -0.0004245345  -0.0003488268  -0.0002404490
       -0.0035413888  -0.0094169362  -0.0010275375  -0.0004961209   0.0020708551
       -0.0003871195  -0.0001394923  -0.0019258148  -0.0010711820   0.0012123759
        0.0011438590   0.0016989218  -0.0043330456   0.0028311966  -0.0033422939
        0.0028247449   0.0124705864   0.0062622391   0.0012123689   0.0016989237
        0.0011438595  -0.0001394849  -0.0010711865  -0.0019258100  -0.0004961343
       -0.0003871147   0.0020708606  -0.0035413640  -0.0010275537  -0.0094169246
        0.0028246953   0.0062622519   0.0124706324  -0.0043330466  -0.0033422881
        0.0028311909  -0.0018428266   0.0003146471  -0.0001743093   0.0011429265
        0.0001851272   0.0001851263  -0.0018428229  -0.0001743149   0.0003146366
        0.0028260872   0.0017055835  -0.0018638944  -0.0021304952   0.0049469365
        0.0049469283   0.0028260876  -0.0018638968   0.0017055774  -0.0402435625
       -0.0074198560  -0.0347717573   0.2414374307   0.1258037640   0.1258031045
       -0.0402436403  -0.0347721113  -0.0074196759   0.0112091285  -0.0044396575
       -0.0044397258
       -0.0034563470  -0.0022033250   0.0018728314   0.0014994566   0.0005369030
       -0.0010468042  -0.0019387251   0.0008725527   0.0009982357   0.0017519169
       -0.0004339263   0.0000462462   0.0004640072  -0.0008895709  -0.0004036823
       -0.0002878877   0.0007731059   0.0000147175  -0.0003771320  -0.0008674500
       -0.0003784720   0.0002819674   0.0008052573  -0.0000146748  -0.0015389927
        0.0009076238   0.0004677917   0.0013639038  -0.0011484241  -0.0004507975
       -0.0008603596   0.0010151634  -0.0000755765   0.0007250535  -0.0015796662
       -0.0002541059  -0.0011569601   0.0018882307  -0.0006846643   0.0031362499
       -0.0010154731   0.0006846063  -0.0011028199  -0.0029586944  -0.0010182709
       -0.0018727720   0.0039585864  -0.0021964246   0.0003257935  -0.0018165207
        0.0003831419  -0.0002877160   0.0017808026   0.0007168518   0.0000152425
        0.0012829678   0.0003198949   0.0004766437  -0.0012729318  -0.0006483892
       -0.0010252499   0.0010905953   0.0004872727   0.0012086674  -0.0014802106
       -0.0010201155  -0.0009066971   0.0013036510   0.0010407494   0.0003396894
       -0.0015851389  -0.0009394385   0.0001068234  -0.0014642739  -0.0003559915
        0.0009982688   0.0017807960  -0.0010979100  -0.0002555199  -0.0010557003
        0.0003035692   0.0004830447   0.0012417238   0.0005578672  -0.0006420772
       -0.0021221040  -0.0011364718   0.0001702756   0.0016073027   0.0002369072
       -0.0005079851  -0.0013073914  -0.0005834534   0.0011761883   0.0011443651
        0.0001979897  -0.0014374337  -0.0012113248  -0.0004636681   0.0022425909
        0.0014034285   0.0009314194  -0.0246677406  -0.0242428747   0.0047482031
        0.0037924186   0.0000631736   0.0034026917  -0.0035990612   0.0015299222
       -0.0018444572   0.0050278676  -0.0018799347   0.0050202107  -0.0054831498
        0.0223698932  -0.0127432773  -0.0735041075  -0.1075583289  -0.0497938627
       -0.0011097503  -0.0010292783  -0.0001307426   0.0007543638   0.0009474116
       -0.0001254417  -0.0004968719  -0.0012477603  -0.0001474571   0.0008257234
        0.0012708711  -0.0004706323  -0.0016541981  -0.0008674712   0.0006920112
        0.0011886067   0.0010337332  -0.0001220588   0.0019387496  -0.0008895500
        0.0002877992  -0.0022578386   0.0010625866   0.0002617072   0.0018820176
        0.0006743799   0.0004830250  -0.0016647372  -0.0004161332   0.0005378224
       -0.0070350004  -0.0167491449  -0.0070452812   0.0018978613   0.0018033908
        0.0023252285  -0.0023172245  -0.0018345960  -0.0023979238   0.0052951643
       -0.0013796158   0.0030586925  -0.0068389419   0.0056089770   0.0022565597
        0.0230956542  -0.0214785457   0.0209330081   0.0009737167   0.0026095000
        0.0007886454   0.0009750840  -0.0022776852  -0.0024842098  -0.0035813161
       -0.0007245445   0.0031524595  -0.0000179330  -0.0004428710  -0.0101579723
        0.0010986070   0.0052812562   0.0134193265  -0.0010301294  -0.0048891394
       -0.0004797643  -0.0035240034   0.0010999343   0.0023685842   0.0018782843
        0.0013530377  -0.0018673480  -0.0015907969  -0.0014386354   0.0018456481
        0.0028810369   0.0057462265  -0.0044422140  -0.0011350153  -0.0022421046
        0.0073703468   0.0036071648  -0.0021558848  -0.0038596077  -0.0138544970
       -0.0500973203   0.0169503964   0.1258037640   0.4103189980   0.0420326922
       -0.0311039319  -0.2082863318   0.0246163261   0.0044390520  -0.0096264707
       -0.0549303150
       -0.0018727822  -0.0021964066   0.0039585889  -0.0011028394  -0.0010182862
       -0.0029586812  -0.0002877146   0.0007168347   0.0017808132   0.0003258067
        0.0003831373  -0.0018165189   0.0004640156  -0.0004036943  -0.0008895738
        0.0002819846  -0.0000146767   0.0008052455  -0.0003771315  -0.0003784506
       -0.0008674590  -0.0002878824   0.0000146659   0.0007731052  -0.0011569679
       -0.0006846542   0.0018882284   0.0007250537  -0.0002541034  -0.0015796667
       -0.0008603753  -0.0000755669   0.0010151862   0.0013639136  -0.0004508041
       -0.0011484302  -0.0015390047   0.0004678005   0.0009076253   0.0031362438
        0.0006845921  -0.0010154723   0.0014994571  -0.0010468034   0.0005369101
       -0.0034563429   0.0018728202  -0.0022033341   0.0017519223   0.0000462417
       -0.0004339220  -0.0019387281   0.0009982935   0.0008725391   0.0011761854
        0.0001979996   0.0011443358  -0.0005080443  -0.0005834583  -0.0013073468
        0.0001702967   0.0002368586   0.0016073096  -0.0006420796  -0.0011364147
       -0.0021221234   0.0022425883   0.0009313905   0.0014034413  -0.0014374143
       -0.0004636761  -0.0012113198  -0.0022578339   0.0002617153   0.0010625825
        0.0019387496   0.0002877190  -0.0008895475  -0.0016647325   0.0005378240
       -0.0004161414   0.0018820136   0.0004830247   0.0006743804   0.0012086584
       -0.0010201174  -0.0014801967  -0.0010252503   0.0004872843   0.0010905864
        0.0004766415  -0.0006483923  -0.0012729165   0.0000152428   0.0003198943
        0.0012829758   0.0003396999  -0.0009394438  -0.0015851373  -0.0009067040
        0.0010407657   0.0013036555  -0.0054831552  -0.0127431194   0.0223699212
        0.0050278689   0.0050201955  -0.0018799501  -0.0035990618  -0.0018444257
        0.0015299143   0.0037924030   0.0034026980   0.0000631577  -0.0246676960
        0.0047480919  -0.0242429386  -0.0735039926  -0.0497938739  -0.1075582442
       -0.0004968625  -0.0001474510  -0.0012477696   0.0007543581  -0.0001254384
        0.0009474225  -0.0011097413  -0.0001307476  -0.0010292826   0.0011886066
       -0.0001220571   0.0010337387  -0.0016541830   0.0006920135  -0.0008674771
        0.0008257200  -0.0004706245   0.0012708713   0.0009982643  -0.0010979247
        0.0017807077   0.0001068520  -0.0003560044  -0.0014642810   0.0004830382
        0.0005578687   0.0012417224  -0.0002555243   0.0003035643  -0.0010557178
       -0.0000179203  -0.0101579366  -0.0004428101  -0.0035813275   0.0031524667
       -0.0007245716   0.0009750905  -0.0024842271  -0.0022776718   0.0009736965
        0.0007886652   0.0026094984  -0.0010301035  -0.0004797989  -0.0048891583
        0.0010985371   0.0134194401   0.0052811382   0.0052951724   0.0030586743
       -0.0013796157  -0.0023172231  -0.0023979215  -0.0018345925   0.0018978709
        0.0023252412   0.0018033874  -0.0070349870  -0.0070453312  -0.0167491136
        0.0230957215   0.0209328821  -0.0214785993  -0.0068389478   0.0022565957
        0.0056089585  -0.0015907730   0.0018457019  -0.0014386286   0.0018782730
       -0.0018673638   0.0013530395  -0.0035239803   0.0023685926   0.0010999198
        0.0036071548  -0.0038596403  -0.0021558385  -0.0011350600   0.0073703521
       -0.0022421778   0.0028810405  -0.0044422198   0.0057462628  -0.0311035429
        0.0246158274  -0.2082865857   0.1258031045   0.0420326922   0.4103191410
       -0.0138543396   0.0169508921  -0.0500975005   0.0044390032  -0.0549302624
       -0.0096259980
       -0.0004339197   0.0004959777  -0.0003831505   0.0006891136   0.0000812727
        0.0005183736  -0.0004161370   0.0003488229  -0.0003035821   0.0004123161
       -0.0006928498   0.0005593113  -0.0003932771  -0.0002833143   0.0002217767
        0.0000469829   0.0003771188  -0.0003771130  -0.0003932749  -0.0002217635
        0.0002833196   0.0006763918   0.0004640076  -0.0004640212   0.0000881819
        0.0010308529  -0.0006571208   0.0000041279  -0.0005647998   0.0004645517
        0.0004536353   0.0006161717  -0.0005756918  -0.0006989581  -0.0007078012
        0.0003933724   0.0005072086   0.0008843498  -0.0006530067  -0.0002181183
       -0.0010491654   0.0005979494  -0.0024226997  -0.0012313702  -0.0021486538
        0.0005369537   0.0010182697   0.0004706465  -0.0011158681  -0.0011411576
        0.0000812817   0.0010625869   0.0003559880   0.0002706564  -0.0001919486
        0.0005364161  -0.0004596036   0.0001245207  -0.0003684950   0.0003685104
       -0.0001919346   0.0004595829  -0.0005364227   0.0004194403  -0.0003651669
        0.0004332425  -0.0005981527   0.0003041642  -0.0003041694   0.0004194462
       -0.0004332377   0.0003651862   0.0006891152  -0.0005183654  -0.0000812770
       -0.0004339368   0.0003831357  -0.0004959619   0.0004123232  -0.0005593038
        0.0006928461  -0.0004161491   0.0003035607  -0.0003488299  -0.0013534647
       -0.0006229892  -0.0000573528   0.0010993401   0.0006233080  -0.0004161608
       -0.0009337083  -0.0003202653   0.0003202853   0.0010993264   0.0004161522
       -0.0006233272  -0.0013534509   0.0000573814   0.0006230136   0.0025651302
       -0.0001308514   0.0001308137  -0.0017848596  -0.0025912928  -0.0021744557
        0.0011660979  -0.0005678292   0.0016589030   0.0001132256   0.0021954469
       -0.0014662410  -0.0010667205  -0.0025887964  -0.0002512364  -0.0014394868
        0.0103787834  -0.0009024962   0.0040847608  -0.0120102218   0.0029455862
       -0.0006989461  -0.0003933573   0.0007078134   0.0004536274   0.0005756837
       -0.0006161806   0.0000041373  -0.0004645429   0.0005648066   0.0000881665
        0.0006571070  -0.0010308569  -0.0002180929  -0.0005979404   0.0010491674
        0.0005071931   0.0006529965  -0.0008843644   0.0005369179  -0.0004706427
       -0.0010182660  -0.0024226436   0.0021486687   0.0012313960   0.0010625627
       -0.0002706780  -0.0003560091  -0.0011158500  -0.0000812674   0.0011411668
       -0.0185493629  -0.0043057597  -0.0253410107   0.0032308527  -0.0023278780
        0.0006965232  -0.0016092736   0.0003792867  -0.0003792444   0.0032308606
       -0.0006965676   0.0023277948  -0.0185488269   0.0253410373   0.0043059665
       -0.1587225177   0.0752576585  -0.0752570686  -0.0010215562  -0.0001114802
        0.0001841481   0.0007616097  -0.0001587136   0.0001587283  -0.0010215378
       -0.0001841388   0.0001114683   0.0023986592   0.0011679308   0.0003630482
       -0.0014126771   0.0005383235  -0.0005383260   0.0023986385  -0.0003630159
       -0.0011679458  -0.0010666603   0.0002512505   0.0025888037   0.0001131909
        0.0014662303  -0.0021954461   0.0011661304  -0.0016589006   0.0005677984
       -0.0017848428   0.0021743898   0.0025913545   0.0040850601  -0.0029456237
        0.0120098101  -0.0014396238   0.0009025172  -0.0103788169   0.0222193471
        0.0048048833  -0.0048049309  -0.0402436403  -0.0311039319  -0.0138543396
        0.2470478147  -0.0783997624   0.0784006503  -0.0402428769   0.0138545110
        0.0311026094
        0.0017519969   0.0009861073  -0.0003258293  -0.0018591418  -0.0011158562
       -0.0003964735   0.0016647312  -0.0004245310  -0.0002554880  -0.0017183253
        0.0004123357  -0.0006332927  -0.0002833178   0.0007823852   0.0000139016
        0.0004622959  -0.0008674469   0.0003784366   0.0002217845   0.0007908578
       -0.0000138721  -0.0004358639  -0.0008895580   0.0004036994   0.0010705408
       -0.0011645118   0.0003980365  -0.0010790747   0.0010656794  -0.0002771242
        0.0005410427  -0.0011097854   0.0005313186  -0.0001700992   0.0014874245
       -0.0002542851   0.0005768822  -0.0017064691   0.0010629338  -0.0017212735
        0.0012116342  -0.0011022027   0.0010755476   0.0027679742   0.0012313873
        0.0010466946  -0.0029587090   0.0015365460   0.0003964415   0.0017388671
       -0.0005183689  -0.0002617372  -0.0014642762  -0.0005659257   0.0006316068
       -0.0013230074   0.0002462351  -0.0007878477   0.0010655983   0.0000287504
        0.0011879144  -0.0010257309   0.0002335827  -0.0015470052   0.0008875379
        0.0000005068   0.0021780378  -0.0008624791  -0.0004357834  -0.0011223177
        0.0014519917   0.0003709851  -0.0013424522   0.0017388732   0.0011411707
        0.0000463147  -0.0018165247   0.0005565015  -0.0006332772   0.0014899433
       -0.0005593113   0.0005378076  -0.0010557110  -0.0002404454   0.0011592197
        0.0019775396   0.0007213907  -0.0006083317  -0.0015482088   0.0002327165
        0.0007885278   0.0012024571   0.0000582818  -0.0014327437  -0.0012095887
        0.0004745109   0.0019035926   0.0010741955  -0.0001787623  -0.0030811639
       -0.0012267186  -0.0005601917   0.0032792057   0.0032571094  -0.0023070721
       -0.0047039820  -0.0013178656  -0.0021859437   0.0019383221  -0.0019511442
        0.0023745457  -0.0015109348   0.0027016741  -0.0019648477   0.0058782099
       -0.0139825526   0.0092130244  -0.0208873292  -0.0269997496  -0.0150133052
        0.0010409937   0.0011430708  -0.0005424782  -0.0004396598  -0.0011871255
        0.0006575339  -0.0000520477   0.0013305805  -0.0003994476  -0.0002806479
       -0.0015069795   0.0010804524   0.0008401720   0.0014353609  -0.0012729964
       -0.0010041437  -0.0015559378   0.0009766950  -0.0014995174   0.0002149328
        0.0011021105   0.0039045563  -0.0024227156  -0.0010755573  -0.0022578406
       -0.0006557824   0.0001068489   0.0018591546   0.0006891077  -0.0013424621
        0.0031493941   0.0166136814   0.0066210821  -0.0033350814  -0.0013390024
       -0.0033933789   0.0028129801   0.0014192686   0.0021937140  -0.0041440993
        0.0005432514  -0.0053623928   0.0350735541  -0.0238982615  -0.0013123369
        0.0792777638  -0.0869685715   0.0260625363   0.0019937535  -0.0003765899
       -0.0020359635  -0.0021584801   0.0008403172   0.0015341062   0.0041672309
        0.0017698105  -0.0023939908  -0.0044559417  -0.0036408775   0.0000486347
        0.0115006262   0.0032108983  -0.0048906720  -0.0052236057   0.0064236595
        0.0041853119   0.0024967859   0.0002006378  -0.0032424318  -0.0011251119
       -0.0026903883   0.0029002538  -0.0001203805   0.0032828212  -0.0016568423
        0.0006740230  -0.0081653314   0.0021634099   0.0054182877   0.0097703934
       -0.0168230021  -0.0007061246  -0.0019185102   0.0091530768  -0.0048051440
       -0.0454784248   0.0635336482  -0.0347721113  -0.2082863318   0.0169508921
       -0.0783997624   0.4292308211  -0.1115624175   0.0074199263  -0.0500975437
        0.0246161266
       -0.0000463152   0.0005564863  -0.0018165058   0.0013424808   0.0011411706
        0.0017388786  -0.0005378052  -0.0002404615  -0.0010556922   0.0006333158
       -0.0005593136   0.0014899548  -0.0002217619  -0.0000138964   0.0007908562
       -0.0004622916   0.0003784673  -0.0008674391   0.0002833190   0.0000139033
        0.0007823606   0.0004358577   0.0004036724  -0.0008895675   0.0002806511
        0.0010804314  -0.0015069742   0.0000520689  -0.0003994479   0.0013305803
        0.0004396470   0.0006575099  -0.0011871059  -0.0010409733  -0.0005424876
        0.0011430705   0.0010041318   0.0009766645  -0.0015559398  -0.0008401506
       -0.0012729948   0.0014353815  -0.0039045721  -0.0010755482  -0.0024226657
        0.0014995238   0.0011027925   0.0002149053  -0.0018591419  -0.0013424636
        0.0006891304   0.0022578281   0.0001068125  -0.0006558061  -0.0011879418
        0.0002335981  -0.0010257391   0.0007878298   0.0000287385   0.0010656259
       -0.0006315830   0.0002462202  -0.0013229849   0.0011223471   0.0003710247
        0.0014519666  -0.0021780482  -0.0004357579  -0.0008624418   0.0015470350
        0.0000004895   0.0008875375   0.0018591325  -0.0003964779  -0.0011158719
       -0.0017519940  -0.0003257873   0.0009861249   0.0017183149  -0.0006332964
        0.0004123144  -0.0016647393  -0.0002555061  -0.0004245147  -0.0019035896
       -0.0001787644   0.0010742046   0.0014327413   0.0004744835  -0.0012096038
       -0.0007885138   0.0000582673   0.0012024659   0.0006082999   0.0002327057
       -0.0015482149  -0.0011592016   0.0007213915   0.0019775251   0.0030811298
       -0.0005602276  -0.0012267500  -0.0006740619   0.0021633934  -0.0081652964
        0.0001204117  -0.0016568236   0.0032828327   0.0011251152   0.0029002140
       -0.0026903954  -0.0024967962  -0.0032423977   0.0002006978   0.0007061832
        0.0091530194  -0.0019185867  -0.0054182984  -0.0168227194   0.0097705362
        0.0001701045  -0.0002542832   0.0014874014  -0.0005410555   0.0005313150
       -0.0011097771   0.0010790793  -0.0002771389   0.0010656577  -0.0010705512
        0.0003980497  -0.0011645038   0.0017212651  -0.0011022076   0.0012116096
       -0.0005769011   0.0010629373  -0.0017064797  -0.0010467195   0.0015365365
       -0.0029586128  -0.0010755083   0.0012313950   0.0027679530   0.0002617021
       -0.0005659334  -0.0014642879  -0.0003964551  -0.0005183643   0.0017388406
       -0.0350736193  -0.0013121348  -0.0238977520   0.0041440301  -0.0053624051
        0.0005432345  -0.0028129538   0.0021937233   0.0014192693   0.0033350144
       -0.0033934039  -0.0013390265  -0.0031491608   0.0066210345   0.0166136441
       -0.0792771956   0.0260625780  -0.0869674147  -0.0041672283  -0.0023939263
        0.0017698691   0.0021585148   0.0015340988   0.0008402930  -0.0019937691
       -0.0020359345  -0.0003765398   0.0052237027   0.0041853009   0.0064236071
       -0.0115006668  -0.0048905581   0.0032110480   0.0044559094   0.0000485789
       -0.0036409193   0.0015109321  -0.0019647993   0.0027016630  -0.0019383286
        0.0023745637  -0.0019511380   0.0047039492  -0.0021859727  -0.0013179036
       -0.0032791961  -0.0023070059   0.0032571188   0.0208868623  -0.0150135708
       -0.0269999473  -0.0058782259   0.0092130059  -0.0139824827   0.0048051291
        0.0635335958  -0.0454788522  -0.0074196759   0.0246163261  -0.0500975005
        0.0784006503  -0.1115624175   0.4292302299   0.0347707805   0.0169499321
       -0.2082871553
        0.0008725277   0.0002519553  -0.0007168272  -0.0006557832   0.0002706797
        0.0005659521   0.0006743731  -0.0008626763  -0.0005578327  -0.0004245061
        0.0003488256   0.0002404622   0.0000469885   0.0004622956   0.0004622812
       -0.0003247907  -0.0002819527  -0.0002879213   0.0006763873   0.0004358482
        0.0004358265  -0.0003247819  -0.0002878881  -0.0002819792   0.0004667628
       -0.0004798759  -0.0004966618  -0.0002714683   0.0005663908   0.0005856660
        0.0001510485  -0.0003460402  -0.0003460451  -0.0002714622   0.0005856555
        0.0005663873   0.0004667727  -0.0004966860  -0.0004798694  -0.0008818711
        0.0002958021   0.0002958205  -0.0006557657   0.0005659111   0.0002706703
        0.0008725435  -0.0007168658   0.0002519676  -0.0004244907   0.0002404274
        0.0003488284   0.0006743986  -0.0005578890  -0.0008626852  -0.0006710043
       -0.0008109250  -0.0003368154   0.0003283496   0.0007641038   0.0006022289
        0.0000620276  -0.0006391696  -0.0004984166  -0.0000537069   0.0010425403
        0.0006825948  -0.0000130614  -0.0011457399  -0.0005403558   0.0004951945
        0.0011743472   0.0006599328   0.0002149229   0.0015365309  -0.0004706479
       -0.0022033370  -0.0021963924   0.0027466738   0.0009861091   0.0005564781
       -0.0004959731  -0.0008895420  -0.0010978870  -0.0002519604  -0.0000536870
        0.0006825704   0.0010425273   0.0000620479  -0.0004984283  -0.0006391861
        0.0003283523   0.0006022388   0.0007640730  -0.0006709876  -0.0003368100
       -0.0008109608   0.0004952144   0.0006599301   0.0011743107  -0.0000130326
       -0.0005403953  -0.0011457698   0.0028260371   0.0018638070  -0.0017055745
       -0.0018427749  -0.0003146009   0.0001743609   0.0011429034  -0.0001851538
       -0.0001851254  -0.0018427680   0.0001743206  -0.0003145849   0.0028260396
       -0.0017055903   0.0018638290  -0.0021305470  -0.0049468923  -0.0049468350
        0.0010636075   0.0003616734   0.0006727655  -0.0010520062  -0.0002771352
       -0.0002771668   0.0010636004   0.0006727978   0.0003616572  -0.0012271060
       -0.0008429675   0.0003059471   0.0028684822  -0.0002773138  -0.0002773320
       -0.0012270949   0.0003059679  -0.0008430079  -0.0022033103   0.0027466759
       -0.0021954332   0.0002149367  -0.0004706505   0.0015365013  -0.0008895158
       -0.0002519652  -0.0010979290   0.0009861236  -0.0004959633   0.0005564437
       -0.0043329622   0.0033422868  -0.0028311184   0.0012123127  -0.0016989016
       -0.0011438678  -0.0001394425   0.0010711374   0.0019257653  -0.0004961130
        0.0003871227  -0.0020708183  -0.0035412345   0.0010275335   0.0094167281
        0.0028243786  -0.0062620863  -0.0124706501  -0.0004961491  -0.0020707951
        0.0003871548  -0.0001394603   0.0019257898   0.0010711562   0.0012122831
       -0.0011438747  -0.0016988591  -0.0043329770  -0.0028310928   0.0033423360
        0.0028243159  -0.0124707409  -0.0062619830  -0.0035412235   0.0094167380
        0.0010275019   0.0046080192  -0.0011649348  -0.0010124850  -0.0027698546
        0.0007445363   0.0007444870   0.0046080075  -0.0010124790  -0.0011649122
       -0.0161390040  -0.0065677078   0.0215748125  -0.1370258054   0.0788010078
        0.0788006001  -0.0161389180   0.0215747939  -0.0065678530  -0.0402428069
        0.0347704692   0.0074198878   0.0112091285   0.0044390520   0.0044390032
       -0.0402428769   0.0074199263   0.0347707805   0.2414330327  -0.1258016995
       -0.1258024782
       -0.0019387672  -0.0008895365   0.0002877494   0.0022578548   0.0010625601
        0.0002616884  -0.0018820124   0.0006744063   0.0004829935   0.0016647442
       -0.0004161562   0.0005378102   0.0003771184  -0.0008674600  -0.0003784769
       -0.0002819521   0.0008052639  -0.0000146112  -0.0004640252  -0.0008895705
       -0.0004036812   0.0002878956   0.0007731055   0.0000146685  -0.0011886030
        0.0010337519  -0.0001220447   0.0011097393  -0.0010292968  -0.0001307518
       -0.0007543579   0.0009474226  -0.0001254279   0.0004968600  -0.0012477747
       -0.0001474639  -0.0008257227   0.0012708855  -0.0004706196   0.0016541995
       -0.0008674950   0.0006919998  -0.0001068384  -0.0014642817  -0.0003559961
       -0.0009982719   0.0017808122  -0.0010979057   0.0002555108  -0.0010557087
        0.0003035660  -0.0004830396   0.0012417324   0.0005578796  -0.0001702474
        0.0016073157   0.0002369144   0.0005079574  -0.0013074050  -0.0005834558
       -0.0011761712   0.0011443811   0.0001980070   0.0014374216  -0.0012113415
       -0.0004636872  -0.0022425681   0.0014034739   0.0009314128   0.0006420480
       -0.0021221220  -0.0011364826   0.0011027843  -0.0029587219  -0.0010182751
        0.0018728266   0.0039585929  -0.0021964677  -0.0003258163  -0.0018165218
        0.0003831507   0.0002877545   0.0017808138   0.0007168532  -0.0003397179
       -0.0015851413  -0.0009394473  -0.0000152301   0.0012829731   0.0003199045
       -0.0004766581  -0.0012729343  -0.0006483886   0.0010252665   0.0010905835
        0.0004872776  -0.0012086929  -0.0014802005  -0.0010201169   0.0009067142
        0.0013036555   0.0010407661  -0.0036072481  -0.0021558705  -0.0038595666
        0.0035240502   0.0010999075   0.0023685591  -0.0018782976   0.0013530483
       -0.0018673463   0.0015908079  -0.0014386544   0.0018456409  -0.0028810392
        0.0057462752  -0.0044422157   0.0011350721  -0.0022420651   0.0073703859
       -0.0013639342  -0.0011484148  -0.0004507956   0.0008603830   0.0010151588
       -0.0000755765  -0.0007250823  -0.0015796654  -0.0002541018   0.0011569918
        0.0018882317  -0.0006846755  -0.0031362808  -0.0010154399   0.0006846281
        0.0015390214   0.0009076066   0.0004677919   0.0034563625  -0.0022033914
        0.0018726812  -0.0014994583   0.0005369204  -0.0010468137   0.0019387503
        0.0008725297   0.0009982866  -0.0017519373  -0.0004339007   0.0000462493
        0.0010301200  -0.0048891888  -0.0004797449  -0.0009737013   0.0026095284
        0.0007886624  -0.0009751269  -0.0022776884  -0.0024842294   0.0035813349
       -0.0007245842   0.0031524585   0.0000178894  -0.0004428819  -0.0101580776
       -0.0010984889   0.0052813329   0.0134194600  -0.0018978170   0.0018034366
        0.0023252378   0.0023171945  -0.0018346424  -0.0023979504  -0.0052951677
       -0.0013795457   0.0030587481   0.0068390615   0.0056089347   0.0022564757
       -0.0230957608  -0.0214781711   0.0209332324   0.0070348145  -0.0167493180
       -0.0070453439  -0.0037924362   0.0000632362   0.0034027349   0.0035990934
        0.0015298669  -0.0018444648  -0.0050278936  -0.0018798721   0.0050202568
        0.0054834662   0.0223699078  -0.0127435436   0.0735040619  -0.1075599241
       -0.0497952094   0.0246676923  -0.0242433614   0.0047480972   0.0311023453
       -0.2082870221   0.0246160290  -0.0044396575  -0.0096264707  -0.0549302624
        0.0138545110  -0.0500975437   0.0169499321  -0.1258016995   0.4103216334
        0.0420350287
       -0.0009982142  -0.0010978752   0.0017808215  -0.0001069233  -0.0003560428
       -0.0014642694  -0.0004829761   0.0005578461   0.0012417322   0.0002554717
        0.0003035764  -0.0010557173   0.0003771123  -0.0003784380  -0.0008674507
        0.0002879265   0.0000146064   0.0007730957  -0.0004639908  -0.0004035973
       -0.0008895842  -0.0002819739  -0.0000147225   0.0008052491  -0.0008256698
       -0.0004706557   0.0012708821   0.0004968130  -0.0001474159  -0.0012477769
       -0.0007543242  -0.0001254758   0.0009474346   0.0011097234  -0.0001306991
       -0.0010292917  -0.0011885515  -0.0001220946   0.0010337518   0.0016541403
        0.0006920144  -0.0008675057   0.0022578347   0.0002617119   0.0010625652
       -0.0019386841   0.0002876738  -0.0008894914   0.0016647252   0.0005378267
       -0.0004161559  -0.0018819382   0.0004829735   0.0006743553   0.0010252893
        0.0004872034   0.0010905820  -0.0004767415  -0.0006483313  -0.0012728983
       -0.0000151662   0.0003198323   0.0012829736  -0.0003397793  -0.0009393617
       -0.0015851587   0.0009067927   0.0010407262   0.0013036356  -0.0012087505
       -0.0010200553  -0.0014801888  -0.0014995373  -0.0010467258   0.0005369425
        0.0034563766   0.0018727755  -0.0022033769  -0.0017520021   0.0000463305
       -0.0004339244   0.0019387655   0.0009982567   0.0008725269   0.0014374240
       -0.0004636052  -0.0012112757  -0.0011761517   0.0001979362   0.0011443106
        0.0005080073  -0.0005833762  -0.0013073471  -0.0001703114   0.0002368093
        0.0016072359   0.0006420976  -0.0011363698  -0.0021219955  -0.0022425265
        0.0009313635   0.0014033631  -0.0028809578  -0.0044421141   0.0057463744
        0.0015907103   0.0018455909  -0.0014387057  -0.0018782160  -0.0018673554
        0.0013531070   0.0035239587   0.0023685560   0.0010998366  -0.0036071472
       -0.0038596354  -0.0021557375   0.0011349651   0.0073703307  -0.0022422388
       -0.0007249399  -0.0002538782  -0.0015796479   0.0008603261  -0.0000756841
        0.0010152167  -0.0013639530  -0.0004507058  -0.0011484559   0.0015390085
        0.0004676971   0.0009076665  -0.0031364674   0.0006847552  -0.0010156418
        0.0011568572  -0.0006850470   0.0018884011   0.0018726541  -0.0021954514
        0.0039585712   0.0011021003  -0.0010182658  -0.0029586076   0.0002878127
        0.0007168806   0.0017807176  -0.0003250525   0.0003833812  -0.0018160473
        0.0068388237   0.0022564187   0.0056088531  -0.0052949886   0.0030585710
       -0.0013795724   0.0023172819  -0.0023977276  -0.0018345301  -0.0018977310
        0.0023250138   0.0018030776   0.0070347856  -0.0070453702  -0.0167492273
       -0.0230954419   0.0209330695  -0.0214780219   0.0035814347   0.0031524427
       -0.0007246537  -0.0009752224  -0.0024841949  -0.0022776356  -0.0009735751
        0.0007887316   0.0026094643   0.0010298762  -0.0004799211  -0.0048892058
       -0.0010980147   0.0134196565   0.0052810298   0.0000177248  -0.0101578014
       -0.0004426254  -0.0050278959   0.0050176385  -0.0018810680   0.0035991227
       -0.0018445538   0.0015300261  -0.0037928084   0.0034031453   0.0000631881
        0.0246677408   0.0047478235  -0.0242433850   0.0735062964  -0.0497951606
       -0.1075581512   0.0054820267  -0.0127420652   0.0223699334   0.0138542122
        0.0169497681  -0.0500981242  -0.0044397258  -0.0549303150  -0.0096259980
        0.0311026094   0.0246161266  -0.2082871553  -0.1258024782   0.0420350287
        0.4103209240
