72
 energy: -148.439096723297 gnorm: 3.206158041100 xtb: 6.7.1 (edcfbbe)
B            0.64791050000000       -3.88746300000000       -0.64791050000000
N            0.64791050000000       -3.88746300000000        0.64791050000000
B           -0.64791050000000       -3.88746300000000        0.64791050000000
N           -0.64791050000000       -3.88746300000000       -0.64791050000000
N           -3.88746300000000       -0.64791050000000       -0.64791050000000
B           -3.88746300000000       -0.64791050000000        0.64791050000000
N           -3.88746300000000        0.64791050000000        0.64791050000000
B           -3.88746300000000        0.64791050000000       -0.64791050000000
B           -1.39052833000000       -3.47632083000000       -1.39052833000000
N           -2.78105667000000       -2.78105667000000       -0.69526417000000
B           -3.47632083000000       -1.39052833000000       -1.39052833000000
N           -2.78105667000000       -0.69526417000000       -2.78105667000000
B           -1.39052833000000       -1.39052833000000       -3.47632083000000
N           -0.69526417000000       -2.78105667000000       -2.78105667000000
N            0.64791050000000        0.64791050000000       -3.88746300000000
B            0.64791050000000       -0.64791050000000       -3.88746300000000
N           -0.64791050000000       -0.64791050000000       -3.88746300000000
B           -0.64791050000000        0.64791050000000       -3.88746300000000
B           -2.78105667000000       -0.69526417000000        2.78105667000000
N           -3.47632083000000       -1.39052833000000        1.39052833000000
B           -2.78105667000000       -2.78105667000000        0.69526417000000
N           -1.39052833000000       -3.47632083000000        1.39052833000000
B           -0.69526417000000       -2.78105667000000        2.78105667000000
N           -1.39052833000000       -1.39052833000000        3.47632083000000
N            0.64791050000000       -0.64791050000000        3.88746300000000
B            0.64791050000000        0.64791050000000        3.88746300000000
N           -0.64791050000000        0.64791050000000        3.88746300000000
B           -0.64791050000000       -0.64791050000000        3.88746300000000
N           -1.39052833000000        1.39052833000000       -3.47632083000000
B           -2.78105667000000        0.69526417000000       -2.78105667000000
N           -3.47632083000000        1.39052833000000       -1.39052833000000
B           -2.78105667000000        2.78105667000000       -0.69526417000000
N           -1.39052833000000        3.47632083000000       -1.39052833000000
B           -0.69526417000000        2.78105667000000       -2.78105667000000
B            2.78105667000000       -2.78105667000000       -0.69526417000000
N            1.39052833000000       -3.47632083000000       -1.39052833000000
B            0.69526417000000       -2.78105667000000       -2.78105667000000
N            1.39052833000000       -1.39052833000000       -3.47632083000000
B            2.78105667000000       -0.69526417000000       -2.78105667000000
N            3.47632083000000       -1.39052833000000       -1.39052833000000
N           -2.78105667000000        2.78105667000000        0.69526417000000
B           -3.47632083000000        1.39052833000000        1.39052833000000
N           -2.78105667000000        0.69526417000000        2.78105667000000
B           -1.39052833000000        1.39052833000000        3.47632083000000
N           -0.69526417000000        2.78105667000000        2.78105667000000
B           -1.39052833000000        3.47632083000000        1.39052833000000
B            0.64791050000000        3.88746300000000        0.64791050000000
N            0.64791050000000        3.88746300000000       -0.64791050000000
B           -0.64791050000000        3.88746300000000       -0.64791050000000
N           -0.64791050000000        3.88746300000000        0.64791050000000
N            2.78105667000000        0.69526417000000       -2.78105667000000
B            1.39052833000000        1.39052833000000       -3.47632083000000
N            0.69526417000000        2.78105667000000       -2.78105667000000
B            1.39052833000000        3.47632083000000       -1.39052833000000
N            2.78105667000000        2.78105667000000       -0.69526417000000
B            3.47632083000000        1.39052833000000       -1.39052833000000
B            1.39052833000000       -1.39052833000000        3.47632083000000
N            0.69526417000000       -2.78105667000000        2.78105667000000
B            1.39052833000000       -3.47632083000000        1.39052833000000
N            2.78105667000000       -2.78105667000000        0.69526417000000
B            3.47632083000000       -1.39052833000000        1.39052833000000
N            2.78105667000000       -0.69526417000000        2.78105667000000
N            1.39052833000000        3.47632083000000        1.39052833000000
B            0.69526417000000        2.78105667000000        2.78105667000000
N            1.39052833000000        1.39052833000000        3.47632083000000
B            2.78105667000000        0.69526417000000        2.78105667000000
N            3.47632083000000        1.39052833000000        1.39052833000000
B            2.78105667000000        2.78105667000000        0.69526417000000
N            3.88746300000000       -0.64791050000000        0.64791050000000
B            3.88746300000000       -0.64791050000000       -0.64791050000000
N            3.88746300000000        0.64791050000000       -0.64791050000000
B            3.88746300000000        0.64791050000000        0.64791050000000
72
 energy: -150.199620692383 gnorm: 1.596430387911 xtb: 6.7.1 (edcfbbe)
B            0.64445293316469       -3.91126382081814       -0.64445293316469
N            0.64968651841307       -3.91849685513176        0.64968651841307
B           -0.64445293316469       -3.91126382081814        0.64445293316469
N           -0.64968651841307       -3.91849685513176       -0.64968651841307
N           -3.91849685513176       -0.64968651841307       -0.64968651841307
B           -3.91126382081814       -0.64445293316469        0.64445293316469
N           -3.91849685513176        0.64968651841307        0.64968651841307
B           -3.91126382081814        0.64445293316469       -0.64445293316469
B           -1.43992071842366       -3.44312491504681       -1.43992071842366
N           -2.77811525964749       -2.77811525964749       -0.70038074539025
B           -3.44312491504681       -1.43992071842366       -1.43992071842366
N           -2.77811525964749       -0.70038074539025       -2.77811525964749
B           -1.43992071842366       -1.43992071842366       -3.44312491504681
N           -0.70038074539025       -2.77811525964749       -2.77811525964749
N            0.64968651841307        0.64968651841307       -3.91849685513176
B            0.64445293316469       -0.64445293316469       -3.91126382081814
N           -0.64968651841307       -0.64968651841307       -3.91849685513176
B           -0.64445293316469        0.64445293316469       -3.91126382081814
B           -2.77625618951917       -0.69767992911235        2.77625618951917
N           -3.44433294739326       -1.44402602664512        1.44402602664512
B           -2.77625618951917       -2.77625618951917        0.69767992911235
N           -1.44402602664512       -3.44433294739326        1.44402602664512
B           -0.69767992911235       -2.77625618951917        2.77625618951917
N           -1.44402602664512       -1.44402602664512        3.44433294739326
N            0.64968651841307       -0.64968651841307        3.91849685513176
B            0.64445293316469        0.64445293316469        3.91126382081814
N           -0.64968651841307        0.64968651841307        3.91849685513176
B           -0.64445293316469       -0.64445293316469        3.91126382081814
N           -1.44402602664512        1.44402602664512       -3.44433294739326
B           -2.77625618951917        0.69767992911235       -2.77625618951917
N           -3.44433294739326        1.44402602664512       -1.44402602664512
B           -2.77625618951917        2.77625618951917       -0.69767992911235
N           -1.44402602664512        3.44433294739326       -1.44402602664512
B           -0.69767992911236        2.77625618951917       -2.77625618951917
B            2.77625618951917       -2.77625618951917       -0.69767992911235
N            1.44402602664512       -3.44433294739326       -1.44402602664512
B            0.69767992911235       -2.77625618951917       -2.77625618951917
N            1.44402602664512       -1.44402602664512       -3.44433294739326
B            2.77625618951917       -0.69767992911235       -2.77625618951917
N            3.44433294739326       -1.44402602664512       -1.44402602664512
N           -2.77811525964749        2.77811525964749        0.70038074539025
B           -3.44312491504681        1.43992071842366        1.43992071842366
N           -2.77811525964749        0.70038074539025        2.77811525964749
B           -1.43992071842366        1.43992071842366        3.44312491504681
N           -0.70038074539025        2.77811525964749        2.77811525964749
B           -1.43992071842366        3.44312491504681        1.43992071842366
B            0.64445293316469        3.91126382081814        0.64445293316469
N            0.64968651841307        3.91849685513176       -0.64968651841307
B           -0.64445293316469        3.91126382081814       -0.64445293316469
N           -0.64968651841307        3.91849685513176        0.64968651841307
N            2.77811525964749        0.70038074539025       -2.77811525964749
B            1.43992071842366        1.43992071842366       -3.44312491504681
N            0.70038074539025        2.77811525964749       -2.77811525964749
B            1.43992071842366        3.44312491504681       -1.43992071842366
N            2.77811525964749        2.77811525964749       -0.70038074539024
B            3.44312491504681        1.43992071842366       -1.43992071842366
B            1.43992071842366       -1.43992071842366        3.44312491504681
N            0.70038074539025       -2.77811525964749        2.77811525964749
B            1.43992071842366       -3.44312491504681        1.43992071842366
N            2.77811525964749       -2.77811525964749        0.70038074539025
B            3.44312491504681       -1.43992071842366        1.43992071842366
N            2.77811525964749       -0.70038074539025        2.77811525964749
N            1.44402602664512        3.44433294739326        1.44402602664512
B            0.69767992911235        2.77625618951917        2.77625618951917
N            1.44402602664512        1.44402602664512        3.44433294739326
B            2.77625618951917        0.69767992911235        2.77625618951917
N            3.44433294739326        1.44402602664512        1.44402602664512
B            2.77625618951917        2.77625618951917        0.69767992911235
N            3.91849685513176       -0.64968651841307        0.64968651841307
B            3.91126382081814       -0.64445293316469       -0.64445293316469
N            3.91849685513176        0.64968651841307       -0.64968651841307
B            3.91126382081814        0.64445293316469        0.64445293316469
72
 energy: -151.146012533144 gnorm: 1.042594225221 xtb: 6.7.1 (edcfbbe)
B            0.65798706603977       -3.92879260513826       -0.65798706603977
N            0.67946205439943       -3.94813712246265        0.67946205439943
B           -0.65798706603977       -3.92879260513826        0.65798706603977
N           -0.67946205439942       -3.94813712246265       -0.67946205439942
N           -3.94813712246265       -0.67946205439942       -0.67946205439943
B           -3.92879260513826       -0.65798706603977        0.65798706603977
N           -3.94813712246265        0.67946205439942        0.67946205439942
B           -3.92879260513826        0.65798706603977       -0.65798706603977
B           -1.48058625635836       -3.40465157565303       -1.48058625635836
N           -2.77224189897788       -2.77224189897788       -0.71409955167839
B           -3.40465157565303       -1.48058625635836       -1.48058625635836
N           -2.77224189897788       -0.71409955167839       -2.77224189897788
B           -1.48058625635836       -1.48058625635836       -3.40465157565303
N           -0.71409955167839       -2.77224189897788       -2.77224189897788
N            0.67946205439943        0.67946205439942       -3.94813712246265
B            0.65798706603977       -0.65798706603977       -3.92879260513826
N           -0.67946205439942       -0.67946205439943       -3.94813712246265
B           -0.65798706603977        0.65798706603977       -3.92879260513826
B           -2.75952827282370       -0.70728358115863        2.75952827282370
N           -3.41312500735675       -1.48163618828438        1.48163618828438
B           -2.75952827282370       -2.75952827282370        0.70728358115863
N           -1.48163618828438       -3.41312500735675        1.48163618828438
B           -0.70728358115863       -2.75952827282370        2.75952827282370
N           -1.48163618828438       -1.48163618828438        3.41312500735675
N            0.67946205439943       -0.67946205439943        3.94813712246265
B            0.65798706603977        0.65798706603977        3.92879260513826
N           -0.67946205439943        0.67946205439942        3.94813712246265
B           -0.65798706603977       -0.65798706603977        3.92879260513826
N           -1.48163618828438        1.48163618828438       -3.41312500735675
B           -2.75952827282370        0.70728358115863       -2.75952827282370
N           -3.41312500735675        1.48163618828438       -1.48163618828438
B           -2.75952827282370        2.75952827282370       -0.70728358115863
N           -1.48163618828438        3.41312500735675       -1.48163618828438
B           -0.70728358115863        2.75952827282370       -2.75952827282370
B            2.75952827282370       -2.75952827282370       -0.70728358115863
N            1.48163618828438       -3.41312500735675       -1.48163618828438
B            0.70728358115863       -2.75952827282370       -2.75952827282370
N            1.48163618828438       -1.48163618828438       -3.41312500735675
B            2.75952827282370       -0.70728358115863       -2.75952827282370
N            3.41312500735675       -1.48163618828438       -1.48163618828438
N           -2.77224189897788        2.77224189897788        0.71409955167839
B           -3.40465157565303        1.48058625635836        1.48058625635836
N           -2.77224189897788        0.71409955167839        2.77224189897788
B           -1.48058625635836        1.48058625635836        3.40465157565303
N           -0.71409955167839        2.77224189897788        2.77224189897788
B           -1.48058625635836        3.40465157565303        1.48058625635836
B            0.65798706603977        3.92879260513826        0.65798706603977
N            0.67946205439943        3.94813712246265       -0.67946205439942
B           -0.65798706603977        3.92879260513826       -0.65798706603977
N           -0.67946205439942        3.94813712246265        0.67946205439943
N            2.77224189897788        0.71409955167839       -2.77224189897788
B            1.48058625635836        1.48058625635836       -3.40465157565303
N            0.71409955167839        2.77224189897788       -2.77224189897788
B            1.48058625635836        3.40465157565303       -1.48058625635836
N            2.77224189897788        2.77224189897788       -0.71409955167839
B            3.40465157565303        1.48058625635836       -1.48058625635836
B            1.48058625635836       -1.48058625635836        3.40465157565303
N            0.71409955167839       -2.77224189897788        2.77224189897788
B            1.48058625635836       -3.40465157565303        1.48058625635836
N            2.77224189897788       -2.77224189897788        0.71409955167839
B            3.40465157565303       -1.48058625635836        1.48058625635836
N            2.77224189897788       -0.71409955167839        2.77224189897788
N            1.48163618828438        3.41312500735675        1.48163618828438
B            0.70728358115863        2.75952827282370        2.75952827282370
N            1.48163618828438        1.48163618828438        3.41312500735675
B            2.75952827282370        0.70728358115863        2.75952827282370
N            3.41312500735675        1.48163618828438        1.48163618828438
B            2.75952827282370        2.75952827282370        0.70728358115863
N            3.94813712246265       -0.67946205439942        0.67946205439942
B            3.92879260513826       -0.65798706603977       -0.65798706603977
N            3.94813712246265        0.67946205439943       -0.67946205439943
B            3.92879260513826        0.65798706603977        0.65798706603977
72
 energy: -151.747444267421 gnorm: 0.631082971431 xtb: 6.7.1 (edcfbbe)
B            0.66856013157886       -3.94839663850892       -0.66856013157886
N            0.70412846030074       -3.98781880533197        0.70412846030074
B           -0.66856013157886       -3.94839663850892        0.66856013157886
N           -0.70412846030074       -3.98781880533197       -0.70412846030074
N           -3.98781880533197       -0.70412846030074       -0.70412846030074
B           -3.94839663850892       -0.66856013157886        0.66856013157886
N           -3.98781880533197        0.70412846030074        0.70412846030074
B           -3.94839663850892        0.66856013157886       -0.66856013157886
B           -1.51229147672771       -3.35930250981110       -1.51229147672771
N           -2.76003854834591       -2.76003854834591       -0.73413393896177
B           -3.35930250981110       -1.51229147672771       -1.51229147672771
N           -2.76003854834591       -0.73413393896177       -2.76003854834591
B           -1.51229147672771       -1.51229147672771       -3.35930250981110
N           -0.73413393896177       -2.76003854834591       -2.76003854834591
N            0.70412846030074        0.70412846030074       -3.98781880533197
B            0.66856013157886       -0.66856013157886       -3.94839663850892
N           -0.70412846030074       -0.70412846030074       -3.98781880533197
B           -0.66856013157886        0.66856013157886       -3.94839663850892
B           -2.73577084750558       -0.72083582141168        2.73577084750558
N           -3.37642046040501       -1.51256605314601        1.51256605314601
B           -2.73577084750558       -2.73577084750558        0.72083582141168
N           -1.51256605314601       -3.37642046040501        1.51256605314601
B           -0.72083582141168       -2.73577084750558        2.73577084750558
N           -1.51256605314601       -1.51256605314601        3.37642046040501
N            0.70412846030074       -0.70412846030074        3.98781880533197
B            0.66856013157886        0.66856013157886        3.94839663850892
N           -0.70412846030074        0.70412846030074        3.98781880533197
B           -0.66856013157886       -0.66856013157886        3.94839663850892
N           -1.51256605314601        1.51256605314601       -3.37642046040501
B           -2.73577084750558        0.72083582141168       -2.73577084750558
N           -3.37642046040501        1.51256605314601       -1.51256605314601
B           -2.73577084750558        2.73577084750558       -0.72083582141168
N           -1.51256605314601        3.37642046040501       -1.51256605314601
B           -0.72083582141168        2.73577084750558       -2.73577084750558
B            2.73577084750558       -2.73577084750558       -0.72083582141168
N            1.51256605314601       -3.37642046040501       -1.51256605314601
B            0.72083582141168       -2.73577084750558       -2.73577084750558
N            1.51256605314601       -1.51256605314601       -3.37642046040501
B            2.73577084750558       -0.72083582141168       -2.73577084750558
N            3.37642046040501       -1.51256605314601       -1.51256605314601
N           -2.76003854834591        2.76003854834591        0.73413393896177
B           -3.35930250981110        1.51229147672771        1.51229147672771
N           -2.76003854834591        0.73413393896177        2.76003854834591
B           -1.51229147672771        1.51229147672771        3.35930250981110
N           -0.73413393896177        2.76003854834591        2.76003854834591
B           -1.51229147672771        3.35930250981111        1.51229147672771
B            0.66856013157886        3.94839663850892        0.66856013157886
N            0.70412846030074        3.98781880533197       -0.70412846030074
B           -0.66856013157886        3.94839663850892       -0.66856013157886
N           -0.70412846030074        3.98781880533197        0.70412846030074
N            2.76003854834591        0.73413393896177       -2.76003854834591
B            1.51229147672771        1.51229147672771       -3.35930250981110
N            0.73413393896177        2.76003854834591       -2.76003854834591
B            1.51229147672771        3.35930250981110       -1.51229147672771
N            2.76003854834591        2.76003854834591       -0.73413393896177
B            3.35930250981110        1.51229147672771       -1.51229147672771
B            1.51229147672771       -1.51229147672771        3.35930250981110
N            0.73413393896177       -2.76003854834591        2.76003854834591
B            1.51229147672771       -3.35930250981110        1.51229147672771
N            2.76003854834591       -2.76003854834591        0.73413393896177
B            3.35930250981110       -1.51229147672771        1.51229147672771
N            2.76003854834591       -0.73413393896177        2.76003854834591
N            1.51256605314601        3.37642046040501        1.51256605314601
B            0.72083582141168        2.73577084750558        2.73577084750558
N            1.51256605314601        1.51256605314601        3.37642046040501
B            2.73577084750558        0.72083582141168        2.73577084750558
N            3.37642046040501        1.51256605314601        1.51256605314601
B            2.73577084750558        2.73577084750558        0.72083582141168
N            3.98781880533197       -0.70412846030074        0.70412846030074
B            3.94839663850892       -0.66856013157886       -0.66856013157886
N            3.98781880533197        0.70412846030074       -0.70412846030074
B            3.94839663850892        0.66856013157886        0.66856013157886
72
 energy: -152.095046918423 gnorm: 0.358783372150 xtb: 6.7.1 (edcfbbe)
B            0.67695957603064       -3.96918397175346       -0.67695957603064
N            0.72486485720233       -4.03355538174575        0.72486485720233
B           -0.67695957603064       -3.96918397175346        0.67695957603064
N           -0.72486485720233       -4.03355538174575       -0.72486485720233
N           -4.03355538174575       -0.72486485720233       -0.72486485720233
B           -3.96918397175346       -0.67695957603064        0.67695957603064
N           -4.03355538174575        0.72486485720233        0.72486485720233
B           -3.96918397175346        0.67695957603064       -0.67695957603064
B           -1.53299072619341       -3.31772224259738       -1.53299072619341
N           -2.73831780992918       -2.73831780992918       -0.75652888300718
B           -3.31772224259738       -1.53299072619341       -1.53299072619341
N           -2.73831780992918       -0.75652888300718       -2.73831780992918
B           -1.53299072619341       -1.53299072619341       -3.31772224259738
N           -0.75652888300718       -2.73831780992918       -2.73831780992918
N            0.72486485720233        0.72486485720233       -4.03355538174575
B            0.67695957603064       -0.67695957603064       -3.96918397175346
N           -0.72486485720233       -0.72486485720233       -4.03355538174575
B           -0.67695957603064        0.67695957603064       -3.96918397175346
B           -2.70124603633960       -0.73508032131540        2.70124603633960
N           -3.33960167297142       -1.53460774108892        1.53460774108892
B           -2.70124603633959       -2.70124603633960        0.73508032131540
N           -1.53460774108892       -3.33960167297142        1.53460774108892
B           -0.73508032131540       -2.70124603633960        2.70124603633959
N           -1.53460774108892       -1.53460774108892        3.33960167297142
N            0.72486485720233       -0.72486485720233        4.03355538174575
B            0.67695957603064        0.67695957603064        3.96918397175346
N           -0.72486485720233        0.72486485720233        4.03355538174575
B           -0.67695957603064       -0.67695957603064        3.96918397175346
N           -1.53460774108892        1.53460774108892       -3.33960167297142
B           -2.70124603633960        0.73508032131540       -2.70124603633960
N           -3.33960167297142        1.53460774108892       -1.53460774108892
B           -2.70124603633960        2.70124603633960       -0.73508032131540
N           -1.53460774108892        3.33960167297142       -1.53460774108892
B           -0.73508032131540        2.70124603633960       -2.70124603633960
B            2.70124603633960       -2.70124603633960       -0.73508032131540
N            1.53460774108892       -3.33960167297142       -1.53460774108892
B            0.73508032131540       -2.70124603633960       -2.70124603633959
N            1.53460774108892       -1.53460774108892       -3.33960167297142
B            2.70124603633960       -0.73508032131540       -2.70124603633959
N            3.33960167297142       -1.53460774108892       -1.53460774108892
N           -2.73831780992918        2.73831780992918        0.75652888300718
B           -3.31772224259737        1.53299072619341        1.53299072619341
N           -2.73831780992918        0.75652888300718        2.73831780992918
B           -1.53299072619341        1.53299072619341        3.31772224259737
N           -0.75652888300718        2.73831780992918        2.73831780992918
B           -1.53299072619341        3.31772224259737        1.53299072619341
B            0.67695957603064        3.96918397175346        0.67695957603064
N            0.72486485720233        4.03355538174575       -0.72486485720233
B           -0.67695957603064        3.96918397175346       -0.67695957603064
N           -0.72486485720233        4.03355538174575        0.72486485720233
N            2.73831780992918        0.75652888300718       -2.73831780992918
B            1.53299072619341        1.53299072619341       -3.31772224259737
N            0.75652888300718        2.73831780992918       -2.73831780992918
B            1.53299072619341        3.31772224259737       -1.53299072619341
N            2.73831780992918        2.73831780992918       -0.75652888300718
B            3.31772224259737        1.53299072619341       -1.53299072619341
B            1.53299072619341       -1.53299072619341        3.31772224259737
N            0.75652888300718       -2.73831780992918        2.73831780992918
B            1.53299072619341       -3.31772224259737        1.53299072619341
N            2.73831780992918       -2.73831780992918        0.75652888300718
B            3.31772224259737       -1.53299072619341        1.53299072619341
N            2.73831780992918       -0.75652888300718        2.73831780992918
N            1.53460774108892        3.33960167297142        1.53460774108892
B            0.73508032131540        2.70124603633960        2.70124603633960
N            1.53460774108892        1.53460774108892        3.33960167297142
B            2.70124603633960        0.73508032131540        2.70124603633960
N            3.33960167297142        1.53460774108892        1.53460774108892
B            2.70124603633960        2.70124603633959        0.73508032131540
N            4.03355538174575       -0.72486485720233        0.72486485720233
B            3.96918397175346       -0.67695957603064       -0.67695957603064
N            4.03355538174575        0.72486485720233       -0.72486485720233
B            3.96918397175346        0.67695957603064        0.67695957603064
72
 energy: -152.288340869852 gnorm: 0.211236266709 xtb: 6.7.1 (edcfbbe)
B            0.68126764200966       -3.99388289791370       -0.68126764200966
N            0.73998021428289       -4.08442505489539        0.73998021428289
B           -0.68126764200966       -3.99388289791370        0.68126764200966
N           -0.73998021428289       -4.08442505489539       -0.73998021428289
N           -4.08442505489539       -0.73998021428289       -0.73998021428289
B           -3.99388289791370       -0.68126764200966        0.68126764200966
N           -4.08442505489539        0.73998021428289        0.73998021428289
B           -3.99388289791370        0.68126764200966       -0.68126764200966
B           -1.54116813056321       -3.28771021766649       -1.54116813056321
N           -2.70436183633632       -2.70436183633632       -0.77587784026973
B           -3.28771021766649       -1.54116813056321       -1.54116813056321
N           -2.70436183633632       -0.77587784026974       -2.70436183633632
B           -1.54116813056321       -1.54116813056321       -3.28771021766649
N           -0.77587784026973       -2.70436183633632       -2.70436183633632
N            0.73998021428289        0.73998021428289       -4.08442505489539
B            0.68126764200966       -0.68126764200966       -3.99388289791370
N           -0.73998021428289       -0.73998021428289       -4.08442505489539
B           -0.68126764200966        0.68126764200966       -3.99388289791370
B           -2.65565446791271       -0.74692992614111        2.65565446791271
N           -3.30686095070940       -1.54363790815471        1.54363790815471
B           -2.65565446791271       -2.65565446791271        0.74692992614111
N           -1.54363790815471       -3.30686095070940        1.54363790815471
B           -0.74692992614111       -2.65565446791271        2.65565446791271
N           -1.54363790815471       -1.54363790815471        3.30686095070940
N            0.73998021428289       -0.73998021428289        4.08442505489539
B            0.68126764200966        0.68126764200966        3.99388289791370
N           -0.73998021428289        0.73998021428289        4.08442505489539
B           -0.68126764200966       -0.68126764200966        3.99388289791370
N           -1.54363790815471        1.54363790815471       -3.30686095070940
B           -2.65565446791271        0.74692992614111       -2.65565446791271
N           -3.30686095070940        1.54363790815471       -1.54363790815471
B           -2.65565446791271        2.65565446791271       -0.74692992614111
N           -1.54363790815471        3.30686095070940       -1.54363790815471
B           -0.74692992614111        2.65565446791271       -2.65565446791271
B            2.65565446791271       -2.65565446791271       -0.74692992614111
N            1.54363790815471       -3.30686095070940       -1.54363790815471
B            0.74692992614111       -2.65565446791271       -2.65565446791271
N            1.54363790815471       -1.54363790815471       -3.30686095070940
B            2.65565446791271       -0.74692992614111       -2.65565446791271
N            3.30686095070940       -1.54363790815471       -1.54363790815471
N           -2.70436183633632        2.70436183633632        0.77587784026974
B           -3.28771021766649        1.54116813056321        1.54116813056321
N           -2.70436183633632        0.77587784026973        2.70436183633632
B           -1.54116813056321        1.54116813056321        3.28771021766649
N           -0.77587784026974        2.70436183633632        2.70436183633632
B           -1.54116813056321        3.28771021766649        1.54116813056321
B            0.68126764200966        3.99388289791370        0.68126764200966
N            0.73998021428289        4.08442505489539       -0.73998021428289
B           -0.68126764200966        3.99388289791370       -0.68126764200966
N           -0.73998021428289        4.08442505489539        0.73998021428289
N            2.70436183633632        0.77587784026973       -2.70436183633632
B            1.54116813056321        1.54116813056321       -3.28771021766649
N            0.77587784026974        2.70436183633632       -2.70436183633632
B            1.54116813056321        3.28771021766649       -1.54116813056321
N            2.70436183633632        2.70436183633632       -0.77587784026974
B            3.28771021766649        1.54116813056321       -1.54116813056321
B            1.54116813056321       -1.54116813056321        3.28771021766649
N            0.77587784026974       -2.70436183633632        2.70436183633632
B            1.54116813056321       -3.28771021766649        1.54116813056321
N            2.70436183633632       -2.70436183633632        0.77587784026974
B            3.28771021766649       -1.54116813056321        1.54116813056321
N            2.70436183633632       -0.77587784026973        2.70436183633632
N            1.54363790815471        3.30686095070940        1.54363790815471
B            0.74692992614111        2.65565446791271        2.65565446791271
N            1.54363790815471        1.54363790815471        3.30686095070940
B            2.65565446791271        0.74692992614111        2.65565446791271
N            3.30686095070940        1.54363790815471        1.54363790815471
B            2.65565446791271        2.65565446791271        0.74692992614111
N            4.08442505489539       -0.73998021428289        0.73998021428289
B            3.99388289791370       -0.68126764200966       -0.68126764200966
N            4.08442505489539        0.73998021428289       -0.73998021428289
B            3.99388289791370        0.68126764200966        0.68126764200966
72
 energy: -152.398841833995 gnorm: 0.168126876918 xtb: 6.7.1 (edcfbbe)
B            0.68102161502515       -4.02333852582052       -0.68102161502515
N            0.74928210885574       -4.13724054030770        0.74928210885574
B           -0.68102161502515       -4.02333852582052        0.68102161502515
N           -0.74928210885574       -4.13724054030770       -0.74928210885574
N           -4.13724054030770       -0.74928210885574       -0.74928210885574
B           -4.02333852582052       -0.68102161502515        0.68102161502515
N           -4.13724054030770        0.74928210885574        0.74928210885574
B           -4.02333852582052        0.68102161502515       -0.68102161502515
B           -1.53766638768789       -3.27121284659692       -1.53766638768789
N           -2.66323112117286       -2.66323112117286       -0.78603533473701
B           -3.27121284659692       -1.53766638768790       -1.53766638768790
N           -2.66323112117286       -0.78603533473701       -2.66323112117286
B           -1.53766638768789       -1.53766638768789       -3.27121284659692
N           -0.78603533473701       -2.66323112117286       -2.66323112117286
N            0.74928210885574        0.74928210885574       -4.13724054030770
B            0.68102161502515       -0.68102161502515       -4.02333852582052
N           -0.74928210885574       -0.74928210885573       -4.13724054030770
B           -0.68102161502515        0.68102161502515       -4.02333852582052
B           -2.60750702578856       -0.75328285845089        2.60750702578857
N           -3.28100630757434       -1.53847583450966        1.53847583450966
B           -2.60750702578856       -2.60750702578856        0.75328285845089
N           -1.53847583450966       -3.28100630757434        1.53847583450966
B           -0.75328285845090       -2.60750702578856        2.60750702578856
N           -1.53847583450966       -1.53847583450966        3.28100630757434
N            0.74928210885574       -0.74928210885574        4.13724054030770
B            0.68102161502515        0.68102161502515        4.02333852582052
N           -0.74928210885574        0.74928210885574        4.13724054030770
B           -0.68102161502515       -0.68102161502515        4.02333852582052
N           -1.53847583450966        1.53847583450966       -3.28100630757434
B           -2.60750702578856        0.75328285845090       -2.60750702578856
N           -3.28100630757434        1.53847583450966       -1.53847583450966
B           -2.60750702578857        2.60750702578856       -0.75328285845090
N           -1.53847583450966        3.28100630757434       -1.53847583450966
B           -0.75328285845090        2.60750702578857       -2.60750702578857
B            2.60750702578856       -2.60750702578856       -0.75328285845090
N            1.53847583450966       -3.28100630757434       -1.53847583450966
B            0.75328285845090       -2.60750702578856       -2.60750702578856
N            1.53847583450966       -1.53847583450966       -3.28100630757434
B            2.60750702578857       -0.75328285845090       -2.60750702578857
N            3.28100630757434       -1.53847583450966       -1.53847583450966
N           -2.66323112117286        2.66323112117286        0.78603533473701
B           -3.27121284659692        1.53766638768790        1.53766638768790
N           -2.66323112117286        0.78603533473701        2.66323112117286
B           -1.53766638768789        1.53766638768790        3.27121284659692
N           -0.78603533473701        2.66323112117286        2.66323112117286
B           -1.53766638768790        3.27121284659692        1.53766638768790
B            0.68102161502515        4.02333852582052        0.68102161502515
N            0.74928210885574        4.13724054030770       -0.74928210885574
B           -0.68102161502515        4.02333852582052       -0.68102161502515
N           -0.74928210885574        4.13724054030770        0.74928210885574
N            2.66323112117286        0.78603533473701       -2.66323112117286
B            1.53766638768790        1.53766638768790       -3.27121284659692
N            0.78603533473701        2.66323112117286       -2.66323112117286
B            1.53766638768790        3.27121284659692       -1.53766638768790
N            2.66323112117286        2.66323112117286       -0.78603533473701
B            3.27121284659692        1.53766638768790       -1.53766638768790
B            1.53766638768790       -1.53766638768790        3.27121284659692
N            0.78603533473701       -2.66323112117286        2.66323112117286
B            1.53766638768790       -3.27121284659692        1.53766638768790
N            2.66323112117286       -2.66323112117286        0.78603533473701
B            3.27121284659692       -1.53766638768790        1.53766638768790
N            2.66323112117286       -0.78603533473701        2.66323112117286
N            1.53847583450966        3.28100630757434        1.53847583450966
B            0.75328285845090        2.60750702578857        2.60750702578857
N            1.53847583450966        1.53847583450966        3.28100630757434
B            2.60750702578857        0.75328285845090        2.60750702578857
N            3.28100630757434        1.53847583450966        1.53847583450966
B            2.60750702578857        2.60750702578857        0.75328285845090
N            4.13724054030770       -0.74928210885574        0.74928210885574
B            4.02333852582052       -0.68102161502515       -0.68102161502515
N            4.13724054030770        0.74928210885574       -0.74928210885574
B            4.02333852582052        0.68102161502515        0.68102161502515
72
 energy: -152.469124124203 gnorm: 0.174565496552 xtb: 6.7.1 (edcfbbe)
B            0.67759331348056       -4.05203544934389       -0.67759331348056
N            0.75549827462419       -4.18618874903469        0.75549827462419
B           -0.67759331348056       -4.05203544934389        0.67759331348056
N           -0.75549827462419       -4.18618874903469       -0.75549827462418
N           -4.18618874903469       -0.75549827462419       -0.75549827462419
B           -4.05203544934389       -0.67759331348056        0.67759331348056
N           -4.18618874903469        0.75549827462419        0.75549827462418
B           -4.05203544934389        0.67759331348056       -0.67759331348056
B           -1.52536735155463       -3.25663236705431       -1.52536735155463
N           -2.62562496494155       -2.62562496494155       -0.78628161532317
B           -3.25663236705430       -1.52536735155463       -1.52536735155463
N           -2.62562496494155       -0.78628161532317       -2.62562496494155
B           -1.52536735155463       -1.52536735155463       -3.25663236705431
N           -0.78628161532317       -2.62562496494155       -2.62562496494155
N            0.75549827462419        0.75549827462419       -4.18618874903469
B            0.67759331348056       -0.67759331348056       -4.05203544934389
N           -0.75549827462418       -0.75549827462418       -4.18618874903469
B           -0.67759331348056        0.67759331348056       -4.05203544934389
B           -2.56627769034664       -0.75289045302061        2.56627769034664
N           -3.25557673725314       -1.52217610675606        1.52217610675606
B           -2.56627769034664       -2.56627769034664        0.75289045302061
N           -1.52217610675606       -3.25557673725314        1.52217610675606
B           -0.75289045302061       -2.56627769034664        2.56627769034664
N           -1.52217610675606       -1.52217610675606        3.25557673725314
N            0.75549827462419       -0.75549827462419        4.18618874903469
B            0.67759331348056        0.67759331348056        4.05203544934389
N           -0.75549827462419        0.75549827462419        4.18618874903469
B           -0.67759331348056       -0.67759331348056        4.05203544934389
N           -1.52217610675606        1.52217610675606       -3.25557673725314
B           -2.56627769034664        0.75289045302061       -2.56627769034664
N           -3.25557673725314        1.52217610675606       -1.52217610675606
B           -2.56627769034664        2.56627769034664       -0.75289045302061
N           -1.52217610675606        3.25557673725314       -1.52217610675606
B           -0.75289045302061        2.56627769034664       -2.56627769034664
B            2.56627769034664       -2.56627769034664       -0.75289045302061
N            1.52217610675606       -3.25557673725314       -1.52217610675606
B            0.75289045302061       -2.56627769034664       -2.56627769034664
N            1.52217610675606       -1.52217610675606       -3.25557673725314
B            2.56627769034664       -0.75289045302061       -2.56627769034664
N            3.25557673725314       -1.52217610675606       -1.52217610675606
N           -2.62562496494155        2.62562496494155        0.78628161532317
B           -3.25663236705430        1.52536735155463        1.52536735155463
N           -2.62562496494155        0.78628161532317        2.62562496494155
B           -1.52536735155463        1.52536735155463        3.25663236705431
N           -0.78628161532317        2.62562496494155        2.62562496494155
B           -1.52536735155463        3.25663236705430        1.52536735155463
B            0.67759331348056        4.05203544934389        0.67759331348056
N            0.75549827462419        4.18618874903469       -0.75549827462418
B           -0.67759331348056        4.05203544934389       -0.67759331348056
N           -0.75549827462419        4.18618874903469        0.75549827462419
N            2.62562496494155        0.78628161532317       -2.62562496494155
B            1.52536735155463        1.52536735155463       -3.25663236705430
N            0.78628161532317        2.62562496494155       -2.62562496494155
B            1.52536735155463        3.25663236705430       -1.52536735155463
N            2.62562496494155        2.62562496494155       -0.78628161532317
B            3.25663236705431        1.52536735155463       -1.52536735155463
B            1.52536735155463       -1.52536735155463        3.25663236705430
N            0.78628161532317       -2.62562496494155        2.62562496494155
B            1.52536735155463       -3.25663236705430        1.52536735155463
N            2.62562496494155       -2.62562496494155        0.78628161532317
B            3.25663236705431       -1.52536735155463        1.52536735155463
N            2.62562496494155       -0.78628161532317        2.62562496494155
N            1.52217610675606        3.25557673725314        1.52217610675606
B            0.75289045302061        2.56627769034664        2.56627769034664
N            1.52217610675606        1.52217610675606        3.25557673725314
B            2.56627769034664        0.75289045302061        2.56627769034664
N            3.25557673725314        1.52217610675606        1.52217610675606
B            2.56627769034664        2.56627769034664        0.75289045302061
N            4.18618874903469       -0.75549827462419        0.75549827462419
B            4.05203544934389       -0.67759331348056       -0.67759331348056
N            4.18618874903469        0.75549827462419       -0.75549827462419
B            4.05203544934389        0.67759331348056        0.67759331348056
72
 energy: -152.524513654421 gnorm: 0.174846414943 xtb: 6.7.1 (edcfbbe)
B            0.67187086193767       -4.07763079988755       -0.67187086193767
N            0.76022942165151       -4.22902006484058        0.76022942165151
B           -0.67187086193766       -4.07763079988755        0.67187086193766
N           -0.76022942165151       -4.22902006484058       -0.76022942165151
N           -4.22902006484058       -0.76022942165151       -0.76022942165151
B           -4.07763079988755       -0.67187086193766        0.67187086193766
N           -4.22902006484057        0.76022942165151        0.76022942165151
B           -4.07763079988755        0.67187086193766       -0.67187086193766
B           -1.50630140165947       -3.24360571849085       -1.50630140165947
N           -2.59255894080559       -2.59255894080559       -0.77865293252374
B           -3.24360571849085       -1.50630140165947       -1.50630140165947
N           -2.59255894080559       -0.77865293252373       -2.59255894080559
B           -1.50630140165947       -1.50630140165947       -3.24360571849085
N           -0.77865293252374       -2.59255894080559       -2.59255894080559
N            0.76022942165151        0.76022942165151       -4.22902006484058
B            0.67187086193766       -0.67187086193766       -4.07763079988755
N           -0.76022942165151       -0.76022942165151       -4.22902006484057
B           -0.67187086193766        0.67187086193766       -4.07763079988755
B           -2.52988325377826       -0.74303938672628        2.52988325377827
N           -3.23210908221792       -1.49687870729148        1.49687870729148
B           -2.52988325377826       -2.52988325377826        0.74303938672628
N           -1.49687870729148       -3.23210908221792        1.49687870729148
B           -0.74303938672628       -2.52988325377826        2.52988325377826
N           -1.49687870729148       -1.49687870729148        3.23210908221792
N            0.76022942165151       -0.76022942165151        4.22902006484058
B            0.67187086193766        0.67187086193767        4.07763079988755
N           -0.76022942165151        0.76022942165151        4.22902006484058
B           -0.67187086193766       -0.67187086193766        4.07763079988755
N           -1.49687870729148        1.49687870729148       -3.23210908221792
B           -2.52988325377826        0.74303938672628       -2.52988325377826
N           -3.23210908221792        1.49687870729148       -1.49687870729148
B           -2.52988325377826        2.52988325377826       -0.74303938672628
N           -1.49687870729148        3.23210908221792       -1.49687870729148
B           -0.74303938672628        2.52988325377826       -2.52988325377826
B            2.52988325377826       -2.52988325377826       -0.74303938672628
N            1.49687870729148       -3.23210908221792       -1.49687870729148
B            0.74303938672628       -2.52988325377826       -2.52988325377826
N            1.49687870729148       -1.49687870729148       -3.23210908221792
B            2.52988325377826       -0.74303938672628       -2.52988325377826
N            3.23210908221792       -1.49687870729148       -1.49687870729148
N           -2.59255894080559        2.59255894080559        0.77865293252374
B           -3.24360571849085        1.50630140165947        1.50630140165947
N           -2.59255894080559        0.77865293252374        2.59255894080559
B           -1.50630140165947        1.50630140165947        3.24360571849085
N           -0.77865293252374        2.59255894080559        2.59255894080559
B           -1.50630140165947        3.24360571849086        1.50630140165947
B            0.67187086193766        4.07763079988755        0.67187086193766
N            0.76022942165151        4.22902006484058       -0.76022942165151
B           -0.67187086193766        4.07763079988755       -0.67187086193766
N           -0.76022942165151        4.22902006484058        0.76022942165151
N            2.59255894080559        0.77865293252374       -2.59255894080559
B            1.50630140165947        1.50630140165947       -3.24360571849086
N            0.77865293252374        2.59255894080559       -2.59255894080559
B            1.50630140165947        3.24360571849085       -1.50630140165947
N            2.59255894080559        2.59255894080559       -0.77865293252374
B            3.24360571849086        1.50630140165947       -1.50630140165947
B            1.50630140165947       -1.50630140165947        3.24360571849086
N            0.77865293252374       -2.59255894080559        2.59255894080559
B            1.50630140165947       -3.24360571849086        1.50630140165947
N            2.59255894080559       -2.59255894080559        0.77865293252374
B            3.24360571849086       -1.50630140165947        1.50630140165947
N            2.59255894080559       -0.77865293252374        2.59255894080559
N            1.49687870729148        3.23210908221792        1.49687870729148
B            0.74303938672628        2.52988325377826        2.52988325377826
N            1.49687870729148        1.49687870729148        3.23210908221792
B            2.52988325377826        0.74303938672628        2.52988325377826
N            3.23210908221792        1.49687870729148        1.49687870729148
B            2.52988325377827        2.52988325377827        0.74303938672628
N            4.22902006484058       -0.76022942165151        0.76022942165151
B            4.07763079988755       -0.67187086193766       -0.67187086193766
N            4.22902006484057        0.76022942165151       -0.76022942165151
B            4.07763079988755        0.67187086193767        0.67187086193766
72
 energy: -152.571130483463 gnorm: 0.146095424352 xtb: 6.7.1 (edcfbbe)
B            0.66477391466585       -4.09240569189717       -0.66477391466585
N            0.76541126134766       -4.26048675830362        0.76541126134766
B           -0.66477391466585       -4.09240569189717        0.66477391466585
N           -0.76541126134766       -4.26048675830363       -0.76541126134766
N           -4.26048675830363       -0.76541126134766       -0.76541126134766
B           -4.09240569189717       -0.66477391466585        0.66477391466585
N           -4.26048675830363        0.76541126134766        0.76541126134766
B           -4.09240569189717        0.66477391466585       -0.66477391466585
B           -1.48164755505612       -3.22630595584537       -1.48164755505612
N           -2.56546650735997       -2.56546650735997       -0.76417428169772
B           -3.22630595584537       -1.48164755505612       -1.48164755505611
N           -2.56546650735996       -0.76417428169773       -2.56546650735997
B           -1.48164755505612       -1.48164755505612       -3.22630595584538
N           -0.76417428169772       -2.56546650735997       -2.56546650735997
N            0.76541126134766        0.76541126134766       -4.26048675830363
B            0.66477391466585       -0.66477391466585       -4.09240569189717
N           -0.76541126134766       -0.76541126134766       -4.26048675830363
B           -0.66477391466585        0.66477391466585       -4.09240569189717
B           -2.50067179269297       -0.72506442074758        2.50067179269297
N           -3.20364744065287       -1.46410935949333        1.46410935949333
B           -2.50067179269297       -2.50067179269297        0.72506442074758
N           -1.46410935949333       -3.20364744065287        1.46410935949333
B           -0.72506442074758       -2.50067179269298        2.50067179269298
N           -1.46410935949333       -1.46410935949333        3.20364744065287
N            0.76541126134766       -0.76541126134766        4.26048675830362
B            0.66477391466585        0.66477391466585        4.09240569189717
N           -0.76541126134766        0.76541126134766        4.26048675830363
B           -0.66477391466585       -0.66477391466585        4.09240569189717
N           -1.46410935949333        1.46410935949333       -3.20364744065287
B           -2.50067179269297        0.72506442074757       -2.50067179269298
N           -3.20364744065287        1.46410935949333       -1.46410935949333
B           -2.50067179269298        2.50067179269298       -0.72506442074757
N           -1.46410935949333        3.20364744065287       -1.46410935949333
B           -0.72506442074757        2.50067179269298       -2.50067179269298
B            2.50067179269298       -2.50067179269297       -0.72506442074758
N            1.46410935949333       -3.20364744065287       -1.46410935949333
B            0.72506442074758       -2.50067179269297       -2.50067179269298
N            1.46410935949333       -1.46410935949333       -3.20364744065287
B            2.50067179269298       -0.72506442074757       -2.50067179269297
N            3.20364744065287       -1.46410935949333       -1.46410935949333
N           -2.56546650735997        2.56546650735997        0.76417428169773
B           -3.22630595584537        1.48164755505612        1.48164755505611
N           -2.56546650735996        0.76417428169772        2.56546650735997
B           -1.48164755505611        1.48164755505612        3.22630595584537
N           -0.76417428169772        2.56546650735997        2.56546650735997
B           -1.48164755505612        3.22630595584537        1.48164755505611
B            0.66477391466585        4.09240569189717        0.66477391466585
N            0.76541126134766        4.26048675830363       -0.76541126134766
B           -0.66477391466585        4.09240569189717       -0.66477391466585
N           -0.76541126134766        4.26048675830363        0.76541126134766
N            2.56546650735997        0.76417428169773       -2.56546650735997
B            1.48164755505611        1.48164755505612       -3.22630595584536
N            0.76417428169773        2.56546650735997       -2.56546650735997
B            1.48164755505612        3.22630595584537       -1.48164755505612
N            2.56546650735997        2.56546650735997       -0.76417428169772
B            3.22630595584537        1.48164755505612       -1.48164755505612
B            1.48164755505612       -1.48164755505612        3.22630595584536
N            0.76417428169772       -2.56546650735997        2.56546650735997
B            1.48164755505612       -3.22630595584536        1.48164755505612
N            2.56546650735997       -2.56546650735997        0.76417428169772
B            3.22630595584537       -1.48164755505612        1.48164755505612
N            2.56546650735997       -0.76417428169772        2.56546650735997
N            1.46410935949333        3.20364744065287        1.46410935949333
B            0.72506442074758        2.50067179269298        2.50067179269298
N            1.46410935949333        1.46410935949333        3.20364744065287
B            2.50067179269298        0.72506442074758        2.50067179269298
N            3.20364744065287        1.46410935949333        1.46410935949333
B            2.50067179269297        2.50067179269297        0.72506442074758
N            4.26048675830363       -0.76541126134766        0.76541126134766
B            4.09240569189717       -0.66477391466585       -0.66477391466585
N            4.26048675830363        0.76541126134766       -0.76541126134766
B            4.09240569189717        0.66477391466585        0.66477391466585
72
 energy: -152.596576341774 gnorm: 0.092586051305 xtb: 6.7.1 (edcfbbe)
B            0.65844434219418       -4.09710699846335       -0.65844434219418
N            0.77068330214924       -4.27762875024985        0.77068330214924
B           -0.65844434219418       -4.09710699846335        0.65844434219418
N           -0.77068330214924       -4.27762875024984       -0.77068330214925
N           -4.27762875024984       -0.77068330214924       -0.77068330214924
B           -4.09710699846335       -0.65844434219418        0.65844434219418
N           -4.27762875024984        0.77068330214924        0.77068330214925
B           -4.09710699846335        0.65844434219418       -0.65844434219418
B           -1.45832390789877       -3.21683248292898       -1.45832390789878
N           -2.54603072707963       -2.54603072707963       -0.75092491734622
B           -3.21683248292898       -1.45832390789877       -1.45832390789877
N           -2.54603072707963       -0.75092491734622       -2.54603072707963
B           -1.45832390789877       -1.45832390789878       -3.21683248292898
N           -0.75092491734622       -2.54603072707963       -2.54603072707963
N            0.77068330214924        0.77068330214924       -4.27762875024985
B            0.65844434219418       -0.65844434219418       -4.09710699846335
N           -0.77068330214924       -0.77068330214925       -4.27762875024984
B           -0.65844434219418        0.65844434219418       -4.09710699846336
B           -2.47736625358778       -0.70331996219716        2.47736625358778
N           -3.18381417441722       -1.43246481775899        1.43246481775899
B           -2.47736625358777       -2.47736625358777        0.70331996219716
N           -1.43246481775899       -3.18381417441723        1.43246481775899
B           -0.70331996219716       -2.47736625358777        2.47736625358777
N           -1.43246481775899       -1.43246481775899        3.18381417441723
N            0.77068330214924       -0.77068330214924        4.27762875024985
B            0.65844434219418        0.65844434219418        4.09710699846335
N           -0.77068330214924        0.77068330214925        4.27762875024984
B           -0.65844434219418       -0.65844434219418        4.09710699846335
N           -1.43246481775899        1.43246481775899       -3.18381417441723
B           -2.47736625358777        0.70331996219717       -2.47736625358777
N           -3.18381417441723        1.43246481775899       -1.43246481775899
B           -2.47736625358777        2.47736625358777       -0.70331996219717
N           -1.43246481775899        3.18381417441723       -1.43246481775898
B           -0.70331996219717        2.47736625358777       -2.47736625358777
B            2.47736625358777       -2.47736625358777       -0.70331996219716
N            1.43246481775899       -3.18381417441723       -1.43246481775899
B            0.70331996219716       -2.47736625358778       -2.47736625358777
N            1.43246481775899       -1.43246481775899       -3.18381417441722
B            2.47736625358777       -0.70331996219716       -2.47736625358777
N            3.18381417441723       -1.43246481775899       -1.43246481775899
N           -2.54603072707962        2.54603072707962        0.75092491734622
B           -3.21683248292899        1.45832390789877        1.45832390789877
N           -2.54603072707963        0.75092491734622        2.54603072707963
B           -1.45832390789877        1.45832390789878        3.21683248292898
N           -0.75092491734622        2.54603072707963        2.54603072707963
B           -1.45832390789877        3.21683248292899        1.45832390789878
B            0.65844434219418        4.09710699846335        0.65844434219418
N            0.77068330214925        4.27762875024984       -0.77068330214924
B           -0.65844434219418        4.09710699846336       -0.65844434219417
N           -0.77068330214924        4.27762875024984        0.77068330214925
N            2.54603072707962        0.75092491734622       -2.54603072707963
B            1.45832390789877        1.45832390789877       -3.21683248292900
N            0.75092491734622        2.54603072707962       -2.54603072707962
B            1.45832390789878        3.21683248292899       -1.45832390789877
N            2.54603072707963        2.54603072707963       -0.75092491734622
B            3.21683248292899        1.45832390789878       -1.45832390789878
B            1.45832390789878       -1.45832390789877        3.21683248292899
N            0.75092491734623       -2.54603072707962        2.54603072707962
B            1.45832390789877       -3.21683248292899        1.45832390789877
N            2.54603072707962       -2.54603072707962        0.75092491734622
B            3.21683248292899       -1.45832390789877        1.45832390789878
N            2.54603072707962       -0.75092491734623        2.54603072707962
N            1.43246481775899        3.18381417441723        1.43246481775899
B            0.70331996219716        2.47736625358777        2.47736625358778
N            1.43246481775899        1.43246481775899        3.18381417441723
B            2.47736625358777        0.70331996219716        2.47736625358777
N            3.18381417441723        1.43246481775899        1.43246481775899
B            2.47736625358778        2.47736625358778        0.70331996219716
N            4.27762875024985       -0.77068330214924        0.77068330214924
B            4.09710699846336       -0.65844434219418       -0.65844434219418
N            4.27762875024984        0.77068330214924       -0.77068330214924
B            4.09710699846336        0.65844434219418        0.65844434219418
72
 energy: -152.601431925466 gnorm: 0.069492127594 xtb: 6.7.1 (edcfbbe)
B            0.65533146293557       -4.08384588642566       -0.65533146293556
N            0.77667448142707       -4.27608493801134        0.77667448142707
B           -0.65533146293556       -4.08384588642566        0.65533146293557
N           -0.77667448142706       -4.27608493801135       -0.77667448142706
N           -4.27608493801134       -0.77667448142706       -0.77667448142707
B           -4.08384588642566       -0.65533146293556        0.65533146293556
N           -4.27608493801134        0.77667448142707        0.77667448142706
B           -4.08384588642565        0.65533146293557       -0.65533146293557
B           -1.44503721079383       -3.19533663705897       -1.44503721079383
N           -2.54049384417991       -2.54049384417991       -0.74770283726724
B           -3.19533663705897       -1.44503721079382       -1.44503721079383
N           -2.54049384417992       -0.74770283726724       -2.54049384417991
B           -1.44503721079383       -1.44503721079382       -3.19533663705896
N           -0.74770283726724       -2.54049384417991       -2.54049384417991
N            0.77667448142707        0.77667448142707       -4.27608493801133
B            0.65533146293556       -0.65533146293556       -4.08384588642566
N           -0.77667448142706       -0.77667448142706       -4.27608493801134
B           -0.65533146293556        0.65533146293557       -4.08384588642565
B           -2.46822399602541       -0.69530988584129        2.46822399602541
N           -3.15283130336466       -1.41400329433693        1.41400329433692
B           -2.46822399602541       -2.46822399602541        0.69530988584129
N           -1.41400329433692       -3.15283130336465        1.41400329433693
B           -0.69530988584129       -2.46822399602543        2.46822399602543
N           -1.41400329433693       -1.41400329433693        3.15283130336466
N            0.77667448142707       -0.77667448142707        4.27608493801134
B            0.65533146293557        0.65533146293556        4.08384588642566
N           -0.77667448142706        0.77667448142706        4.27608493801135
B           -0.65533146293556       -0.65533146293557        4.08384588642566
N           -1.41400329433693        1.41400329433693       -3.15283130336463
B           -2.46822399602543        0.69530988584128       -2.46822399602543
N           -3.15283130336464        1.41400329433693       -1.41400329433693
B           -2.46822399602543        2.46822399602543       -0.69530988584128
N           -1.41400329433693        3.15283130336464       -1.41400329433693
B           -0.69530988584128        2.46822399602544       -2.46822399602544
B            2.46822399602543       -2.46822399602543       -0.69530988584128
N            1.41400329433693       -3.15283130336465       -1.41400329433692
B            0.69530988584128       -2.46822399602541       -2.46822399602542
N            1.41400329433693       -1.41400329433693       -3.15283130336465
B            2.46822399602542       -0.69530988584129       -2.46822399602542
N            3.15283130336465       -1.41400329433693       -1.41400329433693
N           -2.54049384417992        2.54049384417992        0.74770283726724
B           -3.19533663705896        1.44503721079383        1.44503721079383
N           -2.54049384417990        0.74770283726723        2.54049384417991
B           -1.44503721079382        1.44503721079383        3.19533663705897
N           -0.74770283726724        2.54049384417990        2.54049384417990
B           -1.44503721079383        3.19533663705897        1.44503721079382
B            0.65533146293556        4.08384588642566        0.65533146293556
N            0.77667448142706        4.27608493801134       -0.77667448142707
B           -0.65533146293557        4.08384588642565       -0.65533146293557
N           -0.77667448142707        4.27608493801134        0.77667448142706
N            2.54049384417992        0.74770283726723       -2.54049384417992
B            1.44503721079383        1.44503721079383       -3.19533663705895
N            0.74770283726725        2.54049384417993       -2.54049384417992
B            1.44503721079383        3.19533663705897       -1.44503721079383
N            2.54049384417991        2.54049384417991       -0.74770283726723
B            3.19533663705896        1.44503721079383       -1.44503721079383
B            1.44503721079383       -1.44503721079383        3.19533663705895
N            0.74770283726723       -2.54049384417993        2.54049384417992
B            1.44503721079383       -3.19533663705897        1.44503721079383
N            2.54049384417992       -2.54049384417993        0.74770283726723
B            3.19533663705896       -1.44503721079383        1.44503721079383
N            2.54049384417992       -0.74770283726723        2.54049384417992
N            1.41400329433692        3.15283130336466        1.41400329433693
B            0.69530988584129        2.46822399602541        2.46822399602541
N            1.41400329433693        1.41400329433693        3.15283130336465
B            2.46822399602543        0.69530988584129        2.46822399602543
N            3.15283130336465        1.41400329433693        1.41400329433693
B            2.46822399602541        2.46822399602541        0.69530988584129
N            4.27608493801134       -0.77667448142707        0.77667448142707
B            4.08384588642565       -0.65533146293557       -0.65533146293556
N            4.27608493801134        0.77667448142706       -0.77667448142706
B            4.08384588642565        0.65533146293556        0.65533146293556
72
 energy: -152.603497700199 gnorm: 0.034416953589 xtb: 6.7.1 (edcfbbe)
B            0.65446101515528       -4.08946153930678       -0.65446101515528
N            0.77923067137179       -4.28192636276351        0.77923067137179
B           -0.65446101515528       -4.08946153930678        0.65446101515528
N           -0.77923067137178       -4.28192636276351       -0.77923067137179
N           -4.28192636276351       -0.77923067137179       -0.77923067137178
B           -4.08946153930678       -0.65446101515528        0.65446101515528
N           -4.28192636276351        0.77923067137179        0.77923067137179
B           -4.08946153930678        0.65446101515528       -0.65446101515528
B           -1.44075450339843       -3.20728251780091       -1.44075450339844
N           -2.53673854841359       -2.53673854841359       -0.74953248347763
B           -3.20728251780091       -1.44075450339844       -1.44075450339843
N           -2.53673854841358       -0.74953248347763       -2.53673854841358
B           -1.44075450339843       -1.44075450339843       -3.20728251780091
N           -0.74953248347763       -2.53673854841358       -2.53673854841359
N            0.77923067137179        0.77923067137179       -4.28192636276351
B            0.65446101515528       -0.65446101515528       -4.08946153930678
N           -0.77923067137179       -0.77923067137179       -4.28192636276351
B           -0.65446101515528        0.65446101515528       -4.08946153930679
B           -2.45980981847209       -0.69117644617728        2.45980981847209
N           -3.16255328815624       -1.40690995522366        1.40690995522367
B           -2.45980981847208       -2.45980981847208        0.69117644617728
N           -1.40690995522366       -3.16255328815624        1.40690995522366
B           -0.69117644617728       -2.45980981847209        2.45980981847208
N           -1.40690995522367       -1.40690995522366        3.16255328815625
N            0.77923067137178       -0.77923067137179        4.28192636276351
B            0.65446101515528        0.65446101515528        4.08946153930678
N           -0.77923067137179        0.77923067137179        4.28192636276351
B           -0.65446101515528       -0.65446101515528        4.08946153930678
N           -1.40690995522366        1.40690995522366       -3.16255328815625
B           -2.45980981847208        0.69117644617728       -2.45980981847208
N           -3.16255328815625        1.40690995522366       -1.40690995522366
B           -2.45980981847208        2.45980981847208       -0.69117644617728
N           -1.40690995522366        3.16255328815625       -1.40690995522367
B           -0.69117644617727        2.45980981847208       -2.45980981847208
B            2.45980981847209       -2.45980981847208       -0.69117644617728
N            1.40690995522366       -3.16255328815624       -1.40690995522366
B            0.69117644617728       -2.45980981847209       -2.45980981847209
N            1.40690995522366       -1.40690995522366       -3.16255328815625
B            2.45980981847208       -0.69117644617728       -2.45980981847208
N            3.16255328815625       -1.40690995522366       -1.40690995522366
N           -2.53673854841359        2.53673854841359        0.74953248347763
B           -3.20728251780091        1.44075450339844        1.44075450339844
N           -2.53673854841359        0.74953248347763        2.53673854841359
B           -1.44075450339843        1.44075450339844        3.20728251780091
N           -0.74953248347762        2.53673854841359        2.53673854841359
B           -1.44075450339844        3.20728251780091        1.44075450339843
B            0.65446101515528        4.08946153930678        0.65446101515528
N            0.77923067137179        4.28192636276351       -0.77923067137179
B           -0.65446101515528        4.08946153930678       -0.65446101515528
N           -0.77923067137179        4.28192636276351        0.77923067137179
N            2.53673854841359        0.74953248347763       -2.53673854841359
B            1.44075450339844        1.44075450339843       -3.20728251780091
N            0.74953248347764        2.53673854841358       -2.53673854841358
B            1.44075450339844        3.20728251780092       -1.44075450339843
N            2.53673854841358        2.53673854841359       -0.74953248347763
B            3.20728251780091        1.44075450339844       -1.44075450339843
B            1.44075450339843       -1.44075450339844        3.20728251780090
N            0.74953248347763       -2.53673854841359        2.53673854841359
B            1.44075450339844       -3.20728251780091        1.44075450339844
N            2.53673854841359       -2.53673854841359        0.74953248347763
B            3.20728251780091       -1.44075450339844        1.44075450339843
N            2.53673854841359       -0.74953248347763        2.53673854841359
N            1.40690995522366        3.16255328815625        1.40690995522366
B            0.69117644617729        2.45980981847209        2.45980981847208
N            1.40690995522366        1.40690995522366        3.16255328815625
B            2.45980981847209        0.69117644617728        2.45980981847209
N            3.16255328815625        1.40690995522366        1.40690995522366
B            2.45980981847208        2.45980981847208        0.69117644617728
N            4.28192636276351       -0.77923067137179        0.77923067137179
B            4.08946153930678       -0.65446101515528       -0.65446101515528
N            4.28192636276351        0.77923067137179       -0.77923067137179
B            4.08946153930678        0.65446101515528        0.65446101515528
72
 energy: -152.604505489867 gnorm: 0.016505325587 xtb: 6.7.1 (edcfbbe)
B            0.65549420221698       -4.08886717734590       -0.65549420221698
N            0.77968373946123       -4.27963750952168        0.77968373946123
B           -0.65549420221698       -4.08886717734590        0.65549420221698
N           -0.77968373946124       -4.27963750952168       -0.77968373946123
N           -4.27963750952167       -0.77968373946124       -0.77968373946123
B           -4.08886717734589       -0.65549420221698        0.65549420221698
N           -4.27963750952167        0.77968373946123        0.77968373946123
B           -4.08886717734590        0.65549420221698       -0.65549420221698
B           -1.44317736644739       -3.20487866133362       -1.44317736644738
N           -2.53946806220666       -2.53946806220666       -0.75163110548210
B           -3.20487866133362       -1.44317736644739       -1.44317736644738
N           -2.53946806220665       -0.75163110548209       -2.53946806220665
B           -1.44317736644738       -1.44317736644738       -3.20487866133361
N           -0.75163110548209       -2.53946806220665       -2.53946806220665
N            0.77968373946123        0.77968373946123       -4.27963750952168
B            0.65549420221698       -0.65549420221698       -4.08886717734589
N           -0.77968373946123       -0.77968373946123       -4.27963750952167
B           -0.65549420221698        0.65549420221698       -4.08886717734590
B           -2.46472205214331       -0.69678144226660        2.46472205214331
N           -3.16319156314257       -1.41077003073980        1.41077003073980
B           -2.46472205214331       -2.46472205214332        0.69678144226660
N           -1.41077003073980       -3.16319156314259        1.41077003073980
B           -0.69678144226660       -2.46472205214330        2.46472205214330
N           -1.41077003073980       -1.41077003073980        3.16319156314258
N            0.77968373946123       -0.77968373946123        4.27963750952168
B            0.65549420221698        0.65549420221698        4.08886717734590
N           -0.77968373946123        0.77968373946123        4.27963750952168
B           -0.65549420221698       -0.65549420221698        4.08886717734590
N           -1.41077003073980        1.41077003073980       -3.16319156314259
B           -2.46472205214330        0.69678144226661       -2.46472205214330
N           -3.16319156314259        1.41077003073980       -1.41077003073980
B           -2.46472205214330        2.46472205214330       -0.69678144226660
N           -1.41077003073980        3.16319156314259       -1.41077003073980
B           -0.69678144226661        2.46472205214330       -2.46472205214330
B            2.46472205214330       -2.46472205214330       -0.69678144226660
N            1.41077003073980       -3.16319156314259       -1.41077003073980
B            0.69678144226660       -2.46472205214331       -2.46472205214331
N            1.41077003073980       -1.41077003073980       -3.16319156314258
B            2.46472205214331       -0.69678144226659       -2.46472205214331
N            3.16319156314258       -1.41077003073979       -1.41077003073980
N           -2.53946806220664        2.53946806220665        0.75163110548209
B           -3.20487866133362        1.44317736644738        1.44317736644738
N           -2.53946806220665        0.75163110548210        2.53946806220665
B           -1.44317736644738        1.44317736644739        3.20487866133362
N           -0.75163110548209        2.53946806220666        2.53946806220666
B           -1.44317736644738        3.20487866133362        1.44317736644738
B            0.65549420221699        4.08886717734589        0.65549420221698
N            0.77968373946124        4.27963750952167       -0.77968373946123
B           -0.65549420221698        4.08886717734590       -0.65549420221698
N           -0.77968373946123        4.27963750952167        0.77968373946124
N            2.53946806220665        0.75163110548210       -2.53946806220665
B            1.44317736644738        1.44317736644739       -3.20487866133363
N            0.75163110548209        2.53946806220665       -2.53946806220665
B            1.44317736644739        3.20487866133362       -1.44317736644738
N            2.53946806220666        2.53946806220666       -0.75163110548210
B            3.20487866133363        1.44317736644739       -1.44317736644738
B            1.44317736644738       -1.44317736644738        3.20487866133363
N            0.75163110548210       -2.53946806220664        2.53946806220664
B            1.44317736644738       -3.20487866133363        1.44317736644738
N            2.53946806220664       -2.53946806220664        0.75163110548210
B            3.20487866133362       -1.44317736644738        1.44317736644738
N            2.53946806220664       -0.75163110548210        2.53946806220665
N            1.41077003073981        3.16319156314257        1.41077003073980
B            0.69678144226660        2.46472205214331        2.46472205214331
N            1.41077003073980        1.41077003073980        3.16319156314259
B            2.46472205214330        0.69678144226660        2.46472205214330
N            3.16319156314259        1.41077003073980        1.41077003073980
B            2.46472205214332        2.46472205214332        0.69678144226660
N            4.27963750952168       -0.77968373946123        0.77968373946123
B            4.08886717734590       -0.65549420221697       -0.65549420221698
N            4.27963750952168        0.77968373946124       -0.77968373946123
B            4.08886717734590        0.65549420221699        0.65549420221698
72
 energy: -152.604701941438 gnorm: 0.008296757490 xtb: 6.7.1 (edcfbbe)
B            0.65603552413922       -4.08925746525884       -0.65603552413920
N            0.78055507953273       -4.27834371044076        0.78055507953272
B           -0.65603552413920       -4.08925746525884        0.65603552413921
N           -0.78055507953271       -4.27834371044076       -0.78055507953271
N           -4.27834371044078       -0.78055507953271       -0.78055507953272
B           -4.08925746525886       -0.65603552413920        0.65603552413921
N           -4.27834371044078        0.78055507953273        0.78055507953272
B           -4.08925746525885        0.65603552413922       -0.65603552413921
B           -1.44287849498758       -3.20303952167998       -1.44287849498759
N           -2.53951683075175       -2.53951683075174       -0.75238104877389
B           -3.20303952168001       -1.44287849498759       -1.44287849498759
N           -2.53951683075176       -0.75238104877390       -2.53951683075176
B           -1.44287849498759       -1.44287849498759       -3.20303952168000
N           -0.75238104877389       -2.53951683075176       -2.53951683075176
N            0.78055507953272        0.78055507953272       -4.27834371044076
B            0.65603552413921       -0.65603552413921       -4.08925746525885
N           -0.78055507953272       -0.78055507953271       -4.27834371044077
B           -0.65603552413921        0.65603552413922       -4.08925746525884
B           -2.46715757407375       -0.69946515950481        2.46715757407375
N           -3.16401968607518       -1.41164157100723        1.41164157100724
B           -2.46715757407374       -2.46715757407373        0.69946515950481
N           -1.41164157100723       -3.16401968607516        1.41164157100725
B           -0.69946515950481       -2.46715757407378        2.46715757407378
N           -1.41164157100724       -1.41164157100725        3.16401968607516
N            0.78055507953272       -0.78055507953273        4.27834371044076
B            0.65603552413921        0.65603552413920        4.08925746525883
N           -0.78055507953271        0.78055507953271        4.27834371044076
B           -0.65603552413920       -0.65603552413922        4.08925746525884
N           -1.41164157100724        1.41164157100725       -3.16401968607515
B           -2.46715757407376        0.69946515950480       -2.46715757407376
N           -3.16401968607516        1.41164157100725       -1.41164157100724
B           -2.46715757407378        2.46715757407377       -0.69946515950480
N           -1.41164157100725        3.16401968607516       -1.41164157100725
B           -0.69946515950480        2.46715757407377       -2.46715757407377
B            2.46715757407379       -2.46715757407379       -0.69946515950481
N            1.41164157100725       -3.16401968607515       -1.41164157100724
B            0.69946515950481       -2.46715757407375       -2.46715757407376
N            1.41164157100724       -1.41164157100724       -3.16401968607518
B            2.46715757407376       -0.69946515950483       -2.46715757407376
N            3.16401968607516       -1.41164157100726       -1.41164157100724
N           -2.53951683075177        2.53951683075178        0.75238104877390
B           -3.20303952168000        1.44287849498760        1.44287849498759
N           -2.53951683075176        0.75238104877389        2.53951683075176
B           -1.44287849498759        1.44287849498759        3.20303952167999
N           -0.75238104877390        2.53951683075176        2.53951683075175
B           -1.44287849498760        3.20303952168001        1.44287849498759
B            0.65603552413919        4.08925746525887        0.65603552413921
N            0.78055507953271        4.27834371044079       -0.78055507953272
B           -0.65603552413922        4.08925746525885       -0.65603552413921
N           -0.78055507953273        4.27834371044078        0.78055507953271
N            2.53951683075177        0.75238104877388       -2.53951683075177
B            1.44287849498760        1.44287849498759       -3.20303952167998
N            0.75238104877391        2.53951683075177       -2.53951683075176
B            1.44287849498759        3.20303952168002       -1.44287849498759
N            2.53951683075174        2.53951683075174       -0.75238104877390
B            3.20303952167999        1.44287849498758       -1.44287849498759
B            1.44287849498760       -1.44287849498760        3.20303952167998
N            0.75238104877390       -2.53951683075179        2.53951683075178
B            1.44287849498761       -3.20303952167999        1.44287849498760
N            2.53951683075179       -2.53951683075179        0.75238104877390
B            3.20303952167999       -1.44287849498761        1.44287849498760
N            2.53951683075178       -0.75238104877390        2.53951683075178
N            1.41164157100723        3.16401968607520        1.41164157100724
B            0.69946515950481        2.46715757407375        2.46715757407374
N            1.41164157100725        1.41164157100724        3.16401968607515
B            2.46715757407378        0.69946515950481        2.46715757407377
N            3.16401968607516        1.41164157100723        1.41164157100724
B            2.46715757407373        2.46715757407374        0.69946515950481
N            4.27834371044077       -0.78055507953273        0.78055507953272
B            4.08925746525884       -0.65603552413922       -0.65603552413921
N            4.27834371044076        0.78055507953270       -0.78055507953272
B            4.08925746525884        0.65603552413920        0.65603552413921
72
 energy: -152.604751957465 gnorm: 0.006125149754 xtb: 6.7.1 (edcfbbe)
B            0.65638550231640       -4.09024984751681       -0.65638550231643
N            0.78085503098473       -4.27767457902886        0.78085503098474
B           -0.65638550231645       -4.09024984751681        0.65638550231641
N           -0.78085503098478       -4.27767457902886       -0.78085503098477
N           -4.27767457902880       -0.78085503098478       -0.78085503098475
B           -4.09024984751674       -0.65638550231645        0.65638550231643
N           -4.27767457902881        0.78085503098473        0.78085503098476
B           -4.09024984751677        0.65638550231640       -0.65638550231642
B           -1.44207695270630       -3.20198554421266       -1.44207695270629
N           -2.53926014600738       -2.53926014600740       -0.75191652546899
B           -3.20198554421259       -1.44207695270630       -1.44207695270628
N           -2.53926014600736       -0.75191652546897       -2.53926014600737
B           -1.44207695270628       -1.44207695270629       -3.20198554421261
N           -0.75191652546899       -2.53926014600737       -2.53926014600735
N            0.78085503098475        0.78085503098475       -4.27767457902885
B            0.65638550231642       -0.65638550231643       -4.09024984751677
N           -0.78085503098475       -0.78085503098477       -4.27767457902883
B           -0.65638550231643        0.65638550231641       -4.09024984751680
B           -2.46788477500458       -0.70064116477714        2.46788477500459
N           -3.16510326725341       -1.41214604510751        1.41214604510749
B           -2.46788477500461       -2.46788477500463        0.70064116477714
N           -1.41214604510752       -3.16510326725348        1.41214604510748
B           -0.70064116477716       -2.46788477500451        2.46788477500452
N           -1.41214604510751       -1.41214604510747        3.16510326725349
N            0.78085503098474       -0.78085503098474        4.27767457902887
B            0.65638550231641        0.65638550231644        4.09024984751682
N           -0.78085503098477        0.78085503098478        4.27767457902887
B           -0.65638550231644       -0.65638550231640        4.09024984751681
N           -1.41214604510750        1.41214604510748       -3.16510326725350
B           -2.46788477500457        0.70064116477715       -2.46788477500457
N           -3.16510326725347        1.41214604510747       -1.41214604510749
B           -2.46788477500453        2.46788477500453       -0.70064116477715
N           -1.41214604510746        3.16510326725346       -1.41214604510748
B           -0.70064116477715        2.46788477500454       -2.46788477500456
B            2.46788477500449       -2.46788477500449       -0.70064116477716
N            1.41214604510746       -3.16510326725349       -1.41214604510750
B            0.70064116477713       -2.46788477500458       -2.46788477500457
N            1.41214604510749       -1.41214604510749       -3.16510326725344
B            2.46788477500457       -0.70064116477710       -2.46788477500457
N            3.16510326725347       -1.41214604510745       -1.41214604510750
N           -2.53926014600732        2.53926014600733        0.75191652546897
B           -3.20198554421261        1.44207695270626        1.44207695270628
N           -2.53926014600735        0.75191652546899        2.53926014600737
B           -1.44207695270629        1.44207695270630        3.20198554421266
N           -0.75191652546898        2.53926014600736        2.53926014600738
B           -1.44207695270625        3.20198554421259        1.44207695270629
B            0.65638550231646        4.09024984751673        0.65638550231644
N            0.78085503098479        4.27767457902879       -0.78085503098474
B           -0.65638550231639        4.09024984751676       -0.65638550231641
N           -0.78085503098472        4.27767457902879        0.78085503098477
N            2.53926014600734        0.75191652546902       -2.53926014600735
B            1.44207695270627        1.44207695270628       -3.20198554421265
N            0.75191652546897        2.53926014600735       -2.53926014600736
B            1.44207695270631        3.20198554421258       -1.44207695270628
N            2.53926014600742        2.53926014600740       -0.75191652546898
B            3.20198554421265        1.44207695270632       -1.44207695270629
B            1.44207695270626       -1.44207695270626        3.20198554421266
N            0.75191652546897       -2.53926014600729        2.53926014600731
B            1.44207695270625       -3.20198554421264        1.44207695270627
N            2.53926014600728       -2.53926014600728        0.75191652546897
B            3.20198554421263       -1.44207695270625        1.44207695270626
N            2.53926014600730       -0.75191652546897        2.53926014600731
N            1.41214604510753        3.16510326725340        1.41214604510750
B            0.70064116477715        2.46788477500458        2.46788477500461
N            1.41214604510748        1.41214604510751        3.16510326725351
B            2.46788477500451        0.70064116477716        2.46788477500453
N            3.16510326725348        1.41214604510752        1.41214604510748
B            2.46788477500465        2.46788477500462        0.70064116477715
N            4.27767457902885       -0.78085503098472        0.78085503098474
B            4.09024984751680       -0.65638550231638       -0.65638550231644
N            4.27767457902885        0.78085503098479       -0.78085503098476
B            4.09024984751680        0.65638550231646        0.65638550231641
72
 energy: -152.604797106378 gnorm: 0.003513210071 xtb: 6.7.1 (edcfbbe)
B            0.65696501534397       -4.09180812206377       -0.65696501534381
N            0.78099549825777       -4.27680417398667        0.78099549825772
B           -0.65696501534375       -4.09180812206377        0.65696501534391
N           -0.78099549825755       -4.27680417398663       -0.78099549825760
N           -4.27680417398687       -0.78099549825757       -0.78099549825767
B           -4.09180812206402       -0.65696501534377        0.65696501534385
N           -4.27680417398686        0.78099549825775        0.78099549825765
B           -4.09180812206396        0.65696501534395       -0.65696501534387
B           -1.44072580170774       -3.20081173638914       -1.44072580170779
N           -2.53825594021729       -2.53825594021722       -0.75127472732498
B           -3.20081173638939       -1.44072580170778       -1.44072580170785
N           -2.53825594021737       -0.75127472732501       -2.53825594021735
B           -1.44072580170784       -1.44072580170783       -3.20081173638929
N           -0.75127472732495       -2.53825594021734       -2.53825594021738
N            0.78099549825768        0.78099549825769       -4.27680417398672
B            0.65696501534387       -0.65696501534383       -4.09180812206390
N           -0.78099549825765       -0.78099549825762       -4.27680417398675
B           -0.65696501534385        0.65696501534390       -4.09180812206383
B           -2.46873632446313       -0.70135576219323        2.46873632446308
N           -3.16645914971174       -1.41315971216811        1.41315971216818
B           -2.46873632446302       -2.46873632446295        0.70135576219324
N           -1.41315971216808       -3.16645914971148        1.41315971216825
B           -0.70135576219316       -2.46873632446339        2.46873632446336
N           -1.41315971216813       -1.41315971216827        3.16645914971145
N            0.78099549825773       -0.78099549825774        4.27680417398661
B            0.65696501534393        0.65696501534378        4.09180812206372
N           -0.78099549825759        0.78099549825758        4.27680417398660
B           -0.65696501534379       -0.65696501534394        4.09180812206373
N           -1.41315971216817        1.41315971216822       -3.16645914971148
B           -2.46873632446317        0.70135576219321       -2.46873632446314
N           -3.16645914971160        1.41315971216826       -1.41315971216820
B           -2.46873632446328        2.46873632446327       -0.70135576219321
N           -1.41315971216829        3.16645914971163       -1.41315971216823
B           -0.70135576219320        2.46873632446324       -2.46873632446318
B            2.46873632446345       -2.46873632446345       -0.70135576219317
N            1.41315971216830       -3.16645914971146       -1.41315971216814
B            0.70135576219326       -2.46873632446312       -2.46873632446314
N            1.41315971216819       -1.41315971216818       -3.16645914971163
B            2.46873632446317       -0.70135576219334       -2.46873632446315
N            3.16645914971152       -1.41315971216834       -1.41315971216814
N           -2.53825594021748        2.53825594021747        0.75127472732500
B           -3.20081173638935        1.44072580170792        1.44072580170786
N           -2.53825594021739        0.75127472732499        2.53825594021733
B           -1.44072580170779        1.44072580170777        3.20081173638914
N           -0.75127472732502        2.53825594021736        2.53825594021728
B           -1.44072580170795        3.20081173638939        1.44072580170783
B            0.65696501534374        4.09180812206406        0.65696501534382
N            0.78099549825754        4.27680417398692       -0.78099549825770
B           -0.65696501534398        4.09180812206400       -0.65696501534390
N           -0.78099549825778        4.27680417398690        0.78099549825762
N            2.53825594021742        0.75127472732488       -2.53825594021741
B            1.44072580170788        1.44072580170786       -3.20081173638921
N            0.75127472732501        2.53825594021743       -2.53825594021738
B            1.44072580170776        3.20081173638945       -1.44072580170788
N            2.53825594021716        2.53825594021723       -0.75127472732503
B            3.20081173638917        1.44072580170771       -1.44072580170782
B            1.44072580170793       -1.44072580170794        3.20081173638915
N            0.75127472732506       -2.53825594021762        2.53825594021759
B            1.44072580170797       -3.20081173638922        1.44072580170792
N            2.53825594021767       -2.53825594021766        0.75127472732505
B            3.20081173638925       -1.44072580170798        1.44072580170792
N            2.53825594021761       -0.75127472732506        2.53825594021756
N            1.41315971216808        3.16645914971177        1.41315971216814
B            0.70135576219320        2.46873632446310        2.46873632446302
N            1.41315971216825        1.41315971216812        3.16645914971140
B            2.46873632446337        0.70135576219315        2.46873632446333
N            3.16645914971148        1.41315971216806        1.41315971216822
B            2.46873632446288        2.46873632446296        0.70135576219319
N            4.27680417398670       -0.78099549825779        0.78099549825771
B            4.09180812206381       -0.65696501534400       -0.65696501534381
N            4.27680417398666        0.78099549825752       -0.78099549825762
B            4.09180812206379        0.65696501534373        0.65696501534390
72
 energy: -152.604812901988 gnorm: 0.002114095850 xtb: 6.7.1 (edcfbbe)
B            0.65732734541132       -4.09280924001255       -0.65732734541175
N            0.78083905417306       -4.27627069645321        0.78083905417319
B           -0.65732734541188       -4.09280924001254        0.65732734541145
N           -0.78083905417363       -4.27627069645330       -0.78083905417350
N           -4.27627069645264       -0.78083905417355       -0.78083905417333
B           -4.09280924001187       -0.65732734541181        0.65732734541163
N           -4.27627069645267        0.78083905417315        0.78083905417338
B           -4.09280924001201        0.65732734541140       -0.65732734541157
B           -1.43985872004619       -3.19988704457472       -1.43985872004608
N           -2.53758078067086       -2.53758078067103       -0.74995527700928
B           -3.19988704457406       -1.43985872004608       -1.43985872004593
N           -2.53758078067065       -0.74995527700923       -2.53758078067072
B           -1.43985872004594       -1.43985872004597       -3.19988704457436
N           -0.74995527700935       -2.53758078067072       -2.53758078067063
N            0.78083905417333        0.78083905417328       -4.27627069645303
B            0.65732734541159       -0.65732734541167       -4.09280924001220
N           -0.78083905417336       -0.78083905417343       -4.27627069645296
B           -0.65732734541162        0.65732734541151       -4.09280924001235
B           -2.46874185742927       -0.70208919776279        2.46874185742940
N           -3.16750010564513       -1.41396521628811        1.41396521628795
B           -2.46874185742955       -2.46874185742970        0.70208919776277
N           -1.41396521628819       -3.16750010564580        1.41396521628776
B           -0.70208919776299       -2.46874185742856        2.46874185742864
N           -1.41396521628808       -1.41396521628770        3.16750010564592
N            0.78083905417317       -0.78083905417314        4.27627069645337
B            0.65732734541143        0.65732734541180        4.09280924001271
N           -0.78083905417352        0.78083905417356        4.27627069645341
B           -0.65732734541178       -0.65732734541139        4.09280924001267
N           -1.41396521628795        1.41396521628785       -3.16750010564572
B           -2.46874185742920        0.70208919776282       -2.46874185742928
N           -3.16750010564542        1.41396521628775       -1.41396521628790
B           -2.46874185742897        2.46874185742898       -0.70208919776283
N           -1.41396521628770        3.16750010564535       -1.41396521628783
B           -0.70208919776283        2.46874185742905       -2.46874185742919
B            2.46874185742845       -2.46874185742844       -0.70208919776295
N            1.41396521628763       -3.16750010564583       -1.41396521628806
B            0.70208919776270       -2.46874185742929       -2.46874185742925
N            1.41396521628792       -1.41396521628794       -3.16750010564541
B            2.46874185742919       -0.70208919776257       -2.46874185742922
N            3.16750010564572       -1.41396521628756       -1.41396521628806
N           -2.53758078067042        2.53758078067044        0.74995527700923
B           -3.19988704457414        1.43985872004575        1.43985872004593
N           -2.53758078067060        0.74995527700927        2.53758078067076
B           -1.43985872004607        1.43985872004612        3.19988704457479
N           -0.74995527700919        2.53758078067068        2.53758078067088
B           -1.43985872004570        3.19988704457406        1.43985872004599
B            0.65732734541187        4.09280924001178        0.65732734541170
N            0.78083905417361        4.27627069645253       -0.78083905417326
B           -0.65732734541133        4.09280924001192       -0.65732734541150
N           -0.78083905417308        4.27627069645258        0.78083905417344
N            2.53758078067057        0.74995527700949       -2.53758078067057
B            1.43985872004587        1.43985872004590       -3.19988704457452
N            0.74995527700923        2.53758078067052       -2.53758078067065
B            1.43985872004613        3.19988704457394       -1.43985872004586
N            2.53758078067117        2.53758078067098       -0.74995527700918
B            3.19988704457468        1.43985872004627       -1.43985872004603
B            1.43985872004572       -1.43985872004569        3.19988704457473
N            0.74995527700908       -2.53758078066998        2.53758078067008
B            1.43985872004562       -3.19988704457455        1.43985872004573
N            2.53758078066991       -2.53758078066991        0.74995527700912
B            3.19988704457449       -1.43985872004559        1.43985872004575
N            2.53758078067003       -0.74995527700905        2.53758078067014
N            1.41396521628817        3.16750010564504        1.41396521628802
B            0.70208919776286        2.46874185742934        2.46874185742954
N            1.41396521628775        1.41396521628812        3.16750010564601
B            2.46874185742862        0.70208919776302        2.46874185742872
N            3.16750010564580        1.41396521628823        1.41396521628781
B            2.46874185742986        2.46874185742967        0.70208919776286
N            4.27627069645315       -0.78083905417303        0.78083905417321
B            4.09280924001247       -0.65732734541126       -0.65732734541173
N            4.27627069645324        0.78083905417369       -0.78083905417347
B            4.09280924001250        0.65732734541192        0.65732734541148
72
 energy: -152.604817517222 gnorm: 0.001468917947 xtb: 6.7.1 (edcfbbe)
B            0.65748237190547       -4.09296074541777       -0.65748237190466
N            0.78068566624877       -4.27624325235600        0.78068566624857
B           -0.65748237190445       -4.09296074541778        0.65748237190526
N           -0.78068566624775       -4.27624325235584       -0.78068566624795
N           -4.27624325235716       -0.78068566624794       -0.78068566624830
B           -4.09296074541909       -0.65748237190464        0.65748237190490
N           -4.27624325235711        0.78068566624857        0.78068566624821
B           -4.09296074541890        0.65748237190527       -0.65748237190501
B           -1.43962651558844       -3.19977103550081       -1.43962651558863
N           -2.53719119923280       -2.53719119923248       -0.74991700596011
B           -3.19977103550211       -1.43962651558867       -1.43962651558894
N           -2.53719119923313       -0.74991700596016       -2.53719119923299
B           -1.43962651558890       -1.43962651558886       -3.19977103550155
N           -0.74991700595995       -2.53719119923302       -2.53719119923317
N            0.78068566624828        0.78068566624836       -4.27624325235647
B            0.65748237190497       -0.65748237190485       -4.09296074541850
N           -0.78068566624824       -0.78068566624814       -4.27624325235656
B           -0.65748237190494        0.65748237190508       -4.09296074541830
B           -2.46873271321334       -0.70176958595750        2.46873271321307
N           -3.16767541074552       -1.41436469567683        1.41436469567706
B           -2.46873271321285       -2.46873271321258        0.70176958595753
N           -1.41436469567663       -3.16767541074423        1.41436469567744
B           -0.70176958595710       -2.46873271321465        2.46873271321453
N           -1.41436469567682       -1.41436469567752        3.16767541074398
N            0.78068566624859       -0.78068566624864        4.27624325235571
B            0.65748237190528        0.65748237190458        4.09296074541747
N           -0.78068566624793        0.78068566624787        4.27624325235560
B           -0.65748237190463       -0.65748237190534        4.09296074541752
N           -1.41436469567709        1.41436469567721       -3.16767541074458
B           -2.46873271321338        0.70176958595746       -2.46873271321324
N           -3.16767541074512        1.41436469567738       -1.41436469567715
B           -2.46873271321366        2.46873271321365       -0.70176958595743
N           -1.41436469567746        3.16767541074524       -1.41436469567725
B           -0.70176958595745        2.46873271321359       -2.46873271321335
B            2.46873271321482       -2.46873271321484       -0.70176958595718
N            1.41436469567765       -3.16767541074421       -1.41436469567684
B            0.70176958595767       -2.46873271321326       -2.46873271321333
N            1.41436469567713       -1.41436469567708       -3.16767541074500
B            2.46873271321342       -0.70176958595780       -2.46873271321339
N            3.16767541074435       -1.41436469567774       -1.41436469567687
N           -2.53719119923341        2.53719119923339        0.74991700596019
B           -3.19977103550199        1.43962651558919        1.43962651558892
N           -2.53719119923324        0.74991700596012        2.53719119923291
B           -1.43962651558864        1.43962651558857        3.19977103550064
N           -0.74991700596022        2.53719119923311        2.53719119923271
B           -1.43962651558927        3.19977103550215        1.43962651558882
B            0.65748237190455        4.09296074541926        0.65748237190480
N            0.78068566624786        4.27624325235735       -0.78068566624840
B           -0.65748237190536        4.09296074541906       -0.65748237190511
N           -0.78068566624866        4.27624325235728        0.78068566624811
N            2.53719119923323        0.74991700595981       -2.53719119923326
B            1.43962651558899        1.43962651558897       -3.19977103550135
N            0.74991700596017        2.53719119923330       -2.53719119923307
B            1.43962651558860        3.19977103550231       -1.43962651558903
N            2.53719119923227        2.53719119923262       -0.74991700596025
B            3.19977103550091        1.43962651558834       -1.43962651558871
B            1.43962651558931       -1.43962651558937        3.19977103550084
N            0.74991700596049       -2.53719119923440        2.53719119923424
B            1.43962651558948       -3.19977103550113        1.43962651558930
N            2.53719119923450       -2.53719119923451        0.74991700596042
B            3.19977103550122       -1.43962651558953        1.43962651558926
N            2.53719119923431       -0.74991700596055        2.53719119923413
N            1.41436469567674        3.16767541074568        1.41436469567695
B            0.70176958595740        2.46873271321320        2.46873271321283
N            1.41436469567744        1.41436469567676        3.16767541074388
B            2.46873271321455        0.70176958595704        2.46873271321439
N            3.16767541074425        1.41436469567657        1.41436469567736
B            2.46873271321233        2.46873271321265        0.70176958595738
N            4.27624325235610       -0.78068566624883        0.78068566624853
B            4.09296074541790       -0.65748237190554       -0.65748237190470
N            4.27624325235594        0.78068566624767       -0.78068566624801
B            4.09296074541784        0.65748237190439        0.65748237190520
72
 energy: -152.604819556051 gnorm: 0.001117163087 xtb: 6.7.1 (edcfbbe)
B            0.65755565625446       -4.09279441530100       -0.65755565625692
N            0.78058698495145       -4.27634934267689        0.78058698495200
B           -0.65755565625749       -4.09279441530100        0.65755565625503
N           -0.78058698495451       -4.27634934267739       -0.78058698495396
N           -4.27634934267304       -0.78058698495379       -0.78058698495286
B           -4.09279441529669       -0.65755565625680        0.65755565625613
N           -4.27634934267317        0.78058698495218        0.78058698495312
B           -4.09279441529719        0.65755565625516       -0.65755565625583
B           -1.43958302780463       -3.19973924775154       -1.43958302780410
N           -2.53698168777823       -2.53698168777921       -0.74962566001890
B           -3.19973924774731       -1.43958302780382       -1.43958302780313
N           -2.53698168777743       -0.74962566001870       -2.53698168777786
B           -1.43958302780323       -1.43958302780332       -3.19973924774904
N           -0.74962566001938       -2.53698168777766       -2.53698168777720
N            0.78058698495294        0.78058698495275       -4.27634934267508
B            0.65755565625597       -0.65755565625622       -4.09279441529848
N           -0.78058698495301       -0.78058698495327       -4.27634934267488
B           -0.65755565625602        0.65755565625569       -4.09279441529901
B           -2.46870580294929       -0.70191561953090        2.46870580295021
N           -3.16779239435672       -1.41457414873005        1.41457414872946
B           -2.46870580295068       -2.46870580295151        0.70191561953088
N           -1.41457414873076       -3.16779239436093        1.41457414872829
B           -0.70191561953220       -2.46870580294521        2.46870580294558
N           -1.41457414873023       -1.41457414872807        3.16779239436170
N            0.78058698495195       -0.78058698495180        4.27634934267777
B            0.65755565625499        0.65755565625713        4.09279441530194
N           -0.78058698495399        0.78058698495416        4.27634934267818
B           -0.65755565625698       -0.65755565625482        4.09279441530183
N           -1.41457414872938        1.41457414872909       -3.16779239435943
B           -2.46870580294936        0.70191561953110       -2.46870580294981
N           -3.16779239435781        1.41457414872863       -1.41457414872922
B           -2.46870580294885        2.46870580294883       -0.70191561953122
N           -1.41457414872844        3.16779239435742       -1.41457414872898
B           -0.70191561953112        2.46870580294890       -2.46870580294960
B            2.46870580294481       -2.46870580294478       -0.70191561953196
N            1.41457414872772       -3.16779239436092       -1.41457414873020
B            0.70191561953045       -2.46870580294958       -2.46870580294935
N            1.41457414872926       -1.41457414872940       -3.16779239435830
B            2.46870580294923       -0.70191561953016       -2.46870580294921
N            3.16779239436059       -1.41457414872748       -1.41457414873009
N           -2.53698168777688        2.53698168777689        0.74962566001858
B           -3.19973924774762        1.43958302780250        1.43958302780319
N           -2.53698168777698        0.74962566001892        2.53698168777809
B           -1.43958302780408        1.43958302780427        3.19973924775220
N           -0.74962566001863        2.53698168777733        2.53698168777865
B           -1.43958302780231        3.19973924774714        1.43958302780343
B            0.65755565625703        4.09279441529616        0.65755565625639
N            0.78058698495401        4.27634934267249       -0.78058698495261
B           -0.65755565625495        4.09279441529670       -0.65755565625558
N           -0.78058698495196        4.27634934267265        0.78058698495336
N            2.53698168777720        0.74962566001967       -2.53698168777701
B            1.43958302780301        1.43958302780308       -3.19973924774950
N            0.74962566001869        2.53698168777704       -2.53698168777771
B            1.43958302780402        3.19973924774675       -1.43958302780290
N            2.53698168777979        2.53698168777872       -0.74962566001855
B            3.19973924775128        1.43958302780487       -1.43958302780391
B            1.43958302780199       -1.43958302780182        3.19973924775142
N            0.74962566001770       -2.53698168777337        2.53698168777383
B            1.43958302780151       -3.19973924775057        1.43958302780201
N            2.53698168777313       -2.53698168777310        0.74962566001794
B            3.19973924775030       -1.43958302780135        1.43958302780212
N            2.53698168777364       -0.74962566001752        2.53698168777416
N            1.41457414873029        3.16779239435624        1.41457414872973
B            0.70191561953117        2.46870580294968        2.46870580295088
N            1.41457414872827        1.41457414873041        3.16779239436193
B            2.46870580294550        0.70191561953238        2.46870580294597
N            3.16779239436082        1.41457414873094        1.41457414872850
B            2.46870580295221        2.46870580295123        0.70191561953122
N            4.27634934267660       -0.78058698495128        0.78058698495212
B            4.09279441530068       -0.65755565625426       -0.65755565625681
N            4.27634934267711        0.78058698495472       -0.78058698495380
B            4.09279441530079        0.65755565625766        0.65755565625519
72
 energy: -152.604821249937 gnorm: 0.000649611685 xtb: 6.7.1 (edcfbbe)
B            0.65767274345074       -4.09263547571143       -0.65767274344080
N            0.78054147374900       -4.27635577132973        0.78054147374702
B           -0.65767274343877       -4.09263547571137        0.65767274344868
N           -0.78054147373687       -4.27635577132764       -0.78054147373888
N           -4.27635577134648       -0.78054147374016       -0.78054147374335
B           -4.09263547573007       -0.65767274344194        0.65767274344420
N           -4.27635577134602        0.78054147374564        0.78054147374247
B           -4.09263547572807        0.65767274344750       -0.65767274344522
B           -1.43939990673121       -3.19946104918859       -1.43939990673313
N           -2.53687519830663       -2.53687519830252       -0.74950396701037
B           -3.19946104920686       -1.43939990673483       -1.43939990673708
N           -2.53687519830893       -0.74950396701155       -2.53687519830715
B           -1.43939990673670       -1.43939990673665       -3.19946104919992
N           -0.74950396700850       -2.53687519830839       -2.53687519831043
N            0.78054147374306        0.78054147374363       -4.27635577133855
B            0.65767274344479       -0.65767274344398       -4.09263547572298
N           -0.78054147374281       -0.78054147374205       -4.27635577133919
B           -0.65767274344460        0.65767274344560       -4.09263547572091
B           -2.46883374840872       -0.70210643699850        2.46883374840466
N           -3.16813343288659       -1.41485391151593        1.41485391151790
B           -2.46883374840355       -2.46883374840009        0.70210643699838
N           -1.41485391151272       -3.16813343286844        1.41485391152268
B           -0.70210643699305       -2.46883374842556        2.46883374842411
N           -1.41485391151466       -1.41485391152353        3.16813343286534
N            0.78054147374712       -0.78054147374774        4.27635577132623
B            0.65767274344879        0.65767274344004        4.09263547570768
N           -0.78054147373881        0.78054147373816        4.27635577132436
B           -0.65767274344067       -0.65767274344945        4.09263547570804
N           -1.41485391151815        1.41485391151900       -3.16813343287585
B           -2.46883374840771        0.70210643699717       -2.46883374840582
N           -3.16813343288226        1.41485391152066       -1.41485391151864
B           -2.46883374840876        2.46883374840890       -0.70210643699670
N           -1.41485391152131        3.16813343288391       -1.41485391151943
B           -0.70210643699715        2.46883374840903       -2.46883374840632
B            2.46883374842675       -2.46883374842684       -0.70210643699392
N            1.41485391152478       -3.16813343286854       -1.41485391151476
B            0.70210643700010       -2.46883374840731       -2.46883374840844
N            1.41485391151865       -1.41485391151822       -3.16813343288029
B            2.46883374840842       -0.70210643700097       -2.46883374840884
N            3.16813343286977       -1.41485391152556       -1.41485391151514
N           -2.53687519831020        2.53687519831028        0.74950396701202
B           -3.19946104920571        1.43939990673918        1.43939990673697
N           -2.53687519831130        0.74950396701014        2.53687519830646
B           -1.43939990673324        1.43939990673249        3.19946104918573
N           -0.74950396701118        2.53687519830998        2.53687519830436
B           -1.43939990673987        3.19946104920771        1.43939990673618
B            0.65767274344115        4.09263547573219        0.65767274344333
N            0.78054147373942        4.27635577134868       -0.78054147374419
B           -0.65767274344825        4.09263547573009       -0.65767274344607
N           -0.78054147374641        4.27635577134815        0.78054147374163
N            2.53687519830981        0.74950396700761       -2.53687519831097
B            1.43939990673757        1.43939990673720       -3.19946104919846
N            0.74950396701155        2.53687519831010       -2.53687519830748
B            1.43939990673415        3.19946104920900       -1.43939990673787
N            2.53687519830036        2.53687519830482       -0.74950396701156
B            3.19946104918963        1.43939990673039       -1.43939990673377
B            1.43939990674186       -1.43939990674253        3.19946104918940
N            0.74950396701525       -2.53687519832613        2.53687519832440
B            1.43939990674362       -3.19946104919268        1.43939990674181
N            2.53687519832687       -2.53687519832695        0.74950396701439
B            3.19946104919376       -1.43939990674419        1.43939990674140
N            2.53687519832508       -0.74950396701598        2.53687519832313
N            1.41485391151509        3.16813343288849        1.41485391151697
B            0.70210643699750        2.46883374840722        2.46883374840218
N            1.41485391152275        1.41485391151395        3.16813343286457
B            2.46883374842439        0.70210643699233        2.46883374842258
N            3.16813343286899        1.41485391151206        1.41485391152196
B            2.46883374839748        2.46883374840145        0.70210643699726
N            4.27635577133087       -0.78054147374961        0.78054147374658
B            4.09263547571267       -0.65767274345146       -0.65767274344125
N            4.27635577132876        0.78054147373616       -0.78054147373944
B            4.09263547571228        0.65767274343815        0.65767274344811
72
 energy: -152.604822338539 gnorm: 0.000232292810 xtb: 6.7.1 (edcfbbe)
B            0.65763430513445       -4.09253847935085       -0.65763430513613
N            0.78055647581350       -4.27630530537681        0.78055647581388
B           -0.65763430513673       -4.09253847935125        0.65763430513521
N           -0.78055647581599       -4.27630530537525       -0.78055647581519
N           -4.27630530537597       -0.78055647581509       -0.78055647581518
B           -4.09253847935286       -0.65763430513645        0.65763430513593
N           -4.27630530537559        0.78055647581474        0.78055647581429
B           -4.09253847935171        0.65763430513597       -0.65763430513662
B           -1.43907858831141       -3.19918348020832       -1.43907858831105
N           -2.53667820224888       -2.53667820224895       -0.74926430490992
B           -3.19918348020781       -1.43907858830964       -1.43907858830940
N           -2.53667820224851       -0.74926430491074       -2.53667820224863
B           -1.43907858831044       -1.43907858831032       -3.19918348020870
N           -0.74926430491113       -2.53667820224927       -2.53667820224933
N            0.78055647581417        0.78055647581518       -4.27630530537587
B            0.65763430513556       -0.65763430513573       -4.09253847935263
N           -0.78055647581534       -0.78055647581444       -4.27630530537618
B           -0.65763430513663        0.65763430513640       -4.09253847935192
B           -2.46922700391397       -0.70247925865551        2.46922700391348
N           -3.16848959818143       -1.41512385331100        1.41512385331050
B           -2.46922700391555       -2.46922700391541        0.70247925865568
N           -1.41512385330910       -3.16848959817709        1.41512385330879
B           -0.70247925865125       -2.46922700390802        2.46922700390779
N           -1.41512385330850       -1.41512385330857        3.16848959817633
N            0.78055647581399       -0.78055647581373        4.27630530537660
B            0.65763430513520        0.65763430513638        4.09253847935075
N           -0.78055647581518        0.78055647581550        4.27630530537487
B           -0.65763430513607       -0.65763430513487        4.09253847935066
N           -1.41512385331020        1.41512385330991       -3.16848959817925
B           -2.46922700391327        0.70247925865472       -2.46922700391367
N           -3.16848959817962        1.41512385330990       -1.41512385331061
B           -2.46922700391302        2.46922700391288       -0.70247925865570
N           -1.41512385331001        3.16848959817971       -1.41512385331053
B           -0.70247925865502        2.46922700391284       -2.46922700391348
B            2.46922700390791       -2.46922700390800       -0.70247925865124
N            1.41512385330799       -3.16848959817630       -1.41512385330845
B            0.70247925865456       -2.46922700391358       -2.46922700391410
N            1.41512385330964       -1.41512385330986       -3.16848959818022
B            2.46922700391315       -0.70247925865481       -2.46922700391389
N            3.16848959817638       -1.41512385330805       -1.41512385330840
N           -2.53667820224771        2.53667820224770        0.74926430490980
B           -3.19918348020762        1.43907858830943        1.43907858830931
N           -2.53667820224851        0.74926430491024        2.53667820224847
B           -1.43907858831100        1.43907858831112        3.19918348020792
N           -0.74926430490990        2.53667820224834        2.53667820224835
B           -1.43907858830909        3.19918348020736        1.43907858830910
B            0.65763430513670        4.09253847935300        0.65763430513630
N            0.78055647581527        4.27630530537582       -0.78055647581491
B           -0.65763430513585        4.09253847935158       -0.65763430513640
N           -0.78055647581460        4.27630530537553        0.78055647581456
N            2.53667820224887        0.74926430491093       -2.53667820224902
B            1.43907858831020        1.43907858831041       -3.19918348020846
N            0.74926430491045        2.53667820224816       -2.53667820224832
B            1.43907858830919        3.19918348020733       -1.43907858830882
N            2.53667820224856        2.53667820224851       -0.74926430490926
B            3.19918348020785        1.43907858831113       -1.43907858831056
B            1.43907858831476       -1.43907858831470        3.19918348021304
N            0.74926430491546       -2.53667820225128        2.53667820225122
B            1.43907858831461       -3.19918348021317        1.43907858831460
N            2.53667820225130       -2.53667820225132        0.74926430491539
B            3.19918348021302       -1.43907858831442        1.43907858831447
N            2.53667820225115       -0.74926430491531        2.53667820225112
N            1.41512385331143        3.16848959818198        1.41512385331106
B            0.70247925865583        2.46922700391430        2.46922700391392
N            1.41512385330888        1.41512385330877        3.16848959817656
B            2.46922700390812        0.70247925865140        2.46922700390796
N            3.16848959817748        1.41512385330940        1.41512385330923
B            2.46922700391595        2.46922700391606        0.70247925865628
N            4.27630530537677       -0.78055647581338        0.78055647581404
B            4.09253847935077       -0.65763430513429       -0.65763430513598
N            4.27630530537508        0.78055647581622       -0.78055647581494
B            4.09253847935132        0.65763430513694        0.65763430513550
72
 energy: -152.604822435273 gnorm: 0.000065713769 xtb: 6.7.1 (edcfbbe)
B            0.65762072452797       -4.09247487000192       -0.65762072452889
N            0.78055745277390       -4.27632625328163        0.78055745277402
B           -0.65762072452906       -4.09247487000203        0.65762072452813
N           -0.78055745277526       -4.27632625328178       -0.78055745277513
N           -4.27632625328100       -0.78055745277479       -0.78055745277463
B           -4.09247487000074       -0.65762072452914        0.65762072452895
N           -4.27632625328076        0.78055745277438        0.78055745277455
B           -4.09247487000063        0.65762072452865       -0.65762072452881
B           -1.43907205281859       -3.19917653419015       -1.43907205281861
N           -2.53663068942315       -2.53663068942312       -0.74926581693476
B           -3.19917653418933       -1.43907205281774       -1.43907205281800
N           -2.53663068942341       -0.74926581693453       -2.53663068942365
B           -1.43907205281801       -1.43907205281776       -3.19917653418992
N           -0.74926581693509       -2.53663068942325       -2.53663068942355
N            0.78055745277451        0.78055745277454       -4.27632625328143
B            0.65762072452880       -0.65762072452886       -4.09247487000135
N           -0.78055745277464       -0.78055745277463       -4.27632625328160
B           -0.65762072452878        0.65762072452870       -4.09247487000134
B           -2.46919731254579       -0.70249843578025        2.46919731254635
N           -3.16855918048050       -1.41517977909603        1.41517977909605
B           -2.46919731254559       -2.46919731254599        0.70249843578014
N           -1.41517977909516       -3.16855918048071        1.41517977909525
B           -0.70249843578100       -2.46919731254755        2.46919731254779
N           -1.41517977909504       -1.41517977909505        3.16855918048104
N            0.78055745277402       -0.78055745277398        4.27632625328211
B            0.65762072452808        0.65762072452895        4.09247487000249
N           -0.78055745277513        0.78055745277516        4.27632625328219
B           -0.65762072452890       -0.65762072452805        4.09247487000244
N           -1.41517977909561        1.41517977909555       -3.16855918048078
B           -2.46919731254663        0.70249843578035       -2.46919731254687
N           -3.16855918048050        1.41517977909557       -1.41517977909579
B           -2.46919731254654        2.46919731254653       -0.70249843578058
N           -1.41517977909558        3.16855918048050       -1.41517977909579
B           -0.70249843578040        2.46919731254656       -2.46919731254687
B            2.46919731254720       -2.46919731254717       -0.70249843578095
N            1.41517977909492       -3.16855918048060       -1.41517977909509
B            0.70249843577999       -2.46919731254589       -2.46919731254579
N            1.41517977909567       -1.41517977909570       -3.16855918048072
B            2.46919731254585       -0.70249843578000       -2.46919731254580
N            3.16855918048064       -1.41517977909490       -1.41517977909512
N           -2.53663068942306        2.53663068942305        0.74926581693433
B           -3.19917653418915        1.43907205281766        1.43907205281760
N           -2.53663068942316        0.74926581693479        2.53663068942327
B           -1.43907205281840        1.43907205281843        3.19917653419032
N           -0.74926581693465        2.53663068942310        2.53663068942329
B           -1.43907205281758        3.19917653418902        1.43907205281760
B            0.65762072452926        4.09247487000063        0.65762072452907
N            0.78055745277486        4.27632625328088       -0.78055745277456
B           -0.65762072452861        4.09247487000047       -0.65762072452878
N           -0.78055745277432        4.27632625328064        0.78055745277461
N            2.53663068942316        0.74926581693512       -2.53663068942349
B            1.43907205281768        1.43907205281796       -3.19917653418986
N            0.74926581693450        2.53663068942331       -2.53663068942358
B            1.43907205281773        3.19917653418917       -1.43907205281790
N            2.53663068942309        2.53663068942308       -0.74926581693457
B            3.19917653419005        1.43907205281860       -1.43907205281854
B            1.43907205281706       -1.43907205281700        3.19917653418988
N            0.74926581693471       -2.53663068942317        2.53663068942338
B            1.43907205281698       -3.19917653418954        1.43907205281714
N            2.53663068942306       -2.53663068942303        0.74926581693476
B            3.19917653418950       -1.43907205281688        1.43907205281713
N            2.53663068942321       -0.74926581693460        2.53663068942342
N            1.41517977909618        3.16855918048051        1.41517977909623
B            0.70249843578033        2.46919731254587        2.46919731254653
N            1.41517977909512        1.41517977909508        3.16855918048112
B            2.46919731254773        0.70249843578107        2.46919731254801
N            3.16855918048078        1.41517977909525        1.41517977909540
B            2.46919731254609        2.46919731254564        0.70249843578024
N            4.27632625328161       -0.78055745277385        0.78055745277404
B            4.09247487000185       -0.65762072452792       -0.65762072452888
N            4.27632625328174        0.78055745277533       -0.78055745277509
B            4.09247487000200        0.65762072452915        0.65762072452820
