118
 energy: -222.893664690055 gnorm: 0.103051705610 xtb: 6.7.1pre (5071a88)
C            1.43616100000000       -6.20526000000000        8.97358200000000
N            0.14854000000000       -6.31227300000000        9.64478500000000
C            0.04996500000000       -5.44204700000000       10.81743800000000
C           -0.09967000000000       -3.97834300000000       10.47363700000000
C            0.98259700000000       -3.09823400000000       10.60680800000000
C            0.84615200000000       -1.74660300000000       10.27488500000000
C           -0.37577200000000       -1.25095300000000        9.80735600000000
C           -0.52772000000000        0.15269500000000        9.45677500000000
C            0.45766800000000        1.06184500000000        8.92697500000000
C           -0.01822400000000        2.34074000000000        9.17336100000000
N           -1.38364600000000        2.17726700000000        9.31581300000000
C           -1.50690500000000        0.97872800000000        9.99197000000000
C           -2.38832600000000        0.93058500000000       11.20193200000000
C           -1.64357300000000        1.47402700000000       12.46277000000000
N           -0.53504300000000        2.39397200000000       12.18007600000000
C           -0.75832000000000        3.67147900000000       11.70073800000000
O           -1.78506800000000        4.31247700000000       11.88502200000000
C            0.30116200000000        4.22034000000000       10.79847600000000
C            0.91031100000000        5.42306500000000       11.17584200000000
C            1.90599300000000        5.97712900000000       10.37042800000000
C            2.28492800000000        5.33541000000000        9.18975700000000
C            1.66040600000000        4.14882800000000        8.80311200000000
F            2.04810500000000        3.56960800000000        7.65665300000000
C            0.64951600000000        3.57951200000000        9.57853700000000
C           -1.45622500000000       -2.12958700000000        9.66677100000000
C           -1.32055600000000       -3.48082600000000        9.99736100000000
H            2.26114600000000       -6.43489300000000        9.65570500000000
H            1.59417500000000       -5.21358200000000        8.53896900000000
H            1.47720200000000       -6.93241800000000        8.15642600000000
H           -0.59300900000000       -6.07225800000000        8.98863500000000
H           -0.83028700000000       -5.74664600000000       11.39747100000000
H            0.90323000000000       -5.59912300000000       11.48939900000000
H            1.94284600000000       -3.46134900000000       10.96661000000000
H            1.70249200000000       -1.08798900000000       10.39323400000000
H            1.47954300000000        0.80455900000000        8.67674800000000
H           -2.00510400000000        2.95735400000000        9.48911600000000
H           -3.27394300000000        1.55406400000000       11.02342000000000
H           -2.75792300000000       -0.08090600000000       11.39783500000000
H           -1.20083500000000        0.63186800000000       13.00640600000000
H           -2.35763200000000        1.96831500000000       13.13030300000000
H            0.30205200000000        1.93469100000000       11.83999100000000
H            0.61015600000000        5.92230100000000       12.09500500000000
H            2.38621600000000        6.90855600000000       10.66199600000000
H            3.06167100000000        5.75712900000000        8.55800300000000
H           -2.41027000000000       -1.76859900000000        9.28911200000000
H           -2.17419900000000       -4.14465800000000        9.87906600000000
B            3.45918000000000       -1.45456900000000        1.62803700000000
N            3.45640000000000        1.12990400000000        0.94004000000000
B            2.53992000000000        2.36249900000000       -1.26104700000000
N            2.29306700000000       -0.64163700000000       -2.73060300000000
B            0.69053400000000       -3.56106900000000        2.70270900000000
N           -2.93972400000000       -2.65477300000000        1.70947600000000
B           -1.03820200000000        4.08509600000000        1.83123800000000
N           -0.61934700000000        0.01765100000000       -3.94190400000000
B           -0.47371000000000        1.44532400000000       -4.09173000000000
N            1.20955900000000       -3.78679600000000       -1.73940500000000
B           -3.84450000000000        2.20944000000000       -0.49372200000000
N           -2.77286400000000        2.76356200000000       -1.21183300000000
B            1.40572500000000        0.81809100000000       -4.88931100000000
N           -0.23578900000000        3.36421500000000        2.83354400000000
B            0.89832000000000       -2.87979800000000       -2.81384900000000
N           -0.49183300000000        3.76657800000000       -1.01011900000000
B           -0.80599600000000        2.18226900000000        3.28187400000000
N            1.65611000000000       -1.27443300000000        3.50362200000000
B           -0.24848400000000        3.46993700000000       -2.37986300000000
N            1.30870300000000        0.06889800000000        3.81698100000000
B           -1.59744100000000       -0.55993400000000       -3.08468900000000
N           -3.83249600000000        1.77684200000000        0.83162400000000
B            0.33760200000000        4.49599400000000        1.18389400000000
N            0.04325600000000       -0.01395500000000        4.45665300000000
B           -2.70883700000000        2.22675100000000        1.60124200000000
N            3.77272800000000       -0.13262400000000       -0.76554100000000
B           -2.25338100000000       -3.63941200000000        1.00848200000000
N            1.05581800000000        3.73339800000000        2.23573400000000
B           -1.82562000000000       -0.77746000000000        3.21984000000000
N           -2.43676800000000       -3.60188000000000       -0.45077300000000
B            3.01865800000000       -1.07367000000000       -1.50276800000000
N           -3.15796000000000       -1.25259200000000       -0.38432100000000
B            2.03465600000000        2.92232600000000        1.56172200000000
N           -0.50744700000000       -2.90014800000000       -2.43279500000000
B           -1.67354800000000       -2.11288200000000       -2.49162100000000
N            0.59013500000000        3.96458300000000       -0.11022500000000
B            1.09031400000000        2.95964900000000       -3.18248900000000
N            0.07735000000000       -4.35923000000000        1.72128900000000
B           -1.78403400000000        3.45238400000000       -0.40822000000000
N           -2.01352000000000        3.41851500000000        1.03155300000000
B            1.46587800000000       -4.21214800000000        1.49913800000000
N           -0.79798700000000        1.06415300000000        4.19458100000000
B           -2.66624200000000       -2.40209600000000       -1.17525600000000
N           -1.07438800000000       -4.48433500000000        0.99123500000000
B           -2.50371000000000        0.49137000000000       -2.10914300000000
N            2.35272800000000       -3.88733500000000        0.45310300000000
B            3.91232700000000       -0.20235700000000        0.72592600000000
N            1.92854800000000        1.95700900000000       -2.46507700000000
B            1.00118400000000        2.25435100000000       -4.62250700000000
N           -4.18601600000000        0.82900500000000       -0.34753800000000
B           -1.33888100000000        2.45365800000000       -3.11487000000000
N           -2.35964900000000        1.93260500000000       -2.30584100000000
B            3.07306300000000       -2.64548300000000        0.60111100000000
N            2.33521300000000       -3.67367000000000       -0.97087600000000
B            2.21786300000000        0.54580300000000        2.80840700000000
N           -2.02642300000000        0.61191200000000        3.60149200000000
B           -1.10174900000000       -4.18378700000000       -0.44100700000000
N           -3.21814400000000        0.04165400000000       -0.95856600000000
B            3.44775200000000        1.25859300000000       -0.51406500000000
N            2.58208500000000        1.63297700000000        1.93645400000000
B            1.47205400000000       -1.55500100000000       -3.51561000000000
N           -2.10260100000000        1.75419400000000        2.76079900000000
B            2.04076500000000        0.71192100000000       -3.21148300000000
N           -2.72091500000000       -1.34169900000000        2.32056700000000
B            0.65864800000000       -0.53887500000000       -4.48693700000000
N           -0.16866400000000       -3.75942100000000       -1.35647200000000
B            0.48556000000000       -2.10563400000000        3.43376400000000
N           -0.58725300000000       -1.20503300000000        3.82448800000000
B           -3.22437300000000       -1.45141100000000        1.00032000000000
N            2.67132400000000       -0.85552900000000        2.62113500000000
B            1.87855700000000        3.33934800000000       -0.10642700000000
N            2.87691100000000       -2.33178300000000       -0.79356300000000
118
 energy: -222.920451228392 gnorm: 0.052163385024 xtb: 6.7.1pre (5071a88)
C            1.43309567674086       -6.19810029025115        8.96743258476432
N            0.15783847223336       -6.31022013119105        9.65530440171145
C            0.03991628837630       -5.43568519151910       10.81830220926668
C           -0.09829773257067       -3.96932032243909       10.47857435132754
C            0.97956391917388       -3.09723346568052       10.60123415227284
C            0.85022131277594       -1.75746486242125       10.27061260049753
C           -0.36386122138712       -1.25376205108131        9.81040275201882
C           -0.51767892670824        0.16758429951030        9.51713125692809
C            0.47359096117039        1.07392911362826        8.98685782927065
C           -0.00638467496495        2.36053771667919        9.14207777561958
N           -1.35898061714578        2.22004146985490        9.44008973658199
C           -1.55800076267771        0.95607462949487        9.98387759570454
C           -2.42830958392925        0.90580596422991       11.19140534088371
C           -1.64910465829719        1.45810178016577       12.43838107604991
N           -0.55908465786109        2.38200150267962       12.12504357630562
C           -0.78567086597560        3.64366946602680       11.63507786672677
O           -1.78339383952977        4.29583861290143       11.88605731654450
C            0.30637756680755        4.21346341260041       10.76838767236004
C            0.91779822155988        5.40358125849793       11.15638801545943
C            1.90760393915288        5.96874151677476       10.36340519291242
C            2.29895684776874        5.34198774990352        9.18972958067660
C            1.67559505168384        4.17088073712398        8.79301270496748
F            2.06131515130472        3.58668688083798        7.64785331279695
C            0.65270772277433        3.59901365816848        9.53824787065746
C           -1.44124392761731       -2.13092580530742        9.66831844949852
C           -1.30807782661098       -3.47090392615316        9.99862030888190
H            2.24275141823177       -6.42911262938643        9.66152627930446
H            1.60765281915778       -5.20373147996669        8.53842177774230
H            1.46659502548009       -6.93218415547463        8.15951937663666
H           -0.58701517848443       -6.08081843451570        9.00084656325966
H           -0.84260577830864       -5.75630702691250       11.38625006761903
H            0.90923239868231       -5.59737178977308       11.46458833448359
H            1.93105337919228       -3.46284910711930       10.96660646487923
H            1.69802396384497       -1.09632108786297       10.39297974119891
H            1.47238710755206        0.80387416958767        8.68922793376086
H           -1.97576587189181        2.99971399103386        9.61040531798688
H           -3.29707430665982        1.54740682694266       11.02086869330978
H           -2.77284617292596       -0.10398619913911       11.40917126182338
H           -1.19975587860070        0.62992175050208       12.99383919573819
H           -2.34899262147600        1.97287107205138       13.10295191875209
H            0.28812486927569        1.93048911416180       11.80802552596628
H            0.61193202846610        5.89192049338707       12.07391300650330
H            2.37872305571748        6.89644000452171       10.65957752795055
H            3.06899631092928        5.76464014848576        8.56169269731410
H           -2.39077987578003       -1.76602705919171        9.29592396477948
H           -2.15794044104996       -4.13450601013970        9.88406312860339
B            3.45880184323977       -1.45431463885571        1.62826230437878
N            3.45592776511297        1.12978491839969        0.94011930666349
B            2.53981784728755        2.36242700358168       -1.26091437949652
N            2.29315754108796       -0.64167228113029       -2.73068451676086
B            0.69051817319254       -3.56079600063438        2.70286801505892
N           -2.93970641309876       -2.65476187597358        1.70962537234500
B           -1.03816043996590        4.08490354125908        1.83160223148609
N           -0.61951987839335        0.01761288917252       -3.94200165260690
B           -0.47355118041860        1.44533291498602       -4.09144565107782
N            1.20962737235020       -3.78688054887179       -1.73939556637557
B           -3.84435723460490        2.20947275008272       -0.49350273091493
N           -2.77284693018046        2.76362317734480       -1.21173768866572
B            1.40564877508688        0.81813106010074       -4.88927294711891
N           -0.23573692011937        3.36410388593550        2.83348600970506
B            0.89837063153585       -2.87971780805459       -2.81374252579758
N           -0.49171135904809        3.76654605251229       -1.01006702074337
B           -0.80581522057583        2.18257047585581        3.28320998067437
N            1.65587842614744       -1.27420791618151        3.50374215933405
B           -0.24835595514537        3.46982349808812       -2.37975849262721
N            1.30816030346277        0.06878886018336        3.81718368057615
B           -1.59748551873828       -0.56001474941188       -3.08464656053242
N           -3.83244127046448        1.77674724605819        0.83180794621576
B            0.33755163772992        4.49579416140599        1.18407121006830
N            0.04325797071259       -0.01382260437196        4.45733349458381
B           -2.70851757311069        2.22654489085844        1.60157300106787
N            3.77273313430519       -0.13265291143397       -0.76554698339636
B           -2.25324058602680       -3.63918420133944        1.00844083458658
N            1.05549158933191        3.73318300224480        2.23556894016544
B           -1.82529469593168       -0.77724251733781        3.22009615071535
N           -2.43678994778677       -3.60192120424010       -0.45076424090245
B            3.01863581673472       -1.07362849442775       -1.50270474761433
N           -3.15783315594369       -1.25256109113399       -0.38422694568597
B            2.03465451179445        2.92234847221100        1.56221824478724
N           -0.50745322755442       -2.90025091375682       -2.43285899955814
B           -1.67357249919653       -2.11299786310009       -2.49172571617032
N            0.59030350937462        3.96462236909806       -0.11023622223836
B            1.09044684066115        2.95974726087405       -3.18255889813559
N            0.07738205088457       -4.35924612226615        1.72154941739715
B           -1.78383719766668        3.45218888428720       -0.40795022555140
N           -2.01357714127281        3.41842830556195        1.03169394003518
B            1.46590222766925       -4.21199294130251        1.49930956134258
N           -0.79776649433457        1.06403690700979        4.19510140027095
B           -2.66612851989828       -2.40203606312543       -1.17518733024685
N           -1.07441844074418       -4.48442178626540        0.99132174781316
B           -2.50355255053899        0.49143620728979       -2.10906997443236
N            2.35268543704343       -3.88726061671669        0.45322543862897
B            3.91206147769756       -0.20232414185645        0.72609406681232
N            1.92855824035184        1.95700489297277       -2.46506402233904
B            1.00116540621903        2.25440215483521       -4.62257065310778
N           -4.18592918925103        0.82901036720514       -0.34733598408523
B           -1.33887269386675        2.45375001836429       -3.11482263497300
N           -2.35967660282731        1.93268023740412       -2.30581344306781
B            3.07299182321197       -2.64529941811721        0.60124428018967
N            2.33532691926988       -3.67373799864132       -0.97080720415324
B            2.21795815562094        0.54637489434361        2.80973971389656
N           -2.02616426152061        0.61190205667379        3.60188285751212
B           -1.10166712867358       -4.18367403926147       -0.44090337129066
N           -3.21804569803847        0.04164555319510       -0.95855452051780
B            3.44763460572248        1.25857693433845       -0.51385740673634
N            2.58177982257966        1.63281306578047        1.93662224612570
B            1.47206190448658       -1.55492926962677       -3.51561116672653
N           -2.10240420560282        1.75412740442330        2.76116544539823
B            2.04075346829862        0.71195421215362       -3.21145319847234
N           -2.72083604110719       -1.34155954607740        2.32075933733161
B            0.65859066966165       -0.53879945733541       -4.48689538770697
N           -0.16865823813995       -3.75945908435173       -1.35648840964113
B            0.48549871604234       -2.10544201738090        3.43418200387401
N           -0.58720796818705       -1.20475433850804        3.82492472768658
B           -3.22405568262776       -1.45124239988791        1.00046076415102
N            2.67103207625518       -0.85535516197843        2.62138002768192
B            1.87860048471501        3.33913593196578       -0.10607879336004
N            2.87701479812422       -2.33180374932845       -0.79351595402940
118
 energy: -222.929263155874 gnorm: 0.037447513367 xtb: 6.7.1pre (5071a88)
C            1.42988361569885       -6.18946443819490        8.96520959436326
N            0.16089369310180       -6.30600982668750        9.65870334520547
C            0.03413442242225       -5.43115338608860       10.81750832417130
C           -0.09469255198212       -3.96436249978015       10.47908720597356
C            0.98380095249310       -3.09965944374635       10.59599097818293
C            0.86026022045047       -1.76427978753191       10.27028723187866
C           -0.35124961316391       -1.24918509751569        9.82195840117084
C           -0.49932763254194        0.18507420134688        9.58001872083130
C            0.48324938362492        1.07541710742338        9.04617626211094
C           -0.00413776470289        2.36248219590313        9.14458581720065
N           -1.32938984766709        2.24702243221683        9.55076591759026
C           -1.58003205128209        0.95431838007300        9.98858056608354
C           -2.46402591763139        0.89158178831038       11.18036065230947
C           -1.65781990391619        1.45137962868553       12.41193705961125
N           -0.57819686377557        2.36757224386963       12.06859621757388
C           -0.79861294654488        3.63123235803266       11.60224111153223
O           -1.79361779947867        4.27083844023179       11.87217844429446
C            0.30166211273332        4.20995620526411       10.73941321952709
C            0.91433759669145        5.39035540515216       11.13267585187382
C            1.90966995206443        5.96042379300609       10.35616431332025
C            2.30899950636617        5.34945225055400        9.18173100517847
C            1.68348031449843        4.18665646123844        8.77924373079784
F            2.07096439117892        3.59783922290701        7.63392523384220
C            0.65343474966030        3.60806490815325        9.50946295610333
C           -1.42918503019646       -2.12316018173687        9.67715415738389
C           -1.29766717034514       -3.45953079759389        9.99820708728102
H            2.23079175229257       -6.42343393393218        9.66675021352589
H            1.61663877035362       -5.19396164316650        8.53942173962187
H            1.45357809788922       -6.92454652846257        8.16150252239612
H           -0.59043923967016       -6.09349513896116        9.00654905036424
H           -0.85240569992497       -5.76053095961971       11.37143920284686
H            0.91141455793219       -5.59644507649126       11.44981237432468
H            1.92879627086341       -3.47111183275946       10.96526506368980
H            1.70458776299355       -1.10238695899274       10.39047458460620
H            1.46001477715379        0.79709000020798        8.69561308634302
H           -1.94427520962337        3.02627090733256        9.71068586050432
H           -3.32953915684616        1.53368930033176       11.01920927436104
H           -2.78886538535323       -0.11942984268058       11.40992982008178
H           -1.20427950799269        0.62578455153814       12.96282115444536
H           -2.34494048215617        1.98016632252217       13.07698952075991
H            0.27439721322735        1.92114749524399       11.76241668309812
H            0.61187911137940        5.85977025211679       12.05712090496945
H            2.37690134511949        6.88270634559138       10.66311416201062
H            3.08370449337223        5.76939569931007        8.56214481722663
H           -2.37295174178040       -1.75192442945074        9.30466206986202
H           -2.14589229297650       -4.12236695702168        9.88746338353231
B            3.45838621007989       -1.45398130427763        1.62880596043749
N            3.45519131985046        1.12967728646785        0.94039921048624
B            2.53974728676208        2.36247965690373       -1.26060687716397
N            2.29326268766604       -0.64157386545440       -2.73060280998473
B            0.69044195483879       -3.56040204788884        2.70319919357424
N           -2.93957947211944       -2.65461088513436        1.71000945586450
B           -1.03805384821928        4.08476652178560        1.83214282358908
N           -0.61959859590647        0.01768007431775       -3.94202457437326
B           -0.47344748338288        1.44542463875078       -4.09128581619746
N            1.20973944630365       -3.78684603160665       -1.73926218462850
B           -3.84405562317480        2.20952677430927       -0.49301290735125
N           -2.77272492201725        2.76372716666519       -1.21143574430657
B            1.40560133882427        0.81828274378442       -4.88911101951738
N           -0.23572070419595        3.36402967861271        2.83368411957305
B            0.89846434909770       -2.87955537019101       -2.81355124536402
N           -0.49153806966661        3.76662124873814       -1.00983739637700
B           -0.80558214191379        2.18298273831367        3.28490771030049
N            1.65549450265476       -1.27384760883163        3.50399533864080
B           -0.24820245944388        3.46993336316249       -2.37951611513428
N            1.30772337350376        0.06887090870370        3.81767037830545
B           -1.59748284217659       -0.55995184263927       -3.08456900300702
N           -3.83221308839239        1.77663538402632        0.83226172519126
B            0.33753826599099        4.49573901580519        1.18442142938514
N            0.04332210023054       -0.01359894076624        4.45847345896336
B           -2.70808298167760        2.22638342473566        1.60218048287079
N            3.77271059747703       -0.13257223587720       -0.76531833401730
B           -2.25302119346101       -3.63883925454693        1.00857520673043
N            1.05509707101034        3.73298927376527        2.23557130495665
B           -1.82494825852353       -0.77699374159439        3.22068443703071
N           -2.43671866602246       -3.60183238918347       -0.45055434801611
B            3.01866674784240       -1.07347386362469       -1.50249927220421
N           -3.15744233807955       -1.25240631412511       -0.38392507872156
B            2.03467139757847        2.92251815793612        1.56285890119317
N           -0.50739187095982       -2.90023345612750       -2.43277466934666
B           -1.67349710029323       -2.11292649180160       -2.49163242104870
N            0.59051631690096        3.96486829286866       -0.11007870198338
B            1.09058425244017        2.95993446204790       -3.18244909952539
N            0.07739692407178       -4.35914261983343        1.72201834252226
B           -1.78355714223952        3.45206506943673       -0.40750342813538
N           -2.01345593331466        3.41828551417117        1.03203349576085
B            1.46588370966287       -4.21165201701457        1.49966175165143
N           -0.79766969530573        1.06409576567817        4.19612913456564
B           -2.66593926337721       -2.40187359163879       -1.17495986308680
N           -1.07440153170340       -4.48439774693056        0.99157903738039
B           -2.50338893827230        0.49156603027451       -2.10888310758777
N            2.35255453690983       -3.88699318983925        0.45352852781129
B            3.91168771960783       -0.20221646657742        0.72651206420950
N            1.92868642564512        1.95714102948605       -2.46492628508528
B            1.00120067094611        2.25457435684301       -4.62247056169861
N           -4.18567559801004        0.82905769583132       -0.34684519820198
B           -1.33869776794722        2.45383707231242       -3.11454926973507
N           -2.35959221692530        1.93281134562725       -2.30559265429005
B            3.07278832236045       -2.64492031797834        0.60156496881874
N            2.33543996340570       -3.67366563662092       -0.97055648889821
B            2.21793487933350        0.54703884966170        2.81115020227862
N           -2.02595718601275        0.61199725776978        3.60260700898150
B           -1.10151832087181       -4.18348830800506       -0.44064176691067
N           -3.21777513436502        0.04173886766174       -0.95833469121508
B            3.44745449489136        1.25864242504524       -0.51344151640538
N            2.58144912538960        1.63280727448544        1.93701828225149
B            1.47211683590719       -1.55473636982992       -3.51548760410805
N           -2.10223081028138        1.75429779243907        2.76196758344860
B            2.04085510419102        0.71212022326978       -3.21131301148784
N           -2.72060906943177       -1.34130209779991        2.32121795979806
B            0.65857904242490       -0.53865953996188       -4.48682141435676
N           -0.16862428641009       -3.75949610944289       -1.35643044576532
B            0.48535051276717       -2.10521146922909        3.43485695063290
N           -0.58731126141341       -1.20455419616291        3.82603029561199
B           -3.22342774730121       -1.45091145551520        1.00080011818670
N            2.67082150373154       -0.85507214601468        2.62200300066047
B            1.87871906258500        3.33923252524748       -0.10564345152599
N            2.87710625591961       -2.33169312102052       -0.79330237886114
118
 energy: -222.931044414730 gnorm: 0.018643158079 xtb: 6.7.1pre (5071a88)
C            1.42592838532259       -6.18143012105303        8.96241866956519
N            0.15832909479145       -6.30296853742238        9.65539338153035
C            0.02956813178074       -5.43022667554792       10.81499395239552
C           -0.09128539253633       -3.96295096096432       10.48010114603233
C            0.99284210810716       -3.10435481044042       10.59518223437161
C            0.87270526340193       -1.76609282134353       10.27873009524229
C           -0.34131933059817       -1.24248531986060        9.84350345246845
C           -0.48641504394797        0.19153603790591        9.61425861977387
C            0.49114424176491        1.07262718351694        9.08067692430831
C           -0.00967960627181        2.35753475170920        9.15213888092092
N           -1.31429397194628        2.24324334572312        9.58174946787008
C           -1.57902200679888        0.96114397755186        9.99227541572375
C           -2.48059915180020        0.88821612649292       11.17211256250138
C           -1.66726568029732        1.45267342552264       12.39880049681248
N           -0.58533733240380        2.35646825977126       12.04202192574352
C           -0.80316633959542        3.62461437781827       11.58823564282483
O           -1.79540916379393        4.26384943129398       11.87458045392270
C            0.29537112444762        4.20792419982079       10.72173198407982
C            0.91358151784466        5.38146168138989       11.12185877385627
C            1.91186703178225        5.95478379981589       10.35185168800930
C            2.31200412363118        5.35226856748531        9.17261531822029
C            1.68043925698165        4.19403426534005        8.76363221896693
F            2.07240343671768        3.60583422249634        7.61718037798468
C            0.64725528303195        3.61222642257603        9.49026307768970
C           -1.42116740568984       -2.11183250925216        9.69262325602803
C           -1.29245997969317       -3.45043525172876       10.00243750066893
H            2.22472824036824       -6.41870416740410        9.66538277509575
H            1.61624342306586       -5.18380047159149        8.54200492187288
H            1.44703119516464       -6.91227315303975        8.15587937260648
H           -0.59814460705466       -6.10270406814952        9.00581253238166
H           -0.86036207471148       -5.75932218684718       11.36195926392244
H            0.90622107423516       -5.59896212841085       11.44609269051637
H            1.93696896873759       -3.48380054371879       10.95868670059846
H            1.72035702380815       -1.10730216129118       10.39259813520318
H            1.46053436609612        0.79451879108552        8.71881700485338
H           -1.93358445737213        3.02198135099294        9.72954608223541
H           -3.35409616944443        1.51835171229125       11.01063976449147
H           -2.79704628643404       -0.12582523067287       11.40206811536925
H           -1.21515636619533        0.62307230013048       12.94255878412900
H           -2.34663664991092        1.99031644842864       13.06323625590892
H            0.25985724807072        1.90562538456849       11.72477315949525
H            0.61085172566112        5.84117994076665       12.05003262419249
H            2.38303606328809        6.87082130795213       10.67068350909937
H            3.09522441246177        5.76968685207440        8.56102990217270
H           -2.36216302425925       -1.73238181015661        9.32252917667729
H           -2.14141749096246       -4.11110748164827        9.88908705010457
B            3.45802824803835       -1.45354825813490        1.62966142214506
N            3.45451834030206        1.12976092645654        0.94105152308959
B            2.53980489240644        2.36282495363373       -1.26000965393802
N            2.29336116086494       -0.64122071836075       -2.73015612763413
B            0.69036134699081       -3.55991609357432        2.70391323175820
N           -2.93928284410176       -2.65423380142106        1.71071466132350
B           -1.03790025508855        4.08485582577837        1.83294384027676
N           -0.61954081110973        0.01793635928883       -3.94172520684576
B           -0.47327565733467        1.44569815955418       -4.09080053129332
N            1.20990776210292       -3.78659354685362       -1.73880809209564
B           -3.84363149325577        2.20968078484463       -0.49218126893191
N           -2.77245975903027        2.76394312550751       -1.21076693459252
B            1.40566308174495        0.81863530956211       -4.88865748541778
N           -0.23569040322068        3.36420197641535        2.83446490812889
B            0.89862806206304       -2.87924931734496       -2.81308064920830
N           -0.49130865644078        3.76691607198940       -1.00924685384977
B           -0.80543710503723        2.18346894836025        3.28656426141383
N            1.65514155548958       -1.27338640502282        3.50467135328823
B           -0.24797936539076        3.47023323720482       -2.37893332727265
N            1.30749708221642        0.06922219233104        3.81857854056136
B           -1.59735757454083       -0.55970945361309       -3.08419904642934
N           -3.83177192947546        1.77661650952061        0.83305118110921
B            0.33759340985401        4.49597436896922        1.18510969036563
N            0.04336904587291       -0.01320956374717        4.45994267581311
B           -2.70761323106271        2.22638586172323        1.60307127285044
N            3.77262951378787       -0.13227007496885       -0.76467192924182
B           -2.25275913204149       -3.63840691100661        1.00910594905618
N            1.05490023884417        3.73309199210605        2.23613169641320
B           -1.82471134940077       -0.77666031862267        3.22173127870109
N           -2.43649289322387       -3.60150412562205       -0.44998001476383
B            3.01868130801931       -1.07311349205068       -1.50196283062207
N           -3.15681029904395       -1.25205456458847       -0.38328144555822
B            2.03469355672980        2.92286849686121        1.56369595857926
N           -0.50724732747851       -2.90006045588226       -2.43238854860501
B           -1.67332806677354       -2.11270339524490       -2.49124772703288
N            0.59073531905766        3.96533735389468       -0.10950567614277
B            1.09077874633360        2.96033464141374       -3.18199945412910
N            0.07743092675636       -4.35880873785218        1.72278416547275
B           -1.78322250514960        3.45216376712499       -0.40678736158356
N           -2.01312448310420        3.41823810776228        1.03272456604824
B            1.46586967017117       -4.21112186713414        1.50036616139195
N           -0.79775568597236        1.06444183215491        4.19758665157611
B           -2.66560284193551       -2.40153382443613       -1.17441331119449
N           -1.07427827053527       -4.48413265268478        0.99216543976813
B           -2.50314789724590        0.49185522488750       -2.10841000848874
N            2.35242805619321       -3.88650670847528        0.45416853317046
B            3.91137824576580       -0.20194226702590        0.72726009469404
N            1.92888680570136        1.95754511515982       -2.46444853103282
B            1.00132490081044        2.25494344100655       -4.62202007847518
N           -4.18525048752658        0.82921969211079       -0.34605133613219
B           -1.33846777989085        2.45411903889243       -3.11396647717850
N           -2.35939394708756        1.93310893977233       -2.30503785787764
B            3.07253415270891       -2.64435951694505        0.60219748084896
N            2.33554187280038       -3.67335719374070       -0.96995758679339
B            2.21783715306703        0.54762295166512        2.81241456089838
N           -2.02589084713189        0.61229743282428        3.60372668009359
B           -1.10129333085410       -4.18318387029639       -0.44006973931804
N           -3.21730812823106        0.04202094171869       -0.95775076988009
B            3.44728757333990        1.25891695892189       -0.51271869356597
N            2.58121033061714        1.63306822835732        1.93780795319164
B            1.47222923057800       -1.55437238870241       -3.51503242490925
N           -2.10210298562877        1.75470455756576        2.76318023192749
B            2.04098327769226        0.71251612140625       -3.21084109455015
N           -2.72022554980988       -1.34090977438764        2.32202393293474
B            0.65867515248611       -0.53835520480962       -4.48646557081181
N           -0.16850175612648       -3.75937602542531       -1.35605877138672
B            0.48521734423004       -2.10490009341429        3.43594531984470
N           -0.58744471260319       -1.20431181294725        3.82766359374782
B           -3.22266261887704       -1.45041934498536        1.00146662575188
N            2.67067407588563       -0.85465402764575        2.62299133507473
B            1.87887174758914        3.33962206836319       -0.10496478802693
N            2.87711558481404       -2.33134246210652       -0.79274690493316
118
 energy: -222.931569143394 gnorm: 0.004692888203 xtb: 6.7.1pre (5071a88)
C            1.42242126322377       -6.17206058161856        8.95786885255263
N            0.15567118541901       -6.30024839464570        9.65019707376524
C            0.02614520767889       -5.43070908346487       10.81221154958753
C           -0.08831548866122       -3.96222466845146       10.48262382136986
C            1.00135822268705       -3.10852396534490       10.59621546982790
C            0.88444298667424       -1.76720675588528       10.28681358093773
C           -0.33181620621513       -1.23813679348375        9.86067494870439
C           -0.47819326340406        0.19179617404000        9.62650940714507
C            0.49671569344133        1.07015826273636        9.09270241958389
C           -0.01551785771211        2.35274793166383        9.15140591447499
N           -1.30802152805947        2.23715163963390        9.58226801315340
C           -1.57772136918226        0.96497882088777        9.98313205822554
C           -2.48569253832691        0.88605433666369       11.16031811335445
C           -1.67710215017099        1.45595795875059       12.38947375117442
N           -0.58694297602089        2.35067828614219       12.03968425199472
C           -0.79873312248628        3.62325550545023       11.59145376962448
O           -1.79032705962451        4.26230554208000       11.87833766677942
C            0.29356162045444        4.20365166288565       10.71406304590414
C            0.91322937897949        5.37586346123099       11.11610721882757
C            1.91415310320646        5.94840924173554       10.34883350609181
C            2.31060592569997        5.35029039444848        9.16520590632468
C            1.67478844878130        4.19472699902114        8.75188232881595
F            2.06481990757395        3.61356872335955        7.59994749657894
C            0.64396943579761        3.60983502501881        9.48011546103838
C           -1.41523397469297       -2.10224032923556        9.71037411379366
C           -1.28992819860585       -3.44325678197813       10.01195123591143
H            2.22198347904740       -6.41352535776192        9.65888560854643
H            1.61144387990940       -5.17086172957211        8.54530817098114
H            1.44440785348468       -6.89573338834373        8.14491766714884
H           -0.60462766789135       -6.10786332658772        9.00334502525382
H           -0.86711138382466       -5.75702433534605       11.35472999674008
H            0.89910830905740       -5.60463353241666       11.44674577904187
H            1.94682088363941       -3.49553179126484       10.94977982534679
H            1.73620527186369       -1.11228420643136       10.39730466679232
H            1.46711124701953        0.79457889891643        8.73817961337125
H           -1.93119593642114        3.01562504382536        9.72323333800690
H           -3.36819463344553        1.50432776333047       10.99672932424097
H           -2.79751573475030       -0.13062084840271       11.38759382755735
H           -1.23315143218371        0.62275961955086       12.93398066741939
H           -2.35507124885157        2.00039092510363       13.04836132954907
H            0.24903460472073        1.89216795523825       11.70769649448581
H            0.61172580850629        5.83025264575990       12.04730477136776
H            2.39109257180379        6.85901947560810       10.67589378817550
H            3.09715111939959        5.76760558626434        8.55680516743302
H           -2.35544467980613       -1.71489951002369        9.34585393428599
H           -2.14051324203772       -4.10133171494573        9.89525627123138
B            3.45770487749706       -1.45321691803680        1.63084015612401
N            3.45387276822836        1.12978997605649        0.94206450622787
B            2.53992984526990        2.36318931479671       -1.25901978657951
N            2.29341388838211       -0.64088208509731       -2.72927824977894
B            0.69024850744282       -3.55955143673418        2.70502711074378
N           -2.93895734861598       -2.65393155641535        1.71175905545368
B           -1.03775338311299        4.08490155961793        1.83405683405616
N           -0.61942604783565        0.01815131702939       -3.94102966861333
B           -0.47309688274529        1.44592673233468       -4.08996898181623
N            1.21006366659963       -3.78638462188083       -1.73798301049559
B           -3.84321404095909        2.20973882199583       -0.49103560492881
N           -2.77217562272138        2.76406407734283       -1.20974233590996
B            1.40577900067941        0.81894268334610       -4.88779657171896
N           -0.23568597664886        3.36434832615071        2.83572201913199
B            0.89878930872031       -2.87901053753138       -2.81224361286765
N           -0.49110078162591        3.76722957776838       -1.00828298701875
B           -0.80536351264173        2.18380685422596        3.28832039562234
N            1.65474500675501       -1.27302519936813        3.50565395411839
B           -0.24776471903571        3.47053364623444       -2.37798206804305
N            1.30726158050067        0.06951953563423        3.81976538861113
B           -1.59719117933023       -0.55951357065746       -3.08346058516781
N           -3.83129199621150        1.77649723803135        0.83414910592245
B            0.33764838524594        4.49624111725156        1.18617250471488
N            0.04335564142557       -0.01288512706000        4.46167859018149
B           -2.70715823463092        2.22630312162215        1.60421668617336
N            3.77251541906832       -0.13201243359091       -0.76362686773839
B           -2.25252242429694       -3.63811559166841        1.01002732975664
N            1.05475922143614        3.73321471929707        2.23715170811319
B           -1.82458034659272       -0.77641890737287        3.22314073191145
N           -2.43624286729823       -3.60124634358651       -0.44903278862445
B            3.01864578310304       -1.07280315806879       -1.50102273263024
N           -3.15619713809136       -1.25179913463931       -0.38229318703707
B            2.03467383804957        2.92315277291845        1.56483664268635
N           -0.50710376464140       -2.89995036112080       -2.43162361360626
B           -1.67313180659276       -2.11251547853427       -2.49044787219106
N            0.59091989875434        3.96581841082726       -0.10852995523678
B            1.09097434016907        2.96069396544081       -3.18112232791167
N            0.07744479840790       -4.35853873298334        1.72390899620114
B           -1.78291334172286        3.45224592010269       -0.40576883637937
N           -2.01274157118510        3.41810854970155        1.03375620762682
B            1.46583582325179       -4.21067897931809        1.50146336424256
N           -0.79798033088091        1.06474900891173        4.19939714690232
B           -2.66527757775526       -2.40129752238019       -1.17350955304713
N           -1.07413836083501       -4.48392643792181        0.99311935203626
B           -2.50290003384564        0.49205611745584       -2.10757423311336
N            2.35227823891335       -3.88608993735589        0.45518511782780
B            3.91113616835598       -0.20171895023730        0.72836839122629
N            1.92911247334237        1.95794779521545       -2.46354270606369
B            1.00149880528115        2.25525765151744       -4.62112865222194
N           -4.18483813850276        0.82929051351905       -0.34495802999835
B           -1.33821129640791        2.45433015727334       -3.11299730914556
N           -2.35916702789729        1.93332137451722       -2.30411525840920
B            3.07224426485859       -2.64388862073143        0.60319480708433
N            2.33560406066923       -3.67309886324851       -0.96897357379572
B            2.21771587697135        0.54802114621175        2.81382314587913
N           -2.02597613787054        0.61254922706767        3.60520110076299
B           -1.10106305946425       -4.18298322925487       -0.43913762239589
N           -3.21684065995772        0.04221342943981       -0.95680733309943
B            3.44717589062289        1.25916273592645       -0.51165215419406
N            2.58097900140594        1.63329635294780        1.93894992552949
B            1.47234948875882       -1.55406454022711       -3.51417723654253
N           -2.10206257881175        1.75507069376142        2.76473178051058
B            2.04112130809323        0.71289210923797       -3.20994409841199
N           -2.71983734105666       -1.34061732624410        2.32315512212655
B            0.65881798385873       -0.53810419955667       -4.48572617987943
N           -0.16837633415673       -3.75933651576036       -1.35532321288246
B            0.48505781550694       -2.10468024413159        3.43738368185817
N           -0.58763014384920       -1.20414482075639        3.82966184596263
B           -3.22193648470477       -1.45004424315673        1.00246948775356
N            2.67051410112654       -0.85432970357207        2.62429246396143
B            1.87899545904378        3.34002363584956       -0.10393937222904
N            2.87705224105597       -2.33103864250250       -0.79180472982965
118
 energy: -222.931741343293 gnorm: 0.005299211491 xtb: 6.7.1pre (5071a88)
C            1.42044679596038       -6.16236864309105        8.95259692371368
N            0.15485834436468       -6.29801248878595        9.64546513883426
C            0.02451285355359       -5.43205549779027       10.81019161398450
C           -0.08664231746268       -3.96228290857761       10.48526384566057
C            1.00627743598123       -3.11133512397347       10.59635862968591
C            0.89177588837903       -1.76868257634791       10.28943513976487
C           -0.32535396083919       -1.23710812013328        9.86771581435609
C           -0.47359407490626        0.19049353752678        9.62698642760907
C            0.50045911939772        1.06953674279684        9.09278002809873
C           -0.01679233500122        2.35114385760362        9.14703560741283
N           -1.30574707293360        2.23526820237644        9.57884189242788
C           -1.57588252870159        0.96481777054117        9.97535195082656
C           -2.48594018793351        0.88180621156582       11.15202309725140
C           -1.68671684574797        1.45694585519131       12.38506768187354
N           -0.58959662162236        2.34576377834196       12.03857095253722
C           -0.79619690855449        3.62025311552688       11.58880862155134
O           -1.78318403522700        4.26587018481341       11.87971484585146
C            0.29686497117026        4.19907184693286       10.71148318765279
C            0.91752148230597        5.37075412940172       11.11586555434969
C            1.91809181807416        5.94358370303907       10.34776662996662
C            2.30929819895490        5.34871052819073        9.16034355811268
C            1.67123643214215        4.19492933267978        8.74411676717703
F            2.05576296894639        3.62154522024909        7.58616424718566
C            0.64555274727885        3.60706785297863        9.47556816353703
C           -1.41250335906609       -2.09756411359445        9.72335163134714
C           -1.28988355337038       -3.43958737396489       10.02236840131487
H            2.22226628985650       -6.40791446526096        9.64988165009072
H            1.60574804046128       -5.15730152467816        8.54796138906301
H            1.44396402792290       -6.87862027112910        8.13277011822885
H           -0.60776304170334       -6.10876503134809        9.00083999764954
H           -0.87125673880493       -5.75643908476501       11.34975444407822
H            0.89393953676501       -5.61066511235822       11.44865273742760
H            1.95287688524123       -3.50239972889641       10.94336955978655
H            1.74638228048931       -1.11670961690981       10.39890910481264
H            1.47454309556049        0.79576773874897        8.74475554653120
H           -1.93157374048692        3.01292721671748        9.71607013404819
H           -3.37372835161181        1.49289504463304       10.98498301839892
H           -2.79360275648330       -0.13690106775089       11.37652137413004
H           -1.25116917084594        0.62454854224455       12.93820047073145
H           -2.36763417721383        2.00843773556514       13.03475434631597
H            0.23929678526669        1.87984143118448       11.69679871112820
H            0.61485789312771        5.82452402128289       12.04721126535352
H            2.39739976436082        6.85223942398583       10.67722462276470
H            3.09415934907508        5.76794385075599        8.55094239398521
H           -2.35330230932679       -1.70528307717808        9.36515777580843
H           -2.14289809855274       -4.09509764898239        9.90749166215899
B            3.45751617288043       -1.45305198001521        1.63211388327735
N            3.45341167124450        1.12975020143229        0.94322770936381
B            2.54009555809418        2.36345721328537       -1.25782899384052
N            2.29341274896907       -0.64067156160761       -2.72814058550684
B            0.69013741485803       -3.55940127306773        2.70630776237633
N           -2.93871260112136       -2.65380772793526        1.71291641597867
B           -1.03766711065187        4.08485407731354        1.83529166041458
N           -0.61930101906757        0.01823112872527       -3.94005659495555
B           -0.47293085296054        1.44601190453690       -4.08888416721513
N            1.21017339156057       -3.78630113981358       -1.73693282357112
B           -3.84291797957358        2.20969789069655       -0.48981673247165
N           -2.77195454422385        2.76406673518236       -1.20857780216786
B            1.40590467694774        0.81910756223660       -4.88668631948206
N           -0.23571077257924        3.36439337801317        2.83713701037537
B            0.89891049704269       -2.87890122747734       -2.81117487452781
N           -0.49094905438677        3.76743300917330       -1.00713632556372
B           -0.80537911917120        2.18394533737883        3.28993823990013
N            1.65438731400989       -1.27283659394865        3.50669349169882
B           -0.24758869416566        3.47070464404619       -2.37683643860143
N            1.30701778190348        0.06966889400573        3.82093667274371
B           -1.59702660197474       -0.55945717588080       -3.08244926053657
N           -3.83093713369037        1.77630919042443        0.83532745235727
B            0.33766904498017        4.49640724834759        1.18740419169206
N            0.04328965381977       -0.01272523779475        4.46329214517613
B           -2.70684030575611        2.22614264186227        1.60541166717125
N            3.77242606687725       -0.13188122948260       -0.76241852001112
B           -2.25237057899152       -3.63803010608873        1.01112544728489
N            1.05465777497566        3.73326774516039        2.23837736270049
B           -1.82455998368647       -0.77632415044738        3.22458157157356
N           -2.43605575176107       -3.60115529900078       -0.44792611135409
B            3.01858293083148       -1.07263185784495       -1.49985647826065
N           -3.15580460418557       -1.25171780858505       -0.38117475995810
B            2.03463479709414        2.92329984330606        1.56610210598520
N           -0.50700579278265       -2.89996920271436       -2.43064067330413
B           -1.67299428347818       -2.11248324286127       -2.48944165834037
N            0.59104636659525        3.96615054269897       -0.10735841294334
B            1.09115126224350        2.96091110122469       -3.17999643698592
N            0.07744364436676       -4.35844597892625        1.72517240412478
B           -1.78269310243291        3.45225307536979       -0.40462610904752
N           -2.01244571641962        3.41792123770380        1.03492105061016
B            1.46580662942123       -4.21045578893483        1.50273919232046
N           -0.79823955749606        1.06489166235101        4.20115293049895
B           -2.66505488043063       -2.40123050976206       -1.17243749004934
N           -1.07403592517159       -4.48387590575151        0.99423936003095
B           -2.50270805549608        0.49211547605677       -2.10652929266812
N            2.35215974077964       -3.88586627223260        0.45638917142140
B            3.91101791277495       -0.20160480929682        0.72961159225918
N            1.92930808130346        1.95821348577384       -2.46238184279777
B            1.00166604096791        2.25541181874953       -4.61998324046926
N           -4.18456819229359        0.82926057154265       -0.34379106272225
B           -1.33799086729330        2.45440889942174       -3.11183400058708
N           -2.35897818109256        1.93339506918404       -2.30301195126075
B            3.07202269957618       -2.64362701241851        0.60437594256787
N            2.33563423102486       -3.67297945173475       -0.96779167158559
B            2.21762529466036        0.54820050598646        2.81519092759546
N           -2.02614433768243        0.61265921221824        3.60669945734282
B           -1.10089231537158       -4.18294017048422       -0.43803413392899
N           -3.21652909449882        0.04225481360073       -0.95571586387375
B            3.44717494141934        1.25931300419564       -0.51044995682803
N            2.58081920970845        1.63341833351383        1.94020817020190
B            1.47244758026407       -1.55390579432390       -3.51308366924738
N           -2.10210335632760        1.75526419113616        2.76627578478782
B            2.04122429089738        0.71312943647900       -3.20878456347561
N           -2.71957064534866       -1.34050225499038        2.32436071657790
B            0.65895800303644       -0.53799503840216       -4.48473166288191
N           -0.16828608276510       -3.75940358182228       -1.35435858344158
B            0.48490533956663       -2.10459990306316        3.43882588035330
N           -0.58781523603715       -1.20408346174319        3.83152586573165
B           -3.22145684271817       -1.44988593057977        1.00359648825237
N            2.67038793792046       -0.85416852120337        2.62562651963518
B            1.87907322741588        3.34027813624259       -0.10273389280424
N            2.87697042482491       -2.33087841768184       -0.79065196168278
118
 energy: -222.931925041627 gnorm: 0.007116837460 xtb: 6.7.1pre (5071a88)
C            1.41764313133557       -6.14350060851045        8.94223036418973
N            0.15512696144573       -6.29382995765342        9.63781423537444
C            0.02226140046021       -5.43511851555647       10.80756626235716
C           -0.08501749789942       -3.96312022414807       10.49070189970159
C            1.01203004457391       -3.11609076296651       10.59517759309705
C            0.90122127570112       -1.77251828021783       10.28953721893654
C           -0.31648993368516       -1.23769900623506        9.87400447821257
C           -0.46658068931746        0.18792184581692        9.62451146277339
C            0.50695666752570        1.06915766864270        9.09055904799763
C           -0.01564778658985        2.34936915094993        9.13917190899667
N           -1.30324594764192        2.23233070218752        9.57114289046470
C           -1.57261729747767        0.96146576278709        9.96446805147831
C           -2.48696494434362        0.87284495810847       11.13839881871772
C           -1.70307560600403        1.45905788167401       12.37600982808935
N           -0.59420436175761        2.33851183958452       12.03719568877795
C           -0.78998170846727        3.61606452611847       11.58606057208993
O           -1.77055015742694        4.27061220560089       11.87784110215500
C            0.30480047240046        4.19138072518714       10.70950053145682
C            0.92604258433813        5.36268231336811       11.11580197516884
C            1.92485981677733        5.93647745855930       10.34553301220527
C            2.30799303847945        5.34693798950745        9.15290047235261
C            1.66708366305692        4.19579183241786        8.73321398481920
F            2.04129628325879        3.63435429248291        7.56595071528724
C            0.64955792989698        3.60340591038475        9.47012780709657
C           -1.40953385873830       -2.09320422552610        9.74204491476498
C           -1.29114175040331       -3.43548882024147       10.04100377327492
H            2.22359155101369       -6.39612017520869        9.63245479431609
H            1.59606735940312       -5.13146760975860        8.55177102359161
H            1.44270899798575       -6.84705283929553        8.11086074819402
H           -0.61111491706826       -6.10750491763888        8.99701606818701
H           -0.87703103213568       -5.75905216409920       11.34195147466696
H            0.88744639854983       -5.62079011451593       11.45049532989983
H            1.95973738701726       -3.51162492457228       10.93442475205853
H            1.76001617824424       -1.12514410022344       10.39601499533179
H            1.48678048840977        0.79859260040078        8.75167623343232
H           -1.93399972879689        3.00786149369564        9.70009995919484
H           -3.38153292579840        1.47339591859185       10.96423121368866
H           -2.78551151370041       -0.14928793809599       11.36038878870999
H           -1.28223382989738        0.63153352444047       12.94910472402268
H           -2.39046778394972        2.02389644375187       13.00758819189582
H            0.22442883966658        1.86131294144071       11.68344650530098
H            0.62449994227291        5.81462959663883       12.04864108053040
H            2.40750602124393        6.84259457008699       10.67709588165784
H            3.08764475964067        5.77048057485816        8.53979929474666
H           -2.35149083325508       -1.69505927791592        9.39341745073789
H           -2.14879715948459       -4.08650629106469        9.93416769552339
B            3.45731487456427       -1.45281574689056        1.63455639213906
N            3.45276008566040        1.12968464048321        0.94550633101426
B            2.54043294773922        2.36388468212460       -1.25547635740537
N            2.29341762603536       -0.64036712166244       -2.72584295921676
B            0.68995219092145       -3.55924411455145        2.70878039818796
N           -2.93833621964254       -2.65367354077115        1.71513043792301
B           -1.03756789616793        4.08472753275863        1.83769368824126
N           -0.61908700504998        0.01830115421279       -3.93804901032126
B           -0.47259804717502        1.44609021238909       -4.08666444420921
N            1.21035633326767       -3.78619802427431       -1.73479097862030
B           -3.84248202032462        2.20961113373497       -0.48751129972415
N           -2.77160374540013        2.76403433728490       -1.20631939625806
B            1.40614362330547        0.81933924673377       -4.88442622383272
N           -0.23576776226150        3.36442187482301        2.83983475987782
B            0.89911903474354       -2.87875538059631       -2.80899701419208
N           -0.49070612763862        3.76772113138706       -1.00486829443880
B           -0.80548641442656        2.18412031171395        3.29288974769649
N            1.65378194524857       -1.27256734940220        3.50864303227746
B           -0.24729889980622        3.47093359157547       -2.37456080523626
N            1.30656033347516        0.06987438376454        3.82307228121592
B           -1.59677275363520       -0.55942226273921       -3.08040998051754
N           -3.83041855118915        1.77597795959718        0.83756854828556
B            0.33767136239409        4.49661934476649        1.18981535969324
N            0.04313675161712       -0.01252878000104        4.46614909288280
B           -2.70639102984874        2.22585183055184        1.60769107982897
N            3.77232340398371       -0.13169449845124       -0.76006216506008
B           -2.25214904949060       -3.63796830502675        1.01327888266381
N            1.05448995748358        3.73331132210196        2.24077611559432
B           -1.82458465041636       -0.77620040155556        3.22722448007278
N           -2.43577404819509       -3.60108653595369       -0.44576657002618
B            3.01849957695481       -1.07238880346161       -1.49752356902837
N           -3.15530365157888       -1.25166507142147       -0.37901917477341
B            2.03456196897212        2.92349595914202        1.56856063648661
N           -0.50684210936252       -2.90004443590282       -2.42862663972561
B           -1.67276824540077       -2.11247598268546       -2.48738907954025
N            0.59124913352771        3.96663103441149       -0.10504507496277
B            1.09146511483952        2.96122090340621       -3.17770347098696
N            0.07744618403789       -4.35837848022261        1.72759890520446
B           -1.78235327486743        3.45223122986016       -0.40239029116927
N           -2.01200900690161        3.41759210126501        1.03718911799989
B            1.46578076317977       -4.21018009122603        1.50522420197911
N           -0.79869258765038        1.06504931579147        4.20432676621240
B           -2.66474958925089       -2.40120080598346       -1.17032823023735
N           -1.07387766691243       -4.48386721344616        0.99643429889956
B           -2.50238542233682        0.49216004609062       -2.10443196199201
N            2.35200786008978       -3.88556276573082        0.45877222655540
B            3.91091596261458       -0.20143336599448        0.73201928626721
N            1.92966065675879        1.95860373971660       -2.46004911142806
B            1.00200249195609        2.25563082119563       -4.61765554285907
N           -4.18419863803642        0.82918921143831       -0.34157859099266
B           -1.33761388092912        2.45449339000303       -3.10955564283052
N           -2.35865446617286        1.93346538552026       -2.30083384669258
B            3.07172600137904       -2.64326285544683        0.60672165029788
N            2.33569409632803       -3.67281856424418       -0.96543865725930
B            2.21753499068365        0.54845059908085        2.81776342602518
N           -2.02646427034323        0.61278296136263        3.60946279005672
B           -1.10062776405733       -4.18293334003804       -0.43586086152612
N           -3.21610674936837        0.04225809800758       -0.95359969322833
B            3.44727699396514        1.25956239619086       -0.50810833690687
N            2.58061986576037        1.63360335403689        1.94263848540178
B            1.47262182462263       -1.55368961391464       -3.51086193840470
N           -2.10221864468098        1.75550123079191        2.76909909492824
B            2.04142126193922        0.71348029707257       -3.20646179433880
N           -2.71919271457899       -1.34036887574333        2.32662305906586
B            0.65921571005569       -0.53785227045230       -4.48266355418753
N           -0.16813890348112       -3.75956560447292       -1.35238341880693
B            0.48464160326470       -2.10450321937846        3.44144075192807
N           -0.58812999993578       -1.20399407570582        3.83477860124063
B           -3.22081399468670       -1.44971742862191        1.00576722938502
N            2.67021385560364       -0.85393481736793        2.62811910555101
B            1.87919812146476        3.34062077180881       -0.10035235797427
N            2.87686336391383       -2.33065476668588       -0.78834073768322
118
 energy: -222.932070934816 gnorm: 0.006478296395 xtb: 6.7.1pre (5071a88)
C            1.41510343281158       -6.12096549827166        8.93010151351165
N            0.15669544448401       -6.28834936418762        9.62965438727899
C            0.02052526227910       -5.43902974441057       10.80579901282819
C           -0.08464872667324       -3.96491657077434       10.49773306736768
C            1.01606342456341       -3.12176172575020       10.59263136283066
C            0.90868448550135       -1.77811043915782       10.28577411353803
C           -0.30936503965979       -1.23997412962178        9.87694156886000
C           -0.45935352564587        0.18489558833209        9.62099829716653
C            0.51421990477388        1.06811034802234        9.08839168491076
C           -0.01184079864424        2.34690530972552        9.13160861583343
N           -1.30093583608003        2.22842331884497        9.56188329437590
C           -1.56804393882550        0.95620938684090        9.95579608152847
C           -2.48821471683509        0.86336926433656       11.12475084787503
C           -1.72095750132071        1.46295844732199       12.36604458234179
N           -0.60062024554120        2.33124788695183       12.03207721569358
C           -0.78495963899181        3.61113332761173       11.58026193093326
O           -1.75875613098384        4.27507495115680       11.87399377950317
C            0.31359802156405        4.18341366917382       10.70727465183483
C            0.93695023862721        5.35301628912731       11.11594325655609
C            1.93228486711328        5.92956252918404       10.34290907997681
C            2.30715412135907        5.34675419582802        9.14469424427225
C            1.66387105626943        4.19782995998828        8.72250788944476
F            2.02856445398723        3.64587886137431        7.54795561638160
C            0.65349447938957        3.60076726284877        9.46435168249420
C           -1.40791325916329       -2.09124322613753        9.75889907857338
C           -1.29347430059905       -3.43286333956031       10.06082955441775
H            2.22573500964823       -6.38051585818367        9.61234902859234
H            1.58595176635660       -5.10174658389513        8.55475871313385
H            1.44021193766759       -6.81110236915849        8.08722127615772
H           -0.61339173444074       -6.10347983129271        8.99303619192008
H           -0.88127436047066       -5.76578024223932       11.33442144987167
H            0.88319667855550       -5.63080873451096       11.45073849563181
H            1.96467957469798       -3.52048195366913       10.92525460334773
H            1.77153666248237       -1.13513911171289       10.38611311742212
H            1.49820104674806        0.80073915915908        8.75648930738106
H           -1.93651124291396        3.00151832210979        9.68107316516304
H           -3.38874184886266        1.45272149872388       10.94197948021682
H           -2.77544124285325       -0.16191920560675       11.34698873525152
H           -1.31549088008484        0.64287425682073       12.96196959473011
H           -2.41464791356369        2.04371215465647       12.97705682873868
H            0.20912749602856        1.84368248532620       11.67097116562141
H            0.63883003828512        5.80214475865100       12.05127510500153
H            2.41745361788089        6.83376669348381       10.67578498628069
H            3.08133146213033        5.77469614629774        8.52765329662189
H           -2.35079401754163       -1.68944678552797        9.41768121327273
H           -2.15583126360531       -4.07949132612182        9.96519935665177
B            3.45723799521324       -1.45256743273602        1.63752366328511
N            3.45225011807631        1.12966545463899        0.94832937774058
B            2.54087102730423        2.36433793118646       -1.25255400819074
N            2.29348423643040       -0.64007575574983       -2.72297460459646
B            0.68976729674711       -3.55913704829372        2.71174942770139
N           -2.93798692965590       -2.65356709264724        1.71779752679879
B           -1.03751026577053        4.08458491139463        1.84063620116972
N           -0.61880444082820        0.01836293936580       -3.93543727137786
B           -0.47220838274901        1.44616406132670       -4.08388947015450
N            1.21057077461789       -3.78608359574962       -1.73206905834808
B           -3.84209860985223        2.20954273392887       -0.48474396797124
N           -2.77126245792134        2.76400151813907       -1.20355580309361
B            1.40643131177867        0.81953022093307       -4.88158790438189
N           -0.23583935032813        3.36441802543982        2.84303432170782
B            0.89937257652362       -2.87860115966159       -2.80623931935192
N           -0.49045998149670        3.76797174252248       -1.00205608866849
B           -0.80567625646327        2.18427847653546        3.29631622782001
N            1.65315915887017       -1.27229421643941        3.51096844133667
B           -0.24700075141183        3.47113082078400       -2.37173254530650
N            1.30604207746464        0.07008117335555        3.82555748942285
B           -1.59646904200441       -0.55938914245535       -3.07779134472737
N           -3.82998530234426        1.77567361313787        0.84027448459176
B            0.33764802049793        4.49677385844567        1.19277113466942
N            0.04293801525197       -0.01237619106084        4.46935807879471
B           -2.70603614881563        2.22558494055257        1.61046687517838
N            3.77230144886884       -0.13149260104781       -0.75716836300509
B           -2.25194218554679       -3.63793304728526        1.01592127841812
N            1.05431553733507        3.73332011595326        2.24370285204897
B           -1.82466679612481       -0.77607442390766        3.23028912160944
N           -2.43550352188760       -3.60105202075133       -0.44312500558267
B            3.01847928632695       -1.07213591898844       -1.49461537629056
N           -3.15493940836152       -1.25164904404143       -0.37640271694396
B            2.03450123041750        2.92367655404235        1.57156015402745
N           -0.50664588772216       -2.90012666487499       -2.42606819258085
B           -1.67251566777985       -2.11248181958609       -2.48480745797294
N            0.59145905599580        3.96705879050958       -0.10218883997777
B            1.09181185556703        2.96146974045227       -3.17480178622856
N            0.07746299846829       -4.35835422953343        1.73050509330576
B           -1.78202869972031        3.45219841099146       -0.39962104253613
N           -2.01164082816805        3.41728660787332        1.03997485594734
B            1.46578707959181       -4.20995378690486        1.50823102085630
N           -0.79915905685014        1.06515400066639        4.20792618604267
B           -2.66446998954257       -2.40119817587587       -1.16772565384044
N           -1.07372118092769       -4.48388940084354        0.99912736330112
B           -2.50208769295922        0.49218585234464       -2.10182238512616
N            2.35192710691267       -3.88527476098810        0.46171733932362
B            3.91091144917245       -0.20123228748687        0.73496408899467
N            1.93007269843801        1.95895828316024       -2.45710690834823
B            1.00241266689970        2.25580471928854       -4.61472408656446
N           -4.18389970814846        0.82913374564976       -0.33890684300230
B           -1.33722045844664        2.45456864899605       -3.10675272587037
N           -2.35831241318962        1.93351871269696       -2.29812731459160
B            3.07152979846920       -2.64291808083110        0.60963721929546
N            2.33579428455845       -3.67264455515252       -0.96251376532832
B            2.21751414312128        0.54871201202982        2.82084047801023
N           -2.02680701603994        0.61287661815101        3.61266291919948
B           -1.10036629422512       -4.18294201990353       -0.43317935222238
N           -3.21578601978994        0.04223605700743       -0.95101913130729
B            3.44752936305962        1.25986701578773       -0.50522037918447
N            2.58051152146879        1.63380557991724        1.94559724176435
B            1.47285635240726       -1.55348417170210       -3.50806403695798
N           -2.10237654222655        1.75568053245210        2.77235196832493
B            2.04168081098158        0.71381907667493       -3.20355206452363
N           -2.71888411877156       -1.34024480402251        2.32930896669720
B            0.65952660221732       -0.53773730321114       -4.48000848363554
N           -0.16796995168417       -3.75973166235529       -1.34986401464951
B            0.48436247787118       -2.10440821090367        3.44443885163983
N           -0.58845394760914       -1.20388923234747        3.83834737696848
B           -3.22032250272687       -1.44959634623771        1.00840128799593
N            2.67009016301287       -0.85369329284777        2.63107770577850
B            1.87935187474979        3.34093922542086       -0.09740524869733
N            2.87682107350272       -2.33042625743183       -0.78544757995516
118
 energy: -222.932205982878 gnorm: 0.004136229322 xtb: 6.7.1pre (5071a88)
C            1.41265442282312       -6.09439239269987        8.91588195504867
N            0.15935723605756       -6.28103128148595        9.62022955291658
C            0.01955744960379       -5.44381653830020       10.80475205979090
C           -0.08553543724762       -3.96789253680553       10.50631421461182
C            1.01881838833549       -3.12880997465201       10.58847440175679
C            0.91436651967362       -1.78569653770748       10.27845871700245
C           -0.30424577890837       -1.24387856451534        9.87772410809634
C           -0.45220296298175        0.18094222546223        9.61746966887047
C            0.52204690201653        1.06531572430540        9.08708552169826
C           -0.00578329956010        2.34266383317328        9.12478997201545
N           -1.29843134105845        2.22339996302273        9.55078272556403
C           -1.56322716762265        0.94945638022591        9.94803685046845
C           -2.49052574854967        0.85393430308915       11.11020202266933
C           -1.74006676418063        1.47001069356375       12.35372948960657
N           -0.60859774187384        2.32534740954795       12.02391509219174
C           -0.78058591313786        3.60704125318332       11.57333105904359
O           -1.74950189433344        4.27785461900379       11.86559502628041
C            0.32231812560937        4.17545869086437       10.70393303871260
C            0.94905188909663        5.34229380737584       11.11481852927539
C            1.94013790875367        5.92245904044707       10.33922942239672
C            2.30685412514323        5.34731638421805        9.13520857191428
C            1.66199723277534        4.19976321698347        8.71202188481009
F            2.01817545784496        3.65434242366216        7.53238117863969
C            0.65720243289714        3.59816726746015        9.45792307043209
C           -1.40758105619567       -2.09145692217819        9.77398972273299
C           -1.29661750940858       -3.43176009731609       10.08116750810198
H            2.22862211709049       -6.36007429784844        9.58928267251444
H            1.57508143639841       -5.06811208945496        8.55629441202438
H            1.43641477877411       -6.77048755674604        8.06187071316224
H           -0.61490366145173       -6.09626194784462        8.98837749365446
H           -0.88325202393981       -5.77688098676681       11.32736934203602
H            0.88163194604329       -5.64068309551427       11.44889921407306
H            1.96857978094607       -3.52994733961134       10.91427741601777
H            1.78117681963557       -1.14677986932468       10.36871978581833
H            1.50815660361392        0.80051230899307        8.75954440503849
H           -1.93748712650089        2.99449327215196        9.66038242329538
H           -3.39672593709905        1.43067731254408       10.91752763197732
H           -2.76477501250178       -0.17397484090006       11.33588197268979
H           -1.35138962313373        0.65927680175415       12.97371022309215
H           -2.43912660060479        2.06835428762286       12.94187276425286
H            0.19492763005539        1.82905656957216       11.66201422777658
H            0.65752513896710        5.78683633851446       12.05433994195031
H            2.42778550672290        6.82472096583522       10.67359060606130
H            3.07542181080963        5.77965512802012        8.51422179212825
H           -2.35132592334224       -1.68799180192660        9.43815897240391
H           -2.16318547111509       -4.07442532838703        9.99835881511777
B            3.45732138799570       -1.45228036983123        1.64122334704600
N            3.45194735162833        1.12974728415611        0.95191245898008
B            2.54141345640858        2.36483106152411       -1.24886483202853
N            2.29364492978943       -0.63977171290616       -2.71932468981981
B            0.68959533099028       -3.55906052176490        2.71539483612291
N           -2.93767759628978       -2.65346893673494        1.72109766530698
B           -1.03749821412834        4.08446354945145        1.84429713720069
N           -0.61847535590456        0.01841613210851       -3.93208613873903
B           -0.47172754203050        1.44622771866596       -4.08034232044957
N            1.21083785622219       -3.78591845172490       -1.72855508786166
B           -3.84176511971533        2.20951974740677       -0.48135900304038
N           -2.77091657651554        2.76399194313777       -1.20011895593100
B            1.40678629761645        0.81977655065446       -4.87795438291971
N           -0.23593618534421        3.36439184626200        2.84688771300124
B            0.89968950906441       -2.87840419723258       -2.80269394397653
N           -0.49020512246204        3.76819871844840       -0.99850248946871
B           -0.80595440801927        2.18443123771169        3.30037228984209
N            1.65253361973377       -1.27199567985741        3.51385541503043
B           -0.24665857978386        3.47131539468861       -2.36814855903512
N            1.30546313919304        0.07031339301842        3.82854924740552
B           -1.59615077616403       -0.55936377149458       -3.07446516565446
N           -3.82966390499805        1.77544920990655        0.84361122448072
B            0.33760982638397        4.49687335252777        1.19646315274607
N            0.04268958923801       -0.01224938854631        4.47307767689079
B           -2.70581001749264        2.22539633547196        1.61392226739837
N            3.77239024293057       -0.13123810262677       -0.75351965792404
B           -2.25174587371279       -3.63789828369933        1.01923728425897
N            1.05413425411696        3.73330637555397        2.24735544703768
B           -1.82481442516877       -0.77593205338088        3.23394428251775
N           -2.43524549201500       -3.60103461866114       -0.43981550793861
B            3.01855771005247       -1.07183825262055       -1.49091680270124
N           -3.15470323161649       -1.25164655669787       -0.37314447374833
B            2.03448221435093        2.92387961153270        1.57530645087174
N           -0.50639626700575       -2.90017868015728       -2.42276053666080
B           -1.67223256103671       -2.11248634586919       -2.48150994702607
N            0.59167587524135        3.96743169869317       -0.09859033440357
B            1.09224555605346        2.96172590178316       -3.17108549360769
N            0.07750941197986       -4.35834689141458        1.73406485459176
B           -1.78172391893735        3.45218633267846       -0.39613087559684
N           -2.01137149978032        3.41706127161032        1.04346203386256
B            1.46584171430236       -4.20975368373008        1.51193954759630
N           -0.79963878054979        1.06522783431833        4.21209291574885
B           -2.66421809047585       -2.40120536090758       -1.16444747498562
N           -1.07356020667580       -4.48391635098642        1.00250475509634
B           -2.50175501236313        0.49221655314489       -2.09849489517056
N            2.35195133510835       -3.88497192927146        0.46542530300859
B            3.91103146474391       -0.20096733066972        0.73865855533680
N            1.93057335667819        1.95929799659241       -2.45338011427668
B            1.00290187946567        2.25602668851675       -4.61099369020030
N           -4.18365941754407        0.82912193750599       -0.33561215948005
B           -1.33675752395516        2.45464759652386       -3.10322534948108
N           -2.35792219305611        1.93357297785740       -2.29471790828298
B            3.07148259661090       -2.64257058202844        0.61332859035151
N            2.33596222232914       -3.67241947914287       -0.95881613110381
B            2.21757033670242        0.54901637685775        2.82460460259146
N           -2.02716901400845        0.61295780543029        3.61644966992652
B           -1.10010579270671       -4.18293799059578       -0.42979976176340
N           -3.21553993399263        0.04221817069378       -0.94778536689194
B            3.44796437429135        1.26026891430802       -0.50157127370061
N            2.58053427583373        1.63406507203944        1.94928709406114
B            1.47316999229791       -1.55325410051342       -3.50447628468834
N           -2.10258022195292        1.75581696685489        2.77618185598608
B            2.04203286734891        0.71417183823392       -3.19986812427143
N           -2.71866506970265       -1.34010642743806        2.33259466442456
B            0.65992162810737       -0.53758631729807       -4.47655964883980
N           -0.16776069040819       -3.75985950080694       -1.34659060088496
B            0.48407263654151       -2.10430066234270        3.44800337344940
N           -0.58878746290411       -1.20375967167582        3.84238434993717
B           -3.22000530678859       -1.44950605355847        1.01167556417960
N            2.67003868357715       -0.85342132301385        2.63469606817423
B            1.87953902944035        3.34124702724925       -0.09369413301738
N            2.87687576789412       -2.33015806453609       -0.78176176860759
118
 energy: -222.932298504101 gnorm: 0.003040488321 xtb: 6.7.1pre (5071a88)
C            1.41073013063824       -6.07102548826726        8.90274719330512
N            0.16216457159405       -6.27375499923015        9.61117131193918
C            0.02035508483394       -5.44810230326423       10.80396622047482
C           -0.08680872649946       -3.97126550650019       10.51334989651676
C            1.02038179962831       -3.13528158015467       10.58340685532913
C            0.91725255178206       -1.79298700119389       10.26988194148857
C           -0.30250810542771       -1.24819439006213        9.87710458527325
C           -0.44759932126855        0.17675417532304        9.61524385855886
C            0.52800220391614        1.06077483066632        9.08711295209468
C           -0.00009202582869        2.33725735732798        9.11995262964908
N           -1.29629862863103        2.21822239065577        9.54040002704789
C           -1.55984247219582        0.94388434683287        9.94231195838958
C           -2.49339562644834        0.84806296693900       11.09841584882361
C           -1.75586508179203        1.47889545093288       12.34277615453240
N           -0.61671500350995        2.32277336109585       12.01425026970897
C           -0.77931352212662        3.60497157489802       11.56510344579958
O           -1.74587855529706        4.28011691190040       11.85497700787885
C            0.32808823172423        4.16960324733105       10.69905195993037
C            0.95920950531185        5.33302098716592       11.11221090742901
C            1.94693312750406        5.91619358618446       10.33512940694754
C            2.30755168843853        5.34713164139672        9.12653839090670
C            1.66194030922933        4.19993724789194        8.70366347275682
F            2.01344123784347        3.65619612623122        7.52243154171973
C            0.65945137575196        3.59555036879927        9.45138471005250
C           -1.40863716300463       -2.09342808683545        9.78405140616232
C           -1.29932908899118       -3.43253757293447       10.09605613523627
H            2.23149531419038       -6.33992629634695        9.56875652610142
H            1.56573226624492       -5.03976489898977        8.55506748411554
H            1.43264588979736       -6.73629384952964        8.04092224456287
H           -0.61565525653185       -6.08774168686335        8.98377870122079
H           -0.88139029681188       -5.78876322243950       11.32273502789096
H            0.88390506609181       -5.64793248534887       11.44482057748268
H            1.97155073251871       -3.53782061890191       10.90297413837760
H            1.78670532162628       -1.15650085376092       10.34920225947156
H            1.51403678457602        0.79668688407426        8.76114456763305
H           -1.93578856666020        2.98888835973184        9.64497853906833
H           -3.40400582811195        1.41371753366775       10.89716899002404
H           -2.75720602730708       -0.18112747095006       11.32942499041675
H           -1.38114486894954        0.67628112877479       12.98050576575657
H           -2.45784036039538        2.09156491494005       12.91166301904691
H            0.18542199483465        1.82117069189024       11.65869455839079
H            0.67400919999098        5.77337149820027       12.05547205869609
H            2.43644094228125        6.81688264744656       10.67101501529777
H            3.07234192398594        5.78240867526012        8.50306023668339
H           -2.35331332353654       -1.69025130742934        9.45095651726615
H           -2.16815105923654       -4.07299343577476       10.02294402866004
B            3.45755023957077       -1.45200456422795        1.64490992577994
N            3.45199418655270        1.12996474358181        0.95556483867661
B            2.54193503860059        2.36526719241863       -1.24514192735107
N            2.29390340192545       -0.63949552322833       -2.71563657397596
B            0.68949906601426       -3.55900218980112        2.71896171339340
N           -2.93749900098165       -2.65338103498850        1.72437080802097
B           -1.03753883669019        4.08444479884526        1.84791249628539
N           -0.61812053092990        0.01849639028651       -3.92863898273513
B           -0.47125159327387        1.44630869385018       -4.07676758341772
N            1.21111191326858       -3.78569385094950       -1.72495806076113
B           -3.84157259762793        2.20957495605370       -0.47804580341780
N           -2.77065516143047        2.76403995500533       -1.19670463764424
B            1.40716473377531        0.82001251441818       -4.87426805550561
N           -0.23604247381748        3.36437978103230        2.85056460729681
B            0.90001498214141       -2.87816897400887       -2.79908704022128
N           -0.49000586813235        3.76835710094962       -0.99491963783470
B           -0.80623680309097        2.18455116021185        3.30415681727846
N            1.65209384903147       -1.27172716631526        3.51679188134490
B           -0.24635712994555        3.47145773534946       -2.36453044486251
N            1.30499505957390        0.07053684726067        3.83148714386025
B           -1.59583286948545       -0.55929487269265       -3.07106119979580
N           -3.82956002641122        1.77542020567448        0.84690675804832
B            0.33757635797863        4.49692061712711        1.20013574174402
N            0.04246148740862       -0.01215103946499        4.47653473291015
B           -2.70579638494310        2.22539019909904        1.61735666726016
N            3.77259230912215       -0.13095413437369       -0.74983054637899
B           -2.25160405903430       -3.63784013571345        1.02256031451736
N            1.05400131313917        3.73331007790105        2.25099909182570
B           -1.82498911923009       -0.77579906459042        3.23743407624857
N           -2.43505489758030       -3.60099718063889       -0.43650391593259
B            3.01875745757139       -1.07153189167429       -1.48718263925824
N           -3.15462396475350       -1.25162013865934       -0.36989035604989
B            2.03452286724850        2.92408266778659        1.57903190584652
N           -0.50612864479105       -2.90012514208371       -2.41935762721928
B           -1.67196878236345       -2.11243749336175       -2.47815817450796
N            0.59183994837904        3.96765864063358       -0.09496935214510
B            1.09265997480813        2.96192947319956       -3.16730968871778
N            0.07759012644120       -4.35831476265219        1.73753845595966
B           -1.78152968651030        3.45223730121714       -0.39262186425630
N           -2.01129718764414        3.41703577943665        1.04694393780439
B            1.46594332750781       -4.20959507608399        1.51557207825433
N           -0.80000194845995        1.06528357363017        4.21589378383963
B           -2.66403559732511       -2.40117679749844       -1.16115208302143
N           -1.07342436907154       -4.48389631844036        1.00588066055584
B           -2.50149050219302        0.49227550492667       -2.09513055422347
N            2.35209998236663       -3.88469739515400        0.46913152888188
B            3.91125890837390       -0.20067535642880        0.74236996577530
N            1.93105981048862        1.95956692465490       -2.44961232643559
B            1.00339670760170        2.25624385688890       -4.60723742350623
N           -4.18352947931874        0.82918320486898       -0.33235235940475
B           -1.33633459237488        2.45473315187883       -3.09968880837764
N           -2.35757463544082        1.93364211827593       -2.29128701959706
B            3.07162784975475       -2.64228157037101        0.61703915043371
N            2.33617885614914       -3.67215639049419       -0.95510968421598
B            2.21768491834323        0.54930861050605        2.82827337439454
N           -2.02744943204818        0.61302949163040        3.62000670824221
B           -1.09990237050290       -4.18287437736943       -0.42640638169816
N           -3.21541551366486        0.04224781751039       -0.94453191290229
B            3.44847974662473        1.26069365487290       -0.49787188515951
N            2.58070528974058        1.63435081327169        1.95296770092120
B            1.47352868684419       -1.55301660159348       -3.50083524611930
N           -2.10277110460868        1.75589904983326        2.77975809482226
B            2.04241512751580        0.71448060391888       -3.19614567603543
N           -2.71860152541238       -1.33996974693056        2.33582991875431
B            0.66032763815004       -0.53742499779496       -4.47302505665406
N           -0.16754007032961       -3.75984142276277       -1.34319689008236
B            0.48386021280760       -2.10418856501523        3.45142287697602
N           -0.58903550622712       -1.20362687825798        3.84602438312964
B           -3.21994192830831       -1.44944558840785        1.01493692222726
N            2.67008546259991       -0.85317061838578        2.63825231896457
B            1.87972554171369        3.34151164836028       -0.08997408502872
N            2.87704546903819       -2.32987884674978       -0.77803720991991
118
 energy: -222.932353511387 gnorm: 0.003105814738 xtb: 6.7.1pre (5071a88)
C            1.40933258710089       -6.05398258940437        8.89156527665850
N            0.16449173413409       -6.26815504805369        9.60299016208547
C            0.02281573543626       -5.45131005440541       10.80233410303710
C           -0.08724223101730       -3.97420422964247       10.51709643090364
C            1.02173628846736       -3.13989013383618       10.57826510102294
C            0.91842674485270       -1.79827500541328       10.26248127642144
C           -0.30294088568232       -1.25183620830704        9.87631550634252
C           -0.44602706213705        0.17289211080280        9.61390863947984
C            0.53116165919710        1.05567897078905        9.08721518466460
C            0.00359995554414        2.33193954171220        9.11656766002099
N           -1.29466695095100        2.21404592907875        9.53222228320285
C           -1.55883803422629        0.94046547479759        9.93735376062746
C           -2.49671250945259        0.84563466272807       11.08960639539584
C           -1.76784086363960        1.48769675580850       12.33421683200981
N           -0.62385535149594        2.32334619182913       12.00645144984711
C           -0.77981160451003        3.60534246586095       11.55761451909381
O           -1.74650294800671        4.28239842985497       11.84238060954660
C            0.33120223941617        4.16596775174623       10.69355792280820
C            0.96580388158944        5.32682470475636       11.10803004963853
C            1.95236043894418        5.91082760107232       10.33059525443954
C            2.30951918775072        5.34462361709414        9.11958766849990
C            1.66356218898069        4.19727242032659        8.69762413231150
F            2.01333612955314        3.65257875834685        7.51645858122298
C            0.66117589686034        3.59216271495940        9.44575853837985
C           -1.41030839668770       -2.09590168152598        9.79016096324075
C           -1.30092179296303       -3.43445108171167       10.10469524100310
H            2.23392651649300       -6.32375585858672        9.55231442466465
H            1.55833298639928       -5.01953782723179        8.55149282458235
H            1.43016292030849       -6.71215987745352        8.02482094909274
H           -0.61615838221495       -6.08042513788471        8.97950609132190
H           -0.87671628636456       -5.79821055027062       11.32005919238814
H            0.88871386273079       -5.65257864684291       11.43923520372761
H            1.97437733160305       -3.54319727341993       10.89245299982506
H            1.78910841103359       -1.16269844181696       10.33308951109969
H            1.51654965233960        0.79065655861498        8.76204660883330
H           -1.93218446180400        2.98590084610079        9.63714460269364
H           -3.41043896739773        1.40319131773161       10.88206138433830
H           -2.75412099682198       -0.18388602173020       11.32542325512987
H           -1.40355598901903        0.69079481857332       12.98374198000798
H           -2.47158422881681        2.11050548003477       12.88855577078834
H            0.18037926912390        1.81875015968651       11.66076044114664
H            0.68456563216469        5.76466084998841       12.05347614288989
H            2.44354210457180        6.81013762750269       10.66783455784520
H            3.07251947260977        5.78117365758248        8.49493664986821
H           -2.35620223913348       -1.69359762427903        9.45910754749256
H           -2.17046251308780       -4.07427467103889       10.03714789164331
B            3.45780874666850       -1.45176029062816        1.64822936209091
N            3.45227436827750        1.13026672808196        0.95892653012063
B            2.54234824563289        2.36560842074625       -1.24177497059161
N            2.29422617930448       -0.63924953265670       -2.71229971243704
B            0.68947732444604       -3.55893197046071        2.72211841970703
N           -2.93743650564558       -2.65329810234674        1.72730756413107
B           -1.03760278612739        4.08452871598985        1.85110507969188
N           -0.61779492144892        0.01861023782320       -3.92548968168774
B           -0.47082579290052        1.44642392054811       -4.07353570382396
N            1.21138021214503       -3.78542980580453       -1.72167449912532
B           -3.84148778698603        2.20968722042804       -0.47512044362532
N           -2.77048396502756        2.76414720181658       -1.19366142867343
B            1.40752324338478        0.82025908106832       -4.87092334471956
N           -0.23614946546846        3.36440859210429        2.85373515951592
B            0.90033135695856       -2.87792156439856       -2.79581689657101
N           -0.48986959542467        3.76847459946126       -0.99168330496471
B           -0.80646321133761        2.18464204898981        3.30733746627533
N            1.65185153592515       -1.27150374321091        3.51955977745014
B           -0.24611449519586        3.47157994062410       -2.36126510053695
N            1.30468816768376        0.07073831951762        3.83418858014431
B           -1.59556974957228       -0.55918353884501       -3.06799378899329
N           -3.82960587902776        1.77555122126357        0.84983864918887
B            0.33756647363949        4.49696362570676        1.20341695024672
N            0.04228119578554       -0.01205404321773        4.47951145781745
B           -2.70591890004638        2.22552970988515        1.62041739410774
N            3.77284309990717       -0.13066606222354       -0.74645769690523
B           -2.25150676139252       -3.63775402340624        1.02555576839954
N            1.05392824929441        3.73336436700903        2.25428397573616
B           -1.82514944761501       -0.77568737429478        3.24046995172722
N           -2.43491124175221       -3.60092102998924       -0.43352223356465
B            3.01903885957835       -1.07124330904379       -1.48380630900401
N           -3.15459851466834       -1.25155352238781       -0.36695519534511
B            2.03459799162918        2.92427509816459        1.58236814464918
N           -0.50584914158656       -2.89996846472501       -2.41622215210017
B           -1.67171355065236       -2.11231807089766       -2.47509388870972
N            0.59194158865385        3.96776964735896       -0.09169258311994
B            1.09301562698488        2.96211233641517       -3.16389392529548
N            0.07769012062251       -4.35823070381489        1.74060881960194
B           -1.78144081390644        3.45235549677908       -0.38946875638799
N           -2.01136369763133        3.41717835074216        1.05006123176319
B            1.46606414715626       -4.20945104711095        1.51877947672816
N           -0.80024450707625        1.06535132006362        4.21904565270529
B           -2.66388881691333       -2.40109883100043       -1.15817423101685
N           -1.07331001158555       -4.48381153732073        1.00891916911199
B           -2.50125622966572        0.49237830246951       -2.09207953380768
N            2.35231771163383       -3.88445656611735        0.47245358777680
B            3.91151297041171       -0.20038989738186        0.74574095746691
N            1.93147090297803        1.95978308510723       -2.44621799787029
B            1.00383599090811        2.25648630318443       -4.60385651648484
N           -4.18345795042971        0.82929425996228       -0.32945093723313
B           -1.33599330972231        2.45485482804035       -3.09652611772646
N           -2.35729078322987        1.93374178762405       -2.28820194513103
B            3.07187757138945       -2.64205174212252        0.62038395149523
N            2.33641824643282       -3.67188172971616       -0.95178269016151
B            2.21780134778305        0.54956151704191        2.83151880479669
N           -2.02763949212291        0.61310533656493        3.62304198681828
B           -1.09974328620298       -4.18275280677898       -0.42334559888130
N           -3.21532628068396        0.04233624240288       -0.94157450348141
B            3.44893366770288        1.26107829335184       -0.49448950427835
N            2.58093702340486        1.63462827776323        1.95628874336133
B            1.47389436208897       -1.55277503902354       -3.49752297453359
N           -2.10291870207254        1.75595945269169        2.78278840260648
B            2.04278677488276        0.71474680902763       -3.19279207067479
N           -2.71864239332374       -1.33984752584699        2.33873108097746
B            0.66071263342282       -0.53722978123134       -4.46977637686347
N           -0.16731169454842       -3.75968616113584       -1.34005239431621
B            0.48373501721693       -2.10407301342705        3.45444294687007
N           -0.58919243424017       -1.20350479801438        3.84906252349581
B           -3.22001646374396       -1.44939474438717        1.01786982767483
N            2.67017870696488       -0.85295984138180        2.64144540838804
B            1.87988310632304        3.34172478505034       -0.08662942795248
N            2.87728767996333       -2.32960972106783       -0.77467193730618
118
 energy: -222.932398826420 gnorm: 0.002523820092 xtb: 6.7.1pre (5071a88)
C            1.40834794125719       -6.04091587224997        8.88034893908560
N            0.16688867161484       -6.26410625129599        9.59464546346386
C            0.02702877438368       -5.45397566936541       10.79916976094974
C           -0.08653246629852       -3.97683985401342       10.51801737597669
C            1.02321738824913       -3.14288053196023       10.57271280534724
C            0.91853703873211       -1.80184009699772       10.25570085124911
C           -0.30476445601065       -1.25508629308535        9.87510564689436
C           -0.44689349094727        0.16916503699696        9.61232401714849
C            0.53211130520586        1.05032445743233        9.08640615434723
C            0.00566822556438        2.32692252190608        9.11331616326215
N           -1.29365834052572        2.21051043906871        9.52513381083496
C           -1.55947264952654        0.93846992694430        9.93254227037618
C           -2.50055971214891        0.84546147041538       11.08235534996978
C           -1.77882276259945        1.49680710385243       12.32723874759733
N           -0.63110579081553        2.32607398406335       12.00005370761468
C           -0.78168286354806        3.60727403795846       11.54930082220391
O           -1.74926972219292        4.28630169682382       11.82771385575099
C            0.33315073874550        4.16357494430063       10.68740437063854
C            0.97058580097792        5.32259966279549       11.10245599096513
C            1.95776135119387        5.90542283726990       10.32516629177820
C            2.31328449325882        5.33926499635879        9.11355056891885
C            1.66666448520700        4.19186911027799        8.69262125375661
F            2.01663377400674        3.64477862678207        7.51244432143634
C            0.66303187223624        3.58788360801791        9.44043262474295
C           -1.41246138345041       -2.09893224038308        9.79428832302962
C           -1.30165626355614       -3.43734927079687       10.10963936104861
H            2.23646184558608       -6.31010510623623        9.53687825968511
H            1.55166499463393       -5.00418456349849        8.54525897536483
H            1.42887628744427       -6.69424683997370        8.01021421045427
H           -0.61647106429199       -6.07456382107517        8.97506266375310
H           -0.86958777102377       -5.80585276245553       11.31809517412785
H            0.89579045543751       -5.65578439716818       11.43181122584201
H            1.97734928120224       -3.54635626519509       10.88216000216010
H            1.78944845588810       -1.16613069314320       10.31970568529080
H            1.51701295974952        0.78332569168588        8.76223369598465
H           -1.92789657917139        2.98459447730120        9.63409857426360
H           -3.41657331184527        1.39695516230626       10.86956990582887
H           -2.75396086922106       -0.18400875673904       11.32224334905101
H           -1.42323767510097        0.70452363313472       12.98631856218785
H           -2.48433917858644        2.12763936962246       12.86914734730263
H            0.17688815964622        1.81924643278876       11.66623150691118
H            0.69068979107708        5.76004980666666       12.04830922535067
H            2.45039413567474        6.80370580569352       10.66299847464246
H            3.07604888387269        5.77557602630216        8.48852988626432
H           -2.35988623045096       -1.69779970848074        9.46564736021868
H           -2.17109892815661       -4.07758539728160       10.04546147237138
B            3.45806439858932       -1.45151693659429        1.65160470439794
N            3.45271197676712        1.13064710395188        0.96241430356137
B            2.54268990458433        2.36590490536451       -1.23833093242545
N            2.29461824610695       -0.63899034108676       -2.70890771442055
B            0.68950190433877       -3.55883711110211        2.72528925365318
N           -2.93744842025101       -2.65321647931155        1.73027463732059
B           -1.03769313722773        4.08469341492583        1.85428191960158
N           -0.61740936457833        0.01878725184265       -3.92225463758118
B           -0.47041202756282        1.44659956360070       -4.07027946732725
N            1.21168065319685       -3.78512130468969       -1.71833344221091
B           -3.84145751563418        2.20983603863845       -0.47219666827954
N           -2.77035593014459        2.76430126297276       -1.19060357959162
B            1.40792752839500        0.82051913464593       -4.86753559936296
N           -0.23627639808913        3.36448418559439        2.85685042614241
B            0.90068403325151       -2.87764242863090       -2.79250534760445
N           -0.48975959815331        3.76858310696879       -0.98840165753070
B           -0.80665995396250        2.18472206006953        3.31038555540275
N            1.65172478209999       -1.27129955130188        3.52253177269507
B           -0.24588696862439        3.47171671359384       -2.35795920650039
N            1.30446809600013        0.07093233659624        3.83704367514872
B           -1.59525260731676       -0.55901318572960       -3.06484236052188
N           -3.82974060228438        1.77578897535714        0.85278357860072
B            0.33756421087919        4.49703316715194        1.20672455714963
N            0.04211349043238       -0.01193863000512        4.48247028519031
B           -2.70612387401515        2.22576369020132        1.62348104772128
N            3.77312824059528       -0.13035364091513       -0.74298074476939
B           -2.25142549307514       -3.63764225349322        1.02858340895563
N            1.05388692736977        3.73348705677311        2.25763365131190
B           -1.82530207636199       -0.77558987674855        3.24347672727275
N           -2.43476656888783       -3.60080263875946       -0.43051238314878
B            3.01938093872650       -1.07094016881290       -1.48037093844158
N           -3.15456570667570       -1.25144548312498       -0.36397712378992
B            2.03468355578054        2.92448190362578        1.58575075566102
N           -0.50552614472155       -2.89972627552315       -2.41301665115783
B           -1.67143793934738       -2.11215063079266       -2.47199492336573
N            0.59200030709270        3.96782145984314       -0.08835285924543
B            1.09335558768491        2.96229462022564       -3.16044408869572
N            0.07780721859127       -4.35809026172176        1.74368805072774
B           -1.78141177779026        3.45252765986269       -0.38629079376741
N           -2.01151898591341        3.41743651932340        1.05319846016003
B            1.46620013985479       -4.20929082233985        1.52198715059933
N           -0.80043508986160        1.06544041247388        4.22205023080093
B           -2.66371974968147       -2.40096647401921       -1.15515867056231
N           -1.07319245584845       -4.48366602629295        1.01199302788432
B           -2.50103907467915        0.49252317459714       -2.08898915125639
N            2.35258800056410       -3.88421806892963        0.47580202105780
B            3.91178493622494       -0.20008904668054        0.74919645486366
N            1.93185297122239        1.95999647772920       -2.44277113836996
B            1.00427554065993        2.25673571032508       -4.60045223768936
N           -4.18340703741937        0.82943650690751       -0.32653944408648
B           -1.33567826226398        2.45501567444582       -3.09332841409446
N           -2.35703102838555        1.93387802684644       -2.28508201457711
B            3.07219153961290       -2.64183682856237        0.62377501531118
N            2.33670038726059       -3.67158357317035       -0.94842993398370
B            2.21789852688471        0.54980077713732        2.83478779632673
N           -2.02779281024042        0.61319092706916        3.62600558462478
B           -1.09958009878600       -4.18257248578942       -0.42024975593697
N           -3.21523521124642        0.04247344493875       -0.93855782523350
B            3.44934000550429        1.26144475225425       -0.49100364744499
N            2.58118721412780        1.63491829374854        1.95967964929989
B            1.47431608665579       -1.55250674120615       -3.49416043444083
N           -2.10304421002501        1.75601514458790        2.78572501956166
B            2.04318321082360        0.71501239138082       -3.18937842776964
N           -2.71874237529551       -1.33973890711837        2.34167534577519
B            0.66113964793738       -0.53700454548189       -4.46646201163062
N           -0.16704109284080       -3.75940371329749       -1.33680595825266
B            0.48365913581970       -2.10394565649023        3.45750192561776
N           -0.58930613811544       -1.20338505352156        3.85200910172558
B           -3.22014921520083       -1.44934189246093        1.02083754725523
N            2.67028212699154       -0.85275960956359        2.64470620675548
B            1.88002012019334        3.34192861118728       -0.08322700652443
N            2.87758974829188       -2.32932528889140       -0.77125806196068
118
 energy: -222.932444963927 gnorm: 0.001886979586 xtb: 6.7.1pre (5071a88)
C            1.40783120193293       -6.03103252391043        8.86759731331273
N            0.16992215606680       -6.26166921427755        9.58545738504795
C            0.03335403135827       -5.45639011576290       10.79389229528596
C           -0.08444034756519       -3.97926340743971       10.51610298827025
C            1.02492862336355       -3.14426755359654       10.56644353604736
C            0.91762578926356       -1.80367475391934       10.24928110081698
C           -0.30789322531686       -1.25803242242340        9.87333263451292
C           -0.45013827247457        0.16562396978093        9.61002756312168
C            0.53082154394085        1.04486855409479        9.08414830125012
C            0.00632380965806        2.32230693310460        9.10982586302311
N           -1.29343116186030        2.20777201598235        9.51873090840171
C           -1.56185177894369        0.93756511304210        9.92763956902453
C           -2.50554662619970        0.84718614601740       11.07584826448450
C           -1.79025408833720        1.50683267508589       12.32086342461677
N           -0.63906784595725        2.33109551530200       11.99505493707592
C           -0.78453513053304        3.61103329408645       11.54008051369100
O           -1.75363570869991        4.29202545403488       11.80981012251986
C            0.33438253700667        4.16228165597207       10.68046335514924
C            0.97392456003055        5.32033617270796       11.09487715987716
C            1.96375015784890        5.89955703850768       10.31820415723018
C            2.31960893613589        5.33036603728969        9.10805100966419
C            1.67168013848080        4.18323549239728        8.68841859555528
F            2.02336331973944        3.63249875174893        7.51008917619636
C            0.66536792480433        3.58261712994415        9.43533223786354
C           -1.41508372487705       -2.10270736086959        9.79701367024701
C           -1.30154033324206       -3.44125682810164       10.11179492848968
H            2.23955502472497       -6.29829342974058        9.52037351105647
H            1.54523890637327       -4.99268578893889        8.53525391681070
H            1.42848071937174       -6.68141070875599        7.99531656536979
H           -0.61643559094660       -6.07066967797903        8.97007676308570
H           -0.85977729564256       -5.81219394295502       11.31603012526812
H            0.90551543246402       -5.65795182425894       11.42189435162105
H            1.98062223365576       -3.54717025099883       10.87174014063321
H            1.78794941091600       -1.16692634180570       10.30867367532698
H            1.51543847877131        0.77515881251018        8.76110473294665
H           -1.92364753444813        2.98471585267552        9.63413996355131
H           -3.42316013216139        1.39416448684995       10.85820589893956
H           -2.75639431037352       -0.18208937177659       11.31927559554936
H           -1.44226338293658        0.71878942621692       12.98859865645720
H           -2.49782062782926        2.14408587582893       12.85171389650525
H            0.17327863526291        1.82231975232188       11.67423788183104
H            0.69320930489503        5.75965781127128       12.03956146870704
H            2.45790645965292        6.79711822095149       10.65562976034947
H            3.08388374922457        5.76450628640332        8.48338141433624
H           -2.36438437885115       -1.70301388243808        9.47162830360458
H           -2.17030333984480       -4.08275852598528       10.04986987597536
B            3.45829601515383       -1.45126705941164        1.65538213117646
N            3.45326191771387        1.13110088601476        0.96636392278423
B            2.54295219696750        2.36615494880293       -1.23448727330166
N            2.29509946708839       -0.63870356149376       -2.70513463781735
B            0.68956113120303       -3.55870979720314        2.72879673945675
N           -2.93751857258641       -2.65314232930340        1.73355158648647
B           -1.03782087657494        4.08491907850334        1.85775376931458
N           -0.61694875525057        0.01903391854536       -3.91866326995737
B           -0.46994007522908        1.44684944079017       -4.06666925908496
N            1.21204923594207       -3.78476790296505       -1.71463238212951
B           -3.84145196547869        2.21000834461759       -0.46899162152984
N           -2.77024899194117        2.76449896363047       -1.18724703711296
B            1.40843237992352        0.82082980135349       -4.86379074363238
N           -0.23643917340849        3.36460518062528        2.86024105341659
B            0.90111736032703       -2.87733436658741       -2.78885242076869
N           -0.48966065299516        3.76869459803334       -0.98477181731967
B           -0.80684625225976        2.18479695512598        3.31364167622788
N            1.65166933584800       -1.27110081049855        3.52602512049888
B           -0.24566040702799        3.47188371587311       -2.35431264666270
N            1.30429579740972        0.07112600764291        3.84038954081218
B           -1.59489688489795       -0.55878321231544       -3.06139257989332
N           -3.82993273266916        1.77609611943372        0.85601933767300
B            0.33755185095960        4.49714418790263        1.21037884812343
N            0.04192881612535       -0.01179862182610        4.48575774908708
B           -2.70638760760388        2.22605956306150        1.62683364341308
N            3.77344473661677       -0.13001064641946       -0.73905886147899
B           -2.25134165793656       -3.63750998330622        1.03192167875142
N            1.05385501401153        3.73368449150940        2.26136860754899
B           -1.82545205270032       -0.77550600845974        3.24675979684854
N           -2.43459065797395       -3.60065209359105       -0.42719646172129
B            3.01980035058952       -1.07062108696600       -1.47655127438294
N           -3.15449204604804       -1.25130573329278       -0.36068163040353
B            2.03475375949079        2.92470808434645        1.58950926825148
N           -0.50511177434528       -2.89939007616229       -2.40943653130081
B           -1.67107690127206       -2.11189894993056       -2.46853593387431
N            0.59202287957726        3.96783168481358       -0.08463513925024
B            1.09370259408144        2.96251144291049       -3.15664824817489
N            0.07794239953585       -4.35789454489035        1.74709593171749
B           -1.78142452630198        3.45274570549417       -0.38279652633586
N           -2.01174345441357        3.41777737090284        1.05664876857652
B            1.46635347320064       -4.20910347098508        1.52552497188315
N           -0.80061368074268        1.06555084301539        4.22526438446392
B           -2.66350647279897       -2.40079245114812       -1.15182828172148
N           -1.07305566522902       -4.48346559303772        1.01539504657349
B           -2.50076298249312        0.49271415068628       -2.08557201861345
N            2.35290895842270       -3.88397458639122        0.47950166411305
B            3.91206009508350       -0.19977053062783        0.75308309785097
N            1.93222552532253        1.96023732882903       -2.43896874418669
B            1.00477298440155        2.25704220703774       -4.59670099938434
N           -4.18334732686720        0.82959417972561       -0.32335524603551
B           -1.33536947993687        2.45524118563340       -3.08982867229682
N           -2.35676301564866        1.93405841383591       -2.28165330096002
B            3.07254835889196       -2.64161990725990        0.62754622261929
N            2.33704766848103       -3.67125990035087       -0.94472796879060
B            2.21795295498587        0.55003561852529        2.83842682369576
N           -2.02793945182477        0.61328368307336        3.62922040666991
B           -1.09937902257324       -4.18234320980737       -0.41683021814965
N           -3.21509446149064        0.04265102138856       -0.93521021164705
B            3.44966367998896        1.26178681426516       -0.48707793765768
N            2.58142057490037        1.63522903091518        1.96347758387718
B            1.47482112014894       -1.55219849378054       -3.49043002006267
N           -2.10316194691978        1.75606762713479        2.78889043684293
B            2.04362976179871        0.71529710428281       -3.18559999329918
N           -2.71888290446509       -1.33965184164702        2.34494891852231
B            0.66166111725906       -0.53671081486975       -4.46276405754006
N           -0.16669581593553       -3.75901534421822       -1.33317367268545
B            0.48361000401354       -2.10379984150502        3.46092441085554
N           -0.58940623054801       -1.20326379750023        3.85521665015695
B           -3.22029756420154       -1.44928887008144        1.02411658957852
N            2.67037259527567       -0.85255634526415        2.64837830082477
B            1.88013164264339        3.34211928036037       -0.07944474155055
N            2.87796803928170       -2.32902074377636       -0.76747180665221
118
 energy: -222.932510614496 gnorm: 0.002905839518 xtb: 6.7.1pre (5071a88)
C            1.40782441674725       -6.01971957742948        8.84452253377172
N            0.17608437476222       -6.26027582597840        9.56976953342474
C            0.04585131381402       -5.46006921188391       10.78246248112612
C           -0.07920225480786       -3.98270704753501       10.50958617482389
C            1.02806351783235       -3.14438734413756       10.55589504587251
C            0.91523482635164       -1.80415798613748       10.24022198539478
C           -0.31390291378184       -1.26191209123304        9.87028555917589
C           -0.45766189074342        0.16088870926562        9.60558164020726
C            0.52618718742448        1.03692373469431        9.07876561798649
C            0.00541029406258        2.31623387084123        9.10345345077358
N           -1.29448731304173        2.20480796974689        9.50970420014815
C           -1.56731149847578        0.93741665296941        9.92048445509357
C           -2.51494882383577        0.85199465191908       11.06642178324115
C           -1.80963942680898        1.52362704829629       12.31144825172656
N           -0.65284422883590        2.34144015805233       11.98844518065027
C           -0.79041572529279        3.61894823274293       11.52395349135783
O           -1.76106079945306        4.30429224286101       11.77991759649866
C            0.33541537384270        4.16167349591279       10.66842000039289
C            0.97790298187735        5.31900084604968       11.08045541405751
C            1.97446402058028        5.88946887885477       10.30538275537199
C            2.33338753856286        5.31183678010429        9.10007885793046
C            1.68183740851748        4.16604129291661        8.68245821940956
F            2.03771047770351        3.60829482120269        7.50816254880210
C            0.66914157122920        3.57398856383421        9.42713141989032
C           -1.41943612981970       -2.10918350442526        9.80031591257672
C           -1.30020733038524       -3.44810962246432       10.11265716305101
H            2.24559298416499       -6.28256463232345        9.49152092919853
H            1.53561574253499       -4.97958912393774        8.51372036792020
H            1.42836006968680       -6.66787070403686        7.97037180713836
H           -0.61565144916227       -6.06867016788941        8.96135425177531
H           -0.84165533783371       -5.82061939665934       11.31131786667814
H            0.92360691887764       -5.66045778088989       11.40317478374746
H            1.98631424861681       -3.54535702715714       10.85561001706596
H            1.78388511087047       -1.16490283828180       10.29556093666088
H            1.51059478776994        0.76293135943478        8.75738635566577
H           -1.91925063983445        2.98573433679137        9.63430190233156
H           -3.43433952654493        1.39341673690672       10.84099715461297
H           -2.76278443538507       -0.17699827177335       11.31468892035769
H           -1.47192972874131        0.74211800099362       12.99220566348380
H           -2.52080091597778        2.16942943192208       12.82690023790313
H            0.16432820155023        1.82905543498993       11.68529129261625
H            0.69337220388495        5.76455349702940       12.02119884128333
H            2.47110318866922        6.78641255387495       10.64065287505318
H            3.10278430400202        5.73944164235096        8.47706540839657
H           -2.37188889136391       -1.71180626879603        9.48117501681526
H           -2.16742037994477       -4.09229773750843       10.05372047862544
B            3.45852980005074       -1.45085655279556        1.66197509678438
N            3.45409378276956        1.13184180625303        0.97327537893508
B            2.54321433360607        2.36648931976157       -1.22780655524543
N            2.29594825138106       -0.63820985501677       -2.69860869080136
B            0.68966217265625       -3.55846063376580        2.73487959627696
N           -2.93766155259606       -2.65304144086024        1.73918293433478
B           -1.03806366015182        4.08529068518665        1.86371762649716
N           -0.61607309598445        0.01949517682579       -3.91246818701842
B           -0.46916351802214        1.44731689965476       -4.06051308589492
N            1.21273936717174       -3.78419950879424       -1.70829154587816
B           -3.84141974689544        2.21026799435784       -0.46347273123883
N           -2.77007139474196        2.76482852295131       -1.18148766534904
B            1.40938257085161        0.82137848204166       -4.85736008356918
N           -0.23675254809693        3.36483826972429        2.86610901329166
B            0.90193414263402       -2.87682646994323       -2.78259307486119
N           -0.48948536511484        3.76888866689178       -0.97852485387500
B           -0.80713880385619        2.18491209052618        3.31925651534879
N            1.65160350385492       -1.27079683427176        3.53234058985917
B           -0.24524967397803        3.47221594579525       -2.34805302304173
N            1.30403796102288        0.07141855364437        3.84649753233991
B           -1.59415625168628       -0.55837077876854       -3.05539010157871
N           -3.83022514670631        1.77656638539860        0.86158534392347
B            0.33750153275304        4.49739959329532        1.21669259594602
N            0.04157730378433       -0.01155665969058        4.49158059177672
B           -2.70679095092643        2.22650396142832        1.63257542621753
N            3.77393647416863       -0.12945302060967       -0.73220426524065
B           -2.25118068880706       -3.63728650180526        1.03763734872501
N            1.05377996540849        3.73409064891191        2.26785336162497
B           -1.82567296300924       -0.77539925388372        3.25242403804228
N           -2.43422121222642       -3.60038301841475       -0.42151959112845
B            3.02050334820652       -1.07010551607366       -1.46993110142754
N           -3.15425375346939       -1.25105560542746       -0.35501714468700
B            2.03480544982475        2.92508530114277        1.59603754670697
N           -0.50433188535491       -2.89881752482717       -2.40330943653741
B           -1.67040226088855       -2.11150053243024       -2.46265418314504
N            0.59202918817080        3.96786916363713       -0.07819443962827
B            1.09428797114718        2.96292363060118       -3.15018949325941
N            0.07815835928380       -4.35753132592669        1.75301757037259
B           -1.78144430892004        3.45309799336125       -0.37681394937516
N           -2.01210237665337        3.41830805109370        1.06256788834485
B            1.46659555640883       -4.20876500615606        1.53165416637702
N           -0.80093334995139        1.06573723082099        4.23083965123604
B           -2.66303913500778       -2.40047145390472       -1.14611822647647
N           -1.07280144237023       -4.48310309879022        1.02125524837447
B           -2.50027928625770        0.49305567856817       -2.07973618569513
N            2.35342681331875       -3.88358822028155        0.48587938752435
B            3.91242709701466       -0.19925134359250        0.75988119832152
N            1.93275724859593        1.96065550169556       -2.43242682065635
B            1.00559520165651        2.25756224688836       -4.59030066456442
N           -4.18320903037841        0.82982189033916       -0.31790310116410
B           -1.33482119359242        2.45564313552709       -3.08380472594061
N           -2.35631483214249        1.93438553578651       -2.27578670080782
B            3.07306868842193       -2.64125602073288        0.63408458212030
N            2.33767732095501       -3.67075149879467       -0.93835219513804
B            2.21792064887735        0.55039608152474        2.84480873603863
N           -2.02819760823010        0.61342269766273        3.63478198076769
B           -1.09896375075726       -4.18194134912595       -0.41095696134803
N           -3.21478986661640        0.04295211258872       -0.92946893078115
B            3.45000342261515        1.26226973723001       -0.48022912910398
N            2.58165202572377        1.63570475532871        1.97010229175578
B            1.47574807064290       -1.55167281800086       -3.48402649224984
N           -2.10334715649231        1.75614239083940        2.79435586592351
B            2.04439802360341        0.71577284501738       -3.17907958889384
N           -2.71910041852577       -1.33955640583314        2.35062159456828
B            0.66263426398431       -0.53618660303268       -4.45640859364469
N           -0.16603511171540       -3.75832212948092       -1.32692542637793
B            0.48353055372648       -2.10355326748630        3.46694581613326
N           -0.58959171624481       -1.20308268023409        3.86084407499353
B           -3.22043722715869       -1.44919116043887        1.02975138873984
N            2.67042165920557       -0.85222529911516        2.65484120147290
B            1.88027196057094        3.34243322454653       -0.07287225254768
N            2.87861682556303       -2.32853060267232       -0.76093236157731
118
 energy: -222.932555790860 gnorm: 0.002997946245 xtb: 6.7.1pre (5071a88)
C            1.40813518560925       -6.01520350216246        8.83004984055518
N            0.18028033637886       -6.26045031222798        9.56053883220292
C            0.05329294052316       -5.46212584722129       10.77475007883817
C           -0.07561284436561       -3.98437045334817       10.50494446785106
C            1.02995584282966       -3.14380514111266       10.55032788663205
C            0.91382590673007       -1.80348489633486       10.23652637485303
C           -0.31703017753502       -1.26339800557062        9.86920667032487
C           -0.46197565136476        0.15911476364568        9.60321287835993
C            0.52298464673505        1.03343885202170        9.07535297625686
C            0.00415840315881        2.31373446947509        9.09932557679243
N           -1.29584328391326        2.20403890571029        9.50514073639673
C           -1.57070344685743        0.93763344526677        9.91709135588007
C           -2.52070646461219        0.85511357833926       11.06135884804089
C           -1.82066995870882        1.53303943058952       12.30589314555141
N           -0.66077540086515        2.34795074357884       11.98488274609691
C           -0.79406151736056        3.62420200275669       11.51499750645362
O           -1.76439275768713        4.31227029047639       11.76489943780510
C            0.33526098221038        4.16204665188429       10.66122900760416
C            0.97951802855139        5.31908310895283       11.07135248783739
C            1.98077548441614        5.88355254776141       10.29769952127744
C            2.34244645771208        5.30020990339757        9.09601688510604
C            1.68802263382304        4.15573048242211        8.67938317214013
F            2.04627811368097        3.59376858492397        7.50778440051573
C            0.67069949910037        3.56981515995109        9.42236858884100
C           -1.42139966945442       -2.11247122374270        9.80218989720556
C           -1.29889508539097       -3.45154019422234       10.11274411223343
H            2.24951301268992       -6.27528034872744        9.47352008115662
H            1.53068135438590       -4.97446708573291        8.49899270263771
H            1.42761674083542       -6.66309768287064        7.95552841669809
H           -0.61473385396349       -6.07016246282404        8.95595399795485
H           -0.83152517749109       -5.82486901749596       11.30689138531737
H            0.93379552004211       -5.66181621506481       11.39186707231081
H            1.98961533517429       -3.54333470606903       10.84744596440185
H            1.78148979180639       -1.16279597231287       10.29127696153937
H            1.50725383992831        0.75787697496773        8.75445136388780
H           -1.91959428527602        2.98581454506683        9.63027015650408
H           -3.44076363293900        1.39379089289090       10.83147165478876
H           -2.76684454632038       -0.17370174149459       11.31231156154928
H           -1.48744110744018        0.75517759180486       12.99313896501122
H           -2.53357941344435        2.18249161058084       12.81444519152639
H            0.15619552218071        1.83295405931730       11.68656319483617
H            0.69279595809441        5.76909902139835       12.00943473821141
H            2.47912004405863        6.78014714147044       10.63141628632734
H            3.11601214881173        5.72262999666125        8.47454148913316
H           -2.37541854171068       -1.71618079120901        9.48665838441284
H           -2.16525123306994       -4.09711989340161       10.05574026960162
B            3.45853427316733       -1.45063059643691        1.66595120692847
N            3.45435469835306        1.13218278007062        0.97739364634134
B            2.54326417766595        2.36664063678562       -1.22383570536298
N            2.29642220854571       -0.63793352819538       -2.69472730378408
B            0.68968927041878       -3.55830295948082        2.73853479318253
N           -2.93770818241237       -2.65300485140126        1.74252176400437
B           -1.03821098142049        4.08543609638810        1.86728306931130
N           -0.61554536700855        0.01976320412509       -3.90887779733535
B           -0.46867534683235        1.44759110554790       -4.05687939539729
N            1.21316923447254       -3.78392882605677       -1.70456935490994
B           -3.84133588169687        2.21035655743869       -0.46017618984412
N           -2.76993460778958        2.76497287881246       -1.17807537071688
B            1.41000503876976        0.82170459706513       -4.85356292345389
N           -0.23695604644563        3.36495800831005        2.86968239646404
B            0.90244659009654       -2.87657079404801       -2.77890841861824
N           -0.48936220563007        3.76901104536374       -0.97483424184490
B           -0.80731120849488        2.18497072411139        3.32271510344191
N            1.65151360824554       -1.27063781810977        3.53622887246309
B           -0.24497999046797        3.47241912530460       -2.34435917564705
N            1.30386050750485        0.07156137607101        3.85033828809391
B           -1.59373638253996       -0.55814931696640       -3.05195129869564
N           -3.83029655405140        1.77670681634043        0.86489280206102
B            0.33743479041657        4.49758049229972        1.22045902745559
N            0.04132546479256       -0.01143257738781        4.49520932610057
B           -2.70692569835333        2.22663933690214        1.63597751378528
N            3.77416682163358       -0.12916986990133       -0.72810956476778
B           -2.25105679039104       -3.63717758749626        1.04100957763913
N            1.05368408278391        3.73433073813842        2.27171827260342
B           -1.82578268940000       -0.77535918011109        3.25584106666308
N           -2.43395416870207       -3.60025793218214       -0.41816527967546
B            3.02087275495887       -1.06984352036466       -1.46599015495696
N           -3.15403316053359       -1.25094339264363       -0.35167108719508
B            2.03476637098754        2.92529321553452        1.59994627285132
N           -0.50383753455786       -2.89850961854706       -2.39969346505786
B           -1.66994259306872       -2.11125265696680       -2.45915219763818
N            0.59203350299179        3.96795879994219       -0.07436911959963
B            1.09463820144276        2.96321148449798       -3.14642422360889
N            0.07826257493036       -4.35733646816991        1.75659446046957
B           -1.78140928819706        3.45324587776994       -0.37328641449005
N           -2.01222673423357        3.41848718836271        1.06607040995314
B            1.46671294032150       -4.20856446788773        1.53534621011811
N           -0.80117125062287        1.06582717654194        4.23431064657491
B           -2.66272844752131       -2.40032504044962       -1.14275272042885
N           -1.07263475391077       -4.48292093726899        1.02473768221699
B           -2.49991622288505        0.49322329820169       -2.07629368463107
N            2.35366782300686       -3.88338358254365        0.48967620665627
B            3.91253263675386       -0.19898348555477        0.76396476344175
N            1.93301433688399        1.96091459213477       -2.42858619831668
B            1.00609955263596        2.25787613064671       -4.58655819131935
N           -4.18307170179303        0.82989011995522       -0.31468125751039
B           -1.33447167631925        2.45586038034769       -3.08024699390079
N           -2.35602977861037        1.93455394479219       -2.27233596397953
B            3.07325575011662       -2.64103701332145        0.63799506799531
N            2.33804512294138       -3.67050493597174       -0.93455823391889
B            2.21779608636040        0.55058281778319        2.84869372200190
N           -2.02838098771659        0.61347720681285        3.63817749191173
B           -1.09866603704999       -4.18174619042647       -0.40747986045778
N           -3.21454034239924        0.04307988433713       -0.92609710106226
B            3.45004371756684        1.26247563857942       -0.47614782944382
N            2.58162523829802        1.63592897970452        1.97407477739371
B            1.47629934144565       -1.55138765324898       -3.48024840621122
N           -2.10346001978206        1.75617382539291        2.79770392742430
B            2.04482753204038        0.71603575863946       -3.17521975680198
N           -2.71917290499506       -1.33953467641029        2.35401206678607
B            0.66325126423388       -0.53587480852014       -4.45266846362989
N           -0.16562428532167       -3.75800021386639       -1.32327528218245
B            0.48345241957553       -2.10342065558335        3.47062381937088
N           -0.58974447170404       -1.20300059762174        3.86435533979320
B           -3.22038393233196       -1.44913458176526        1.03308506503131
N            2.67035093265323       -0.85203652656237        2.65876930759324
B            1.88031450604707        3.34260333460207       -0.06894990889537
N            2.87896117239895       -2.32828057440961       -0.75704469825519
