121
 energy: -221.886858476164 gnorm: 0.099536959750 xtb: 6.7.1pre (5071a88)
N            7.55483300000000       -1.72339000000000        7.57349500000000
C            6.41636400000000       -1.18104100000000        7.04312700000000
O            6.13947300000000       -1.34541700000000        5.86184500000000
C            5.51870900000000       -0.43140200000000        7.96289800000000
C            5.98095300000000        0.13296300000000        9.15636500000000
C            5.09798700000000        0.82519900000000        9.98561200000000
C            3.75603600000000        0.96359200000000        9.62477100000000
C            3.27602500000000        0.42225900000000        8.42318500000000
C            4.17351100000000       -0.27605500000000        7.59815400000000
C            1.81895200000000        0.55855100000000        8.00415900000000
C            1.33320400000000        2.02390100000000        7.96623300000000
C            0.34128200000000        2.31923000000000        9.08556500000000
C           -0.84181600000000        1.34086300000000        9.07820300000000
N           -0.49888800000000       -0.02158700000000        8.63633900000000
C           -1.38814800000000       -1.03653700000000        9.21908700000000
C           -2.82885800000000       -0.89362300000000        8.77519300000000
C           -3.16793000000000       -0.97886500000000        7.42109800000000
C           -4.50027500000000       -0.85287000000000        7.01411200000000
C           -5.52491100000000       -0.64379300000000        7.92545500000000
N           -6.79127300000000       -0.52939100000000        7.48502200000000
C           -7.76457400000000       -0.32600500000000        8.39943600000000
C           -7.53771500000000       -0.22875200000000        9.75891000000000
C           -6.22923600000000       -0.34749400000000       10.21084300000000
C           -5.19090900000000       -0.55896000000000        9.29367300000000
C           -3.85178900000000       -0.68483000000000        9.70852600000000
C            0.91179400000000       -0.33762000000000        8.88072900000000
H            8.07370900000000       -2.33608800000000        6.95683200000000
H            7.66733700000000       -1.86465900000000        8.56652300000000
H            7.02597200000000        0.06722000000000        9.44286800000000
H            5.45672800000000        1.26790800000000       10.91187300000000
H            3.09100900000000        1.50917600000000       10.28994700000000
H            3.82756300000000       -0.70707500000000        6.65890800000000
H            1.73935300000000        0.19183200000000        6.97001400000000
H            0.82358600000000        2.19716200000000        7.00856000000000
H            2.16543200000000        2.73671900000000        7.99697400000000
H            0.85489200000000        2.26019900000000       10.05261900000000
H           -0.03174800000000        3.34570600000000        8.99265200000000
H           -1.26889300000000        1.34059000000000       10.08957800000000
H           -1.61459600000000        1.73296200000000        8.40603000000000
H           -1.06671600000000       -2.03910500000000        8.90601500000000
H           -1.32013400000000       -1.02348700000000       10.31500000000000
H           -2.39241100000000       -1.13375500000000        6.67339500000000
H           -4.74381400000000       -0.91729700000000        5.95647800000000
H           -8.76791600000000       -0.24056600000000        7.99190200000000
H           -8.35776300000000       -0.06492600000000       10.44827900000000
H           -6.02380700000000       -0.27483600000000       11.27540700000000
H           -3.60733300000000       -0.61634900000000       10.76636300000000
H            1.14648700000000       -0.23709300000000        9.94907600000000
H            1.12026300000000       -1.38314800000000        8.61665200000000
B            3.45918000000000       -1.45456900000000        1.62803700000000
N            3.45640000000000        1.12990400000000        0.94004000000000
B            2.53992000000000        2.36249900000000       -1.26104700000000
N            2.29306700000000       -0.64163700000000       -2.73060300000000
B            0.69053400000000       -3.56106900000000        2.70270900000000
N           -2.93972400000000       -2.65477300000000        1.70947600000000
B           -1.03820200000000        4.08509600000000        1.83123800000000
N           -0.61934700000000        0.01765100000000       -3.94190400000000
B           -0.47371000000000        1.44532400000000       -4.09173000000000
N            1.20955900000000       -3.78679600000000       -1.73940500000000
B           -3.84450000000000        2.20944000000000       -0.49372200000000
N           -2.77286400000000        2.76356200000000       -1.21183300000000
B            1.40572500000000        0.81809100000000       -4.88931100000000
N           -0.23578900000000        3.36421500000000        2.83354400000000
B            0.89832000000000       -2.87979800000000       -2.81384900000000
N           -0.49183300000000        3.76657800000000       -1.01011900000000
B           -0.80599600000000        2.18226900000000        3.28187400000000
N            1.65611000000000       -1.27443300000000        3.50362200000000
B           -0.24848400000000        3.46993700000000       -2.37986300000000
N            1.30870300000000        0.06889800000000        3.81698100000000
B           -1.59744100000000       -0.55993400000000       -3.08468900000000
N           -3.83249600000000        1.77684200000000        0.83162400000000
B            0.33760200000000        4.49599400000000        1.18389400000000
N            0.04325600000000       -0.01395500000000        4.45665300000000
B           -2.70883700000000        2.22675100000000        1.60124200000000
N            3.77272800000000       -0.13262400000000       -0.76554100000000
B           -2.25338100000000       -3.63941200000000        1.00848200000000
N            1.05581800000000        3.73339800000000        2.23573400000000
B           -1.82562000000000       -0.77746000000000        3.21984000000000
N           -2.43676800000000       -3.60188000000000       -0.45077300000000
B            3.01865800000000       -1.07367000000000       -1.50276800000000
N           -3.15796000000000       -1.25259200000000       -0.38432100000000
B            2.03465600000000        2.92232600000000        1.56172200000000
N           -0.50744700000000       -2.90014800000000       -2.43279500000000
B           -1.67354800000000       -2.11288200000000       -2.49162100000000
N            0.59013500000000        3.96458300000000       -0.11022500000000
B            1.09031400000000        2.95964900000000       -3.18248900000000
N            0.07735000000000       -4.35923000000000        1.72128900000000
B           -1.78403400000000        3.45238400000000       -0.40822000000000
N           -2.01352000000000        3.41851500000000        1.03155300000000
B            1.46587800000000       -4.21214800000000        1.49913800000000
N           -0.79798700000000        1.06415300000000        4.19458100000000
B           -2.66624200000000       -2.40209600000000       -1.17525600000000
N           -1.07438800000000       -4.48433500000000        0.99123500000000
B           -2.50371000000000        0.49137000000000       -2.10914300000000
N            2.35272800000000       -3.88733500000000        0.45310300000000
B            3.91232700000000       -0.20235700000000        0.72592600000000
N            1.92854800000000        1.95700900000000       -2.46507700000000
B            1.00118400000000        2.25435100000000       -4.62250700000000
N           -4.18601600000000        0.82900500000000       -0.34753800000000
B           -1.33888100000000        2.45365800000000       -3.11487000000000
N           -2.35964900000000        1.93260500000000       -2.30584100000000
B            3.07306300000000       -2.64548300000000        0.60111100000000
N            2.33521300000000       -3.67367000000000       -0.97087600000000
B            2.21786300000000        0.54580300000000        2.80840700000000
N           -2.02642300000000        0.61191200000000        3.60149200000000
B           -1.10174900000000       -4.18378700000000       -0.44100700000000
N           -3.21814400000000        0.04165400000000       -0.95856600000000
B            3.44775200000000        1.25859300000000       -0.51406500000000
N            2.58208500000000        1.63297700000000        1.93645400000000
B            1.47205400000000       -1.55500100000000       -3.51561000000000
N           -2.10260100000000        1.75419400000000        2.76079900000000
B            2.04076500000000        0.71192100000000       -3.21148300000000
N           -2.72091500000000       -1.34169900000000        2.32056700000000
B            0.65864800000000       -0.53887500000000       -4.48693700000000
N           -0.16866400000000       -3.75942100000000       -1.35647200000000
B            0.48556000000000       -2.10563400000000        3.43376400000000
N           -0.58725300000000       -1.20503300000000        3.82448800000000
B           -3.22437300000000       -1.45141100000000        1.00032000000000
N            2.67132400000000       -0.85552900000000        2.62113500000000
B            1.87855700000000        3.33934800000000       -0.10642700000000
N            2.87691100000000       -2.33178300000000       -0.79356300000000
121
 energy: -221.895056139633 gnorm: 0.041221211820 xtb: 6.7.1pre (5071a88)
N            7.53508410205241       -1.71869603645390        7.57632772266243
C            6.38958705073635       -1.19947176634810        7.04577626578517
O            6.13856833668810       -1.33243415994661        5.86211696555096
C            5.50561559430437       -0.43268405005805        7.96710858231743
C            5.96479312673591        0.13116973555044        9.15512448991337
C            5.08380809924964        0.82377658463455        9.96977012013815
C            3.74944084615012        0.95670913346134        9.61062902771208
C            3.27091116439008        0.41433469117706        8.41908546693523
C            4.16807661993531       -0.27437336659008        7.60593142245164
C            1.82223814118309        0.55117332072422        7.99196927823171
C            1.32136912807162        2.00960681692515        7.96110422382259
C            0.34483348278575        2.29864664518489        9.09373037331121
C           -0.84714747543143        1.33282919718030        9.07580234059047
N           -0.49452052034271       -0.01687775743646        8.63133108739801
C           -1.38730892418954       -1.01952028750036        9.21178943273475
C           -2.82726095828673       -0.86300462587885        8.77672241371234
C           -3.17059576933873       -0.95667495691301        7.41846555014404
C           -4.48175064659514       -0.84737561323778        7.00639043048819
C           -5.51720649068535       -0.64151532614195        7.92995679176434
N           -6.78633082854498       -0.53047674425553        7.49397137250774
C           -7.74055517331720       -0.33179255695252        8.38619189862388
C           -7.51705638276155       -0.23266523590484        9.75758432203413
C           -6.22489954687454       -0.34816477210339       10.22274073030560
C           -5.17863161028916       -0.55618594388248        9.30912487937136
C           -3.83336718136935       -0.67183217023540        9.70592974987508
C            0.91030748003999       -0.32031390864593        8.88089767883023
H            8.07186268574390       -2.31407534197565        6.96264682703013
H            7.65177277860665       -1.85145571919299        8.56603185793286
H            7.00671782126428        0.06399810375868        9.43897834656177
H            5.43973159480755        1.26309960795837       10.89294187087921
H            3.08540912900975        1.50129487074755       10.26819781734665
H            3.83343984008289       -0.70161364052155        6.66993183772859
H            1.73805212365691        0.16296095359211        6.97199948425974
H            0.81042269267364        2.18344543545443        7.00997112371745
H            2.16358103543838        2.70601588577051        8.00897000240141
H            0.86169840067624        2.23680930520689       10.05610517796088
H           -0.03253118053722        3.32061899274015        9.00115405949732
H           -1.28391278209714        1.31479903145695       10.08746739596425
H           -1.61607204624638        1.70887606364379        8.39190061639886
H           -1.04572897730880       -2.00845937889332        8.88062016453683
H           -1.33454751937977       -1.00767182434086       10.31492467926349
H           -2.39467679909191       -1.11395776759767        6.68243465170810
H           -4.72697757865019       -0.91615522774007        5.95563102461711
H           -8.74036219314833       -0.24703740241192        7.97633259585368
H           -8.34076225253699       -0.06898229276033       10.43827964639633
H           -6.01924855732367       -0.27488115729678       11.28298731498870
H           -3.59256559185650       -0.61203721159103       10.75975149867845
H            1.16562778755757       -0.20474100183083        9.94806274862059
H            1.09558902462275       -1.36720870574236        8.61831930410735
B            3.45943119373364       -1.45459492896537        1.63063826865110
N            3.45502106129780        1.12952050005663        0.94072904847841
B            2.53957013713283        2.36199542494219       -1.26027663153627
N            2.29311516863457       -0.64168593758644       -2.73035106406333
B            0.69046777388483       -3.55984506365431        2.70365482499953
N           -2.93914018524356       -2.65427159790604        1.71078633432064
B           -1.03801006605837        4.08413445407851        1.83217258800368
N           -0.61971971329899        0.01762182932326       -3.94194196682874
B           -0.47349105174542        1.44538133194826       -4.09091100604999
N            1.20953654161842       -3.78671825095619       -1.73899879909634
B           -3.84418907895839        2.20936603320730       -0.49269121613321
N           -2.77281946063794        2.76362065152025       -1.21118695879723
B            1.40568654978168        0.81813642017078       -4.88894764401423
N           -0.23591020045805        3.36402142687553        2.83539701752203
B            0.89826003064805       -2.87966424203089       -2.81333621141685
N           -0.49175606637280        3.76656140161846       -1.00950048073282
B           -0.80589330672174        2.18187660455744        3.28401455012214
N            1.65589730093947       -1.27404325323845        3.50573481060706
B           -0.24829081059018        3.46968083348049       -2.37928638198557
N            1.31013727273616        0.06930224945664        3.82131318026176
B           -1.59751959747249       -0.56003139529947       -3.08431446204605
N           -3.83185458113429        1.77623384360243        0.83247754642844
B            0.33765555594981        4.49553220099163        1.18484840261002
N            0.04370498315917       -0.01335385900191        4.46060688698352
B           -2.70836056214795        2.22573461791886        1.60266029771030
N            3.77225413207105       -0.13264222247700       -0.76466955913855
B           -2.25318929356325       -3.63880192871774        1.00925835523176
N            1.05572040112167        3.73327976506561        2.23693221238571
B           -1.82546318796620       -0.77734129863434        3.22289117422619
N           -2.43684537195041       -3.60153698247078       -0.44998202091801
B            3.01846929588045       -1.07364199171715       -1.50198749151481
N           -3.15717688673590       -1.25216242280900       -0.38289209028436
B            2.03435335049391        2.92141385024101        1.56264921059631
N           -0.50769180312234       -2.90030096015135       -2.43254197604566
B           -1.67376587317428       -2.11297895133289       -2.49120942476843
N            0.59019977897195        3.96450946292900       -0.10944639906593
B            1.09053934652855        2.95981691449518       -3.18225106905220
N            0.07741862520411       -4.35850262591122        1.72234843269186
B           -1.78369354421356        3.45173695029561       -0.40737126516843
N           -2.01307910737488        3.41744499279651        1.03245722393035
B            1.46590125891374       -4.21106511254781        1.49999320137546
N           -0.79799592738246        1.06462194277536        4.19801751804240
B           -2.66605208115390       -2.40164274068912       -1.17426247505615
N           -1.07442386489319       -4.48397831564568        0.99198157248814
B           -2.50351767177541        0.49137315586998       -2.10854489796987
N            2.35239113120598       -3.88667782096715        0.45377880407701
B            3.91201670573010       -0.20253895171569        0.72729314374686
N            1.92849283442421        1.95699993524102       -2.46464493999127
B            1.00118084336718        2.25437167206400       -4.62220637571259
N           -4.18564133854445        0.82897711837901       -0.34673287184439
B           -1.33890390614124        2.45376290781590       -3.11438275446581
N           -2.35975024941206        1.93269996838537       -2.30540589484093
B            3.07324776093416       -2.64497285129039        0.60216089483480
N            2.33531698933345       -3.67365700173867       -0.97034554686522
B            2.21979353318518        0.54572627521886        2.81150040542969
N           -2.02624757254440        0.61198732618659        3.60442872494147
B           -1.10176426907220       -4.18342016838404       -0.44028359739353
N           -3.21766501228569        0.04173628544366       -0.95777810149796
B            3.44777934532162        1.25848539505677       -0.51283627374141
N            2.58125942868539        1.63241451607429        1.93737600253420
B            1.47205466272842       -1.55494232027272       -3.51529846232353
N           -2.10234055788129        1.75360100188926        2.76276344093593
B            2.04087899216784        0.71188843056627       -3.21108419661718
N           -2.72017209806412       -1.34152403809340        2.32260534202014
B            0.65858350114394       -0.53872552793090       -4.48652065217952
N           -0.16885040944686       -3.75944082394257       -1.35615140650293
B            0.48577815989058       -2.10495476984596        3.43625168277818
N           -0.58757886083458       -1.20487549572797        3.82916588956877
B           -3.22364359412401       -1.45065898602418        1.00201261263712
N            2.67074970255521       -0.85529515881108        2.62278026068834
B            1.87840444934839        3.33871761976184       -0.10546712195078
N            2.87661826351344       -2.33160973859868       -0.79286483791110
121
 energy: -221.897121476390 gnorm: 0.009478189464 xtb: 6.7.1pre (5071a88)
N            7.51141037975524       -1.71468166491042        7.57696926694646
C            6.37762142211653       -1.18673792899497        7.03497833937774
O            6.12889825823251       -1.32188316282257        5.85586364190951
C            5.48883368234461       -0.43798514808969        7.96829817587590
C            5.94404547106599        0.12812309275733        9.15415466581311
C            5.06000168937164        0.82179096884510        9.95781379503105
C            3.73003383100366        0.95240108951133        9.59549463937319
C            3.25540897252966        0.40741610436303        8.40733822009944
C            4.15462249246999       -0.28191657266206        7.60604166058142
C            1.81231767612397        0.53783370750573        7.97909256776332
C            1.31182957818621        1.99669764987677        7.95308421504477
C            0.34520706622792        2.28554829197996        9.09426527026136
C           -0.84918012074270        1.32688309576058        9.07073708412499
N           -0.48758495259927       -0.01743119350759        8.63437196657912
C           -1.37980868935948       -1.01484757338365        9.20461676747333
C           -2.81632844964063       -0.84403755725201        8.77678354346769
C           -3.15969668657025       -0.93248493068495        7.41232692655985
C           -4.45697873386591       -0.83178458385569        6.99853213878821
C           -5.49818823070204       -0.63298015286641        7.93201049991919
N           -6.76949895307102       -0.52922770226235        7.49901387734936
C           -7.71431416176290       -0.33799677557721        8.37304502937507
C           -7.49622768185443       -0.23737730963793        9.75558547519694
C           -6.21497105483903       -0.34606588496753       10.22748759839094
C           -5.16013761869790       -0.54681029238075        9.31573925693453
C           -3.81034575002096       -0.65816254090365        9.70189866509973
C            0.90891271777086       -0.32288296734215        8.88319727203250
H            8.05868579959826       -2.30653343586549        6.97216347468742
H            7.62574165860535       -1.83201578409497        8.56744739655502
H            6.98447986480204        0.06211295862868        9.43701367824942
H            5.41342409319017        1.26637402543061       10.87669286589302
H            3.06435955491763        1.49755177335174       10.24652665081735
H            3.83216185898659       -0.70738232827510        6.66865994505293
H            1.72586488202680        0.13737209895229        6.96740051588427
H            0.79533361350600        2.17078785914367        7.00961265804201
H            2.15959698588935        2.68362008582406        8.00756279438554
H            0.86406514856929        2.20864870646915       10.05216954693804
H           -0.02777722245914        3.30814886727307        9.01089847695009
H           -1.29655147041062        1.30199490792936       10.08062024595667
H           -1.61292438399883        1.69653546069311        8.37903408974928
H           -1.03256497178994       -1.99519905025920        8.85972544690094
H           -1.33689617717859       -1.00623868485323       10.31194826526212
H           -2.37652276012539       -1.08077116899751        6.68664932905421
H           -4.71117371520960       -0.90571883868028        5.95361732036716
H           -8.71434131990612       -0.25536809351363        7.96510327674732
H           -8.32576629124895       -0.07615925549972       10.42775883448913
H           -6.00617281116265       -0.27598070196887       11.28583417763313
H           -3.57493819505782       -0.60149916285879       10.75572969177818
H            1.18086241958987       -0.18433591732198        9.94653894231925
H            1.07771849723171       -1.37428027745500        8.63498217010270
B            3.45911833745543       -1.45444078858374        1.63408436180895
N            3.45272208920081        1.12874824048931        0.94262334402719
B            2.53954470173855        2.36171679507337       -1.25857391131045
N            2.29326454931605       -0.64169086903490       -2.72918918528206
B            0.69029532687310       -3.55837909763629        2.70595944999262
N           -2.93786776989619       -2.65339559785716        1.71353155846526
B           -1.03765218366189        4.08296010830646        1.83445752740860
N           -0.61999577669885        0.01764960274410       -3.94106558109867
B           -0.47356032986692        1.44546634890536       -4.08965127286844
N            1.20939472638672       -3.78644944161758       -1.73742843033889
B           -3.84356511489425        2.20917920648132       -0.49028686447553
N           -2.77258968671224        2.76358684767869       -1.20930077359165
B            1.40566689484599        0.81820301482345       -4.88767130245684
N           -0.23588837271504        3.36384713413713        2.83873979671064
B            0.89809366711573       -2.87944748936266       -2.81177011244177
N           -0.49151819050549        3.76644218056299       -1.00765127157926
B           -0.80555853011512        2.18161960198788        3.28784859689125
N            1.65556206338552       -1.27353447342199        3.50930134994017
B           -0.24804516021106        3.46964878497707       -2.37755218688576
N            1.31154118636557        0.06978298519786        3.82758194088317
B           -1.59762152045372       -0.55998396055660       -3.08311630981168
N           -3.83067570059299        1.77528169712305        0.83464097606348
B            0.33772351108788        4.49504512095929        1.18704371452768
N            0.04424023629552       -0.01247960043160        4.46689246988358
B           -2.70726191682161        2.22414168947096        1.60537265018193
N            3.77165249046614       -0.13272232663042       -0.76268866134826
B           -2.25277348913461       -3.63807160263743        1.01143389853120
N            1.05560881861420        3.73320997717876        2.23938220216759
B           -1.82456735807728       -0.77713099286625        3.22775169307959
N           -2.43679009129388       -3.60106353427012       -0.44775502836715
B            3.01850208247197       -1.07365485758523       -1.50036669054366
N           -3.15562207460263       -1.25151372138968       -0.38000892108320
B            2.03396496130909        2.92053689960269        1.56496213777837
N           -0.50799649509894       -2.90036611901601       -2.43113722633378
B           -1.67390950763263       -2.11277588174820       -2.48951986231076
N            0.59039409576617        3.96440697853030       -0.10744521417944
B            1.09069692953576        2.95986053103083       -3.18086197622595
N            0.07748377817663       -4.35755976927218        1.72482613322942
B           -1.78311598963647        3.45091317149377       -0.40525759515641
N           -2.01211933290976        3.41580516710431        1.03466529800866
B            1.46584229386055       -4.20973519855126        1.50226279208698
N           -0.79788773660162        1.06536075766658        4.20348484102658
B           -2.66561509871548       -2.40107574904203       -1.17189284963579
N           -1.07431210824324       -4.48352427094546        0.99405265093841
B           -2.50330944986728        0.49140089059324       -2.10695103360185
N            2.35190719750214       -3.88596278493132        0.45573629740931
B            3.91136308970030       -0.20275778548785        0.72978756471864
N            1.92884373376953        1.95709829317244       -2.46329502063408
B            1.00113371320599        2.25439538083451       -4.62083662178398
N           -4.18498247469885        0.82881911622277       -0.34457417461062
B           -1.33867891430277        2.45375471340796       -3.11266901554915
N           -2.35975787532664        1.93280469510391       -2.30385961311572
B            3.07288284546567       -2.64421443799579        0.60424182323267
N            2.33522754441393       -3.67348799885777       -0.96853002385125
B            2.22096008685499        0.54559535290873        2.81578636770517
N           -2.02577990023520        0.61208258525151        3.60922050537343
B           -1.10168272804881       -4.18299695917260       -0.43825142541266
N           -3.21685123529081        0.04184923348835       -0.95581130710956
B            3.44755762357410        1.25834137334217       -0.51048289813162
N            2.58009288490687        1.63182779901332        1.93982856146627
B            1.47196160066400       -1.55477579828666       -3.51396380233184
N           -2.10163197559155        1.75280410735891        2.76620879261077
B            2.04115719809505        0.71190393027820       -3.20974522169097
N           -2.71836131797722       -1.34107592105828        2.32614393199830
B            0.65850673230259       -0.53859817999840       -4.48534260684633
N           -0.16912706449080       -3.75954064696110       -1.35476545756082
B            0.48615102516853       -2.10427720932230        3.44059983000012
N           -0.58741228635014       -1.20457736977286        3.83616510098458
B           -3.22183253308941       -1.44943808876067        1.00517472599965
N            2.66967671626508       -0.85492371690619        2.62552140937654
B            1.87820539588479        3.33786845571773       -0.10329994217227
N            2.87642995048278       -2.33138463080089       -0.79118725596228
121
 energy: -221.896095102161 gnorm: 0.048868539890 xtb: 6.7.1pre (5071a88)
N            7.48771057407378       -1.71066914292347        7.57761358051259
C            6.36563732727711       -1.17400587722558        7.02416987872240
O            6.11922623894865       -1.31131534566800        5.84959475054242
C            5.47203310762980       -0.44328856360986        7.96947852388069
C            5.92327372905728        0.12507499007506        9.15317757671162
C            5.03616621450032        0.81980464328858        9.94584350541830
C            3.71060088530623        0.94809119770298        9.58033949837559
C            3.23988757660644        0.40049119173991        8.39556996789407
C            4.14115244051062       -0.28946406225410        7.60613626356579
C            1.80238173914260        0.52448030147361        7.96619811937338
C            1.30227507902447        1.98377517745422        7.94504837375398
C            0.34557868599590        2.27243730655332        9.09479627992266
C           -0.85121596274736        1.32092950385148        9.06566577828153
N           -0.48064440021518       -0.01799110731273        8.63741929448242
C           -1.37229808338584       -1.01018236071977        9.19744060400835
C           -2.80537986931312       -0.82506108975813        8.77684367838020
C           -3.14877395693666       -0.90826672541743        7.40618034889379
C           -4.43217726336644       -0.81616791116527        6.99066350629827
C           -5.47914320627762       -0.62443030684068        7.93406013707519
N           -6.75264119996733       -0.52797142685484        7.50405126968904
C           -7.68804832972720       -0.34420379271800        8.35988406728375
C           -7.47537977165249       -0.24209293961505        9.75358076486629
C           -6.20502838381224       -0.34396215744232       10.23223064512739
C           -5.14162300321986       -0.53742173563733        9.32235063326474
C           -3.78730320056341       -0.64448336303644        9.69786367547008
C            0.90751752922602       -0.32545685082952        8.88549950319295
H            8.04550662350428       -2.29897855171788        6.98169036604541
H            7.59968079753197       -1.81256151181829        8.56886744571021
H            6.96221578904218        0.06022459627910        9.43504637908930
H            5.38708242444815        1.26965206142026       10.86042929803927
H            3.04328038328155        1.49381068103864       10.22482695391014
H            3.83087605164630       -0.71316206492074        6.66737305047352
H            1.71365384388599        0.11176088410814        6.96278901575080
H            0.78021961036188        2.15811617031193        7.00924562362729
H            2.15560114018962        2.66120562645904        8.00613461674685
H            0.86643616548662        2.18045958732357       10.04822448967268
H           -0.02301755982313        3.29566911952579        9.02065176563325
H           -1.30920322981475        1.28918664465392       10.07376408419909
H           -1.60977403439964        1.68418321133856        8.36615327119624
H           -1.01939431852717       -1.98194143856678        8.83881445886958
H           -1.33923646986687       -1.00482315323185       10.30897036555931
H           -2.35833300991686       -1.04754094018363        6.69086600194566
H           -4.69534889015673       -0.89525007469676        5.95159596634958
H           -8.68829840337947       -0.26370933828121        7.95386474871868
H           -8.31075767738868       -0.08334872739647       10.41722569414218
H           -5.99307774729469       -0.27708034055989       11.28867674760133
H           -3.55729537374477       -0.59095371454212       10.75170603306487
H            1.19611010120873       -0.16391676315572        9.94501307231919
H            1.05984264489013       -1.38136035855353        8.65166549031647
B            3.45880471408534       -1.45428638046533        1.63753576283658
N            3.45042019452991        1.12797495429080        0.94452176525352
B            2.53951954541999        2.36143821484454       -1.25686725719741
N            2.29341394703998       -0.64169569749435       -2.72802387417392
B            0.69012268328072       -3.55691159434036        2.70826902803202
N           -2.93659341458043       -2.65251840554012        1.71628208890584
B           -1.03729371135814        4.08178461697550        1.83674730971876
N           -0.62027216323159        0.01767741297907       -3.94018590088232
B           -0.47362973192769        1.44555144712248       -4.08838780821012
N            1.20925270395812       -3.78618028485323       -1.73585407928959
B           -3.84294023580539        2.20899215400103       -0.48787743731848
N           -2.77235950862452        2.76355298222663       -1.20741013746194
B            1.40564711021900        0.81826972700746       -4.88639145828960
N           -0.23586616162375        3.36367278137421        2.84208842157651
B            0.89792704551696       -2.87923047999038       -2.81020006798584
N           -0.49127986763906        3.76632276132582       -1.00579777267263
B           -0.80522296341021        2.18136250796579        3.29168906083200
N            1.65522659582832       -1.27302515952960        3.51287392404710
B           -0.24779912223165        3.46961665921808       -2.37581381616377
N            1.31294653536806        0.07026419379358        3.83385942191560
B           -1.59772354283476       -0.55993647874352       -3.08191450265689
N           -3.82949512811964        1.77432839042561        0.83680918906959
B            0.33779160250774        4.49455776117808        1.18924360661968
N            0.04477628028076       -0.01160436815146        4.47318709550624
B           -2.70616155610973        2.22254687178024        1.60809018170347
N            3.77105004234960       -0.13280253387520       -0.76070354588530
B           -2.25235704310423       -3.63734053961771        1.01361426119613
N            1.05549727874763        3.73314029857458        2.24183693972436
B           -1.82367006528821       -0.77692045496092        3.23261991129309
N           -2.43673455606832       -3.60058954995816       -0.44552314940878
B            3.01853464939825       -1.07366769783664       -1.49874201741081
N           -3.15406502174369       -1.25086418227483       -0.37712029491776
B            2.03357618144787        2.91965934301213        1.56727973586267
N           -0.50830155043248       -2.90043145579918       -2.42972869876999
B           -1.67405329341701       -2.11257267166877       -2.48782622496075
N            0.59058879597027        3.96430459706046       -0.10543965619047
B            1.09085477755144        2.95990422755856       -3.17946913246148
N            0.07754902510602       -4.35661585545070        1.72730897567252
B           -1.78253759357670        3.45008850404664       -0.40313932508983
N           -2.01115807467315        3.41416341368236        1.03687809713367
B            1.46578323183187       -4.20840381777494        1.50453730227375
N           -0.79777908567367        1.06610046363699        4.20896031780881
B           -2.66517740052800       -2.40050814305983       -1.16951826503381
N           -1.07420004452435       -4.48306975718280        0.99612841663714
B           -2.50310100627489        0.49142879027857       -2.10535326203685
N            2.35142268008990       -3.88524702559778        0.45769820712224
B            3.91070852243601       -0.20297682570636        0.73228663109932
N            1.92919526968111        1.95719691049460       -2.46194148179277
B            1.00108643417564        2.25441916574822       -4.61946315593561
N           -4.18432267344406        0.82866088585781       -0.34241064268374
B           -1.33845374594656        2.45374662744046       -3.11095116613875
N           -2.35976553619915        1.93290965494724       -2.30230939019602
B            3.07251720036239       -2.64345520220667        0.60632704677133
N            2.33513787708831       -3.67331881352652       -0.96671022261008
B            2.22212705491085        0.54546434565659        2.82007865883737
N           -2.02531138565082        0.61217802366656        3.61401979809500
B           -1.10160094366670       -4.18257333928920       -0.43621462207133
N           -3.21603632403421        0.04196238484441       -0.95384007942837
B            3.44733558334594        1.25819726929804       -0.50812505774119
N            2.57892498547521        1.63124058395951        1.94228601872002
B            1.47186829405010       -1.55460904381979       -3.51262548877286
N           -2.10092211286663        1.75200636424475        2.76966009644023
B            2.04143567616638        0.71191957626205       -3.20840265855949
N           -2.71654776232231       -1.34062710370374        2.32968856679215
B            0.65842974098635       -0.53847069690831       -4.48416116821145
N           -0.16940398805824       -3.75964065143512       -1.35337570722010
B            0.48652438376553       -2.10359900228215        3.44495512992846
N           -0.58724514487200       -1.20427890220453        3.84317433961635
B           -3.22001863282775       -1.44821560235992        1.00834254470236
N            2.66860246029412       -0.85455179960025        2.62826753234665
B            1.87800632511500        3.33701878898253       -0.10112832543671
N            2.87624130702994       -2.33115929649828       -0.78950569679160
121
 energy: -221.897747601916 gnorm: 0.009314588462 xtb: 6.7.1pre (5071a88)
N            7.49315679075531       -1.71585109239782        7.57918894526172
C            6.36318389497436       -1.19021207976158        7.02863713107662
O            6.12694402635302       -1.30975563882448        5.84464945330935
C            5.47561079065197       -0.43943506599522        7.96150952624246
C            5.92716269184699        0.12720803467958        9.14920621096340
C            5.03941850140711        0.82147449428307        9.94906075081155
C            3.71117426744105        0.95099825463361        9.58177658199106
C            3.24163515436679        0.40218822753811        8.39303120196478
C            4.14315158053924       -0.28535421301960        7.59427091916735
C            1.80120523203654        0.52766489425663        7.96683237712635
C            1.30160026036528        1.98686355679938        7.94271732275846
C            0.34399869665257        2.27624386057055        9.09237037514823
C           -0.85192184431810        1.32209371849146        9.06642068153656
N           -0.48450734194274       -0.02152571517600        8.63828402357153
C           -1.37234162087231       -1.01991530695940        9.20247759114580
C           -2.80427344330234       -0.83699983224395        8.77575271379058
C           -3.14151279378508       -0.91199994620047        7.40677858066411
C           -4.43662244564978       -0.81425029468673        6.99188885490190
C           -5.47861859441976       -0.62309855309843        7.92925518040841
N           -6.75007183525654       -0.52523980650988        7.49461501933400
C           -7.69771883740372       -0.34052002816813        8.36458040113066
C           -7.48330129574494       -0.24005027093656        9.75203991783978
C           -6.20407642044332       -0.34248966537072       10.22449907578913
C           -5.14554722392748       -0.53723810087643        9.31286783182288
C           -3.79590588253294       -0.65043750219956        9.69983642343103
C            0.90844206013779       -0.32598028032948        8.88552861713947
H            8.05805503528844       -2.29633431635263        6.97918434203525
H            7.60536665088186       -1.82150391748752        8.57102407739004
H            6.96626685713185        0.06003050622251        9.43586217203913
H            5.38907965649077        1.26965466970398       10.86766760962488
H            3.04263068869338        1.49940732508840       10.22722829273317
H            3.82559670757574       -0.71639061448491        6.65743299291588
H            1.70871632441260        0.12137101564575        6.95822110762286
H            0.77822257967395        2.16134030045547        7.00383954001777
H            2.15176170876041        2.66996338589002        7.99321211545474
H            0.86719570679432        2.18694713950493       10.04664065672959
H           -0.02260865494691        3.30151369142883        9.01897660671539
H           -1.30658183484817        1.29958872968729       10.07370618267723
H           -1.61108179962150        1.68955941794601        8.36864696955910
H           -1.02881451477048       -1.99743920183236        8.84900668693662
H           -1.32986206197014       -1.01820085070711       10.31069827949959
H           -2.34977527901765       -1.04924341181585        6.68741550528846
H           -4.69690791943285       -0.88409926365553        5.94838085528531
H           -8.69971910256432       -0.26352041275539        7.95988798726326
H           -8.31710570637052       -0.08510653571806       10.42010184402698
H           -5.99179308543481       -0.27570692625049       11.28295014210756
H           -3.56345346207072       -0.59456524584057       10.75521781483331
H            1.18885638666179       -0.17440709246798        9.94535087059643
H            1.07489008396379       -1.37998349764425        8.65047534730368
B            3.45848512384830       -1.45425362775106        1.63756955648700
N            3.45063101398986        1.12798030862389        0.94537317536310
B            2.53972360280594        2.36173919903128       -1.25601292480909
N            2.29328394296607       -0.64161202438344       -2.72700183872909
B            0.69012329062227       -3.55727791638458        2.70925819048860
N           -2.93647501030576       -2.65252111916580        1.71704458552255
B           -1.03726616004976        4.08213510202226        1.83766907131642
N           -0.62022470039049        0.01767120260460       -3.93899219019971
B           -0.47365058122346        1.44551830233780       -4.08726030768691
N            1.20924016789115       -3.78617654924869       -1.73483779024635
B           -3.84291624978650        2.20899857312302       -0.48692880571660
N           -2.77230286658691        2.76350961872474       -1.20638433664745
B            1.40557768239698        0.81828754843445       -4.88545749048596
N           -0.23562743743733        3.36378724370606        2.84263611931104
B            0.89790625812348       -2.87925970887366       -2.80922943150676
N           -0.49120248592620        3.76624577169764       -1.00484491307190
B           -0.80501612389031        2.18157019517196        3.29218173297238
N            1.65541871117454       -1.27317148687885        3.51344037906585
B           -0.24777223540500        3.46955972947207       -2.37482802349675
N            1.31249254610480        0.07010055823945        3.83350175551157
B           -1.59770255550193       -0.55995204901587       -3.08080228085349
N           -3.82947965072876        1.77443121895677        0.83779820898013
B            0.33778056878679        4.49481756888643        1.19005718556118
N            0.04477795596664       -0.01180268992664        4.47304400477115
B           -2.70603631843269        2.22276222708158        1.60879671104888
N            3.77106054343808       -0.13280980415151       -0.75989797768832
B           -2.25232403927569       -3.63754064084781        1.01461577442744
N            1.05560648789024        3.73324564998322        2.24250978045695
B           -1.82353691719582       -0.77698872601087        3.23301265360630
N           -2.43659757730254       -3.60065717030998       -0.44452791146803
B            3.01831500443440       -1.07362260937734       -1.49786271774661
N           -3.15398499370872       -1.25089737454788       -0.37638394694422
B            2.03363460592332        2.92010442408106        1.56806734165010
N           -0.50825270724943       -2.90048828397641       -2.42871739200978
B           -1.67402176594892       -2.11268145141696       -2.48690365005947
N            0.59064570346119        3.96443081100284       -0.10457017755503
B            1.09088592464799        2.95989529024319       -3.17843794840108
N            0.07752295353543       -4.35675742866806        1.72823274770115
B           -1.78252441254907        3.45024992142220       -0.40223676730979
N           -2.01106243514417        3.41438859510750        1.03777822208926
B            1.46573917509351       -4.20866688959527        1.50553687911824
N           -0.79757063590849        1.06597723488921        4.20900748005411
B           -2.66508920396648       -2.40062174641210       -1.16862537492239
N           -1.07408520254704       -4.48315190351170        0.99713933340698
B           -2.50316462722111        0.49152132428558       -2.10445879154239
N            2.35147863234915       -3.88543453999134        0.45864445662404
B            3.91063079433897       -0.20292850131856        0.73285081615630
N            1.92929650835364        1.95726282388017       -2.46097022560281
B            1.00103254404122        2.25445279591732       -4.61845542691214
N           -4.18432218133819        0.82863444629827       -0.34139455447137
B           -1.33857997715137        2.45383374993217       -3.11002489302991
N           -2.35980009117430        1.93296761039797       -2.30132935064488
B            3.07230990029155       -2.64362091528778        0.60704295590413
N            2.33503988635038       -3.67332989479806       -0.96571491358427
B            2.22112782546393        0.54555066062107        2.82007982706491
N           -2.02520521253931        0.61220227797354        3.61432192923669
B           -1.10150686694826       -4.18268944060127       -0.43521067260841
N           -3.21603486638730        0.04200214356173       -0.95292427899368
B            3.44726573733197        1.25826515495007       -0.50754230264798
N            2.57913307360949        1.63146298346392        1.94315282483172
B            1.47179347909011       -1.55460963659263       -3.51162930093745
N           -2.10072903066103        1.75219013835952        2.77019405475453
B            2.04135619500549        0.71201026640991       -3.20747095895234
N           -2.71635847657735       -1.34055908701790        2.33018371960867
B            0.65834816276341       -0.53850867405842       -4.48320428108765
N           -0.16931408192525       -3.75965038450508       -1.35231263895726
B            0.48646427561901       -2.10382864959666        3.44549514038822
N           -0.58699624303358       -1.20433286114359        3.84301476657988
B           -3.21975026954528       -1.44827655677330        1.00896986307423
N            2.66880698821519       -0.85460466981131        2.62891656977815
B            1.87817116829526        3.33749051532991       -0.10037782991416
N            2.87617842353428       -2.33120871733244       -0.78858890245305
121
 energy: -221.898111784509 gnorm: 0.003250989967 xtb: 6.7.1pre (5071a88)
N            7.48585678964316       -1.72074472683199        7.57916692749567
C            6.36284636583133       -1.18723834831264        7.02291305442770
O            6.13005585281006       -1.30330085938803        5.83753396313381
C            5.47105023130162       -0.43947203965985        7.95369767371386
C            5.91929587579747        0.12760726816498        9.14316851124394
C            5.02963262530511        0.82281265173217        9.94191395731335
C            3.70227261612045        0.95260970457525        9.57022619140009
C            3.23641414838921        0.40141142580918        8.38018507999918
C            4.13855818254512       -0.28795639181470        7.58243757100094
C            1.79523037347240        0.52446379077036        7.95860619358928
C            1.29360447801575        1.98303779559169        7.93269498239044
C            0.34176803226732        2.27152496701283        9.08786331880784
C           -0.85401567672623        1.31773254055209        9.06324135942274
N           -0.48463385240799       -0.02773677959567        8.64059386426788
C           -1.36937677264020       -1.02855928788166        9.20386688399157
C           -2.79902956441844       -0.84007307727094        8.77558470324600
C           -3.12990339944357       -0.90216193122791        7.40477068771614
C           -4.42638551929775       -0.79879946402530        6.98800348466432
C           -5.46812269653017       -0.61427651266146        7.92459413194810
N           -6.73890175136170       -0.51891598970885        7.48693385696606
C           -7.69103410282918       -0.33988515321767        8.35915846658669
C           -7.47886854834232       -0.24107300352800        9.74645406403600
C           -6.19822646459178       -0.34019783784561       10.21848305110558
C           -5.13976069614129       -0.53199867488791        9.30701862034578
C           -3.79265194543453       -0.65071863002742        9.69955536853618
C            0.90937607195067       -0.32734205233016        8.88477185869905
H            8.05771770307580       -2.29778370437718        6.98279569289144
H            7.59426782338538       -1.81971144321310        8.57231313896790
H            6.95759399243663        0.06079351200662        9.43384912492029
H            5.37571895765220        1.27038856312739       10.86286980091969
H            3.03087158955175        1.50132295452621       10.21347921528836
H            3.82169117785762       -0.72050979527930        6.64498186976205
H            1.69589553745640        0.11635096763615        6.95063356873321
H            0.76367680541498        2.15527903085315        6.99608455445846
H            2.14242635230618        2.66828982312678        7.97409294906931
H            0.86950937853965        2.17804128635968       10.03961200251494
H           -0.02229852494457        3.29833113616176        9.02055758707153
H           -1.31214945025892        1.30131999455181       10.06851688139142
H           -1.61038382937269        1.68431138281425        8.36152726467357
H           -1.03026968045488       -2.00653984839280        8.84713397702132
H           -1.32276634638027       -1.03360353706813       10.31146858425817
H           -2.33317714814762       -1.03190175721101        6.68801677273043
H           -4.68663370484280       -0.85798804096522        5.94306784697108
H           -8.69396781461825       -0.26734646565284        7.95585302314955
H           -8.31481124493429       -0.09179850633569       10.41338203371160
H           -5.98442248449060       -0.27468936828646       11.27735486598275
H           -3.56089576077427       -0.59780717105219       10.75592345357716
H            1.19204513489780       -0.17213528213815        9.94260259693604
H            1.08097597240370       -1.38198294526512        8.65611871389000
B            3.45807473426468       -1.45409781119516        1.64057610948819
N            3.44933293979219        1.12750339882809        0.94817952735994
B            2.54009636659893        2.36202438401992       -1.25317474394914
N            2.29316720047327       -0.64149409149548       -2.72424078452354
B            0.69008397492853       -3.55678222701727        2.71265818837294
N           -2.93539819767971       -2.65196472908303        1.72044187768003
B           -1.03688868197581        4.08184956919270        1.84095681256063
N           -0.62033940555502        0.01769894536630       -3.93618571854395
B           -0.47370060544228        1.44554835490471       -4.08432739530614
N            1.20916233469820       -3.78600525705451       -1.73187885773491
B           -3.84244966397892        2.20894475166470       -0.48347336026208
N           -2.77205759221972        2.76348820917387       -1.20318669733951
B            1.40549207351167        0.81834610363485       -4.88269861829570
N           -0.23519519191448        3.36384448329720        2.84615824077550
B            0.89778154725165       -2.87915701700672       -2.80629594354514
N           -0.49092388227032        3.76622333637639       -1.00181433897961
B           -0.80439027588582        2.18163325439049        3.29588880181546
N            1.65554791678615       -1.27303012010441        3.51706675821599
B           -0.24756083949709        3.46956238491712       -2.37182117576685
N            1.31306630465052        0.07020349241137        3.83786143363284
B           -1.59775338356694       -0.55991749189428       -3.07790746029078
N           -3.82862918565074        1.77398233503835        0.84112823824456
B            0.33791262626853        4.49492794516790        1.19313489586415
N            0.04526532591894       -0.01147633045306        4.47762198996029
B           -2.70511267342216        2.22206930668373        1.61213035541438
N            3.77072359995678       -0.13282785449734       -0.75701889693236
B           -2.25198078100242       -3.63736133249420        1.01794545144569
N            1.05577502279289        3.73341514078582        2.24555735156725
B           -1.82275862111308       -0.77692203441139        3.23733096647379
N           -2.43638891541531       -3.60050428214075       -0.44117253195742
B            3.01806163356483       -1.07356912503788       -1.49501136370711
N           -3.15299362764309       -1.25056669399389       -0.37293328176387
B            2.03361892988213        2.92018908174884        1.57117206055197
N           -0.50838854617723       -2.90061695368178       -2.42583145692700
B           -1.67403821402563       -2.11264121846399       -2.48385513645490
N            0.59091609810360        3.96466521636995       -0.10157048879857
B            1.09106210305753        2.95995019039382       -3.17554031861149
N            0.07759064009271       -4.35636120805271        1.73168887016285
B           -1.78208306190734        3.44998915680768       -0.39908076847686
N           -2.01023327939235        3.41367299025110        1.04099599289365
B            1.46572306090005       -4.20813350592939        1.50893216378832
N           -0.79713910586593        1.06633057840929        4.21332770590329
B           -2.66476772579454       -2.40045759706337       -1.16528751997533
N           -1.07383264786569       -4.48303349069784        1.00043078618777
B           -2.50307416736568        0.49165626389487       -2.10153658115944
N            2.35128102919040       -3.88521733797053        0.46175485835605
B            3.91021822217712       -0.20294557521980        0.73580374998822
N            1.92970085622615        1.95747289448826       -2.45815624266306
B            1.00097548099052        2.25449735541055       -4.61555815720226
N           -4.18389374343989        0.82856072482065       -0.33798442041013
B           -1.33852577483284        2.45391781454836       -3.10700384655618
N           -2.35980876470029        1.93311587483157       -2.29836705183460
B            3.07193574695313       -2.64335197586722        0.60998163357699
N            2.33492179545945       -3.67327577588223       -0.96263539340433
B            2.22091027269945        0.54561366679794        2.82353750973862
N           -2.02467718440664        0.61233710541915        3.61848314617879
B           -1.10130267821565       -4.18259229692874       -0.43195063052311
N           -3.21553651235410        0.04211595363843       -0.94978796769255
B            3.44724367194918        1.25833475248198       -0.50469879724629
N            2.57865270540226        1.63138825250346        1.94633201146773
B            1.47163822624437       -1.55450045757370       -3.50879936349876
N           -2.09992330993493        1.75193686070357        2.77375870496879
B            2.04144605623124        0.71216808264456       -3.20467998274184
N           -2.71484327033376       -1.34017942729177        2.33371333159102
B            0.65819746218587       -0.53846082260203       -4.48048895419413
N           -0.16936653331115       -3.75978839410045       -1.34942349874578
B            0.48671139400277       -2.10362031873747        3.44954514165582
N           -0.58655303720713       -1.20419773256540        3.84810286063940
B           -3.21824343546212       -1.44758832470084        1.01247284601983
N            2.66847669708768       -0.85438701772581        2.63210788656353
B            1.87832060986300        3.33763012244663       -0.09740991807242
N            2.87600276762612       -2.33114667544913       -0.78567593995460
121
 energy: -221.898576135812 gnorm: 0.006967426127 xtb: 6.7.1pre (5071a88)
N            7.46590169473877       -1.73364361449860        7.58023666356342
C            6.35842684461991       -1.18487512203938        7.01004441703974
O            6.13980442617449       -1.28651175682223        5.81995732629278
C            5.45960019255943       -0.43839306398683        7.93527716647537
C            5.90058757478358        0.12912921499962        9.12763018762448
C            5.00712578773552        0.82541269565061        9.92258327488969
C            3.68262682939893        0.95549927515050        9.54181553467277
C            3.22417442254793        0.40047416217338        8.34987633616631
C            4.12839691858805       -0.28996788153803        7.55550169937042
C            1.78169144965387        0.51610857648325        7.93735296608826
C            1.27400228752849        1.97297812053199        7.90851820655458
C            0.33579868232235        2.25963389023183        9.07573849952226
C           -0.85880005280329        1.30608114354241        9.05354569606198
N           -0.48288618546084       -0.04227036787023        8.64433118091178
C           -1.36219406538130       -1.04616280559566        9.20534543189171
C           -2.78775863563192       -0.84369965379817        8.77628549274482
C           -3.10618897104492       -0.87692711252657        7.40101858337949
C           -4.40096772686122       -0.75984102633809        6.97869967140316
C           -5.44493853035834       -0.59203006899431        7.91468722397864
N           -6.71469146036931       -0.50174362566282        7.47128301341265
C           -7.67273275353207       -0.33799834437597        8.34367786630844
C           -7.46707539065669       -0.24434979717173        9.73248197791791
C           -6.18673687739469       -0.33727133090655       10.20701570347864
C           -5.12620019873498       -0.52161871600229        9.29708971103813
C           -3.78322496771842       -0.65225879153939        9.69872848678581
C            0.91232402685637       -0.33211944371845        8.88109653433766
H            8.05750964320517       -2.29948164314722        6.99268281520288
H            7.56670058221835       -1.81536867477035        8.57582249901006
H            6.93681336349207        0.06221712373933        9.42641278587017
H            5.34637153770200        1.27319807765090       10.84650289912189
H            3.00621635756102        1.50670255434593       10.17818101440460
H            3.81424393891944       -0.72672672324146        6.61835487172299
H            1.66965728588218        0.10159649622707        6.93272018963332
H            0.72869523660180        2.13763701143844        6.97842695262117
H            2.11958816222807        2.66313073191889        7.93139946240088
H            0.87303218476202        2.15698710208001       10.02138313384315
H           -0.02557564158131        3.28828489727915        9.02139098786532
H           -1.32585362678366        1.30009433885891       10.05443475752209
H           -1.60879994297829        1.66809874294743        8.34199051058020
H           -1.02903801113932       -2.02326323991314        8.83975779618160
H           -1.31022524233388       -1.06403293458096       10.31262412121280
H           -2.29985779770676       -0.99293958457161        6.69155732391076
H           -4.65980995295831       -0.79581414401208        5.93154711429735
H           -8.67653058170148       -0.27405003306317        7.94144536456207
H           -8.30828559674699       -0.10593125232559       10.39516095351659
H           -5.97117280430759       -0.27522661668118       11.26624728205535
H           -3.55406514353033       -0.60974052032699       10.75661709654643
H            1.20302603860090       -0.16452276914718        9.93430703561552
H            1.09101264799229       -1.38882122883105        8.66621059856281
B            3.45740627368341       -1.45370969847871        1.64830661882715
N            3.44612509400282        1.12637587811223        0.95503825847982
B            2.54117013247919        2.36280263526702       -1.24614668315006
N            2.29287182957739       -0.64121704423525       -2.71733919059965
B            0.69006786219986       -3.55554483402049        2.72104415916638
N           -2.93275672636604       -2.65064236446245        1.72886331014692
B           -1.03588960280433        4.08116184396688        1.84908839552976
N           -0.62059670725591        0.01777159592726       -3.92915220114618
B           -0.47381206251704        1.44563196945088       -4.07705361176713
N            1.20899039862624       -3.78556812520760       -1.72452294921519
B           -3.84131228993169        2.20889843504407       -0.47489919931547
N           -2.77143112855892        2.76350474397064       -1.19523954379248
B            1.40528877866285        0.81844654214067       -4.87574527277183
N           -0.23409499562098        3.36400970807268        2.85494357045763
B            0.89748553439854       -2.87890288741718       -2.79897447276944
N           -0.49022321027670        3.76632084748839       -0.99429493151002
B           -0.80281269495318        2.18174909350572        3.30506942698681
N            1.65597428116488       -1.27266181073113        3.52607006967952
B           -0.24703932887740        3.46963896508531       -2.36435173966862
N            1.31468962306005        0.07048252103492        3.84881864401941
B           -1.59783526699118       -0.55981449279054       -3.07060882939131
N           -3.82656942254575        1.77297931846197        0.84939440306962
B            0.33834968132770        4.49520614259972        1.20077404389462
N            0.04654664852711       -0.01064940298630        4.48900193076842
B           -2.70291275729771        2.22050806357513        1.62045292877395
N            3.76998545255745       -0.13280862233685       -0.74995416324772
B           -2.25115453062683       -3.63693785632869        1.02615160846451
N            1.05626712003782        3.73385470378330        2.25315193787921
B           -1.82088816714464       -0.77668974547931        3.24797075098976
N           -2.43593627488090       -3.60016029491307       -0.43290682790218
B            3.01755805882274       -1.07343261575301       -1.48792457069297
N           -3.15087842558365       -1.24981763583203       -0.36439466605223
B            2.03371854607634        2.92038206702432        1.57888289274379
N           -0.50874723664856       -2.90094699359899       -2.41866618226914
B           -1.67410532666940       -2.11254777235661       -2.47625616064742
N            0.59165693766132        3.96529303991987       -0.09413688499314
B            1.09149661145107        2.96007765581576       -3.16830991351080
N            0.07782436324955       -4.35542208258480        1.74019986552000
B           -1.78097702193528        3.44943588539782       -0.39124072563060
N           -2.00823333995286        3.41206045389032        1.04897705300212
B            1.46578692550131       -4.20681118462882        1.51730058006881
N           -0.79605932756200        1.06723098937809        4.22411911005399
B           -2.66408298537940       -2.40006610311434       -1.15701887239599
N           -1.07322637457577       -4.48280510147361        1.00853450403074
B           -2.50285443902591        0.49195004273850       -2.09415404254452
N            2.35087222199443       -3.88463678281215        0.46946172788690
B            3.90931526896140       -0.20294534578981        0.74313342861138
N            1.93069550615330        1.95800260945818       -2.45108985384475
B            1.00086535403388        2.25454381916318       -4.60829215628129
N           -4.18289254903668        0.82848921302244       -0.32947703388311
B           -1.33830431890636        2.45407816600027       -3.09942133858767
N           -2.35975061723493        1.93346125236655       -2.29091449851980
B            3.07123891461604       -2.64265244854018        0.61735796807174
N            2.33470633901564       -3.67312779495928       -0.95500569388006
B            2.22081735071772        0.54580399342868        2.83229065517513
N           -2.02336637456899        0.61272704632001        3.62881590900801
B           -1.10084227629578       -4.18236787145237       -0.42390911844051
N           -3.21443884226292        0.04238400618501       -0.94195799415519
B            3.44743725002802        1.25860355972804       -0.49764160953043
N            2.57752103251378        1.63119222887039        1.95410803403356
B            1.47127774628790       -1.55425582872550       -3.50172465705443
N           -2.09795261463799        1.75137087953438        2.78262973432641
B            2.04168048601155        0.71255853239624       -3.19764199196432
N           -2.71117609976360       -1.33925271482642        2.34240757163741
B            0.65785142939826       -0.53836835972876       -4.47364551145835
N           -0.16952181859257       -3.76017314217363       -1.34228914715046
B            0.48741754215993       -2.10304216226917        3.45950435990877
N           -0.58545769720718       -1.20379823028306        3.86065703164616
B           -3.21480622329240       -1.44598897247057        1.02116981321573
N            2.66782218657942       -0.85381844314180        2.64004814727280
B            1.87877326134488        3.33792431538203       -0.09002126361706
N            2.87566907394071       -2.33097426485690       -0.77842335816435
121
 energy: -221.898864449411 gnorm: 0.006771421324 xtb: 6.7.1pre (5071a88)
N            7.44901862536863       -1.74693255434159        7.57970985805913
C            6.35799819607637       -1.18040418312613        6.99691932887931
O            6.15097727409047       -1.27336763225132        5.80451660606991
C            5.45196716902846       -0.43644655941888        7.91777446883832
C            5.88747184177448        0.13183311589112        9.11136646656740
C            4.99188199069766        0.83026345849181        9.90199375363487
C            3.66980313806329        0.96002788911274        9.51494122697823
C            3.21595341274429        0.40115333500895        8.32296299454536
C            4.12195839427233       -0.29028580388691        7.53228583935642
C            1.77191601923004        0.50937486789459        7.91679859037318
C            1.25619981731601        1.96367440081899        7.88518532075239
C            0.32929141508899        2.24925673293732        9.06149743079797
C           -0.86341481456532        1.29450748258057        9.04259154997383
N           -0.48129939070608       -0.05543851700862        8.64416959427391
C           -1.35685785278881       -1.06061965415891        9.20544542083976
C           -2.78012150033034       -0.84735754168546        8.77677891539918
C           -3.08924369175279       -0.85578562642444        7.39862512297719
C           -4.38039768920763       -0.72453358505489        6.97061868036997
C           -5.42820108385272       -0.57123644774434        7.90503873151879
N           -6.69678725264635       -0.48221641815166        7.45693142188682
C           -7.65823607159967       -0.33267101448985        8.32754809070680
C           -7.45895208868459       -0.24667543582636        9.71788950082418
C           -6.18050320200174       -0.33818829026161       10.19692827052015
C           -5.11704726365267       -0.51624763185006        9.28936846698686
C           -3.77703804927585       -0.65820968372372        9.69730224814526
C            0.91543623290195       -0.33678016600479        8.87392329448369
H            8.05384874559469       -2.30611122824561        7.00073279283956
H            7.54312822756244       -1.81369788048686        8.57697415264728
H            6.92209353426727        0.06480644592317        9.41572524664537
H            5.32644130999785        1.27790973941193       10.82754649224954
H            2.98999727992710        1.51230147820428       10.14626403302882
H            3.81051481960777       -0.72789058178265        6.59477321370630
H            1.65241660871508        0.08864028148094        6.91573040160608
H            0.69836953996424        2.11951574802555        6.96075463131301
H            2.09812316739590        2.65880709103373        7.89307342849220
H            0.87360946306559        2.14265596135575       10.00234835203228
H           -0.03309301573561        3.27774244327443        9.01484292543477
H           -1.33667424322679        1.29499479476900       10.04031948525041
H           -1.60928793464079        1.65046499153554        8.32339806094820
H           -1.02637356347242       -2.03657854317951        8.83364494028812
H           -1.30233345450563       -1.08562808334693       10.31259697778443
H           -2.27713231862425       -0.96267136300575        6.69475479701231
H           -4.63466280394067       -0.73945919886662        5.92162152086546
H           -8.66147824330248       -0.27438866277709        7.92345101392141
H           -8.30410927782820       -0.11589397010509       10.37686865774693
H           -5.96641171337306       -0.28112946944156       11.25665486335748
H           -3.55090890652952       -0.62827300679707       10.75617806815918
H            1.21372524922901       -0.15962801958178        9.92340742070300
H            1.09863888060026       -1.39443818522679        8.66705229984505
B            3.45727239053071       -1.45332526416170        1.65628382107064
N            3.44354873570568        1.12550418663343        0.96208251651668
B            2.54243129282938        2.36370210063114       -1.23879653900277
N            2.29255098246383       -0.64096942051335       -2.70993782521376
B            0.69027923637517       -3.55458937715754        2.72959580705780
N           -2.93040809675015       -2.64954911694389        1.73750765725840
B           -1.03482934740701        4.08078528551758        1.85743633319152
N           -0.62081626315413        0.01781396594518       -3.92154101158737
B           -0.47384475027217        1.44568882152430       -4.06923673835610
N            1.20889726871401       -3.78516813893210       -1.71672572306597
B           -3.84027278901874        2.20898297044803       -0.46606853060283
N           -2.77077339686247        2.76359447973407       -1.18690747267783
B            1.40506418957304        0.81851404589780       -4.86824164133297
N           -0.23289653003879        3.36427626147971        2.86378424135550
B            0.89725444963094       -2.87870257985652       -2.79119245474576
N           -0.48951450252332        3.76657537214355       -0.98642104808480
B           -0.80121682621894        2.18193147431183        3.31416729990821
N            1.65671401369491       -1.27235408470150        3.53508226870175
B           -0.24653861889756        3.46975135670985       -2.35649422588984
N            1.31630081530706        0.07073385035317        3.85924401494778
B           -1.59789584116472       -0.55974348559127       -3.06276367651718
N           -3.82476896143865        1.77233146302495        0.85799460250672
B            0.33896764935733        4.49557537500915        1.20867658337828
N            0.04788629225748       -0.00997229295820        4.49969975049635
B           -2.70099590586889        2.21950970779416        1.62902856928590
N            3.76951356395826       -0.13269495280863       -0.74269955227021
B           -2.25037891393799       -3.63663531278409        1.03463392960998
N            1.05694710284142        3.73432029525727        2.26099039836498
B           -1.81920063267124       -0.77636493019421        3.25820843469660
N           -2.43553327899714       -3.59992915357719       -0.42437473687598
B            3.01718186304429       -1.07326578033813       -1.48045295774795
N           -3.14941655368603       -1.24927581623887       -0.35570684304222
B            2.03406819477122        2.92069100831991        1.58678969855109
N           -0.50904429615402       -2.90126959722100       -2.41102449248231
B           -1.67416180791267       -2.11251614151547       -2.46821850117001
N            0.59248497042070        3.96596697650189       -0.08640726581217
B            1.09193158942758        2.96020452176982       -3.16060598533506
N            0.07819156230012       -4.35468930182683        1.74883170465267
B           -1.77992889552619        3.44915732410639       -0.38306791813244
N           -2.00648297576179        3.41103332398055        1.05725597606365
B            1.46604898660163       -4.20576323966254        1.52581882454751
N           -0.79487732637521        1.06802271689451        4.23450546081071
B           -2.66358569079977       -2.39980908959422       -1.14848644829945
N           -1.07261411996653       -4.48269038836920        1.01691119786159
B           -2.50260207504217        0.49218997863928       -2.08619408046749
N            2.35073415326624       -3.88413288845594        0.47746332441430
B            3.90876498869966       -0.20284316570517        0.75061493043064
N            1.93162405591590        1.95849458934539       -2.44352672742207
B            1.00079485979946        2.25455707258861       -4.60051987604136
N           -4.18201913601293        0.82857649251392       -0.32060690433658
B           -1.33804229199520        2.45421963178663       -3.09140086621124
N           -2.35956217360343        1.93375419884767       -2.28292613993379
B            3.07097694573940       -2.64206429165416        0.62508940981653
N            2.33463310623014       -3.67297191477926       -0.94704787095053
B            2.22107709856845        0.54607918542333        2.84104133787190
N           -2.02206276514974        0.61319467020837        3.63888167993834
B           -1.10042736708187       -4.18222929775571       -0.41557224389762
N           -3.21359325930296        0.04262276382939       -0.93371356989113
B            3.44800955948985        1.25902875038442       -0.49037287406194
N            2.57678465582905        1.63109755222998        1.96193377006436
B            1.47095047020288       -1.55408490791529       -3.49416637028504
N           -2.09609819127792        1.75108899027164        2.79156169705299
B            2.04187968984376        0.71293406938726       -3.19009042466941
N           -2.70799547943730       -1.33838944880380        2.35106462860513
B            0.65753248927511       -0.53831804357626       -4.46621074771430
N           -0.16961483849877       -3.76055605298047       -1.33470237175280
B            0.48824597994965       -2.10252074026382        3.46917027414395
N           -0.58429372384342       -1.20335435677833        3.87223125918231
B           -3.21210897375646       -1.44477442101608        1.02998756928279
N            2.66770779936309       -0.85329138926014        2.64815828052776
B            1.87944104835325        3.33837008728483       -0.08236541686422
N            2.87550961973983       -2.33079585233590       -0.77077614905395
121
 energy: -221.899164766527 gnorm: 0.004290064886 xtb: 6.7.1pre (5071a88)
N            7.43207375007052       -1.76306955546737        7.57888907582299
C            6.35823177760203       -1.17873537636971        6.98338225663709
O            6.16694677036749       -1.26042482793555        5.78769810858466
C            5.44677164524039       -0.43293310444107        7.89819633983392
C            5.87844410733033        0.13675294210967        9.09180265443079
C            4.98184309018817        0.83817078164031        9.87794513369795
C            3.66157960966118        0.96685896269182        9.48676477736143
C            3.21022403152156        0.40383956820513        8.29605531173693
C            4.11819974846018       -0.28741646316059        7.50834338951656
C            1.76425380564727        0.50310529491539        7.89443025762317
C            1.23884759043905        1.95401006886917        7.85897629954493
C            0.32147768829459        2.23974909410514        9.04193675838236
C           -0.86808331844939        1.28178947204642        9.02870124760097
N           -0.47998519774786       -0.06903421163874        8.63957832755112
C           -1.35268031644815       -1.07405794223233        9.20410245097620
C           -2.77488753254735       -0.85270387688889        8.77645500524768
C           -3.07632044361605       -0.83657833599671        7.39675945426695
C           -4.36264882577961       -0.68923972504416        6.96300542020959
C           -5.41561650738114       -0.54955775883012        7.89441976070838
N           -6.68245436882601       -0.45710922477113        7.44187937732729
C           -7.64653164238868       -0.32235692560657        8.30925461107014
C           -7.45405738475635       -0.24851805552074        9.70115106655030
C           -6.17856948850702       -0.34402043728935       10.18628707042358
C           -5.11119974998847       -0.51559928793859        9.28203351796735
C           -3.77375731303669       -0.67016423921124        9.69471846387756
C            0.91867839217723       -0.34315049930672        8.86153199504678
H            8.04968390781159       -2.31517300501572        7.00783111722730
H            7.52004438541451       -1.81670126179203        8.57706947170490
H            6.91183722951809        0.06921418727844        9.39999904442884
H            5.31386367798099        1.28753756608246       10.80310039480040
H            2.98004576526033        1.52115784148173       10.11354503520872
H            3.80880577293487       -0.72625211202162        6.57125640935657
H            1.64199177724281        0.07626025852002        6.89694805393107
H            0.67011322746526        2.09899748787716        6.93975361697592
H            2.07612635484482        2.65481709513918        7.85326626437569
H            0.87146668535261        2.13405610303034        9.97895794493369
H           -0.04478289792384        3.26662234977042        8.99816025578304
H           -1.34457262199117        1.28645941833490       10.02450479836958
H           -1.61226464996886        1.63031571801704        8.30433708751396
H           -1.02326121458745       -2.04927873510000        8.82934669638254
H           -1.29699730409019       -1.10077774591712       10.31107362674070
H           -2.26085429477856       -0.93589664674379        6.69687680260899
H           -4.60920405563035       -0.68280734851893        5.91233774205765
H           -8.64780211130492       -0.26572565794442        7.90039681583563
H           -8.30221772955330       -0.12337634833550       10.35696781431644
H           -5.96927914346524       -0.29558901259151       11.24709174372950
H           -3.55177641811649       -0.65626472107671       10.75450712405208
H            1.22430176691962       -0.15879254223789        9.90767845492888
H            1.10463179053006       -1.40099121841257        8.65838785074885
B            3.45769476437733       -1.45288681370752        1.66559939722844
N            3.44139895480625        1.12480523809702        0.97035985291030
B            2.54409819661886        2.36485401808644       -1.23005436424470
N            2.29218530640498       -0.64072202883117       -2.70096643726016
B            0.69081285128191       -3.55379514135665        2.73952942946031
N           -2.92810225959241       -2.64853330483290        1.74767470019263
B           -1.03353733055588        4.08072727528781        1.86721707412401
N           -0.62103266560074        0.01782189454334       -3.91222784705512
B           -0.47381453099292        1.44571044039292       -4.05976535003645
N            1.20886389949267       -3.78472578677299       -1.70732004387966
B           -3.83918336205023        2.20922213399976       -0.45568817831799
N           -2.76996422612200        2.76376575640491       -1.17694225106299
B            1.40476306940121        0.81857306215990       -4.85907836889030
N           -0.23141106172476        3.36470150435250        2.87391874939843
B            0.89704876038281       -2.87851318358145       -2.78180028973451
N           -0.48869320680788        3.76701265493173       -0.97701554547546
B           -0.79938650695682        2.18224836563914        3.32447099749703
N            1.65795265666401       -1.27205662702199        3.54540970960575
B           -0.24598330007142        3.46993716091679       -2.34707742835326
N            1.31811017004713        0.07102450104753        3.87048401749408
B           -1.59792503677575       -0.55968896638322       -3.05318036148760
N           -3.82300494216516        1.77201584470281        0.86821367710926
B            0.33989353832797        4.49606863676062        1.21799909731173
N            0.04949043763810       -0.00936102874719        4.51108030182484
B           -2.69912368357844        2.21902360383547        1.63912403693817
N            3.76928496316352       -0.13247092874147       -0.73419836766428
B           -2.24954051562260       -3.63636798304405        1.04466720272924
N            1.05795976821943        3.73486865629969        2.27023091111061
B           -1.81746578470255       -0.77586120143265        3.26942688499599
N           -2.43512893410224       -3.59974996855296       -0.41429106785936
B            3.01691653561205       -1.07303576844154       -1.47152150005619
N           -3.14842102042391       -1.24886076006560       -0.34558458224687
B            2.03476082374580        2.92115726737252        1.59604661530867
N           -0.50932237088909       -2.90159565102617       -2.40175379941451
B           -1.67423270819840       -2.11253355051982       -2.45855134879361
N            0.59351785813614        3.96672709547889       -0.07723108198916
B            1.09243332221108        2.96033766323056       -3.15125671247324
N            0.07877786905524       -4.35403795999748        1.75881700769437
B           -1.77879638822647        3.44915347805522       -0.37333929362191
N           -2.00476582800306        3.41053269715178        1.06707163106756
B            1.46657878352737       -4.20487612051692        1.53569453940250
N           -0.79338513954835        1.06881317934511        4.24586702344323
B           -2.66322359509271       -2.39964101769713       -1.13842784058231
N           -1.07190217094680       -4.48261668941527        1.02681077941707
B           -2.50230217848044        0.49240773832470       -2.07647297102488
N            2.35089856645491       -3.88363731746475        0.48692291912266
B            3.90853916415583       -0.20262580332514        0.75930647375541
N            1.93264706288050        1.95899365374236       -2.43435449396636
B            1.00075996991942        2.25456077761442       -4.59108433464160
N           -4.18113972250191        0.82885430373499       -0.31006631874763
B           -1.33766284564706        2.45434502693444       -3.08173307870356
N           -2.35918050852420        1.93402245875568       -2.27319250076310
B            3.07115837099409       -2.64151227006501        0.63427678722756
N            2.33469167776774       -3.67275262811524       -0.93759968242146
B            2.22171453652000        0.54646438618741        2.85095993652390
N           -2.02056972095997        0.61382743240078        3.65008023342298
B           -1.10001283754131       -4.18212580955204       -0.40569890268587
N           -3.21289134850132        0.04287860440327       -0.92381777036824
B            3.44907956298812        1.25967959182375       -0.48183131704676
N            2.57645336878558        1.63111305739028        1.97096625691209
B            1.47060810426847       -1.55395532654530       -3.48502608542501
N           -2.09411878868459        1.75111368637734        2.80184843324791
B            2.04208596017588        0.71334162274924       -3.18092999497018
N           -2.70495159414320       -1.33743758202562        2.36094285984545
B            0.65717627914044       -0.53830553116357       -4.45711343172460
N           -0.16965359267113       -3.76092897936726       -1.32549670258965
B            0.48935768402950       -2.10197960026310        3.47986009959036
N           -0.58284150377042       -1.20277993872414        3.88421796080057
B           -3.20989382888945       -1.44380442264773        1.04021859890447
N            2.66821839521391       -0.85275125242137        2.65761452969443
B            1.88042154675905        3.33898712695740       -0.07331796295246
N            2.87553244250641       -2.33056665987993       -0.76162541478452
121
 energy: -221.899532611865 gnorm: 0.003640641100 xtb: 6.7.1pre (5071a88)
N            7.41348706261302       -1.78385750026314        7.57684524687314
C            6.36093980766070       -1.17689665806056        6.96705473314901
O            6.18855169314378       -1.24751143354438        5.76834852461857
C            5.44423582842440       -0.42755292345500        7.87446839740259
C            5.87369862272176        0.14579958910181        9.06643390923258
C            4.97689827195101        0.85197772768139        9.84722272039224
C            3.65740149061070        0.97770255089048        9.45413733307709
C            3.20660183802549        0.40812079119063        8.26670632534589
C            4.11682085430880       -0.28310518592833        7.48188806333895
C            1.75853015471127        0.49642237684430        7.86725999939546
C            1.22101565672889        1.94267289043477        7.82553097582814
C            0.31194516588690        2.23060817620640        9.01338918226048
C           -0.87313331006729        1.26721347661726        9.00999188349953
N           -0.47943198683703       -0.08390011839873        8.62864719533739
C           -1.34937683139561       -1.08735366862765        9.20087330733939
C           -2.77162602334643       -0.86126259846481        8.77419697427860
C           -3.06600074874498       -0.81794734438382        7.39417006914216
C           -4.34696288734158       -0.65179465897575        6.95469064351472
C           -5.40629121234061       -0.52569652633452        7.88128401733094
N           -6.67016958762410       -0.42177940720337        7.42381595867650
C           -7.63766866490299       -0.30325200121594        8.28685124926795
C           -7.45294743843162       -0.25041199369032        9.68044324591644
C           -6.18125751497516       -0.35801166950351       10.17299049400013
C           -5.10875328463362       -0.52146785480085        9.27316097130118
C           -3.77411333605720       -0.69150057788185        9.68991036107744
C            0.92186611052947       -0.35137763495736        8.84182913170331
H            8.04213220987123       -2.33016984057117        7.01388334539037
H            7.49490919422039       -1.82578520927045        8.57557997966984
H            6.90631386407431        0.07772623659275        9.37687849043437
H            5.30821410776809        1.30527513469628       10.77017979542813
H            2.97527122609682        1.53441650550909       10.07725275996407
H            3.80911656432696       -0.72309821100176        6.54538039262113
H            1.63828607475752        0.06300821104369        6.87315740629374
H            0.64245601209034        2.07397692023606        6.91097899562007
H            2.05249845508376        2.65003624753161        7.80631873649737
H            0.86723655460560        2.13187652423501        9.94749469083230
H           -0.06120299622960        3.25459682246470        8.96679018897435
H           -1.34835070688450        1.27456034861873       10.00591878527971
H           -1.61927331147034        1.60671508495284        8.28388445293437
H           -1.02008835334328       -2.06304694204019        8.82769950393878
H           -1.29292633356918       -1.10943534378090       10.30762389219593
H           -2.24883924114463       -0.90966195475347        6.69650354768235
H           -4.58239518829983       -0.62106316715629        5.90227622184097
H           -8.63541667979030       -0.24182426861527        7.87017240022869
H           -8.30337407910626       -0.13024197789603       10.33393170381620
H           -5.98065227970327       -0.32500657952195       11.23587843829112
H           -3.55821836122173       -0.69904073728721       10.75081261376717
H            1.23460199549820       -0.16270947826445        9.88506458350858
H            1.10929080213631       -1.40874264299840        8.63829871680594
B            3.45884925696968       -1.45234867160969        1.67752195421452
N            3.43976570309595        1.12429442579859        0.98113369077566
B            2.54638239725050        2.36635279228387       -1.21859386521038
N            2.29176996575016       -0.64045843792149       -2.68909308131965
B            0.69186759960455       -3.55310705636538        2.75222429158686
N           -2.92575675226240       -2.64752029797066        1.76088121366312
B           -1.03184453825754        4.08109575583248        1.87983445261585
N           -0.62128749562808        0.01778618115708       -3.89979004573324
B           -0.47367760569431        1.44568797569417       -4.04716661248697
N            1.20890709963759       -3.78418452153270       -1.69488187244649
B           -3.83795028929123        2.20967353620851       -0.44226392590171
N           -2.76890278824744        2.76405264818263       -1.16385463132952
B            1.40431114706523        0.81861709548232       -4.84687598895576
N           -0.22944569674749        3.36536529472933        2.88669975623304
B            0.89685805158430       -2.87830639054815       -2.76938877192937
N           -0.48766658132941        3.76764469109049       -0.96465833383555
B           -0.79713681358382        2.18279775810373        3.33735403429826
N            1.65999261023145       -1.27173297290088        3.55850838049106
B           -0.24532029108550        3.47018449543613       -2.33467821584436
N            1.32033519711942        0.07143162888764        3.88383530115126
B           -1.59795797504957       -0.55964439714594       -3.04042933417643
N           -3.82116844210482        1.77213012224922        0.88156361068989
B            0.34129329746843        4.49673138136336        1.23010760436114
N            0.05158122894789       -0.00877100136325        4.52438278109538
B           -2.69718272115193        2.21918282567876        1.65221681476002
N            3.76936457975625       -0.13210527343364       -0.72317914242243
B           -2.24853798700694       -3.63604843582297        1.05775254262233
N            1.05949668753363        3.73554919114433        2.28223059273647
B           -1.81552181384121       -0.77506224548152        3.28298076349134
N           -2.43467722312126       -3.59957412795729       -0.40114500425636
B            3.01678828785384       -1.07270329762322       -1.45981003994610
N           -3.14786241384404       -1.24854128925137       -0.33254991127534
B            2.03593294341008        2.92180743248447        1.60797597711977
N           -0.50958451066225       -2.90189840652962       -2.38940686577987
B           -1.67432245087420       -2.11257615489870       -2.44578950516089
N            0.59487430687459        3.96757779912874       -0.06523270865730
B            1.09306234089360        2.96046484774466       -3.13882067546237
N            0.07972452056543       -4.35338210308347        1.77155954450084
B           -1.77748411913764        3.44949683357380       -0.36059763187184
N           -2.00297538146474        3.41067936096929        1.07988674272460
B            1.46751542465946       -4.20412656831249        1.54829343871984
N           -0.79134467398464        1.06967749203314        4.25954870841509
B           -2.66298283631762       -2.39953560488428       -1.12536271681474
N           -1.07098968273423       -4.48249266045446        1.03971391210631
B           -2.50190359406513        0.49263356262445       -2.06350249243347
N            2.35149560789397       -3.88311524135405        0.49920712727493
B            3.90876317991382       -0.20226100240796        0.77045772512648
N            1.93389366922135        1.95951424198867       -2.42218136611971
B            1.00079015314890        2.25456256511748       -4.57855318784456
N           -4.18015966457646        0.82938936101758       -0.29633856068699
B           -1.33714830707260        2.45449353049273       -3.06899204917383
N           -2.35853110439387        1.93428891237106       -2.26022624448746
B            3.07193430003361       -2.64096857225098        0.64623551859613
N            2.33492917667887       -3.67241715135472       -0.92529013815860
B            2.22290381043140        0.54698555437708        2.86333455387930
N           -2.01870362338107        0.61472833661836        3.66384583979333
B           -1.09955619159160       -4.18200410583673       -0.39281706649105
N           -3.21227676070672        0.04319716385310       -0.91076958217134
B            3.45086538731903        1.26063983994627       -0.47073616455598
N            2.57668979426766        1.63127347106493        1.98251376344306
B            1.47022592998486       -1.55385577654391       -3.47294266066642
N           -2.09185781299172        1.75157068510991        2.81494083523834
B            2.04232133682090        0.71381035064163       -3.16880152490997
N           -2.70192497148364       -1.33626881076586        2.37344931768497
B            0.65671059385372       -0.53834625003196       -4.44497937378950
N           -0.16960678179498       -3.76123300807917       -1.31320582370331
B            0.49097106434426       -2.10134261889148        3.49289195779002
N           -0.58086260135927       -1.20198291960298        3.89776902850239
B           -3.20817717282879       -1.44305592147732        1.05333443622845
N            2.66962170337231       -0.85216802691247        2.66978093655605
B            1.88185292224020        3.33982964740701       -0.06154957975757
N            2.87579913348747       -2.33024297328749       -0.74962500802928
121
 energy: -221.899946807725 gnorm: 0.005642324368 xtb: 6.7.1pre (5071a88)
N            7.39248632147649       -1.80819497264716        7.57374268485027
C            6.36374137062414       -1.17688659157877        6.94855975665812
O            6.21489145622092       -1.23334000071541        5.74579755528679
C            5.44328555466321       -0.42101368202483        7.84719142263540
C            5.87224636366173        0.15921453432056        9.03580704967563
C            4.97545276414304        0.87130219414546        9.81065625634237
C            3.65541978574447        0.99169282238720        9.41777063779073
C            3.20400119147266        0.41291731425848        8.23529586482887
C            4.11664085850411       -0.27862771384296        7.45317172583954
C            1.75425060726715        0.48861813651544        7.83590498356135
C            1.20436148970049        1.92960329281045        7.78474176236090
C            0.30207557694320        2.22245451571803        8.97598361426741
C           -0.87765871346694        1.25233009494936        8.98707603067243
N           -0.47987615856826       -0.09880804458783        8.61130447309674
C           -1.34686165899220       -1.09948191909779        9.19469944881532
C           -2.76979851877884       -0.87234945746344        8.76836571110101
C           -3.05746919978952       -0.79969162976386        7.38874303946704
C           -4.33360438917442       -0.61458980996156        6.94460188632689
C           -5.39932299996469       -0.50196179406947        7.86568084084784
N           -6.65907979559409       -0.37788686987197        7.40305850208797
C           -7.63135007964678       -0.27487960840598        8.26114434716214
C           -7.45485590039985       -0.25324356824792        9.65662432523135
C           -6.18738602589352       -0.38146027659620       10.15625830682789
C           -5.10904055752877       -0.53412621388574        9.26130971995523
C           -3.77754961597060       -0.72125330235877        9.68142939219858
C            0.92407104844012       -0.36118454411858        8.81580203094621
H            8.03237815840263       -2.34857185080911        7.01803329473214
H            7.46689065565619       -1.84154390185509        8.57287864325003
H            6.90480130939449        0.09176329023171        9.34652346420611
H            5.30768498407289        1.33233032643432       10.72923310272723
H            2.97349411238775        1.55178153647486       10.03777953732466
H            3.80991018777293       -0.72237187323013        6.51842261691639
H            1.63965869978919        0.04832746021520        6.84457943312442
H            0.61730555511092        2.04554747602040        6.87398672939878
H            2.02974725742842        2.64345310687827        7.75215723698520
H            0.86282180071636        2.13562862114419        9.90795446110456
H           -0.07910620557976        3.24317451603324        8.92161454544026
H           -1.34636930554653        1.26183825386424        9.98589914564039
H           -1.62999306244687        1.58273290389266        8.26365944871256
H           -1.01754195875481       -2.07739637316448        8.82796270286277
H           -1.28916659000448       -1.11140380451644       10.30135768163808
H           -2.23895459808079       -0.88239238802027        6.69194661397276
H           -4.55711924276754       -0.55817102420055        5.89089310295052
H           -8.62460927923699       -0.19965369302236        7.83555096002291
H           -8.30712264330918       -0.13855060564936       10.30871838614644
H           -5.99768631987775       -0.37169117013760       11.22190639027215
H           -3.56939083818035       -0.75412590734535       10.74349507668571
H            1.24317830125218       -0.17031745146400        9.85676073301756
H            1.11180368399317       -1.41807576262367        8.61000636390486
B            3.46065187778383       -1.45173687312333        1.69196375815775
N            3.43889736748358        1.12402668293154        0.99446120881819
B            2.54908855252627        2.36801184413331       -1.20445485300002
N            2.29138784319717       -0.64019270815114       -2.67445521234308
B            0.69350511129780       -3.55245952520562        2.76757577414543
N           -2.92359653391771       -2.64651736487291        1.77713026913006
B           -1.02980684178178        4.08186282345557        1.89520450402966
N           -0.62162728914250        0.01768442933127       -3.88439540109038
B           -0.47348329404027        1.44558846715665       -4.03158527374887
N            1.20902366691887       -3.78355684471068       -1.67950480649720
B           -3.83662052226028        2.21030586280040       -0.42589766812929
N           -2.76763708102568        2.76443645253728       -1.14774851629093
B            1.40366518484168        0.81868239898391       -4.83176924934872
N           -0.22709727155035        3.36622747950856        2.90202123461645
B            0.89667459395709       -2.87806407778108       -2.75406322124158
N           -0.48647632804342        3.76835988716225       -0.94940227455994
B           -0.79460483146854        2.18359244283946        3.35276790323350
N            1.66282380364681       -1.27134712321090        3.57438371365955
B           -0.24455879683562        3.47047359288867       -2.31936839033446
N            1.32296517090719        0.07202674912364        3.89928029749837
B           -1.59802224846226       -0.55961686059895       -3.02463427159503
N           -3.81934089800268        1.77269530601083        0.89795554970249
B            0.34313384243046        4.49747492139258        1.24495650101706
N            0.05411241787487       -0.00817066966717        4.53953588618783
B           -2.69526139621293        2.21997337452417        1.66825275753370
N            3.76975931446714       -0.13163812226244       -0.70962303093659
B           -2.24738436712317       -3.63555793936612        1.07386133795475
N            1.06152412037449        3.73631191029713        2.29697375001623
B           -1.81341131707414       -0.77396648361661        3.29877686499587
N           -2.43418041434261       -3.59932848876596       -0.38495812197776
B            3.01685318805840       -1.07228382799895       -1.44541271833111
N           -3.14760997111574       -1.24826144308775       -0.31660026324332
B            2.03753790335372        2.92252042341666        1.62252898525700
N           -0.50981477576989       -2.90208916387775       -2.37402834528271
B           -1.67445685963164       -2.11261672734664       -2.43002826697228
N            0.59646980300354        3.96835685496290       -0.05043515385290
B            1.09380259732022        2.96058248592944       -3.12340673058389
N            0.08104697558494       -4.35264669152448        1.78700340263743
B           -1.77605799500347        3.45013865958426       -0.34491252953765
N           -2.00118881926018        3.41143453028556        1.09563947014816
B            1.46885621119577       -4.20351680401012        1.56350324995796
N           -0.78880308646847        1.07061920137480        4.27545428038892
B           -2.66283120851182       -2.39942374147167       -1.10932903358784
N           -1.06988927624278       -4.48216123522260        1.05559503234181
B           -2.50142152020161        0.49287705547216       -2.04739922096997
N            2.35253083396106       -3.88257258666562        0.51420898182990
B            3.90947072297583       -0.20178720545223        0.78406477436650
N            1.93532085458011        1.95999461970111       -2.40714828011268
B            1.00084554645590        2.25460136125948       -4.56306570387791
N           -4.17907741298445        0.83014118147440       -0.27958108511588
B           -1.33649455904083        2.45465134456243       -3.05325612605989
N           -2.35764482597983        1.93454393975345       -2.24414102989735
B            3.07325974288365       -2.64043553942183        0.66085048838483
N            2.33534168799298       -3.67195159475806       -0.91023875985507
B            2.22467474883268        0.54756350999905        2.87808835977383
N           -2.01651189780527        0.61586349165807        3.68012408672005
B           -1.09906003433081       -4.18177666161032       -0.37696928229010
N           -3.21170882192785        0.04359326553386       -0.89463135249151
B            3.45324014838545        1.26181479091238       -0.45706323427838
N            2.57757997847690        1.63156299681504        1.99659926405842
B            1.46982147689541       -1.55376459513808       -3.45802715129624
N           -2.08945698937867        1.75246787600350        2.83082112151100
B            2.04259874496675        0.71430031725838       -3.15386394765612
N           -2.69914280748573       -1.33490117195410        2.38865277652375
B            0.65611785182584       -0.53842707277477       -4.42995420484243
N           -0.16945632615593       -3.76132446144553       -1.29782884396397
B            0.49311295455588       -2.10057642361299        3.50818495469234
N           -0.57837706785626       -1.20097713519904        3.91272657133620
B           -3.20707608403638       -1.44250402714685        1.06933208363711
N            2.67188321113201       -0.85157479146015        2.68463157034836
B            1.88361444488989        3.34073265807205       -0.04709251787925
N            2.87631183815320       -2.32981779761278       -0.73488973140077
121
 energy: -221.900386732975 gnorm: 0.006568973277 xtb: 6.7.1pre (5071a88)
N            7.37160319192184       -1.83210800639394        7.56819582071113
C            6.36711367041826       -1.17657949802824        6.92895846313946
O            6.23996045770449       -1.22261681469949        5.72408930436124
C            5.44386160141089       -0.41407699621504        7.81897087528010
C            5.87386301100660        0.17724376207873        9.00204946713253
C            4.97668971552015        0.89504747767744        9.77092607079129
C            3.65475632246264        1.00695101644263        9.38045942689783
C            3.20207751984583        0.41606839200934        8.20455787111999
C            4.11691400093578       -0.27721704867121        7.42556921033838
C            1.75159851112693        0.47961359702484        7.80327738967834
C            1.19117000708432        1.91551721728625        7.74000168133469
C            0.29388600677017        2.21641725683643        8.93299850708101
C           -0.88056445248308        1.23984179581149        8.96230560275762
N           -0.48140668964739       -0.11126575715134        8.58899910416457
C           -1.34568834359525       -1.10838570291830        9.18447689785259
C           -2.76961281326727       -0.88391228136046        8.75762212607208
C           -3.05146502600921       -0.78347163354857        7.37912245643926
C           -4.32426760576629       -0.58295764092064        6.93243428024614
C           -5.39503778692916       -0.48251280952805        7.84865949315634
N           -6.65006752137407       -0.33181787728361        7.38179518664126
C           -7.62756593827288       -0.24003346698362        8.23518163973755
C           -7.45871800736576       -0.25721884839581        9.63205502316020
C           -6.19551525349774       -0.41271741370128       10.13652770992409
C           -5.11180401055570       -0.55241735178171        9.24588453448371
C           -3.78340651528946       -0.75536752615785        9.66814683451110
C            0.92453604663552       -0.37083924421928        8.78663459220643
H            8.01843916678488       -2.37059389985070        7.01933837892804
H            7.43922193784152       -1.86007438959417        8.56791327492560
H            6.90715352256953        0.11249940532848        9.31102887619778
H            5.31055528400807        1.36673428397657       10.68368096235403
H            2.97325836078281        1.57044749513215        9.99810084618673
H            3.81041567168648       -0.72736195457048        6.49374500976970
H            1.64437451963891        0.03250268684495        6.81408199605942
H            0.59785410584000        2.01646400545727        6.83175209401404
H            2.01124860104060        2.63451664416397        7.69490598425299
H            0.86006132192039        2.14480448756193        9.86336278322902
H           -0.09453353746157        3.23406165302564        8.86725436131818
H           -1.33756712043398        1.25139896016340        9.96687957639229
H           -1.64312583095718        1.56261449974987        8.24636990716435
H           -1.01624417188633       -2.09006497988479        8.82809432469627
H           -1.28638820443148       -1.10706247399403       10.29120505656485
H           -2.23139491734228       -0.85602835931805        6.68264471916500
H           -4.53805355879745       -0.50263147487986        5.87855912930024
H           -8.61618400819746       -0.14174882789265        7.80235071203784
H           -8.31244166427855       -0.14881966136346       10.28359703399799
H           -6.01639009622562       -0.43212887679043       11.20452810386519
H           -3.58312075434398       -0.81391464499548       10.73075450367279
H            1.24822828452396       -0.17951422327562        9.82622011834221
H            1.11169750228366       -1.42750084106177        8.57851584966962
B            3.46289382930761       -1.45112156495563        1.70783195927431
N            3.43910300803358        1.12407467807977        1.00945023763325
B            2.55183041559319        2.36952423005610       -1.18868151682200
N            2.29117163574532       -0.63994858086703       -2.65821558063175
B            0.69567264483340       -3.55183242651909        2.78441053675423
N           -2.92193971613625       -2.64559728621184        1.79523809350946
B           -1.02759330370373        4.08293212570472        1.91214663153143
N           -0.62200752410390        0.01756093596610       -3.86725032693194
B           -0.47322078377841        1.44545650973038       -4.01424125765887
N            1.20924694419838       -3.78290675509852       -1.66239872039782
B           -3.83531515866800        2.21105555413557       -0.40783804981012
N           -2.76631118251172        2.76489921239740       -1.12988159420147
B            1.40289599316634        0.81874570058481       -4.81498533323701
N           -0.22458810127983        3.36718410803328        2.91869751014544
B            0.89655231185996       -2.87779448434360       -2.73703878649791
N           -0.48522530117381        3.76901024654149       -0.93240616955199
B           -0.79205642256384        2.18457981008554        3.36956449976853
N            1.66622885334873       -1.27089404075238        3.59190537574114
B           -0.24376770922495        3.47074471263562       -2.30233069257162
N            1.32584189345094        0.07281532438037        3.91575939503291
B           -1.59811752007657       -0.55955381966515       -3.00706767547852
N           -3.81768689158456        1.77367552989000        0.91613029943656
B            0.34526968228094        4.49819958428826        1.26143575284236
N            0.05688114642308       -0.00756265083982        4.55545091615488
B           -2.69352577872695        2.22129612747358        1.68602202807925
N            3.77046344803079       -0.13114027929278       -0.69446750744505
B           -2.24614261338011       -3.63482934020101        1.09179939522910
N            1.06388325218190        3.73708197838522        2.31337440497850
B           -1.81128899177718       -0.77267786108795        3.31563551928624
N           -2.43362693701389       -3.59895442449602       -0.36692662328822
B            3.01718514936113       -1.07182696185879       -1.42944208230859
N           -3.14751516971911       -1.24797195272701       -0.29888409665649
B            2.03943816474370        2.92315615567088        1.63860477127512
N           -0.50991981746961       -2.90203935312848       -2.35674440225453
B           -1.67455521221043       -2.11254399012151       -2.41242717295744
N            0.59814107428553        3.96889798985460       -0.03393450844166
B            1.09457574130431        2.96066776805439       -3.10625708292403
N            0.08267577722587       -4.35181768371373        1.80401209269675
B           -1.77465636767919        3.45098041011760       -0.32748806600537
N           -1.99954782855618        3.41267450986205        1.11312440933659
B            1.47051310503006       -4.20307515491767        1.58014844732131
N           -0.78597143220672        1.07157743519909        4.29238311528784
B           -2.66269576075765       -2.39922953144533       -1.09150755178201
N           -1.06865296499961       -4.48149586518946        1.07328421837974
B           -2.50088431399898        0.49315751414287       -2.02944723314791
N            2.35393487901809       -3.88205557851444        0.53074748903726
B            3.91066618420237       -0.20127220393005        0.79917514942779
N            1.93678755156430        1.96037343019047       -2.39046693094515
B            1.00096114184860        2.25468387546677       -4.54587694045705
N           -4.17795226575386        0.83101740215012       -0.26113958845024
B           -1.33579842151958        2.45483987003709       -3.03578224619269
N           -2.35663028281794        1.93479236374827       -2.22621111374373
B            3.07498967125612       -2.63995114849795        0.67698278906529
N            2.33592987967099       -3.67139174272176       -0.89364305965884
B            2.22695781595567        0.54809987694051        2.89412355219817
N           -2.01416491788165        0.61711046616186        3.69769905960952
B           -1.09850909967068       -4.18137654731183       -0.35933760048320
N           -3.21116038303519        0.04406571807323       -0.87662958049259
B            3.45588692698552        1.26300425928813       -0.44176657149167
N            2.57913364618766        1.63195097085363        2.01222778127613
B            1.46948415184894       -1.55366171026230       -3.44144103699033
N           -2.08717939098818        1.75373259698354        2.84833374897554
B            2.04291475009947        0.71474618875057       -3.13732545910501
N           -2.69695508199526       -1.33347058901490        2.40554283307794
B            0.65546598556013       -0.53852479167279       -4.41321758843922
N           -0.16915220946462       -3.76107499029408       -1.28048978367488
B            0.49566689235797       -2.09970501640335        3.52460885474648
N           -0.57558138639235       -1.19986393941724        3.92800275103614
B           -3.20666427857946       -1.44213178478009        1.08706108816737
N            2.67479123756752       -0.85102518937315        2.70108229353780
B            1.88549704924394        3.34151083782140       -0.03102518411042
N            2.87705417427438       -2.32932487925237       -0.71857745592577
121
 energy: -221.900840910860 gnorm: 0.005844829506 xtb: 6.7.1pre (5071a88)
N            7.35102062524285       -1.85388400770071        7.56171325619476
C            6.36919981299102       -1.17792557650867        6.90933263547344
O            6.26483910393286       -1.21145464469071        5.70136742874585
C            5.44421230788203       -0.40822138691757        7.79094204897965
C            5.87587423225224        0.19735656500703        8.96686433836023
C            4.97773521772195        0.92051603420233        9.72965122640799
C            3.65330126834043        1.02182574096141        9.34256598913530
C            3.19972757841094        0.41690481912404        8.17412743349837
C            4.11636327077416       -0.27952071490996        7.39898695339283
C            1.74932951923483        0.46901628471895        7.77074827229310
C            1.18165606681103        1.90073326770637        7.69329219177232
C            0.28861607757989        2.21245441971418        8.88721080406112
C           -0.88131704724697        1.23103807575343        8.93748065673906
N           -0.48367154971640       -0.12030171634838        8.56417310977643
C           -1.34581396109386       -1.11373816723592        9.16960652601754
C           -2.77046921654881       -0.89414982588919        8.74138170148752
C           -3.04733409114618       -0.76880076735588        7.36419424178515
C           -4.31850799241424       -0.55789462802487        6.91703529529087
C           -5.39222893534869       -0.46849715359418        7.83036917719500
N           -6.64260345543355       -0.28887164981084        7.36128401246574
C           -7.62450391579794       -0.20315623467986        8.21108828417929
C           -7.46239260129626       -0.26256728483329        9.60819652495035
C           -6.20349319065461       -0.44849054767518       10.11407988388784
C           -5.11564321839826       -0.57367761885168        9.22633510898961
C           -3.78983683081971       -0.78927365473539        9.64951102410019
C            0.92315379017101       -0.37946821026249        8.75747717637179
H            8.00407577372152       -2.39202273895430        7.01880489111355
H            7.41056630842941       -1.88094750601787        8.56210091942803
H            6.91073367687240        0.13861870511580        9.27215620477827
H            5.31299030472983        1.40531461773113       10.63549856294454
H            2.97180705606690        1.58841130417417        9.95794247699786
H            3.80935070678983       -0.73993510878643        6.47197306309334
H            1.64854749847610        0.01481258137589        6.78367503985495
H            0.58354722773126        1.98787744984608        6.78668459917035
H            1.99796375445333        2.62291659312873        7.63588901632344
H            0.86048103007257        2.15674077632813        9.81570027435618
H           -0.10471035048136        3.22762628111120        8.80887022870890
H           -1.32280140509444        1.24518315217577        9.94981917182391
H           -1.65680435002190        1.54828005627768        8.23281172727005
H           -1.01618889017926       -2.09963905332866        8.82469377159466
H           -1.28507609775514       -1.09984169610942       10.27648140312549
H           -2.22474512493410       -0.82959414007072        6.66867458151023
H           -4.52693367309601       -0.45666991303719        5.86423763968289
H           -8.60901800604219       -0.07521813871401        7.77525850975453
H           -8.31756813997127       -0.16153389492341       10.25939695986647
H           -6.03230901407149       -0.50004664383700       11.18284271442138
H           -3.59610344627912       -0.87137412452461       10.71169840773532
H            1.24977573551435       -0.18708886716413        9.79625993405261
H            1.10912123494072       -1.43661561749881        8.54976880215824
B            3.46525980611516       -1.45055162556955        1.72455787486570
N            3.44029812704714        1.12438932945683        1.02560321155087
B            2.55425902489544        2.37066578574336       -1.17191531157511
N            2.29117797936262       -0.63971963678887       -2.64110741282874
B            0.69823048848507       -3.55113556212231        2.80210704347526
N           -2.92083798661485       -2.64472929097163        1.81448255880494
B           -1.02532141356371        4.08411063590271        1.92997864283965
N           -0.62240675005749        0.01745956024394       -3.84915439202154
B           -0.47296680106659        1.44533311036232       -3.99596849156498
N            1.20957553026333       -3.78229042685465       -1.64435319069131
B           -3.83406899344090        2.21185850500026       -0.38882167193883
N           -2.76503104703561        2.76542905690413       -1.11105964193844
B            1.40205499146464        0.81883438272128       -4.79733155757895
N           -0.22206650791954        3.36812564667768        2.93612275375377
B            0.89650466404210       -2.87749409202802       -2.71909158632679
N           -0.48396942105561        3.76951106922118       -0.91440560234943
B           -0.78962775985707        2.18567626105854        3.38718750618643
N            1.66992976718627       -1.27035298852488        3.61048259609348
B           -0.24297215264937        3.47100137878025       -2.28432565798250
N            1.32888263091788        0.07377816901982        3.93299850353529
B           -1.59822170635947       -0.55941958262052       -2.98852434891598
N           -3.81619700495067        1.77491642487520        0.93530511876137
B            0.34754625400508        4.49884201355084        1.27889205511446
N            0.05973484090473       -0.00689905401032        4.57189205091801
B           -2.69194791237082        2.22287139726213        1.70479273408287
N            3.77136376474771       -0.13067873083670       -0.67823831224811
B           -2.24484785449854       -3.63381749413717        1.11083261034787
N            1.06641027929986        3.73781940152258        2.33079124521207
B           -1.80917769403913       -0.77132275258311        3.33312773464434
N           -2.43298963056693       -3.59839161368184       -0.34778850196135
B            3.01775879210427       -1.07137855297036       -1.41257583875126
N           -3.14730790654624       -1.24756949011367       -0.28006119256504
B            2.04148820833448        2.92363203911021        1.65558785117074
N           -0.50987212508323       -2.90171227831232       -2.33832322753255
B           -1.67459313006080       -2.11232543786208       -2.39377745658876
N            0.59977511030789        3.96914762012812       -0.01640073943219
B            1.09532277442730        2.96074884789428       -3.08822477490835
N            0.08450218572195       -4.35085094131626        1.82198747831447
B           -1.77332506449360        3.45186951411444       -0.30908608151000
N           -1.99801761029923        3.41410154880817        1.13158835562165
B            1.47235210423927       -4.20271709663411        1.59760415989216
N           -0.78302905190486        1.07254279342560        4.30989647434799
B           -2.66245704178593       -2.39885519920973       -1.07260237320649
N           -1.06731828772048       -4.48041887091653        1.09206988158063
B           -2.50032979749220        0.49351646783157       -2.01051122605253
N            2.35553793037520       -3.88156977178523        0.54811949659834
B            3.91219088511899       -0.20078932559568        0.81528936062241
N            1.93817278375092        1.96065379621843       -2.37294759508306
B            1.00107870930926        2.25482838952323       -4.52782955791107
N           -4.17680108680309        0.83192594727277       -0.24184438605681
B           -1.33510801135545        2.45506944765196       -3.01734721311810
N           -2.35561532525987        1.93507439153794       -2.20729730667126
B            3.07685135324874       -2.63949426036299        0.69396638529441
N            2.33664666393822       -3.67078832806844       -0.87622691633716
B            2.22959008440407        0.54853417969444        2.91092907646970
N           -2.01175607745166        0.61835722244173        3.71602531142724
B           -1.09786839337163       -4.18075005607560       -0.34064349165495
N           -3.21055654941132        0.04463009894770       -0.85755700886214
B            3.45843387705208        1.26402525124258       -0.42539677442401
N            2.58117548565964        1.63238482814933        2.02886976577790
B            1.46924820628243       -1.55351504627675       -3.42392133149638
N           -2.08511350123839        1.75519406705403        2.86684982921455
B            2.04326289685225        0.71512346615040       -3.11996980472369
N           -2.69535322627626       -1.33207075254764        2.42362164875074
B            0.65480826983427       -0.53859079966488       -4.39554297074990
N           -0.16868812539825       -3.76044467380858       -1.26194858104568
B            0.49849983501804       -2.09873853456700        3.54174601880914
N           -0.57264247853015       -1.19873084774486        3.94353108711761
B           -3.20665858839415       -1.44177667375613        1.10587987790029
N            2.67797553985181       -0.85051559644482        2.71852116744855
B            1.88731281459734        3.34203291436178       -0.01398168970478
N            2.87793468045801       -2.32879906656288       -0.70140044954008
121
 energy: -221.901291375403 gnorm: 0.004913597618 xtb: 6.7.1pre (5071a88)
N            7.33354544643969       -1.87119058755956        7.55232177018039
C            6.37214951424644       -1.17778427693700        6.88923479089915
O            6.28375424458670       -1.20689318610831        5.68160633887245
C            5.44513213341235       -0.40238201897398        7.76303507970878
C            5.87847219826820        0.22024704868643        8.93004261560085
C            4.97831873200435        0.94657226015274        9.68756571222759
C            3.65108190493049        1.03496726909773        9.30469958394440
C            3.19717901833381        0.41448712782381        8.14447067093987
C            4.11525185542175       -0.28645256040642        7.37420240742799
C            1.74736572490773        0.45706972261312        7.73942264530823
C            1.17549379092190        1.88570538439122        7.64645302556560
C            0.28670885144653        2.21078395565866        8.84070758276004
C           -0.87980471167872        1.22656890666594        8.91390720577184
N           -0.48635496841943       -0.12529190109084        8.53841038437052
C           -1.34752335989607       -1.11569440883518        9.14962048576550
C           -2.77252439733184       -0.90197169525169        8.71930177763389
C           -3.04555966636280       -0.75572518832182        7.34350090032578
C           -4.31673510876864       -0.53900618711058        6.89742317448648
C           -5.39116125624650       -0.45920265064107        7.81017953184757
N           -6.63741494423440       -0.25138826169423        7.34151292618025
C           -7.62190517067506       -0.16802859643228        8.19020387319512
C           -7.46540556507724       -0.26946652104770        9.58572094662457
C           -6.21060967937073       -0.48608938878681       10.08928960244538
C           -5.12041212229097       -0.59623984506186        9.20251141059270
C           -3.79629681600128       -0.82044849357214        9.62556947907232
C            0.92040531684732       -0.38596318104795        8.73035494677530
H            7.98646784077012       -2.41623634132707        7.01644117627171
H            7.38410996078108       -1.89901422617698        8.55381335541975
H            6.91524679593622        0.16962190386193        9.23088343151861
H            5.31388319737627        1.44491610769734       10.58636578867183
H            2.96888706810423        1.60421630050790        9.91741396898372
H            3.80712231692098       -0.75965083941448        6.45351801456692
H            1.65060929592591       -0.00495216664109        6.75509083217614
H            0.57367689191388        1.96060426743817        6.74092197530524
H            1.98967825877947        2.60908726234396        7.57662800713089
H            0.86464799646044        2.17065739400966        9.76661222558766
H           -0.10915213424054        3.22402239294802        8.74954044872821
H           -1.30290917033305        1.24373412696923        9.93509210085559
H           -1.66977744884561        1.54023654757400        8.22336877367034
H           -1.01742971223799       -2.10514852448797        8.81462625205819
H           -1.28638979042454       -1.09282836060441       10.25659375856524
H           -2.21995923118363       -0.80433087651457        6.64992630660959
H           -4.52441504332622       -0.42036570632390        5.84654831678094
H           -8.60305519461695       -0.00778283571684        7.75674680888918
H           -8.32198762144013       -0.17652829490881       10.23656320599568
H           -6.04374812137367       -0.57024704762609       11.15665159495983
H           -3.60663020380227       -0.92308930302278       10.68641783591704
H            1.24808628021362       -0.19092019316792        9.76862691594409
H            1.10498471953997       -1.44427895579527        8.52663004086614
B            3.46759181222394       -1.45004971632714        1.74181250822541
N            3.44249020627301        1.12496864544668        1.04265268580582
B            2.55614207523553        2.37131429715519       -1.15449754096354
N            2.29144178759487       -0.63948864619350       -2.62347298770753
B            0.70109201458230       -3.55038528997058        2.82034090916400
N           -2.92028497942717       -2.64392999436275        1.83439100298335
B           -1.02304298327781        4.08530477090734        1.94830689780848
N           -0.62274429087099        0.01744391200429       -3.83051977240284
B           -0.47271824504362        1.44527942986873       -3.97719781684254
N            1.21005161144590       -3.78176804337197       -1.62581049732277
B           -3.83288675237352        2.21269393797624       -0.36928114209161
N           -2.76384430299742        2.76603756803633       -1.09175029153031
B            1.40125718122061        0.81896287783749       -4.77923154025585
N           -0.21958059663260        3.36898888012179        2.95393610610542
B            0.89658915052344       -2.87716939896020       -2.70064071456303
N           -0.48271209208745        3.76985393222255       -0.89582942179396
B           -0.78735608762012        2.18682058662309        3.40526612229015
N            1.67374625078608       -1.26973557313073        3.62969365342766
B           -0.24215652720317        3.47125740835882       -2.26578963563419
N            1.33201412536287        0.07485075072903        3.95075665509621
B           -1.59829195838135       -0.55916652667176       -2.96946122422722
N           -3.81485829446171        1.77633931746331        0.95501639265765
B            0.34988646165286        4.49941987618411        1.29695082506541
N            0.06257592302546       -0.00619001814481        4.58865116609509
B           -2.69048902890101        2.22455936006922        1.72410073166805
N            3.77243760983028       -0.13027724642732       -0.66121384774633
B           -2.24351216418771       -3.63255919638771        1.13051706327825
N            1.06902257792680        3.73851580321857        2.34883141268952
B           -1.80708972271209       -0.77001452062392        3.35095553255235
N           -2.43222143937475       -3.59763904663202       -0.32799623144387
B            3.01856699673498       -1.07096062141717       -1.39514900309171
N           -3.14688314789867       -1.24701890490214       -0.26055730659008
B            2.04365226740631        2.92397191999728        1.67312770696493
N           -0.50960182731263       -2.90107317692699       -2.31917594283651
B           -1.67449050842796       -2.11190783367528       -2.37448405867195
N            0.60133957220856        3.96915481373794        0.00177523276372
B            1.09603058608731        2.96088807672111       -3.06982748967248
N            0.08646658860107       -4.34979083156248        1.84060117747656
B           -1.77206464715461        3.45274572361975       -0.29016352729086
N           -1.99654911302190        3.41557414836082        1.15057294520057
B            1.47431052602127       -4.20242678783308        1.61554334692947
N           -0.78008080222350        1.07347222027021        4.32766106302378
B           -2.66204130182702       -2.39827313346142       -1.05303626664791
N           -1.06588256430558       -4.47894316745656        1.11152857129437
B           -2.49974112157603        0.49398448544878       -1.99106484013316
N            2.35725275801860       -3.88114601773326        0.56594274322906
B            3.91400313092801       -0.20035227662007        0.83214546080727
N            1.93935997278741        1.96086708568302       -2.35503297901027
B            1.00119947008492        2.25504646513210       -4.50941830030299
N           -4.17564149084938        0.83282758210147       -0.22217243230867
B           -1.33444003887443        2.45535613632015       -2.99838829671798
N           -2.35466060111634        1.93542802721179       -2.18788628883067
B            3.07870286262739       -2.63907475866334        0.71146190855480
N            2.33749804783542       -3.67019314922056       -0.85837640390161
B            2.23245803438133        0.54887770412904        2.92818903410883
N           -2.00932842412971        0.61952144120088        3.73468276800059
B           -1.09707698768154       -4.17989174459918       -0.32130813301601
N           -3.20986206643753        0.04529330330209       -0.83788181176532
B            3.46065629772249        1.26476834239281       -0.40827218421206
N            2.58361249687608        1.63285364439926        2.04619165608502
B            1.46917841446783       -1.55331096924555       -3.40584521024957
N           -2.08327712861416        1.75674874188085        2.88594100134388
B            2.04363401187215        0.71542590855157       -3.10218850133006
N           -2.69431901848157       -1.33080582934466        2.44255939899528
B            0.65424517049012       -0.53858145712639       -4.37730852572088
N           -0.16802169679184       -3.75944449697787       -1.24264925602916
B            0.50151172667759       -2.09772196741861        3.55932648156341
N           -0.56967341071733       -1.19765538519397        3.95926521793175
B           -3.20683114297149       -1.44136647623945        1.12536932135005
N            2.68122315319764       -0.85002994322621        2.73655741999993
B            1.88900022591445        3.34230840461963        0.00367722441784
N            2.87891749103221       -2.32827274109149       -0.68372192607741
121
 energy: -221.901703136471 gnorm: 0.004771572965 xtb: 6.7.1pre (5071a88)
N            7.31597904087342       -1.88762819543965        7.54517394806619
C            6.37446473675282       -1.17918665218300        6.86861690221780
O            6.30772653203389       -1.19540486563637        5.65686000662262
C            5.44415617105333       -0.39830650907417        7.73402670948148
C            5.87754213286312        0.24081475171878        8.89229850178153
C            4.97506385188711        0.97093462078162        9.64383753377857
C            3.64611227642167        1.04695702519154        9.26353718449202
C            3.19334368129856        0.41073506298418        8.11129999140645
C            4.11283944954463       -0.29505877825304        7.34678187129895
C            1.74370324853096        0.44357652767180        7.70735193683442
C            1.16909090006361        1.86989305069920        7.59852861441303
C            0.28688321215416        2.20938230651147        8.79434157285535
C           -0.87707389969196        1.22412182667197        8.89139047848306
N           -0.48842818418312       -0.12852914957415        8.51401080534339
C           -1.34959661163209       -1.11739233589158        9.12558115953727
C           -2.77418336107839       -0.90705702903747        8.69324400662262
C           -3.04362016527338       -0.74001346969960        7.31814201088264
C           -4.31505505966540       -0.51832276994449        6.87334481880023
C           -5.38909759561313       -0.44905601382613        7.78756205249600
N           -6.63204948683916       -0.21679361976287        7.32121847223053
C           -7.61713555147777       -0.13728407194048        8.17115525307761
C           -7.46603648888103       -0.27888094963202        9.56398565231624
C           -6.21515014304617       -0.52290319592108       10.06315691244991
C           -5.12380982171229       -0.61692873749837        9.17563905844473
C           -3.80061496805517       -0.84757264697697        9.59836013730283
C            0.91771024016710       -0.39073685151013        8.70622932445823
H            7.97242813342248       -2.43811600431851        7.01670048584916
H            7.35203568179754       -1.91969875967598        8.54764729261186
H            6.91625540394413        0.20049555242389        9.18861170140872
H            5.30935431472029        1.48260473070915       10.53584929512300
H            2.96197258862576        1.61836909882255        9.87233851588645
H            3.80387230384510       -0.78268508230095        6.43353594624803
H            1.64696974930556       -0.02809573222547        6.72732557232339
H            0.56211169349226        1.93267798756618        6.69492805026549
H            1.98208848304457        2.59345166146710        7.51416568438814
H            0.87219711071763        2.18272687700578        9.71615225636673
H           -0.10981208490666        3.22111631136522        8.69230731471000
H           -1.28190713122853        1.24515193121742        9.92069273828650
H           -1.68056321765303        1.53477501728743        8.21486092189578
H           -1.01921829943286       -2.10843614335215        8.79518653058284
H           -1.28930395781375       -1.09214229062794       10.23264280620267
H           -2.21428971967019       -0.77535640619946        6.62782361078802
H           -4.52503129757589       -0.38296786224891        5.82447046260928
H           -8.59561929773032        0.05189677002080        7.74426427518351
H           -8.32451613368718       -0.19545145516299       10.21382079125216
H           -6.04934638619886       -0.63894825880440       11.12751076217896
H           -3.61268673026247       -0.96947361166631       10.65760776896005
H            1.24635326077349       -0.18851121541829        9.74322466745534
H            1.10132631290768       -1.45106448604655        8.51164012690760
B            3.46962511588704       -1.44960258667279        1.75988930429517
N            3.44492109180531        1.12558234357396        1.06068951686383
B            2.55746867221516        2.37158831202307       -1.13633026116484
N            2.29184534849798       -0.63921952850380       -2.60518296720418
B            0.70395847858966       -3.54950595964005        2.83940178534942
N           -2.91986554936655       -2.64306432665496        1.85503084211070
B           -1.02078708960778        4.08631723246803        1.96735232855311
N           -0.62300983604088        0.01757190824614       -3.81127203981551
B           -0.47254553325806        1.44535898054905       -3.95788001330455
N            1.21058861175704       -3.78133255555533       -1.60670031435752
B           -3.83169607215161        2.21353421191802       -0.34902508763797
N           -2.76276166120812        2.76672221319560       -1.07184491284112
B            1.40056720233684        0.81913551427864       -4.76060315092065
N           -0.21713381276168        3.36973855785793        2.97252087717988
B            0.89674127485374       -2.87680983219124       -2.68159042072940
N           -0.48144558105547        3.77011285800242       -0.87659758434559
B           -0.78514329476924        2.18791903938434        3.42418088735619
N            1.67737778975080       -1.26905126618321        3.64973925583369
B           -0.24132236912248        3.47155650521921       -2.24664165517946
N            1.33519871169896        0.07593278322404        3.96971958009714
B           -1.59831747700518       -0.55876422858370       -2.94980117246199
N           -3.81345718310809        1.77768290925275        0.97538294162743
B            0.35215539179200        4.49998528553173        1.31576364131431
N            0.06533546233026       -0.00539801011554        4.60657017735536
B           -2.68891147511703        2.22599679506150        1.74408243666253
N            3.77347424901253       -0.12994992131163       -0.64326697343403
B           -2.24215710710131       -3.63115356892222        1.15093435229507
N            1.07156827468783        3.73919536444109        2.36761393105487
B           -1.80492512000323       -0.76884847805900        3.36975805555565
N           -2.43133957913484       -3.59672256864914       -0.30747620421646
B            3.01943139655583       -1.07058904217142       -1.37701847116780
N           -3.14608072977378       -1.24625632922717       -0.24023886917133
B            2.04577802400472        2.92424646659722        1.69142486481168
N           -0.50920854385012       -2.90023987979419       -2.29931739155977
B           -1.67427517184587       -2.11130533692311       -2.35448729817918
N            0.60284328626690        3.96913390307415        0.02068482861460
B            1.09666397033310        2.96113561225661       -3.05103655391114
N            0.08839859020124       -4.34864144362161        1.86010420017630
B           -1.77079260287235        3.45349435424636       -0.27061424314967
N           -1.99492845193153        3.41675085076384        1.17019439532771
B            1.47620757821443       -4.20202590673482        1.63427194282129
N           -0.77722980875340        1.07440451545473        4.34633739729501
B           -2.66141905218161       -2.39747971133686       -1.03269564934799
N           -1.06439557036440       -4.47722019250321        1.13174146821425
B           -2.49916738241050        0.49458751090538       -1.97108366348615
N            2.35882292511700       -3.88073203423204        0.58441618084462
B            3.91577791993221       -0.19998812125750        0.84995232760665
N            1.94033555268078        1.96112440018070       -2.33664531511542
B            1.00126300657628        2.25532330089355       -4.49058911552488
N           -4.17446446880017        0.83369228312092       -0.20193281851956
B           -1.33382880575050        2.45571081485400       -2.97881341622532
N           -2.35385936427457        1.93591300183804       -2.16794470900921
B            3.08026001204918       -2.63861888239203        0.72967924070771
N            2.33835374313339       -3.66964313691947       -0.83989412073957
B            2.23525212039748        0.54918145886789        2.94629166481784
N           -2.00688590144887        0.62056828919023        3.75413602778287
B           -1.09614844946386       -4.17885883483074       -0.30123420425343
N           -3.20903797158397        0.04606023669328       -0.81756609531993
B            3.46234645855129        1.26521428613252       -0.39028487469367
N            2.58600903430227        1.63329717366406        2.06438293261103
B            1.46919845893720       -1.55303049664060       -3.38711490657274
N           -2.08147553047054        1.75816862357884        2.90582261052949
B            2.04400686838478        0.71570456239277       -3.08385670485296
N           -2.69333586311343       -1.32966536783405        2.46256530606690
B            0.65378093351737       -0.53846248255320       -4.35843925835691
N           -0.16726712060144       -3.75827987147760       -1.22266460902470
B            0.50451412163181       -2.09668230778981        3.57791728963554
N           -0.56678437195356       -1.19666707882017        3.97638957171644
B           -3.20658595639433       -1.44068051437040        1.14569383721862
N            2.68412183344405       -0.84949634738881        2.75535122639003
B            1.89052394844274        3.34244771911720        0.02208625229710
N            2.87983948383208       -2.32776598846097       -0.66538292635353
121
 energy: -221.902054667188 gnorm: 0.005783230874 xtb: 6.7.1pre (5071a88)
N            7.30599542042782       -1.89577430943954        7.53339483530822
C            6.37734210689204       -1.18100922544843        6.84940066126983
O            6.31839544803334       -1.20113597555665        5.64044438128915
C            5.44454852064332       -0.39453922686311        7.70695188349690
C            5.87814290355854        0.26136419832279        8.85548816867530
C            4.97308017321439        0.99265657080928        9.60295222789998
C            3.64263585944989        1.05608077356609        9.22580936921647
C            3.19075211303719        0.40517407553999        8.08146639752201
C            4.11114842735767       -0.30573817438213        7.32291401989205
C            1.74105163878331        0.43092681344648        7.67959609173998
C            1.16517421535359        1.85567981151005        7.55600755188758
C            0.28934332495566        2.20999418191294        8.75234241603206
C           -0.87296385301224        1.22506495899560        8.87201428080948
N           -0.48964082220531       -0.12795084376791        8.49113839322155
C           -1.35301182673629       -1.11684591750056        9.09767552775816
C           -2.77713093406685       -0.90816372341590        8.66374956884305
C           -3.04546266462775       -0.72675575240327        7.29015819116480
C           -4.31752219357062       -0.50227827702903        6.84786027669771
C           -5.39022112104385       -0.44133684510176        7.76453302696630
N           -6.63112457596852       -0.18965653587782        7.30289918150145
C           -7.61443759251291       -0.11407008602305        8.15614438146408
C           -7.46681987986552       -0.28973903161402        9.54467975102286
C           -6.21876562150895       -0.55605756040672       10.03756021303091
C           -5.12789493467101       -0.63482200585180        9.14783585510904
C           -3.80441706927145       -0.86791735054014        9.56859101457115
C            0.91539755544040       -0.39249666748358        8.68681583580579
H            7.95713205066844       -2.46052040902569        7.01383158462179
H            7.32934843042407       -1.93037472515347        8.53663665106649
H            6.91827917895468        0.23000467710876        9.14793556109727
H            5.30567157461725        1.51555788074253       10.48888638925074
H            2.95641859809106        1.62954239531413        9.83025225975976
H            3.80111646927702       -0.80645047352040        6.41714986265628
H            1.64240557483740       -0.05071836672458        6.70474131068010
H            0.55430243336980        1.90811124670514        6.65431154289977
H            1.97776241039845        2.57804728615573        7.45851589759991
H            0.88135229345171        2.19590175050591        9.66990367887570
H           -0.10762550312646        3.22032050632182        8.63976043926736
H           -1.25978431417127        1.24893831822371        9.90852404784599
H           -1.68863250068517        1.53382923831537        8.20941714293980
H           -1.02206221707882       -2.10756412502267        8.76673167092776
H           -1.29539818041974       -1.09480535459677       10.20493811277314
H           -2.21398829920738       -0.75180814534811        6.60265303524841
H           -4.53157471898237       -0.35552792506358        5.80145355139222
H           -8.59084771495171        0.09986259650467        7.73809927017896
H           -8.32653621302542       -0.21499483387540       10.19373868133116
H           -6.05145431945498       -0.70008670626831       11.09751854001701
H           -3.61545099434809       -1.00449583840702       10.62554320419030
H            1.24314363635895       -0.18083529665505        9.72231238704570
H            1.09819387734759       -1.45500740930318        8.50365771717084
B            3.47146162191603       -1.44925707793912        1.77711212842381
N            3.44801154771848        1.12639041211190        1.07820004267214
B            2.55806374033126        2.37139799518823       -1.11891384355422
N            2.29247290720857       -0.63894090219257       -2.58767002766620
B            0.70669800972944       -3.54881183278393        2.85753201360378
N           -2.91982887474682       -2.64239816212655        1.87442377937365
B           -1.01874293210377        4.08723499170614        1.98537302899561
N           -0.62296281658597        0.01789955977396       -3.79290302249005
B           -0.47235698557669        1.44563227494371       -3.93962106819478
N            1.21130791238213       -3.78109537139132       -1.58864068651442
B           -3.83064777466790        2.21438119109732       -0.32995556420906
N           -2.76184482518369        2.76748602801741       -1.05310847377734
B            1.40023373758717        0.81932417691555       -4.74295512156353
N           -0.21492230608760        3.37032723724703        2.99005841682692
B            0.89714184681677       -2.87646939924314       -2.66353061217389
N           -0.48024613669101        3.77034459684017       -0.85839147085108
B           -0.78324801016987        2.18889595291555        3.44197673338706
N            1.68055779235823       -1.26841541415201        3.66850535892586
B           -0.24050512832484        3.47193045254218       -2.22854391659571
N            1.33800502440427        0.07686816260402        3.98753919841373
B           -1.59810582464319       -0.55820365546803       -2.93112123104441
N           -3.81229737955019        1.77903469259265        0.99453633418494
B            0.35423789137862        4.50053691967236        1.33366332648739
N            0.06768984494143       -0.00474347462982        4.62334061345287
B           -2.68754310472360        2.22737606295648        1.76284730729470
N            3.77465551359733       -0.12968706636838       -0.62592340526770
B           -2.24089255722347       -3.62982012175057        1.17020145269258
N            1.07389995790850        3.73976822813263        2.38544384033363
B           -1.80303790701805       -0.76795792979698        3.38736173146221
N           -2.43033684469392       -3.59576126171573       -0.28813459095713
B            3.02045238834853       -1.07028410806941       -1.35966835784970
N           -3.14523107906076       -1.24544194697032       -0.22105469429119
B            2.04787140607259        2.92452940024971        1.70884272401227
N           -0.50852779949421       -2.89923052862994       -2.28040837628841
B           -1.67379862825371       -2.11056408453483       -2.33552091985704
N            0.60420204632340        3.96912121357152        0.03867034020698
B            1.09719088421019        2.96149564376581       -3.03346173570565
N            0.09022468835451       -4.34769807727181        1.87866666932622
B           -1.76964090677569        3.45422150616554       -0.25218709134739
N           -1.99343785380981        3.41785814580503        1.18867211551911
B            1.47801021782057       -4.20175325144801        1.65206674393353
N           -0.77476802887609        1.07511832979677        4.36370486135410
B           -2.66060937375386       -2.39658704270613       -1.01346481785855
N           -1.06293604852687       -4.47547731920995        1.15085683869973
B           -2.49858304854305        0.49528297282620       -1.95224739505953
N            2.36030625353402       -3.88044805101153        0.60192895419348
B            3.91769644873865       -0.19965811572724        0.86715534460305
N            1.94090069827053        1.96136998821734       -2.31927730875973
B            1.00136427842356        2.25562284547073       -4.47294007007984
N           -4.17342144780942        0.83452597135941       -0.18298532035145
B           -1.33327578992319        2.45614048796296       -2.96031440542661
N           -2.35318590551021        1.93650096948922       -2.14916204136848
B            3.08165546591454       -2.63826899899971        0.74707046805233
N            2.33930771787349       -3.66919929572316       -0.82236761176409
B            2.23782624488133        0.54947711325998        2.96337330580832
N           -2.00471938926905        0.62137702720932        3.77215554435428
B           -1.09508353075760       -4.17777015637308       -0.28223781734750
N           -3.20823141003365        0.04687066361127       -0.79841276567815
B            3.46345052999341        1.26531131781068       -0.37298132963244
N            2.58847451800518        1.63376486356461        2.08174960190006
B            1.46948610813856       -1.55272288453223       -3.36926229231527
N           -2.07999761816054        1.75946315654066        2.92448924396742
B            2.04436067317875        0.71590165221713       -3.06643070313355
N           -2.69291527751186       -1.32889285977713        2.48168354868277
B            0.65364748858973       -0.53823469887764       -4.34041606531930
N           -0.16632831830479       -3.75701519123958       -1.20368009580649
B            0.50724071705114       -2.09581299570207        3.59545854665361
N           -0.56427950763063       -1.19591038026072        3.99259225363226
B           -3.20628767595300       -1.44000881619647        1.16486531202349
N            2.68665941195009       -0.84899813098744        2.77309333572501
B            1.89185375930499        3.34252235941638        0.03964055234666
N            2.88079258226506       -2.32733012209977       -0.64790540243557
121
 energy: -221.902341587770 gnorm: 0.004433306743 xtb: 6.7.1pre (5071a88)
N            7.29601593105106       -1.90619644873989        7.52720407072784
C            6.38131539066034       -1.18271836192122        6.83089082878494
O            6.33641818380497       -1.19871332726637        5.62001195241715
C            5.44394091318869       -0.39201651896330        7.68031258391720
C            5.87616221405775        0.27581799346515        8.82173154662677
C            4.96960718484645        1.01064860800442        9.56419833002839
C            3.63896196255238        1.06483068601325        9.18808592116104
C            3.18833444894092        0.40161964031002        8.05033862159531
C            4.10987746170400       -0.31283941813823        7.29692836924911
C            1.73762370780453        0.41975837976006        7.65268714278717
C            1.15832959563052        1.84238862935812        7.51640020978544
C            0.29026722725125        2.20916856892879        8.71444423693215
C           -0.87013846989613        1.22404199186872        8.85394298948668
N           -0.48936348692067       -0.12891921948249        8.47152402852546
C           -1.35508674230498       -1.11938119653172        9.07115818798413
C           -2.77869792971178       -0.90855821369164        8.63711382162802
C           -3.04613774482779       -0.71081539854525        7.26474102530731
C           -4.31772612375338       -0.48011089492915        6.82433754557103
C           -5.39024298990359       -0.42939730886353        7.74279565475716
N           -6.62986136090738       -0.16268177041697        7.28537343035213
C           -7.61136248937375       -0.09641666284830        8.14158512874321
C           -7.46672420610033       -0.30240796077100        9.52650167259998
C           -6.22051572619842       -0.58444010810964       10.01472772600709
C           -5.12984989073848       -0.64766698643615        9.12310876532980
C           -3.80611806576148       -0.88456242993819        9.54207767092450
C            0.91519418587010       -0.39322686751616        8.67033385454718
H            7.94650610534375       -2.48037424039815        7.01673170221417
H            7.30175527867441       -1.94415392454712        8.53090247417368
H            6.91696906637822        0.25141145853054        9.11207201748866
H            5.30055745697102        1.54306749735526       10.44484824272999
H            2.95054318067590        1.64057486524658        9.78748707737892
H            3.79974161714656       -0.82384676376390        6.39731217890826
H            1.63571874637290       -0.07238527952932        6.68377418593715
H            0.54148042547156        1.88345153632036        6.61795604709466
H            1.96949545781993        2.56471135985291        7.40485175484633
H            0.88898545390514        2.20620460043037        9.62757319753878
H           -0.10827805177343        3.21778031385448        8.59331227303728
H           -1.24268321760307        1.25043430625264        9.89546203427735
H           -1.69476363390207        1.52953015835758        8.20147779524550
H           -1.02400372702183       -2.10813567337150        8.73439149401474
H           -1.29991628670126       -1.10460989313418       10.17870756032175
H           -2.21346838061314       -0.72618603778758        6.57891045631829
H           -4.53322978194790       -0.31923513870611        5.77931884345849
H           -8.58596779840231        0.13460517605585        7.72974950233464
H           -8.32752610059712       -0.23705032326310       10.17502505778853
H           -6.05219828244878       -0.75258065795836       11.07096903482355
H           -3.61597990582216       -1.03582944332169       10.59727813242812
H            1.24305543488981       -0.16952269179371        9.70324110585396
H            1.09829637795078       -1.45769809345937        8.49965075317602
B            3.47295072886550       -1.44894948002414        1.79341898007525
N            3.45037978397855        1.12700040334831        1.09467655457119
B            2.55840892808672        2.37124350198619       -1.10252809178923
N            2.29303874750369       -0.63863009485932       -2.57112292038168
B            0.70883400932938       -3.54826466400977        2.87463131678949
N           -2.91949308338442       -2.64175190714041        1.89228458421003
B           -1.01695161590189        4.08793489787172        2.00231422496605
N           -0.62274265105677        0.01838493975933       -3.77569182058499
B           -0.47217912996247        1.44608244169135       -3.92258460547927
N            1.21198839778595       -3.78092237945192       -1.57179219501550
B           -3.82965347592887        2.21521124593379       -0.31220213420252
N           -2.76101704068438        2.76827389927436       -1.03567107563695
B            1.40021200090341        0.81958004270524       -4.72639485742389
N           -0.21296029143702        3.37080703376052        3.00668940341062
B            0.89759809642192       -2.87613557550724       -2.64662651581249
N           -0.47912785723317        3.77072490063770       -0.84141704804141
B           -0.78152946430280        2.18966486773452        3.45874110951215
N            1.68298258683551       -1.26789448309600        3.68581997577971
B           -0.23971967595920        3.47241184411261       -2.21166415650272
N            1.34029646846460        0.07753279547366        4.00440233571003
B           -1.59778025854548       -0.55756445901027       -2.91370390365852
N           -3.81113642796007        1.78009871632332        1.01230033407092
B            0.35598838567307        4.50113111234719        1.35046016315095
N            0.06957429273063       -0.00424046732497        4.63941741135139
B           -2.68617449277596        2.22839494118638        1.78025801901792
N            3.77568375376641       -0.12945167510961       -0.60957159478533
B           -2.23978778232165       -3.62877434592354        1.18803646280688
N            1.07583021106663        3.74026409997338        2.40210444211369
B           -1.80139866842134       -0.76731718638880        3.40409286532706
N           -2.42937621321649       -3.59489442031020       -0.27025588348189
B            3.02131357084357       -1.07002213598145       -1.34328514855172
N           -3.14439536167970       -1.24462973345257       -0.20326342479570
B            2.04968894111479        2.92492643600742        1.72525133177890
N           -0.50784958910162       -2.89835402713084       -2.26285884031818
B           -1.67322014584016       -2.10980824354010       -2.31785590623217
N            0.60546064075011        3.96942538163577        0.05547492783012
B            1.09765250642946        2.96197262927170       -3.01712409858694
N            0.09169621750678       -4.34699427014653        1.89608295715514
B           -1.76851643326755        3.45488469469140       -0.23502381666332
N           -1.99192924532136        3.41866112046415        1.20587848995755
B            1.47947220051084       -4.20142074699241        1.66888959249174
N           -0.77279758303510        1.07568625342983        4.38021083919131
B           -2.65978628935752       -2.39574605906313       -0.99562045947010
N           -1.06166330813927       -4.47410987406509        1.16856630948648
B           -2.49800703846282        0.49601791227890       -1.93474596577677
N            2.36143833830949       -3.88018284213876        0.61843134137406
B            3.91928427840534       -0.19935236772094        0.88345515617581
N            1.94125328220539        1.96171306909573       -2.30300196994369
B            1.00145993816106        2.25596514713551       -4.45649680902306
N           -4.17249867217793        0.83533928877000       -0.16532927720188
B           -1.33277927589847        2.45664482394934       -2.94307943850186
N           -2.35263000614771        1.93718321217730       -2.13173283175631
B            3.08272654982537       -2.63794240355781        0.76352009304032
N            2.34012691170159       -3.66884371252075       -0.80583570643557
B            2.23977809950147        0.54983738345934        2.97951310092043
N           -2.00290017941575        0.62202232905530        3.78901950730593
B           -1.09406992899489       -4.17682996546525       -0.26459197250431
N           -3.20746253775945        0.04767190315242       -0.78068061246452
B            3.46413762720094        1.26530662139149       -0.35671327398249
N            2.59039271858395        1.63417370632393        2.09807473402135
B            1.46981678618199       -1.55239616503276       -3.35249530467448
N           -2.07857492613788        1.76043538030515        2.94182952691378
B            2.04467574051543        0.71612618514514       -3.05001872586133
N           -2.69232742522510       -1.32831285232759        2.49953951339200
B            0.65372808133115       -0.53788112277940       -4.32346527115070
N           -0.16548873572423       -3.75606530018095       -1.18616998064108
B            0.50939434353671       -2.09514993438849        3.61212017310935
N           -0.56227971196069       -1.19532797210333        4.00857449879433
B           -3.20551829744879       -1.43924797224473        1.18264544194886
N            2.68852338598279       -0.84849349734287        2.78961559491217
B            1.89304862456343        3.34277656718968        0.05612067195104
N            2.88157502988630       -2.32696190854771       -0.63141658442099
121
 energy: -221.902583113413 gnorm: 0.004181204373 xtb: 6.7.1pre (5071a88)
N            7.29231899846437       -1.90979894442976        7.51981373663959
C            6.38311720708063       -1.18928020543002        6.81585332454579
O            6.34723540030441       -1.20608924415398        5.60432411662012
C            5.44360632051265       -0.39268916790220        7.65795522674665
C            5.87572860655757        0.28511779305175        8.79279852718280
C            4.96907191828651        1.02417793231340        9.53106730307962
C            3.63841645867962        1.07190175157002        9.15630570714364
C            3.18771377417319        0.39896895086484        8.02449691366002
C            4.10931657068089       -0.31914872301903        7.27519234219743
C            1.73583648334285        0.41151115367880        7.63155947491484
C            1.15348415115931        1.83208600350377        7.48514207255889
C            0.29106394342925        2.20958256202119        8.68329009530802
C           -0.86739909415375        1.22418125117579        8.83883752121623
N           -0.48796674095827       -0.12791837444633        8.45375656673558
C           -1.35719585046235       -1.12117119068601        9.04363258922491
C           -2.78056813061106       -0.90609953110553        8.61070524266088
C           -3.04963367182091       -0.69762462808700        7.24064297713062
C           -4.32097957358763       -0.46243414881446        6.80366738082549
C           -5.39318703199902       -0.42012579176397        7.72338962378335
N           -6.63288142258595       -0.14570594464399        7.27179417141399
C           -7.61197549194562       -0.08832000057982        8.13025421669634
C           -7.46754867946517       -0.31468381231912        9.51046568805914
C           -6.22157631172403       -0.60402064752948        9.99344020617824
C           -5.13164727460648       -0.65402727661209        9.10028333646642
C           -3.80707341517849       -0.89263313862690        9.51575649484186
C            0.91596284572212       -0.39189770121549        8.65796422346666
H            7.94093153185764       -2.49283398318205        7.01682687973403
H            7.28243727880278       -1.95200960637707        8.52292738828600
H            6.91684794605198        0.26480829492306        9.08157467856818
H            5.29973568240679        1.56404658469087       10.40688673752939
H            2.94870319210118        1.65005894737977        9.75132539195980
H            3.79891449917937       -0.83748529136404        6.38041989081957
H            1.63104486958701       -0.08975713149193        6.66839290270272
H            0.53227478927150        1.86346012258767        6.58997419404911
H            1.96300138346642        2.55400127382019        7.36246195902155
H            0.89420527163213        2.21701132621249        9.59304123081585
H           -0.10968595530920        3.21624830958813        8.55394329867554
H           -1.22768441284866        1.25148431772318        9.88426383159141
H           -1.69914831675624        1.52704601584731        8.19511135867469
H           -1.02620117241993       -2.10676079840099        8.69743275549060
H           -1.30448909017732       -1.11665527120475       10.15146752180300
H           -2.21796035303322       -0.70721245285165        6.55443020340526
H           -4.53716990000543       -0.29327071585121        5.76071023810405
H           -8.58562871592395        0.15247087812443        7.72349557688540
H           -8.32842471877105       -0.25836680914093       10.15951393883099
H           -6.05199589255275       -0.78872348533785       11.04555897392928
H           -3.61498038959450       -1.05360951186671       10.56873399285258
H            1.24242134972115       -0.15580183622083        9.68815903598625
H            1.09972325838849       -1.45788960786264        8.49943784410444
B            3.47428421527385       -1.44875200077041        1.80786716384883
N            3.45289273645979        1.12770365366379        1.10948272060033
B            2.55825049596167        2.37088782575753       -1.08786458299635
N            2.29384161260513       -0.63831551393330       -2.55627726307865
B            0.71039306002288       -3.54814951496014        2.88958982325735
N           -2.91940807687514       -2.64143861772726        1.90744972785719
B           -1.01564980465298        4.08855419637327        2.01716088656816
N           -0.62206293509624        0.01909131304990       -3.76040047661412
B           -0.47185677694675        1.44676451320709       -3.90766127807931
N            1.21282928290941       -3.78088876534637       -1.55701654539621
B           -3.82891431770642        2.21602995006776       -0.29698002729222
N           -2.76034876009817        2.76909215541726       -1.02056768357276
B            1.40078436145738        0.81990161679197       -4.71169189362854
N           -0.21155519683380        3.37111452545374        3.02126993157927
B            0.89836322146467       -2.87581241483501       -2.63173211549186
N           -0.47818901962814        3.77122162316103       -0.82656020414600
B           -0.78043212414285        2.19018619845986        3.47320790932936
N            1.68444434346023       -1.26756720632033        3.70032334697370
B           -0.23898578504534        3.47301399554786       -2.19687987449624
N            1.34160757945211        0.07786568333859        4.01852902645692
B           -1.59707841820398       -0.55680419724249       -2.89835792878337
N           -3.81041209488065        1.78108122366086        1.02752509240283
B            0.35730005231878        4.50168073527289        1.36527462798271
N            0.07060703227332       -0.00411209350166        4.65296953843120
B           -2.68530143944680        2.22937111029907        1.79518320975775
N            3.77688371543556       -0.12923957575084       -0.59488986369489
B           -2.23892136132782       -3.62809552447354        1.20334280325802
N            1.07720750319368        3.74054423833143        2.41672836999346
B           -1.80046858720651       -0.76702322270381        3.41832963195848
N           -2.42840012888661       -3.59414618827978       -0.25495137415286
B            3.02231377039374       -1.06981467415281       -1.32861551518852
N           -3.14382010652425       -1.24393648219803       -0.18800232722379
B            2.05118912542114        2.92536389009087        1.73976680939663
N           -0.50691375189219       -2.89749345736776       -2.24751495620376
B           -1.67234266354580       -2.10901792488509       -2.30246603223540
N            0.60647503794472        3.96990043056305        0.07026010976308
B            1.09805340697745        2.96253595771545       -3.00283510756086
N            0.09283827793058       -4.34675426371807        1.91121715939627
B           -1.76761831602651        3.45560799638619       -0.22010437437315
N           -1.99082271937826        3.41948153440474        1.22080229984121
B            1.48064923853179       -4.20131127538198        1.68365710017628
N           -0.77166941936307        1.07587260180656        4.39421033163032
B           -2.65890036959796       -2.39498525361082       -0.98026660463379
N           -1.06061980713403       -4.47316217882996        1.18380452506396
B           -2.49739325496178        0.49676223240335       -1.91951181451989
N            2.36241360994460       -3.88004673933926        0.63301751104619
B            3.92089568291780       -0.19904601124629        0.89810783417472
N            1.94127514055541        1.96203705827565       -2.28858060676006
B            1.00174023495362        2.25635193197489       -4.44210259311944
N           -4.17182393282248        0.83613404150503       -0.15016573114769
B           -1.33228910591201        2.45723438881178       -2.92804247981061
N           -2.35211468683918        1.93791562584588       -2.11659022061430
B            3.08372397504459       -2.63778861187676        0.77818501584804
N            2.34099612605597       -3.66857932866910       -0.79118939767162
B            2.24110705654200        0.55019296383511        2.99350479159482
N           -2.00181001874968        0.62236943228247        3.80316231999964
B           -1.09306565318056       -4.17605198297486       -0.24934159965945
N           -3.20682736294532        0.04843030300185       -0.76537839965353
B            3.46437740393070        1.26510192805937       -0.34216397137910
N            2.59207533160351        1.63458879766467        2.11248143898685
B            1.47048635981952       -1.55204664534498       -3.33760189497674
N           -2.07770891640526        1.76118552318182        2.95660701510258
B            2.04510409539681        0.71630204817542       -3.03539080561892
N           -2.69248585555099       -1.32819092943911        2.51501954770398
B            0.65430764409662       -0.53737799735452       -4.30834144107298
N           -0.16455410967912       -3.75529182575048       -1.17095495219826
B            0.51078180501289       -2.09485271977251        3.62641251314286
N           -0.56109751919176       -1.19506739674177        4.02232350959032
B           -3.20497178810010       -1.43874846079278        1.19783822468332
N            2.68982364699362       -0.84811340949556        2.80389539997722
B            1.89399953871245        3.34312446427141        0.07071877445448
N            2.88240633934568       -2.32667779989095       -0.61672500787170
121
 energy: -221.902797869401 gnorm: 0.003345461062 xtb: 6.7.1pre (5071a88)
N            7.28963672725563       -1.91474213832233        7.51443355451842
C            6.38603195445265       -1.19475328107625        6.80079890285475
O            6.35591003673130       -1.21778905120202        5.59014054530196
C            5.44386421436014       -0.39287772092444        7.63553229223594
C            5.87620275106374        0.29248643268082        8.76526348653450
C            4.97021343516367        1.03651206847716        9.49925266475798
C            3.63951286308187        1.07988115199713        9.12555505952307
C            3.18780475165581        0.39817904477517        7.99940056613677
C            4.10924189738682       -0.32318715199104        7.25326589796212
C            1.73447019897339        0.40507844354874        7.61133734339357
C            1.14687606460155        1.82281110249225        7.45566821647096
C            0.28959476991909        2.20898096322466        8.65438219636274
C           -0.86617544966904        1.22186633813199        8.82399755204840
N           -0.48597928275595       -0.12895598579466        8.43701205710263
C           -1.35795494282671       -1.12583158252655        9.01743796948422
C           -2.78130625399524       -0.90452478582148        8.58707345722212
C           -3.05178898481266       -0.68139915243655        7.21891789801823
C           -4.32248512697117       -0.43804684743757        6.78477052503354
C           -5.39521812161934       -0.40579290423362        7.70473655383019
N           -6.63513586001010       -0.12477580207919        7.25740011334902
C           -7.61369946627821       -0.08165143319794        8.11711723765256
C           -7.46919216282076       -0.32941596865563        9.49425395550023
C           -6.22231967201048       -0.62199654831478        9.97412669989088
C           -5.13234250717158       -0.65755805629900        9.08021783553818
C           -3.80742990931995       -0.90067633718574        9.49275326720481
C            0.91796912563949       -0.39058179263602        8.64612468167709
H            7.93663860588865       -2.50619159961259        7.01972857306392
H            7.26363451354494       -1.95803520029879        8.51718144005167
H            6.91723122858860        0.27343495821312        9.05391498008415
H            5.30170157672124        1.58291494309177       10.37045860239664
H            2.94933809023756        1.66162747309778        9.71615268825288
H            3.79839551858787       -0.84748724204999        6.36236859898720
H            1.62738236490107       -0.10490485930239        6.65363990686409
H            0.52003509519694        1.84302691947693        6.56432664011393
H            1.95342217305489        2.54605132842763        7.32126920494213
H            0.89658594385586        2.22722577846356        9.56131437672307
H           -0.11487882917334        3.21313204370608        8.51710790700523
H           -1.21635336546763        1.24961476053400        9.87258862062042
H           -1.70410196916175        1.52093332517849        8.18708692697177
H           -1.02766313270227       -2.10764323331485        8.65971846344675
H           -1.30608071591416       -1.13294167390389       10.12529152293974
H           -2.22187862340905       -0.68518090511241        6.53057729132353
H           -4.53632233163798       -0.25557661606153        5.74263187967076
H           -8.58699895965954        0.16262571405589        7.71201330710871
H           -8.32984697273888       -0.28432395849413       10.14474172686736
H           -6.05328678832286       -0.82218409595867       11.02387309059118
H           -3.61470762148329       -1.07331950189267       10.54431851989184
H            1.24319092113865       -0.14222538275537        9.67329133585208
H            1.10346013535594       -1.45757307492585        8.49872539937577
B            3.47552816418815       -1.44857632102855        1.82187436844832
N            3.45487818616163        1.12830120778896        1.12378489666861
B            2.55814146466510        2.37071464240991       -1.07359251285065
N            2.29477811649878       -0.63794895915864       -2.54179236797633
B            0.71131836935682       -3.54833901541829        2.90384453362722
N           -2.91917157231622       -2.64127078613238        1.92142821113046
B           -1.01470418987727        4.08910288983443        2.03143191005991
N           -0.62103055021148        0.01996524751549       -3.74567918003183
B           -0.47130096828149        1.44763152338376       -3.89335302796614
N            1.21374579946686       -3.78081258518076       -1.54285186023556
B           -3.82828388988880        2.21687207649925       -0.28276117843799
N           -2.75968052763265        2.76992948470381       -1.00627082670516
B            1.40186408813312        0.82035690118502       -4.69738621155654
N           -0.21057651871769        3.37133691414393        3.03539654484261
B            0.89933252447044       -2.87543267748159       -2.61741815745213
N           -0.47734204704864        3.77192068359106       -0.81235153426527
B           -0.77975394237342        2.19049919419909        3.48698973585911
N            1.68508214056011       -1.26741831449141        3.71363654654485
B           -0.23822162540340        3.47373653091366       -2.18269945807625
N            1.34210891477901        0.07792930531905        4.03158815894248
B           -1.59607615975720       -0.55596918522627       -2.88369977545330
N           -3.80988890418303        1.78192549324587        1.04173523073097
B            0.35826845111958        4.50221105736527        1.37954819153469
N            0.07098000770820       -0.00428552066996        4.66575786079670
B           -2.68471642646068        2.23025160372914        1.80918219533852
N            3.77816417946035       -0.12898423680590       -0.58063907782296
B           -2.23822148793037       -3.62775435356240        1.21758337955569
N            1.07811339242946        3.74066765717435        2.43077116526176
B           -1.80009032040590       -0.76691287201336        3.43175606294284
N           -2.42744911849383       -3.59351304155029       -0.24074591543185
B            3.02335787745218       -1.06958276044069       -1.31430027522263
N           -3.14343149521721       -1.24333501783255       -0.17378460534990
B            2.05235623307994        2.92585952722954        1.75383777762879
N           -0.50587160140111       -2.89677346941233       -2.23304691114232
B           -1.67126732150471       -2.10824369715349       -2.28794985196051
N            0.60737538671333        3.97063173407149        0.08444895294052
B            1.09854977725483        2.96317820993906       -2.98897781101014
N            0.09366351523281       -4.34685598145097        1.92546640945024
B           -1.76680718401944        3.45641399652155       -0.20591091169142
N           -1.98995840487712        3.42028464866043        1.23498079785729
B            1.48154509792588       -4.20127755878437        1.69782252368584
N           -0.77122572330139        1.07582139712744        4.40755821387362
B           -2.65800885765174       -2.39432265605366       -0.96595332166423
N           -1.05979941524307       -4.47271245065797        1.19800116674569
B           -2.49666958199577        0.49751614267590       -1.90505296314489
N            2.36324316428050       -3.87991173184860        0.64715369482671
B            3.92239166160242       -0.19869724193911        0.91237366401419
N            1.94129495143865        1.96241362677274       -2.27450067466080
B            1.00227267367931        2.25684175760188       -4.42816757488307
N           -4.17126237629394        0.83696589559318       -0.13588373346480
B           -1.33170780668066        2.45793760426271       -2.91373760515202
N           -2.35151161660383        1.93869969280156       -2.10224142444378
B            3.08472498792938       -2.63770767686949        0.79244425443833
N            2.34186000256411       -3.66831500012445       -0.77696917235341
B            2.24186018370342        0.55055936547705        3.00692524717749
N           -2.00133127177414        0.62256980993072        3.81640998430258
B           -1.09213239563903       -4.17547267136999       -0.23505996084597
N           -3.20623150476590        0.04916540284720       -0.75101383565895
B            3.46457555816729        1.26496975395891       -0.32804425680930
N            2.59334888322995        1.63497579113100        2.12636681419139
B            1.47138945498875       -1.55163230202978       -3.32320355642096
N           -2.07715211097910        1.76173653238176        2.97041749792447
B            2.04570889473931        0.71654191125062       -3.02111149839209
N           -2.69293370757960       -1.32827774295937        2.52948380821153
B            0.65527831543781       -0.53671423390537       -4.29369671092336
N           -0.16362681099480       -3.75480142682703       -1.15668592045862
B            0.51146063870047       -2.09482681435831        3.63991736762775
N           -0.56057261617229       -1.19497142235062        4.03550845629445
B           -3.20453064946302       -1.43842530753666        1.21193990112133
N            2.69066766655441       -0.84782096225675        2.81744928291963
B            1.89484286852600        3.34365084490856        0.08484459167344
N            2.88327120152017       -2.32641296903069       -0.60242927199366
121
 energy: -221.902980688510 gnorm: 0.003016516105 xtb: 6.7.1pre (5071a88)
N            7.29062281563301       -1.91615812725240        7.50863510977216
C            6.38702877918740       -1.20334544216896        6.78750984951176
O            6.36113567052263       -1.23298305086145        5.57678902202964
C            5.44418556085880       -0.39591982025089        7.61618694434469
C            5.87839732161696        0.29563588869896        8.74137764393508
C            4.97438506971020        1.04590475046358        9.47133094096450
C            3.64323896979472        1.08737081335864        9.09951268852456
C            3.18914580162380        0.39827900620979        7.97889525599984
C            4.10924574076642       -0.32720445828248        7.23497671433138
C            1.73482927007695        0.40118932529600        7.59501170827785
C            1.14271106944779        1.81615649879300        7.43206519350578
C            0.28786596282357        2.20970569516605        8.63002705667433
C           -0.86488706342798        1.22050796320996        8.81079209687480
N           -0.48372550726773       -0.12836419984546        8.41987181958529
C           -1.35878423908731       -1.12916518179857        8.98954252991274
C           -2.78209780118616       -0.90030923099553        8.56256431857697
C           -3.05536370567038       -0.66695332561247        7.19740826452000
C           -4.32614126321733       -0.41806283858711        6.76747884918112
C           -5.39880922336417       -0.39461980630876        7.68744766161593
N           -6.63994205988844       -0.11407821264356        7.24512110622727
C           -7.61856610162913       -0.08408563088338        8.10482002253439
C           -7.47168171082418       -0.34329914491238        9.47789232579449
C           -6.22265331134473       -0.63287873413569        9.95436560151681
C           -5.13291551402167       -0.65616624190348        9.06041745019285
C           -3.80741637519471       -0.90172384723630        9.46879160684662
C            0.91986478984998       -0.38829030202666        8.63545315384699
H            7.93563448411770       -2.51428457779239        7.02015718307001
H            7.24994700745506       -1.96285612337630        8.51041474530307
H            6.91966992994766        0.27662427905253        9.02919626941297
H            5.30821492278490        1.59796274989588       10.33794097504479
H            2.95387753513817        1.67331013123899        9.68672763503008
H            3.79719718730390       -0.85611006305313        6.34724882222511
H            1.62654370398521       -0.11549452759365        6.64167285442212
H            0.51240645449884        1.82743447658377        6.54399846761309
H            1.94626646679910        2.54033289158624        7.28903355557160
H            0.89685914720302        2.23800541927851        9.53515592571952
H           -0.12024038501882        3.21126717624061        8.48493922952274
H           -1.20567498922356        1.24718843511464        9.86260478503885
H           -1.70896924062237        1.51707940592839        8.18120254626673
H           -1.03018476958930       -2.10709524031503        8.61980853138568
H           -1.30702516348104       -1.14892136997097       10.09717694237534
H           -2.22817521733660       -0.66799186430628        6.50600746311201
H           -4.53818690680762       -0.22780452930571        5.72734346440208
H           -8.59276674395743        0.15938489078845        7.70079714221758
H           -8.33149142650354       -0.30927573322892       10.13012720706927
H           -6.05377218836108       -0.84175199614644       11.00157238578005
H           -3.61413965499463       -1.08231622215000       10.51844743280878
H            1.24210230665635       -0.12954298146879        9.66027270540765
H            1.10733640228938       -1.45587204959544        8.49772170900201
B            3.47670521619100       -1.44849426596239        1.83507511577355
N            3.45704411688827        1.12902778611968        1.13750809587151
B            2.55783823002296        2.37047374269016       -1.05990121648853
N            2.29614457276243       -0.63752631811577       -2.52800845915085
B            0.71161557724962       -3.54897073392570        2.91678975949441
N           -2.91935145721341       -2.64149161268732        1.93360277873967
B           -1.01438839346886        4.08960147737473        2.04461805298958
N           -0.61942611849619        0.02106039763434       -3.73196310423242
B           -0.47035864081720        1.44872682024849       -3.88012211582736
N            1.21490725957898       -3.78071206469063       -1.52972782777472
B           -3.82795635060985        2.21769133720114       -0.27026791571758
N           -2.75911155636796        2.77076094914467       -0.99336889680086
B            1.40367301293269        0.82098311852349       -4.68385309516563
N           -0.21040988636189        3.37135916687234        3.04848398543101
B            0.90071180048776       -2.87496176310014       -2.60412484047674
N           -0.47669410280644        3.77269105190236       -0.79916934092299
B           -0.78002304253852        2.19055244139546        3.49946236708869
N            1.68464098634638       -1.26748026679954        3.72511953046180
B           -0.23743445366741        3.47454880302311       -2.16950816625931
N            1.34138322963233        0.07773057458027        4.04265759343462
B           -1.59462847002469       -0.55502107397193       -2.87025704540349
N           -3.80995904980924        1.78274727800579        1.05424965794894
B            0.35874098875240        4.50257248335805        1.39294108607634
N            0.07029480577849       -0.00488938904070        4.67679504740899
B           -2.68487515994691        2.23118197563311        1.82165710894760
N            3.77973237301342       -0.12868787801758       -0.56695445250665
B           -2.23776521572538       -3.62773165987565        1.23016146018306
N            1.07834630333891        3.74049815312976        2.44394614187199
B           -1.80069819177637       -0.76708519285941        3.44344494369349
N           -2.42648029218336       -3.59296976086952       -0.22824359369614
B            3.02470957891689       -1.06931351218281       -1.30063828302273
N           -3.14327586436429       -1.24287734254701       -0.16119968914005
B            2.05307303594833        2.92624989465179        1.76714276569607
N           -0.50449394383048       -2.89601812234176       -2.21984358361208
B           -1.66982508545964       -2.10739827991179       -2.27480853843098
N            0.60797510756346        3.97136806997749        0.09774739396146
B            1.09918205628083        2.96386763412157       -2.97588735799232
N            0.09417153742319       -4.34739444827907        1.93822150780530
B           -1.76629369769143        3.45731175899779       -0.19293884966397
N           -1.98972352164157        3.42119873328631        1.24789715812439
B            1.48216329800445       -4.20150299701541        1.71080148576250
N           -0.77187817720039        1.07536201125091        4.41938229842637
B           -2.65704554391459       -2.39372971063766       -0.95328113353685
N           -1.05925565939980       -4.47269465558648        1.21059281614722
B           -2.49575475847428        0.49825675280166       -1.89188856292520
N            2.36404969705079       -3.87983225226554        0.66039311579684
B            3.92397901833171       -0.19831858847308        0.92606012835189
N            1.94127220819112        1.96274872340716       -2.26106960004116
B            1.00324828155875        2.25746958540090       -4.41507758144960
N           -4.17090351203665        0.83776612435971       -0.12325804486531
B           -1.33097999620043        2.45876993268311       -2.90064568058872
N           -2.35076881242817        1.93948854950081       -2.08920439690145
B            3.08583443838377       -2.63777192686454        0.80591416994110
N            2.34287140473225       -3.66803163559699       -0.76363457256305
B            2.24205288423993        0.55080005332820        3.01924067394409
N           -2.00188605716908        0.62247256959552        3.82793732019032
B           -1.09123378913126       -4.17505344904483       -0.22231443851186
N           -3.20568077066027        0.04984293241355       -0.73813253953244
B            3.46468130370424        1.26482538551146       -0.31447677460191
N            2.59443332073840        1.63536268214730        2.13947817768246
B            1.47280323911361       -1.55110598249490       -3.30966731777970
N           -2.07745195708117        1.76211841023433        2.98265685910061
B            2.04662571379744        0.71680264271403       -3.00752054306694
N           -2.69451605569828       -1.32879686716569        2.54242643196955
B            0.65688628556192       -0.53585325662265       -4.27991759162299
N           -0.16253260253349       -3.75437937910078       -1.14371310370312
B            0.51123871801819       -2.09516399533119        3.65182455191185
N           -0.56104696040122       -1.19518258329831        4.04693433093062
B           -3.20479543884499       -1.43852176334774        1.22432515954367
N            2.69103457140956       -0.84773388719315        2.82989320988318
B            1.89539611371062        3.34416666156172        0.09824595103272
N            2.88434049225240       -2.32615897247280       -0.58890489050703
121
 energy: -221.903120790827 gnorm: 0.002921465309 xtb: 6.7.1pre (5071a88)
N            7.29232595578793       -1.91679305891529        7.50279504806549
C            6.38578267362585       -1.21368668024978        6.77639600165692
O            6.36133074632638       -1.25150816244605        5.56605843962572
C            5.44407688026412       -0.39990081112448        7.59990088670536
C            5.88116614056455        0.29759095364619        8.72081497353451
C            4.97955270348362        1.05400516511946        9.44720291585486
C            3.64761532553273        1.09504816833536        9.07758397307098
C            3.19056601731456        0.39944941661448        7.96221713620087
C            4.10875032608705       -0.33096304802876        7.22026102902072
C            1.73572640050820        0.39918588035597        7.58112774519551
C            1.13963055422665        1.81167385881472        7.41230802089692
C            0.28575689511489        2.21035257346231        8.60963924180720
C           -0.86392109074160        1.21870668461134        8.79909314565772
N           -0.48192202883550       -0.12815476926879        8.40382249426169
C           -1.35918560399678       -1.13251356113240        8.96411121209747
C           -2.78246688768180       -0.89691852073089        8.54084072520449
C           -3.05757304170976       -0.65161116042445        7.17798802309394
C           -4.32844612855743       -0.39663356797025        6.75143445287525
C           -5.40099777195274       -0.38219690936263        7.67148385739811
N           -6.64316962555239       -0.10236522607619        7.23191046899108
C           -7.62300688222861       -0.08673014415078        8.09089830585074
C           -7.47424728103777       -0.35827230720744        9.46205255993537
C           -6.22287564144107       -0.64296620461114        9.93674111698794
C           -5.13299710468845       -0.65439205012178        9.04303480609566
C           -3.80716313404952       -0.90299265423827        9.44809802266315
C            0.92126489555282       -0.38670035050242        8.62478741810786
H            7.93599484148872       -2.51999252401235        7.01917793978238
H            7.24149949164125       -1.96500912597476        8.50362056582621
H            6.92277879753771        0.27763063345177        9.00750068246016
H            5.31624822447845        1.61088768520707       10.30966578115931
H            2.95993999995278        1.68559975685370        9.66222108716609
H            3.79491226200292       -0.86369926332911        6.33527899906936
H            1.62727559239078       -0.12222223896776        6.63063663151845
H            0.50635064836436        1.81529746495055        6.52677908133154
H            1.94027724464879        2.53731222064684        7.26239495170422
H            0.89614258931912        2.24708854490508        9.51350017939595
H           -0.12561559733199        3.20951241161226        8.45788875455985
H           -1.19680738475525        1.24357811294456        9.85384920308013
H           -1.71359775370467        1.51369414104852        8.17643690769202
H           -1.03283079107623       -2.10702890584963        8.58374056979973
H           -1.30653474234602       -1.16369647352612       10.07134570876978
H           -2.23226814777271       -0.64923477356290        6.48384728912249
H           -4.53896375553312       -0.19632913628799        5.71267771882146
H           -8.59893669341218        0.15065417644148        7.68710709549809
H           -8.33350878446811       -0.33588669566471       10.11572056494468
H           -6.05430138770374       -0.85895374366721       10.98289604489285
H           -3.61404234896333       -1.09169429520174       10.49639404645078
H            1.24059124458261       -0.12057070338615        9.64819795008154
H            1.11060892922349       -1.45458327153983        8.49392517292434
B            3.47762814565033       -1.44847656475551        1.84723049721477
N            3.45877898642650        1.12968286571811        1.15023898086668
B            2.55774512537709        2.37039037711348       -1.04715789006614
N            2.29780198872383       -0.63703283047493       -2.51538553465103
B            0.71124785763698       -3.54983552582468        2.92812838360861
N           -2.91978284834347       -2.64194966841989        1.94379905601069
B           -1.01468783656477        4.08991895015667        2.05645758464672
N           -0.61744823113146        0.02222873289903       -3.71972284686317
B           -0.46900573829778        1.44990650189440       -3.86827860259904
N            1.21617767959807       -3.78044998468886       -1.51796898557405
B           -3.82788025251931        2.21838843656965       -0.25970723772493
N           -2.75862419702237        2.77148180464003       -0.98213606229891
B            1.40598772682379        0.82178081140450       -4.67146577026010
N           -0.21105469198821        3.37116040254124        3.06033398691439
B            0.90232974024070       -2.87437981193625       -2.59222995579959
N           -0.47624892366980        3.77341612728789       -0.78727068073750
B           -0.78117707036534        2.19033701027346        3.51055508843929
N            1.68325717330621       -1.26772346490562        3.73494409851141
B           -0.23663490549479        3.47534187662159       -2.15756560123269
N            1.33963515970764        0.07736780426429        4.05199699517637
B           -1.59288058533526       -0.55406888318509       -2.85843093442766
N           -3.81047802145499        1.78339377162846        1.06484212520865
B            0.35870686327279        4.50268539884736        1.40518488243342
N            0.06870514240591       -0.00577179682594        4.68632924134868
B           -2.68564670977031        2.23194557901662        1.83245613726644
N            3.78132342456174       -0.12833910465613       -0.55421722836323
B           -2.23756041127539       -3.62793910833269        1.24080928806133
N            1.07790809991978        3.74007515136277        2.45605142812172
B           -1.80213404788014       -0.76744618591585        3.45341490215118
N           -2.42559678555237       -3.59253347630946       -0.21769308105501
B            3.02620446399627       -1.06897111643280       -1.28803355246941
N           -3.14321066768871       -1.24255891874340       -0.15048818104852
B            2.05321436983012        2.92642584313632        1.77943816278416
N           -0.50296706618047       -2.89532888804722       -2.20831300178613
B           -1.66820370944537       -2.10658373891116       -2.26343705146081
N            0.60826811850959        3.97195708466724        0.10989849286357
B            1.10003513339479        2.96451034294903       -2.96370919396084
N            0.09431011337965       -4.34816205769791        1.94919677361377
B           -1.76605818833847        3.45813748852845       -0.18143390435114
N           -1.99005126006727        3.42199809007466        1.25932006592325
B            1.48242485500841       -4.20185544781991        1.72229867829192
N           -0.77351819842512        1.07463403293213        4.42986723069603
B           -2.65608164165022       -2.39322362869058       -0.94252776551757
N           -1.05903593211552       -4.47305229771554        1.22131632053800
B           -2.49472308560486        0.49892404350701       -1.88041021707826
N            2.36473837403821       -3.87972583984659        0.67241109270463
B            3.92535437580733       -0.19795054701222        0.93879517771991
N            1.94153849544509        1.96307384077068       -2.24857457418554
B            1.00470475060951        2.25822979469087       -4.40299907347642
N           -4.17069486325743        0.83843242104142       -0.11253586415660
B           -1.33008119063932        2.45965982112427       -2.88907343508444
N           -2.34988842914924        1.94020586974398       -2.07780316459322
B            3.08689555998976       -2.63787662787706        0.81822537376262
N            2.34391918562629       -3.66769459013518       -0.75153998268618
B            2.24174935317482        0.55084000627713        3.03043923415285
N           -2.00337839974344        0.62213532465301        3.83791789810827
B           -1.09046933410830       -4.17481280092008       -0.21140938735593
N           -3.20514576623289        0.05040504453286       -0.72704665740316
B            3.46496299366201        1.26485633656755       -0.30179578863811
N            2.59509075681101        1.63565885742102        2.15159654160985
B            1.47457371448743       -1.55045273140614       -3.29740029731833
N           -2.07850314970545        1.76225867854932        2.99327791226874
B            2.04790515480192        0.71716522987748       -2.99500089782356
N           -2.69681336185676       -1.32953939881052        2.55353340866078
B            0.65894442230737       -0.53485630612584       -4.26748184829753
N           -0.16139844146972       -3.75403039978225       -1.13236880837374
B            0.51019060346103       -2.09574178223833        3.66210779152657
N           -0.56240117386837       -1.19561456162290        4.05667861818182
B           -3.20566159273092       -1.43892947640070        1.23479566245900
N            2.69091660214872       -0.84784823888447        2.84119347876006
B            1.89566068981346        3.34458581808666        0.11064870802712
N            2.88550573851385       -2.32589128152247       -0.57653318678543
121
 energy: -221.903174099683 gnorm: 0.001395589011 xtb: 6.7.1pre (5071a88)
N            7.29477460150452       -1.91572427555810        7.49802256503701
C            6.38407933480617       -1.21449036531404        6.77319771670333
O            6.35334519274599       -1.25630769042665        5.56257612688927
C            5.44404549158735       -0.40066098428926        7.59827784465714
C            5.88246860234157        0.29698050954184        8.71875819885890
C            4.98147425647716        1.05349311680484        9.44575329389465
C            3.64891467157267        1.09514165112098        9.07731672659060
C            3.19087979055383        0.39966222847980        7.96236275204800
C            4.10829315886928       -0.33154664813350        7.22004753710838
C            1.73641412772338        0.40057564840532        7.58022401687660
C            1.14103485426724        1.81344128089655        7.41267925339741
C            0.28578493556554        2.21054312886263        8.61000932405183
C           -0.86380909114467        1.21850875213903        8.79791756617613
N           -0.48232981526228       -0.12805859705015        8.40094547803240
C           -1.35948591232757       -1.13241755225245        8.96093767292756
C           -2.78255695357946       -0.89626919770626        8.53773354037364
C           -3.05690897936372       -0.64919085108431        7.17535699573285
C           -4.32804807589443       -0.39484545992310        6.74861095829924
C           -5.40056922658143       -0.38167186802596        7.66833019219334
N           -6.64327105409583       -0.10548368652256        7.22709111866486
C           -7.62400510999524       -0.09143453578084        8.08505767636066
C           -7.47467016499870       -0.35853880310346        9.45742453279492
C           -6.22307095151435       -0.64141527411168        9.93305527013055
C           -5.13309130233444       -0.65334844042200        9.03968079329709
C           -3.80742290355197       -0.90190173329716        9.44509649948340
C            0.92060795462104       -0.38757984801822        8.62166997151972
H            7.93645672850152       -2.51984331870228        7.01254695188157
H            7.24847962054823       -1.96249517332800        8.49949489316317
H            6.92445924335841        0.27699102291554        9.00423283495630
H            5.31906057070655        1.61041468919147       10.30795606709433
H            2.96208926021416        1.68611086281987        9.66274212059585
H            3.79343138415877       -0.86427651442611        6.33524770008225
H            1.62877442667867       -0.11876335414634        6.62803676336534
H            0.50877627994938        1.81885576115239        6.52605925961609
H            1.94212338054127        2.53925063058906        7.26477871567675
H            0.89572999800263        2.24621679549457        9.51437013882325
H           -0.12520336059971        3.20992334071298        8.45888442736782
H           -1.19658253889933        1.24218675930024        9.85290226635176
H           -1.71371922466412        1.51471309286491        8.17605651339343
H           -1.03386012330196       -2.10715490000625        8.58082236796769
H           -1.30633168521624       -1.16376809331133       10.06805737838731
H           -2.23100087220905       -0.64629232314247        6.48190934251379
H           -4.53912925231234       -0.19396391949089        5.71027098817387
H           -8.60063381589424        0.14447456053656        7.68055635330426
H           -8.33426307263796       -0.33702645854063       10.11026523244381
H           -6.05387535691516       -0.85373059342731       10.98039515268923
H           -3.61480560435247       -1.09127542308231       10.49332659548418
H            1.23950909409814       -0.12465263369950        9.64650774804137
H            1.10968371178388       -1.45538722091187        8.48813083808849
B            3.47751527744458       -1.44855258161640        1.84920361497397
N            3.45869786207226        1.12971024230189        1.15235355473707
B            2.55789757726902        2.37048507548112       -1.04500315834780
N            2.29819384819533       -0.63692798518351       -2.51344437281740
B            0.71073492893038       -3.55013486515630        2.92956652787358
N           -2.92015373861942       -2.64224447657352        1.94484484209016
B           -1.01523966061574        4.08978606815035        2.05816658777874
N           -0.61700223637338        0.02236345664243       -3.71809039497541
B           -0.46854436131774        1.45004803281325       -3.86655852182858
N            1.21639272897784       -3.78030021124257       -1.51627901285274
B           -3.82811334786939        2.21832134847217       -0.25859276203739
N           -2.75867993133693        2.77143963471746       -0.98074295024136
B            1.40656703254665        0.82202084927281       -4.66952052640783
N           -0.21180242094957        3.37091859923019        3.06209857368823
B            0.90266990936367       -2.87423719559878       -2.59055392494021
N           -0.47638857765029        3.77339680115375       -0.78546126782033
B           -0.78205999258742        2.19008184654530        3.51213353941279
N            1.68239748904021       -1.26790916291170        3.73622816215079
B           -0.23654824367603        3.47537391818736       -2.15572558592254
N            1.33862826994347        0.07719761585559        4.05310250107199
B           -1.59253301557795       -0.55400711247425       -2.85696895572588
N           -3.81094825195350        1.78331619953005        1.06597104440053
B            0.35828852376390        4.50247381330042        1.40713281904544
N            0.06779851963363       -0.00610619240362        4.68758450053058
B           -2.68627535371679        2.23189098814193        1.83380326146540
N            3.78147885892439       -0.12826922503746       -0.55207345812233
B           -2.23778155401399       -3.62817450656952        1.24195153269412
N            1.07732526026195        3.73982203203829        2.45806208241852
B           -1.80295134866300       -0.76767089101709        3.45453967891976
N           -2.42559742329898       -3.59261436572181       -0.21658075686958
B            3.02646656329624       -1.06888429415870       -1.28601007276704
N           -3.14330893368601       -1.24268140690164       -0.14932316768060
B            2.05277330561884        2.92624887166915        1.78149328878372
N           -0.50269319292198       -2.89528923037469       -2.20685923533335
B           -1.66792265445145       -2.10654165996020       -2.26209416238766
N            0.60801832323118        3.97182356587042        0.11185336396919
B            1.10031166766889        2.96454542411936       -2.96157969636090
N            0.09404120023977       -4.34842936055340        1.95047714353121
B           -1.76630291495335        3.45813316236920       -0.17984038037291
N           -1.99058693745750        3.42197924730296        1.26088031364422
B            1.48217916884372       -4.20204366516640        1.72384434155303
N           -0.77449679015636        1.07430469646058        4.43137412696849
B           -2.65601178396175       -2.39327704096802       -0.94137568304826
N           -1.05926988645998       -4.47335390697340        1.22251563892247
B           -2.49452770105978        0.49890994506604       -1.87899602896685
N            2.36472572772770       -3.87972582033083        0.67421647344511
B            3.92532869384744       -0.19793513635124        0.94092205036312
N            1.94180699522182        1.96309394918636       -2.24644977752108
B            1.00522166851414        2.25843362778037       -4.40096169738338
N           -4.17082945351372        0.83834404450715       -0.11141753055829
B           -1.32984837721923        2.45976695595420       -2.88749095565530
N           -2.34970541554867        1.94018964676030       -2.07635455849982
B            3.08694769248147       -2.63793931407282        0.82012337532909
N            2.34406599267279       -3.66763732453477       -0.74974585636220
B            2.24134903201634        0.55063580786776        3.03222628133848
N           -2.00430204593943        0.62186155496815        3.83921951079919
B           -1.09050306771551       -4.17493527303395       -0.21017714201084
N           -3.20513188596100        0.05033367044311       -0.72576649741873
B            3.46516111332070        1.26499947668964       -0.29961094564348
N            2.59485273233552        1.63561018646896        2.15363238388399
B            1.47502403849661       -1.55028389521032       -3.29557495209976
N           -2.07928186409766        1.76207259665624        2.99464768403975
B            2.04830962695230        0.71728808564507       -2.99298892940299
N           -2.69769343434382       -1.32983467685087        2.55475442099090
B            0.65948170897093       -0.53464982470458       -4.26570318331413
N           -0.16124007455185       -3.75400404949658       -1.13088327195550
B            0.50945784614710       -2.09601428910267        3.66338624624532
N           -0.56324096375007       -1.19588431148630        4.05775533052898
B           -3.20631476835662       -1.43927468695247        1.23590229192816
N            2.69054354041046       -0.84804554021606        2.84302360739760
B            1.89543069815278        3.34450827184873        0.11273643622110
N            2.88570195826492       -2.32586792516935       -0.57462403100752
121
 energy: -221.903350977247 gnorm: 0.006539157602 xtb: 6.7.1pre (5071a88)
N            7.31021069458863       -1.90755288431129        7.46917558969156
C            6.36994562672323       -1.22627833417084        6.75580675799933
O            6.30413633483397       -1.29178087889203        5.54543285861681
C            5.44311518973226       -0.40703540171076        7.58852749562824
C            5.88929039571897        0.29236947129082        8.70581550541826
C            4.99241746944873        1.05026750998335        9.43594914479913
C            3.65688783898492        1.09602979102020        9.07404826026643
C            3.19299405800718        0.40169073541439        7.96135180089838
C            4.10559035697233       -0.33482848930264        7.21758915340811
C            1.74040160067096        0.40920733340696        7.57374936258217
C            1.14858275662244        1.82413498640522        7.41605244020598
C            0.28634539134224        2.21154474849674        8.61306866607564
C           -0.86311515404420        1.21764740064225        8.79046674229656
N           -0.48429592384219       -0.12660087515440        8.38267269171700
C           -1.36152098598761       -1.13080355263966        8.94124987627427
C           -2.78388539103381       -0.89057421744668        8.51925046723210
C           -3.05489234306372       -0.63567685650633        7.15883465498010
C           -4.32720545463846       -0.38531023428525        6.73101786722534
C           -5.39981650831781       -0.38132499412797        7.64919067009948
N           -6.64533255699442       -0.12374064308257        7.20020640728136
C           -7.62951603938613       -0.11673157117191        8.05379803483529
C           -7.47793752171567       -0.36233535962003        9.43175505084032
C           -6.22482562235518       -0.63035423937336        9.91269880864065
C           -5.13421510796027       -0.64649551606834        9.02054891609223
C           -3.80914818375247       -0.89464211067958        9.42736254738592
C            0.91730814140001       -0.39186116997116        8.60131346911547
H            7.94127888527575       -2.51513883063963        6.97285918586460
H            7.29251632112142       -1.94413482068570        8.47341250722658
H            6.93327560663553        0.27257405994234        8.98434375539903
H            5.33521094667010        1.60783795227364       10.29614971119112
H            2.97535278422483        1.68987392005057        9.66352323881136
H            3.78468283358132       -0.86887786938090        6.33521883984903
H            1.63728394773917       -0.09912682704107        6.61351578665218
H            0.52211830885353        1.84066922085421        6.52410794410866
H            1.95192293375697        2.55085546583123        7.28065212913506
H            0.89379278726983        2.24036630669286        9.51993069577562
H           -0.12347530011657        3.21193680340574        8.46661440282865
H           -1.19554204377307        1.23269451950589        9.84640976859861
H           -1.71393703280873        1.52060608031381        8.17269101567529
H           -1.03977982135346       -2.10649307579765        8.56106203229064
H           -1.30589071916233       -1.16381238861638       10.04803620109116
H           -2.22583608885365       -0.62773060113571        6.46917638105538
H           -4.54103343398962       -0.18045224727464        5.69466360741051
H           -8.61088104517653        0.09984916811370        7.64461773876128
H           -8.33908216447325       -0.34224737722063       10.08121069431952
H           -6.05293092891029       -0.82353736547612       10.96525270251926
H           -3.61827291194781       -1.08661615456081       10.47527159159466
H            1.23498609380475       -0.14741815645372        9.63318005957015
H            1.10450898407551       -1.45865108943904        8.45090564186232
B            3.47702206113603       -1.44898875369757        1.86134327449042
N            3.45848876233108        1.12996786463143        1.16530332457785
B            2.55913659519351        2.37115022348874       -1.03190430328084
N            2.30099769499787       -0.63616089729983       -2.50164721795096
B            0.70768199646918       -3.55192184771495        2.93819251519857
N           -2.92220500684967       -2.64396209309722        1.95078380966599
B           -1.01841824396647        4.08893828243549        2.06837902688542
N           -0.61380208746892        0.02328612696320       -3.70841686487974
B           -0.46516495658066        1.45100219944300       -3.85630304270076
N            1.21808023857917       -3.77925403783761       -1.50617043634077
B           -3.82921026117505        2.21800914845270       -0.25220687564440
N           -2.75867268530537        2.77128842560966       -0.97261527991509
B            1.41068477370667        0.82368500974011       -4.65772667423612
N           -0.21621200312295        3.36939319309004        3.07270528704939
B            0.90517230252300       -2.87323491723067       -2.58053054697744
N           -0.47686986829521        3.77336879043115       -0.77459870544465
B           -0.78739826762340        2.18851960047289        3.52158913907788
N            1.67706653878579       -1.26895904901539        3.74377245979736
B           -0.23557227685691        3.47569158889010       -2.14467183126978
N            1.33241184612507        0.07619547330800        4.05956178236729
B           -1.58995405118333       -0.55350743701801       -2.84835516704101
N           -3.81359072753689        1.78291107850831        1.07243399087236
B            0.35595480518788        4.50123686082334        1.41893304228654
N            0.06218960830374       -0.00810231949227        4.69500430785237
B           -2.68991497338066        2.23156932470877        1.84167005480977
N            3.78269084499476       -0.12775243482551       -0.53894616365499
B           -2.23887969432870       -3.62949807391665        1.24852212478291
N            1.07394169199176        3.73830376471984        2.47027400510380
B           -1.80799870784721       -0.76906746992584        3.46125387847994
N           -2.42528258569134       -3.59301071411991       -0.21020611444079
B            3.02839996003813       -1.06827434233419       -1.27368937967480
N           -3.14364555642997       -1.24332170620134       -0.14260916549381
B            2.05032761807907        2.92526612398914        1.79400458640692
N           -0.50060856255988       -2.89491384739391       -2.19826214392176
B           -1.66580836643370       -2.10617474048406       -2.25422873759191
N            0.60681373656740        3.97109160504101        0.12368995734369
B            1.10247224120663        2.96496535116320       -2.94874042813415
N            0.09254080797932       -4.35002936998751        1.95808152366730
B           -1.76745583603359        3.45813062570425       -0.17040675360199
N           -1.99358982177525        3.42185555919298        1.27008737568664
B            1.48083429775601       -4.20310414739125        1.73314318233882
N           -0.78056348295211        1.07229053654343        4.44040593812708
B           -2.65523661899457       -2.39347893275588       -0.93471706651572
N           -1.06047914695834       -4.47514235227190        1.22951466528439
B           -2.49295179835519        0.49893613280245       -1.87074787375598
N            2.36481730783121       -3.87961928791036        0.68511766977310
B            3.92536865554896       -0.19779927440388        0.95397434885832
N            1.94384697831677        1.96338657829752       -2.23361789360143
B            1.00898315964961        2.25990607220281       -4.38868091349523
N           -4.17139287550760        0.83790226902970       -0.10505650093468
B           -1.32788073872927        2.46047829766174       -2.87808032025647
N           -2.34817574802628        1.94019797294167       -2.06787864940108
B            3.08744281448010       -2.63822760294420        0.83169616408549
N            2.34529468266614       -3.66722392570024       -0.73891983826837
B            2.23908002839689        0.54950088035484        3.04310897657218
N           -2.01000110609494        0.62022240741653        3.84690145343502
B           -1.09037661857808       -4.17557456343115       -0.20297300789465
N           -3.20473928831407        0.05000926637701       -0.71836736845501
B            3.46660279609372        1.26593816090896       -0.28627036930390
N            2.59363066014078        1.63541386432063        2.16604313663264
B            1.47823370903430       -1.54910728885830       -3.28457352785819
N           -2.08395976503097        1.76094368423649        3.00272367889153
B            2.05123687026035        0.71818500066030       -2.98082819161896
N           -2.70302905890829       -1.33163632729249        2.56193846902553
B            0.66331171980944       -0.53320125603936       -4.25502074073921
N           -0.15991085118980       -3.75373484663896       -1.12209913934284
B            0.50496672580014       -2.09764131871871        3.67105650450172
N           -0.56846694778921       -1.19753227030044        4.06428357782855
B           -3.20999974696816       -1.44125816956636        1.24226998947684
N            2.68833498622133       -0.84916374898773        2.85414481959148
B            1.89435518546448        3.34411978804020        0.12543537923609
N            2.88721562678127       -2.32565310921977       -0.56302705758463
121
 energy: -221.903438167557 gnorm: 0.005989171240 xtb: 6.7.1pre (5071a88)
N            7.31667991795520       -1.90342525431010        7.45523965602866
C            6.36530728426633       -1.23149400705609        6.74806584715686
O            6.28655026706176       -1.30700950215659        5.53932900845995
C            5.44273581886033       -0.41085549823939        7.58353750582096
C            5.89146415158704        0.28919057583191        8.69950463336004
C            4.99652047657794        1.04831614643389        9.43047252559482
C            3.66037753536574        1.09594400113434        9.07071241664122
C            3.19410427531334        0.40236634458261        7.95869063011484
C            4.10470881078746       -0.33667450439974        7.21486345592590
C            1.74176504863925        0.41309088750653        7.57009901656006
C            1.15153424795475        1.82911352212370        7.41794695823621
C            0.28802169264204        2.21208752600445        8.61531217696593
C           -0.86205700309089        1.21819854657169        8.78774973580373
N           -0.48420883526672       -0.12484918844645        8.37514333167722
C           -1.36243823795949       -1.12917859210294        8.93213271473085
C           -2.78468740521897       -0.88677384051543        8.51053880267805
C           -3.05480784092758       -0.63040942671907        7.15022856416012
C           -4.32714758425668       -0.38201340061964        6.72150987392812
C           -5.40040630293355       -0.38173127398442        7.63891330676741
N           -6.64685725729339       -0.13133085821254        7.18793545002077
C           -7.63173096444210       -0.12742216080192        8.04043441205562
C           -7.48007034199167       -0.36561883668099        9.41974780560106
C           -6.22643921848102       -0.62652533412202        9.90259341060700
C           -5.13519592046507       -0.64374298759586        9.01092058282908
C           -3.81013290938905       -0.89094115316195        9.41843295230530
C            0.91701672906761       -0.39249102752315        8.59264074579462
H            7.94301020686919       -2.51255695292890        6.95494123866527
H            7.30954850912532       -1.93617677745379        8.45945939305650
H            6.93597109626498        0.26952288901830        8.97589377833963
H            5.34126116149395        1.60584418903649       10.28992447453037
H            2.98085931575574        1.69079358852916        9.66147799953547
H            3.78194735820740       -0.87077917369853        6.33330278122472
H            1.63965350704069       -0.09111013548531        6.60783411782008
H            0.52660675448534        1.85031135340158        6.52512560545259
H            1.95570984081535        2.55575376531166        7.28730058805609
H            0.89439858144152        2.23723477881876        9.52296016105683
H           -0.12151709379021        3.21304177939908        8.47201962405575
H           -1.19518096330044        1.22904450793192        9.84351674609083
H           -1.71236321264908        1.52394623811777        8.17068690819946
H           -1.04183715939207       -2.10469297000539        8.55037448368106
H           -1.30664780125606       -1.16387524676277       10.03892912642610
H           -2.22485902216446       -0.62003604141429        6.46178460445714
H           -4.54105620996372       -0.17700011191617        5.68516916146063
H           -8.61383320415758        0.08217554676162        7.63005563538047
H           -8.34171482740680       -0.34425961642115       10.06865571231316
H           -6.05453683622286       -0.81465851486309       10.95580348071694
H           -3.61942626693587       -1.08248957779212       10.46643621408626
H            1.23478732715131       -0.15451135427422        9.62601158834464
H            1.10288767079291       -1.45854505578592        8.43576913962165
B            3.47658472385800       -1.44918775686990        1.86734665247789
N            3.45832659254653        1.13009406341405        1.17171885100931
B            2.55966076222226        2.37148414520432       -1.02551548493996
N            2.30232347298396       -0.63572240307432       -2.49591141422326
B            0.70617675853920       -3.55275011723883        2.94246953359486
N           -2.92315437149548       -2.64472730670012        1.95350961190919
B           -1.01992959216314        4.08842090224840        2.07326160152893
N           -0.61207931850010        0.02379727156085       -3.70380530753265
B           -0.46349094772218        1.45152952515975       -3.85146497843698
N            1.21894294187733       -3.77878839747194       -1.50137852375125
B           -3.82961933498269        2.21781535102990       -0.24916026741535
N           -2.75861630217317        2.77122029090618       -0.96878776326723
B            1.41278784387759        0.82443050138176       -4.65208214057652
N           -0.21826715056399        3.36859740508939        3.07780822752112
B            0.90646706811604       -2.87274394272117       -2.57576229097202
N           -0.47697815026350        3.77333812743571       -0.76940300780386
B           -0.78988754490683        2.18772770047580        3.52617959880682
N            1.67444604753498       -1.26944024199105        3.74758756040682
B           -0.23495635444387        3.47585671053005       -2.13938418948813
N            1.32942724611509        0.07565446833804        4.06302852596884
B           -1.58861654860482       -0.55320956913304       -2.84432012971089
N           -3.81475236236780        1.78261005267810        1.07546777373294
B            0.35482124737258        4.50072929162083        1.42463410134255
N            0.05942149925968       -0.00903270982521        4.69883414148576
B           -2.69153214156952        2.23125823263812        1.84537284854955
N            3.78314537784614       -0.12749045912094       -0.53249747003995
B           -2.23938075746056       -3.63007328988464        1.25155474919022
N            1.07231423564411        3.73765601488760        2.47618566690766
B           -1.81036931386776       -0.76982278148770        3.46461270719463
N           -2.42507409858208       -3.59319907723114       -0.20726974286884
B            3.02922959197781       -1.06795653606625       -1.26769171407152
N           -3.14379908440142       -1.24361148757628       -0.13953969338719
B            2.04920265453622        2.92492091013641        1.80011496507325
N           -0.49951550179092       -2.89466943541060       -2.19419350980647
B           -1.66472169664394       -2.10597397635834       -2.25056714009785
N            0.60629937644671        3.97084117731020        0.12941251041355
B            1.10360239215759        2.96525008487186       -2.94272283262371
N            0.09174928448225       -4.35077232270317        1.96186130557865
B           -1.76789851652009        3.45804597627509       -0.16594655854005
N           -1.99488008457473        3.42163414887693        1.27441441717189
B            1.48013420302743       -4.20355763072457        1.73772561144347
N           -0.78350951443961        1.07130092369830        4.44482372354706
B           -2.65479536149938       -2.39355610042307       -0.93163059661730
N           -1.06102816411458       -4.47590837177336        1.23285404705370
B           -2.49221215848858        0.49896125251870       -1.86696035868991
N            2.36472355608041       -3.87957906133785        0.69037481386179
B            3.92524712405602       -0.19773038635952        0.96042273298891
N            1.94481450996350        1.96365681311263       -2.22743694449726
B            1.01088797775020        2.26054419086721       -4.38289365042285
N           -4.17166739818569        0.83765154344772       -0.10216485981816
B           -1.32682341453121        2.46079427232340       -2.87354174461689
N           -2.34741567961920        1.94024391418841       -2.06388301326060
B            3.08744384584157       -2.63831365137071        0.83738174097732
N            2.34588900385836       -3.66705620447448       -0.73368838708686
B            2.23780095557048        0.54905467058098        3.04851169826250
N           -2.01270093847688        0.61939455023919        3.85057221629111
B           -1.09021263498821       -4.17581866227255       -0.19954660839150
N           -3.20458458122892        0.04984579963019       -0.71501801934874
B            3.46711535095333        1.26631566462143       -0.27975874189121
N            2.59290089615935        1.63533188347405        2.17211583199375
B            1.47988391567648       -1.54852924282397       -3.27931593407597
N           -2.08614268588026        1.76031751772770        3.00658559431605
B            2.05265315380351        0.71868343894219       -2.97489718695070
N           -2.70536951648537       -1.33251724397371        2.56531372798710
B            0.66528779498538       -0.53255013038162       -4.24994266223505
N           -0.15922259741265       -3.75359543521571       -1.11797780527151
B            0.50277537476529       -2.09843010336723        3.67499383956865
N           -0.57101252592988       -1.19835059627688        4.06781984678126
B           -3.21137871590887       -1.44205018472642        1.24520450347496
N            2.68705284056645       -0.84960971660005        2.85959358670382
B            1.89393095110463        3.34406478933115        0.13162978220672
N            2.88784932266674       -2.32553085488684       -0.55737805695467
121
 energy: -221.903616962659 gnorm: 0.003053949971 xtb: 6.7.1pre (5071a88)
N            7.32903644130615       -1.89490027926077        7.42746894762260
C            6.35651658044961       -1.24370626719406        6.73251030799826
O            6.25667949883327       -1.33680890806958        5.52760908218579
C            5.44166732091679       -0.41902361972688        7.57211436782720
C            5.89464898787808        0.28166026471077        8.68591335744417
C            5.00345533481999        1.04350482433731        9.41847625043296
C            3.66688473033780        1.09516388981192        9.06170532074771
C            3.19626163435471        0.40335547467719        7.95050719210206
C            4.10302365867202       -0.34013124528944        7.20661271597888
C            1.74371884360954        0.42063338078080        7.56194605725902
C            1.15678245239882        1.83916705838924        7.42194900356306
C            0.29309374193598        2.21359516456533        8.62101601762424
C           -0.85927748958615        1.22086311493592        8.78315810847550
N           -0.48332647375595       -0.11989930954162        8.36149690004827
C           -1.36437002681422       -1.12502889435335        8.91364159654261
C           -2.78641887736478       -0.87824258617770        8.49259984359500
C           -3.05579802492150       -0.62169329879573        7.13176047875169
C           -4.32795123957933       -0.37788273113502        6.70103820325554
C           -5.40302373793647       -0.38374225257173        7.61687555088924
N           -6.65070665585222       -0.14456318513712        7.16405805883797
C           -7.63589297043341       -0.14451334826057        8.01582041866311
C           -7.48466973936078       -0.37289593014526        9.39622428739763
C           -6.23009270079074       -0.62190124933470        9.88159561202971
C           -5.13770093749919       -0.63940137173788        8.99061050668446
C           -3.81222839752476       -0.88291628091022        9.39959170302290
C            0.91750153022791       -0.39209985758167        8.57666758686264
H            7.94790569077885       -2.50581631470986        6.92078036677284
H            7.34032840580207       -1.92015241307153        8.43094862626291
H            6.93965913861360        0.26133562485738        8.95989745269391
H            5.35170774129578        1.60073054399533       10.27656118514020
H            2.99081171988257        1.69242955302325        9.65370703851703
H            3.77738564115475       -0.87448438552818        6.32659182761487
H            1.64175657722985       -0.07573787483256        6.59671983754920
H            0.53324684663740        1.86933320778176        6.52903153061764
H            1.96266368850088        2.56490072642642        7.29914499985196
H            0.89780227397709        2.23001675133198        9.52975308480694
H           -0.11521426335944        3.21628310327612        8.48572697138822
H           -1.19485488778689        1.22383954776331        9.83789603132401
H           -1.70733991335023        1.53225444353208        8.16603681446390
H           -1.04545922326957       -2.09934575253510        8.52694846825346
H           -1.30931368718674       -1.16460325645522       10.02047049170345
H           -2.22493403853864       -0.60717444255066        6.44477974543150
H           -4.54064429493694       -0.17408149410145        5.66392688248114
H           -8.61899721801067        0.05021080066119        7.60318130432044
H           -8.34701753782435       -0.34966363298525       10.04490016581896
H           -6.05865280007573       -0.80287848745673       10.93498472688720
H           -3.62135014885064       -1.07232669220420       10.44800387647408
H            1.23603544882212       -0.16428240643209        9.61133394150650
H            1.10039766934459       -1.45662630244617        8.40901027142366
B            3.47542507910498       -1.44957447118493        1.87991266034638
N            3.45797687165261        1.13037604467445        1.18522485909073
B            2.56068834011163        2.37215724499928       -1.01227060719214
N            2.30513606197240       -0.63470629008875       -2.48399736336662
B            0.70299336119587       -3.55439804322424        2.95140125715196
N           -2.92506116777902       -2.64620604201576        1.95879083155701
B           -1.02298602647182        4.08720244996928        2.08320304005913
N           -0.60821688615179        0.02491179874824       -3.69456667976410
B           -0.45973593338392        1.45269135039018       -3.84162358730795
N            1.22089790821965       -3.77789183147512       -1.49164041848232
B           -3.83018598888614        2.21737552134085       -0.24310364708908
N           -2.75830255600340        2.77110762092409       -0.96117343547469
B            1.41749758250121        0.82608982856803       -4.64054341255409
N           -0.22240723443030        3.36686348177319        3.08825768516072
B            0.90940313072159       -2.87172759610856       -2.56605320355771
N           -0.47692892468661        3.77327961018259       -0.75881164096096
B           -0.79493354588509        2.18606646748234        3.53565361421005
N            1.66891166138933       -1.27038673541662        3.75564242901354
B           -0.23335747307667        3.47627937615917       -2.12860985427745
N            1.32324564898185        0.07448120624004        4.07062904978069
B           -1.58565099028687       -0.55255351780346       -2.83636879372569
N           -3.81691351341097        1.78183130548726        1.08143264623248
B            0.35251695347320        4.49979941301409        1.43637208612885
N            0.05356198256122       -0.01091105627225        4.70703622745351
B           -2.69463308768365        2.23039602555250        1.85275570394634
N            3.78397792685188       -0.12692228553997       -0.51898340055214
B           -2.24035951196018       -3.63118123740422        1.25749820208371
N            1.06897571869570        3.73641216658661        2.48838771497940
B           -1.81518271481205       -0.77148406156354        3.47158331688215
N           -2.42448583229326       -3.59357250442568       -0.20153232955440
B            3.03092066208366       -1.06727516214215       -1.25522738988553
N           -3.14395927721259       -1.24415876397834       -0.13361374210597
B            2.04699398721423        2.92439682335855        1.81281809099724
N           -0.49700029134128       -2.89408729641986       -2.18599404901279
B           -1.66224058905954       -2.10552839724954       -2.24331539517667
N            0.60540951024003        3.97047050864076        0.14119914307736
B            1.10622334650663        2.96608267575276       -2.93055555907606
N            0.09003287817925       -4.35225213318862        1.96974963544273
B           -1.76855933896794        3.45776786165591       -0.15697059774291
N           -1.99726931246025        3.42095038410377        1.28308511181935
B            1.47863159913493       -4.20439401969509        1.74728928531484
N           -0.78967264778438        1.06924173884369        4.45396695184399
B           -2.65369458987432       -2.39369313202731       -0.92559919627652
N           -1.06207946459779       -4.47733029852357        1.23959205875906
B           -2.49050100694087        0.49908771602232       -1.85957720834062
N            2.36438404789324       -3.87949784284388        0.70121972367776
B            3.92487987001018       -0.19757493989546        0.97398378109017
N            1.94695858660537        1.96443901627479       -2.21481708498430
B            1.01509746551619        2.26198567900629       -4.37114709282068
N           -4.17212601841552        0.83710228673586       -0.09668258517551
B           -1.32431830504076        2.46146152244623       -2.86434076332033
N           -2.34569095438841        1.94045278660311       -2.05597297476888
B            3.08716547030006       -2.63841433890839        0.84925411513453
N            2.34719821501203       -3.66673972767957       -0.72287794766919
B            2.23486543553530        0.54828023948222        3.05983258502389
N           -2.01823224953577        0.61763072886040        3.85798230437727
B           -1.08966418755657       -4.17623512918810       -0.19263848405534
N           -3.20415829676369        0.04953398174334       -0.70860723632000
B            3.46792251156565        1.26697596517897       -0.26618039495684
N            2.59123796237184        1.63519693068297        2.18477629482636
B            1.48351577878830       -1.54728374605952       -3.26852392565995
N           -2.09054173959163        1.75892298190094        3.01439970597693
B            2.05573614188736        0.71982916367092       -2.96265286332121
N           -2.70987281578962       -1.33433858031732        2.57201252244940
B            0.66975695775538       -0.53111581471397       -4.23960151032300
N           -0.15764075220056       -3.75331465211036       -1.10971524306448
B            0.49817020422766       -2.10005798966301        3.68337869645847
N           -0.57635319795956       -1.20007779628535        4.07560813870087
B           -3.21358331472991       -1.44343043776004        1.25089062066513
N            2.68410286934829       -0.85039874737822        2.87092507217188
B            1.89324494441973        3.34409149511426        0.14447076809407
N            2.88910675221516       -2.32524418396025       -0.54564142917237
121
 energy: -221.903799528455 gnorm: 0.002268958690 xtb: 6.7.1pre (5071a88)
N            7.34609811652254       -1.88296293481076        7.38904383290498
C            6.34559234214318       -1.25975755604222        6.71003424166371
O            6.21589162809494       -1.37844027706172        5.50981024749269
C            5.43990290189820       -0.43036909841444        7.55508538113831
C            5.89861128318109        0.27066723345942        8.66613185008091
C            5.01247150451707        1.03633186138649        9.40102898363642
C            3.67557848051118        1.09377160738120        9.04770054333552
C            3.19907593055675        0.40411086417182        7.93759931282555
C            4.10031661328588       -0.34543707960382        7.19354813952631
C            1.74588672181785        0.43082612336584        7.55074142878969
C            1.16385626272258        1.85308174428567        7.42718837823098
C            0.30128883343700        2.21626951546251        8.62966857843709
C           -0.85532811673147        1.22631742313547        8.77764048974959
N           -0.48222152630114       -0.11164079133251        8.34449922139565
C           -1.36709186608208       -1.11855447988488        8.88834652486253
C           -2.78859601674977       -0.86694944260067        8.46722081806984
C           -3.05741183911410       -0.61193571072837        7.10543937827208
C           -4.32941180074691       -0.37468173132358        6.67191546835983
C           -5.40702414027141       -0.38645783084637        7.58552151978939
N           -6.65602604267243       -0.16102431554229        7.13082167709789
C           -7.64191825458862       -0.16574445589254        7.98184236858858
C           -7.49093985330615       -0.38318467913213        9.36326594769543
C           -6.23485393980509       -0.61817722972695        9.85142288985694
C           -5.14128283108317       -0.63420910778227        8.96143113839999
C           -3.81521236407324       -0.87187375792808        9.37267052380481
C            0.91823640140565       -0.38997298880838        8.55683331434808
H            7.95503812562745       -2.49726462117770        6.87478094154084
H            7.38198534315861       -1.89646802326977        8.39197375530142
H            6.94410246750743        0.24865857387437        8.93786443858790
H            5.36541278712256        1.59246445278188       10.25772862259887
H            3.00359463406584        1.69433523854053        9.64076485318214
H            3.77115962077724       -0.87942795291699        6.31486221014080
H            1.64208695005955       -0.05508967040474        6.58152427076751
H            0.54076775149885        1.89533075374716        6.53492511880607
H            1.97228767698452        2.57709577090092        7.31332437814653
H            0.90446400499696        2.21903529879655        9.53948649587510
H           -0.10372459330973        3.22216333913622        8.50679186178552
H           -1.19515467944564        1.21986817872396        9.83063376807429
H           -1.69942779568532        1.54595958691574        8.15938258405859
H           -1.04980445295384       -2.09052755173636        8.49410399495698
H           -1.31390312966334       -1.16616190508991        9.99507898245368
H           -2.22584191820974       -0.59331673595874        6.41974662556926
H           -4.53970424655801       -0.17400877506138        5.63338215374136
H           -8.62571198980638        0.01354246829528        7.56641792007728
H           -8.35396263406579       -0.35978708833430       10.01177382933074
H           -6.06398035536984       -0.79205462580039       10.90506745692266
H           -3.62444671453093       -1.05778435231787       10.42182521470389
H            1.23797632372416       -0.17378936569948        9.59275091578401
H            1.09718611873386       -1.45278821291535        8.37687623571636
B            3.47345643289454       -1.45010596592199        1.89772455311148
N            3.45740562389523        1.13076047341424        1.20449422155345
B            2.56193255662892        2.37299412846579       -0.99357595858270
N            2.30916786952129       -0.63322154017206       -2.46716053307192
B            0.69839303801549       -3.55664009939956        2.96406042243994
N           -2.92779993735726       -2.64821335931536        1.96594390258066
B           -1.02727508945019        4.08539589329509        2.09705988307011
N           -0.60255382753201        0.02649690693205       -3.68178912464527
B           -0.45422354190916        1.45435929145460       -3.82798694040163
N            1.22375663833279       -3.77674776233069       -1.47805833005387
B           -3.83077162875839        2.21669274994760       -0.23477529607266
N           -2.75772380182500        2.77094487670870       -0.95070801050620
B            1.42443332936626        0.82847412732524       -4.62439230978407
N           -0.22819037875360        3.36438900052794        3.10286788409253
B            0.91374812929161       -2.87032135355147       -2.55249376954405
N           -0.47668315985126        3.77320067830044       -0.74405001501923
B           -0.80196018159357        2.18374322277813        3.54898534687361
N            1.66106176291266       -1.27171745412597        3.76727959066452
B           -0.23089230755205        3.47696093959526       -2.11360586014657
N            1.31461202754762        0.07276511332833        4.08192422946585
B           -1.58127514140550       -0.55159890756154       -2.82544483311084
N           -3.81975637621651        1.78056670687731        1.08957665452807
B            0.34925826275654        4.49860065950768        1.45282831272063
N            0.04518599503870       -0.01352887853517        4.71889979119920
B           -2.69880809014183        2.22898475320109        1.86291551024366
N            3.78502049596354       -0.12613091156372       -0.49975315618425
B           -2.24178050937295       -3.63270920111353        1.26559906131826
N            1.06424590128406        3.73474269478981        2.50551744460791
B           -1.82182647088279       -0.77388956827837        3.48134625503444
N           -2.42356946187715       -3.59409972717836       -0.19372831631153
B            3.03326567118774       -1.06633602129540       -1.23759350094905
N           -3.14405356197876       -1.24490893734171       -0.12565542274128
B            2.04389758948681        2.92377837032405        1.83074182271773
N           -0.49326624546180       -2.89324168085131       -2.17464330826387
B           -1.65855681008321       -2.10489761635739       -2.23339163470280
N            0.60424907734971        3.97008346768030        0.15773101135890
B            1.11007873307678        2.96743204546879       -2.91367549157771
N            0.08749187702344       -4.35425700478411        1.98093994004122
B           -1.76932293678938        3.45729560796993       -0.14454961454852
N           -2.00043235204346        3.41979451822803        1.29506014943349
B            1.47640844873943       -4.20548450040247        1.76085524963290
N           -0.79838727600469        1.06635061180023        4.46681025753238
B           -2.65201199060568       -2.39390377002075       -0.91743085184203
N           -1.06352984138352       -4.47913512870357        1.24894457130835
B           -2.48802352447837        0.49931942653251       -1.84963037388942
N            2.36373589715712       -3.87940966021657        0.71649788506619
B            3.92420720794253       -0.19735827287281        0.99332201471571
N            1.95000573043136        1.96567767089511       -2.19719576431938
B            1.02126749122835        2.26410328439195       -4.35480053373215
N           -4.17269964881441        0.83627505056286       -0.08941576561084
B           -1.32054514652930        2.46238670619824       -2.85158196435526
N           -2.34316022639192        1.94082576174088       -2.04515601337101
B            3.08647924514033       -2.63852304035571        0.86608948217753
N            2.34903384938803       -3.66631631228082       -0.70761355343677
B            2.23038591452101        0.54727715452977        3.07592263334242
N           -2.02591704214670        0.61508718938075        3.86820138131264
B           -1.08876559294796       -4.17675513126285       -0.18305260482085
N           -3.20351225774780        0.04909506857201       -0.70006161783331
B            3.46867021584944        1.26773098240276       -0.24690738275446
N            2.58867334154367        1.63497880135807        2.20271455079306
B            1.48880711056425       -1.54550063393286       -3.25338247525283
N           -2.09663060728526        1.75688991243841        3.02524029793302
B            2.06019581129579        0.72149370116264       -2.94545452278504
N           -2.71586433287290       -1.33688330351236        2.58113701130030
B            0.67634406109433       -0.52903447331458       -4.22516821802982
N           -0.15532877826206       -3.75296790476534       -1.09831235427056
B            0.49162405575518       -2.10233912340089        3.69540719975859
N           -0.58391549629534       -1.20254451392734        4.08698763910535
B           -3.21613322318475       -1.44516095362751        1.25854177249889
N            2.67963520731070       -0.85144033897280        2.88696885593590
B            1.89236848944009        3.34423025110641        0.16255428593195
N            2.89075598358501       -2.32482643417900       -0.52902647931818
121
 energy: -221.903947802816 gnorm: 0.002377812827 xtb: 6.7.1pre (5071a88)
N            7.36199789265080       -1.87157350349203        7.34959154294579
C            6.33456108127853       -1.27599066343707        6.68635953471522
O            6.17811028627755       -1.41750691631437        5.49166718034115
C            5.43751918715375       -0.44169884636224        7.53590570026855
C            5.90226665381943        0.25813663499843        8.64505619041903
C            5.02152488033053        1.02791282662529        9.38257111618731
C            3.68434617671577        1.09200225501829        9.03243380193841
C            3.20169493156330        0.40470662585298        7.92331392687336
C            4.09696453224261       -0.35025157137854        7.17802506194068
C            1.74769621930846        0.44124950892650        7.53984478429492
C            1.17099908532029        1.86721075433497        7.43209542891313
C            0.31019676375296        2.21958918415884        8.63881209417472
C           -0.85152239417703        1.23352879033565        8.77254738082443
N           -0.48151255341710       -0.10194309362784        8.32908317949388
C           -1.36976704993498       -1.11131600319508        8.86310878192297
C           -2.79041166427873       -0.85646646426930        8.44088920292974
C           -3.05875681575476       -0.60440441847874        7.07821897658818
C           -4.33083789147769       -0.37383809281653        6.64181607744929
C           -5.41071901343460       -0.38907996142926        7.55309725726275
N           -6.66050196602695       -0.17541593098459        7.09649676129214
C           -7.64764263580747       -0.18415596871479        7.94656808173727
C           -7.49683205428355       -0.39350371946959        9.32870129048516
C           -6.23940761646563       -0.61741465384272        9.81922753545942
C           -5.14485514005783       -0.63005106952756        8.93067448905947
C           -3.81828168242827       -0.86101399836877        9.34460858915720
C            0.91854858937570       -0.38617811116490        8.53897995776746
H            7.96349425739876       -2.48782171162598        6.82905510601506
H            7.42059245029117       -1.87346942503607        8.35156332546815
H            6.94826096419610        0.23386145906829        8.91470686727142
H            5.37955034363332        1.58256403368694       10.23805374058957
H            3.01632543390300        1.69624009975653        9.62618767167335
H            3.76402660538289       -0.88382452959188        6.30049382729323
H            1.64019013251158       -0.03444722692709        6.56643551152736
H            0.54735761974277        1.92135702321586        6.54085608469032
H            1.98209795712649        2.58925875831331        7.32559902216387
H            0.91253354704030        2.20695416175093        9.54924926675966
H           -0.08967398464477        3.22935696329501        8.52955424212239
H           -1.19652434284004        1.21928410342126        9.82354107607763
H           -1.69094986621673        1.56205487899218        8.15245111137003
H           -1.05315690069520       -2.08039103534451        8.46128539456201
H           -1.31921960909977       -1.16785820493553        9.96953985181757
H           -2.22680685160639       -0.58389893878439        6.39336381311401
H           -4.53853183790142       -0.17751546233780        5.60178513394206
H           -8.63182917932359       -0.01591546365357        7.52830280210811
H           -8.36051712647035       -0.37338078420268        9.97661237573600
H           -6.06896761485343       -0.78568035340105       10.87367033019019
H           -3.62844477257236       -1.04337611733962       10.39461904625200
H            1.23930664240122       -0.17991561420375        9.57619374917885
H            1.09402244425843       -1.44766447710481        8.34921960095979
B            3.47108519387157       -1.45068987003831        1.91638769908826
N            3.45675318710784        1.13114591651588        1.22482328841695
B            2.56296607067380        2.37367845993627       -0.97403125541544
N            2.31348605150912       -0.63165107664406       -2.44956479305779
B            0.69343134829510       -3.55890696125571        2.97725623893293
N           -2.93085083747336       -2.65027136029138        1.97303147015066
B           -1.03180577729593        4.08351193122890        2.11127106933232
N           -0.59639945537683        0.02815225407333       -3.66876100854741
B           -0.44818404141582        1.45611463860424       -3.81400501857418
N            1.22683190363194       -3.77571142521959       -1.46404585287894
B           -3.83119341582732        2.21591569385523       -0.22644417388359
N           -2.75697361942828        2.77076242758467       -0.94015566147688
B            1.43202059449188        0.83097697405582       -4.60764251386809
N           -0.23428028876826        3.36185713348370        3.11790340831923
B            0.91849543031174       -2.86889082981602       -2.53848652825833
N           -0.47628928940796        3.77314277463887       -0.72889881995255
B           -0.80928683265858        2.18138542637785        3.56273089881697
N            1.65283654991384       -1.27315200043423        3.77973606813394
B           -0.22810963518594        3.47773721433092       -2.09819754568501
N            1.30567002523249        0.07089990104720        4.09425734497016
B           -1.57655891307949       -0.55060194152607       -2.81449154387203
N           -3.82256871676458        1.77912059543455        1.09767642953408
B            0.34579019849368        4.49746295273496        1.46982224277566
N            0.03625607806773       -0.01624969181603        4.73141821399751
B           -2.70305208060043        2.22740500646181        1.87314310573717
N            3.78602422535582       -0.12535084634002       -0.47950111276575
B           -2.24339751800888       -3.63430891641505        1.27369740664348
N            1.05921070630305        3.73309032817168        2.52324800102310
B           -1.82864002044821       -0.77642611725092        3.49120464271552
N           -2.42258422675787       -3.59467530363913       -0.18595279006920
B            3.03569144910653       -1.06539934813857       -1.21911944231330
N           -3.14406225814126       -1.24570418103697       -0.11785696289187
B            2.04060920932683        2.92322475079311        1.84943323466281
N           -0.48918366554455       -2.89235140243317       -2.16306242860790
B           -1.65452140353634       -2.10423258014254       -2.22339958128933
N            0.60307921951120        3.96979935947191        0.17482485610094
B            1.11428088982004        2.96898112734180       -2.89634820436229
N            0.08468538587227       -4.35626585276547        1.99259863516681
B           -1.76999941968159        3.45677800146922       -0.13191527121885
N           -2.00362629716952        3.41849985182460        1.30721347084216
B            1.47395123599585       -4.20656871798146        1.77503898727228
N           -0.80754807206610        1.06335906880761        4.47994605775682
B           -2.65016856967408       -2.39417627465467       -0.90935128768843
N           -1.06506486314466       -4.48079544840826        1.25847662080261
B           -2.48527539106881        0.49959184126725       -1.83973822068487
N            2.36290442122156       -3.87937474201008        0.73241873219473
B            3.92337023687620       -0.19717430112761        1.01371954058910
N            1.95317335376211        1.96704324026579       -2.17895468683763
B            1.02801772272506        2.26636980836784       -4.33797366851946
N           -4.17321302292289        0.83535733094467       -0.08242640197822
B           -1.31637096986298        2.46336357510976       -2.83856977203998
N           -2.34036763527357        1.94126289712402       -2.03427006748939
B            3.08553070101121       -2.63865950211468        0.88373352391492
N            2.35091392132956       -3.66588686608107       -0.69166698975899
B            2.22531504406459        0.54624909551423        3.09274661035628
N           -2.03384330278434        0.61238327123658        3.87840602731068
B           -1.08775947798486       -4.17723754930360       -0.17327708838564
N           -3.20276981250376        0.04861918581274       -0.69170816013604
B            3.46902447455716        1.26828501487711       -0.22663842283934
N            2.58574918302947        1.63471125776859        2.22150459209625
B            1.49453853427930       -1.54363469370489       -3.23766011195808
N           -2.10293352052296        1.75476656487893        3.03622230960080
B            2.06496083905566        0.72323478483065       -2.92758365532287
N           -2.72181986978534       -1.33950788714103        2.59014643842332
B            0.68353923912855       -0.52683439565637       -4.21027090139108
N           -0.15286005972054       -3.75266652303560       -1.08669839670994
B            0.48471440162844       -2.10471406249241        3.70805336872208
N           -0.59187429098050       -1.20514908951291        4.09900596678366
B           -3.21841528253912       -1.44682526753596        1.26603142593573
N            2.67464567926274       -0.85250739972687        2.90373860943112
B            1.89145057269186        3.34440870441784        0.18137467872752
N            2.89233446198233       -2.32438566537601       -0.51161774983869
121
 energy: -221.904058129778 gnorm: 0.001978415903 xtb: 6.7.1pre (5071a88)
N            7.37300388421245       -1.86296923186994        7.31372753029421
C            6.32625381159771       -1.28769916664500        6.66408576646983
O            6.14863181031738       -1.44759032363341        5.47488363833882
C            5.43513652559492       -0.45110430355857        7.51755763528675
C            5.90536311940360        0.24675861310540        8.62555236622973
C            5.02963209410745        1.02000007619443        9.36571027402481
C            3.69216511079768        1.09021378086663        9.01853931457715
C            3.20387909753650        0.40510560258383        7.91033759237002
C            4.09359752064778       -0.35425464048564        7.16317762992537
C            1.74909872640742        0.45039594754271        7.53117436037598
C            1.17707754624510        1.87922440813044        7.43601309339295
C            0.31810738856620        2.22302805822144        8.64667245681093
C           -0.84856846384875        1.24129184428720        8.76819122447693
N           -0.48111651320625       -0.09230283146463        8.31744866733576
C           -1.37180207961535       -1.10422292269165        8.84205723253735
C           -2.79152351570929       -0.84845531463195        8.41769033826688
C           -3.05921711381255       -0.60062714618773        7.05419559792674
C           -4.33137727542083       -0.37545395680828        6.61500210579605
C           -5.41299103238933       -0.39161439184528        7.52415923399293
N           -6.66272973301978       -0.18500403354919        7.06563700939685
C           -7.65145077982207       -0.19636427603004        7.91441645534253
C           -7.50155294103880       -0.40280643856246        9.29674710159176
C           -6.24343201695678       -0.61950955228877        9.78942711386937
C           -5.14775630561783       -0.62766306728888        8.90283311292606
C           -3.82098288136895       -0.85244862480707        9.31964635040353
C            0.91846659040141       -0.38104992362967        8.52582093421285
H            7.96950653912028       -2.48068128755123        6.78921638088811
H            7.44850689697679       -1.85545945066092        8.31422130715524
H            6.95170633739485        0.21950373036822        8.89357511517947
H            5.39231758164983        1.57254629990338       10.22058336109457
H            3.02758837217611        1.69752568288727        9.61302141100631
H            3.75709711828924       -0.88659058354060        6.28611984841215
H            1.63684331138469       -0.01763778184829        6.55469660570586
H            0.55234244404700        1.94309338830095        6.54598916092529
H            1.99028328133196        2.59963357867391        7.33454881154955
H            0.92021552555180        2.19603596706602        9.55706501476646
H           -0.07601478350106        3.23632870388777        8.54974331521282
H           -1.19900447592001        1.22193255780348        9.81721268553744
H           -1.68335122191678        1.57759343671662        8.14580235373790
H           -1.05445403755385       -2.07041620163378        8.43419406360425
H           -1.32450156400826       -1.16868269525343        9.94811794194506
H           -2.22694821579670       -0.58034122083507        6.37000710843703
H           -4.53675201534091       -0.18357339178940        5.57369118277504
H           -8.63550691610829       -0.03322134453913        7.49368731296195
H           -8.36602817999174       -0.38783374010365        9.94357780549867
H           -6.07392016299566       -0.78561478287448       10.84462240107490
H           -3.63284056755721       -1.03165559498012       10.37050906730884
H            1.23993131606516       -0.18133885387615        9.56406565784182
H            1.09167166339812       -1.44170855566521        8.33013132198014
B            3.46865109971483       -1.45128098387238        1.93341453463352
N            3.45613421795710        1.13148364324028        1.24350965438367
B            2.56360762132759        2.37405686366940       -0.95625032653072
N            2.31760386626247       -0.63023051034591       -2.43354623397260
B            0.68871383709398       -3.56091671795834        2.98912252036859
N           -2.93396100024057       -2.65214717652465        1.97894439786949
B           -1.03603193219542        4.08190348481862        2.12381967727376
N           -0.59047574617462        0.02960568039815       -3.65729162052862
B           -0.44230453379091        1.45765767294083       -3.80162602797086
N            1.22974926310409       -3.77494592721005       -1.45149773029760
B           -3.83139488368249        2.21517377327026       -0.21944088800984
N           -2.75609984294668        2.77059157839864       -0.93108261769252
B            1.43936379144942        0.83328916049508       -4.59250111531317
N           -0.23997033603178        3.35969254361071        3.13125731838699
B            0.92307129301607       -2.86763841211295       -2.52593328344487
N           -0.47578531067440        3.77314912114805       -0.71547375002383
B           -0.81603338513202        2.17935250278098        3.57488004630837
N            1.64535764590462       -1.27455593897488        3.79139782210145
B           -0.22531616093826        3.47854096612879       -2.08452275742337
N            1.29758644323648        0.06911045297777        4.10594329964287
B           -1.57197487556136       -0.54972773903159       -2.80496398100142
N           -3.82502505109966        1.77776788766917        1.10445344813330
B            0.34255836709307        4.49655118110700        1.48499858528057
N            0.02785301849719       -0.01874009757705        4.74269851525748
B           -2.70688295554215        2.22598725932753        1.88189181776376
N            3.78694334997678       -0.12470625592099       -0.46090231766361
B           -2.24507261281408       -3.63577980896837        1.28056268604469
N            1.05447801485551        3.73167511591587        2.53914249308162
B           -1.83479480235847       -0.77873640477240        3.49953916756676
N           -2.42169483362610       -3.59524372533368       -0.17940144962088
B            3.03794615984650       -1.06460237565087       -1.20224103271096
N           -3.14403154036415       -1.24645865365898       -0.11144067301810
B            2.03749224677794        2.92276702346894        1.86636780829610
N           -0.48525023616752       -2.89157984850649       -2.15290280791848
B           -1.65064769356245       -2.10369810753823       -2.21482701639528
N            0.60205208712768        3.96965341212520        0.19013221977543
B            1.11834982789072        2.97053785621429       -2.88091477515836
N            0.08193971108436       -4.35800978963515        2.00304785750264
B           -1.77050452468714        3.45634373278648       -0.12089164600457
N           -2.00650386849575        3.41736897222868        1.31778082354494
B            1.47154896306434       -4.20755021595820        1.78787294587554
N           -0.81599685472566        1.06065299724450        4.49133161142334
B           -2.64841291766596       -2.39448963976653       -0.90260244337039
N           -1.06652861878612       -4.48205962442814        1.26679525923256
B           -2.48257754494034        0.49986034641235       -1.83133914150566
N            2.36202754731352       -3.87943189353669        0.74684499444612
B            3.92250646175707       -0.19706261912851        1.03247169088986
N            1.95603949153248        1.96829778591723       -2.16254918671195
B            1.03457433421506        2.26851442325820       -4.32294867768204
N           -4.17357556130847        0.83449695463069       -0.07682702333514
B           -1.31220240183701        2.46423232135536       -2.82711987725654
N           -2.33757027391471        1.94167908745785       -2.02488418542551
B            3.08450042818361       -2.63885575675762        0.89983912695305
N            2.35259380478937       -3.66549283622412       -0.67717109175320
B            2.22030548176662        0.54527494971667        3.10800438314026
N           -2.04099204004133        0.60988281197192        3.88692250970394
B           -1.08680761534065       -4.17761793839704       -0.16473742768264
N           -3.20201340498899        0.04817160942677       -0.68479699728106
B            3.46893356937930        1.26854427237553       -0.20804839824458
N            2.58281313245818        1.63439353788171        2.23862191679424
B            1.50004604941481       -1.54194891212298       -3.22345365074453
N           -2.10868040187091        1.75290113408458        3.04566910475494
B            2.06946819377393        0.72478200472366       -2.91146019264238
N           -2.72704453170712       -1.34186543278823        2.59758481443461
B            0.69050337787853       -0.52481709903874       -4.19692781300947
N           -0.15054492298883       -3.75245648489822       -1.07649232884237
B            0.47831093640285       -2.10686440471194        3.71947105279417
N           -0.59923739691498       -1.20754539477018        4.10973307571347
B           -3.22033609759391       -1.44827665745741        1.27216473540319
N            2.66980518560979       -0.85350299474220        2.91899119667906
B            1.89059296260838        3.34457906439696        0.19838909512406
N            2.89365410764111       -2.32398685268406       -0.49571709112700
121
 energy: -221.904161550941 gnorm: 0.001735328216 xtb: 6.7.1pre (5071a88)
N            7.38294202643398       -1.85400930783332        7.26613566209018
C            6.31314637767599       -1.30234177094295        6.63322778792010
O            6.11009752874613       -1.48304670908413        5.45083213533579
C            5.43120299568287       -0.46179016604717        7.49267528536095
C            5.90959696722555        0.23317478224283        8.59919465215564
C            5.04084020332431        1.00985375468069        9.34415175314269
C            3.70252441694873        1.08797131601852        9.00213981302342
C            3.20618458470858        0.40617886640814        7.89533647410644
C            4.08827922163602       -0.35813344507516        7.14432747418610
C            1.75054620398836        0.46193893995691        7.52222893633252
C            1.18437613951433        1.89376637289820        7.44046208403105
C            0.32689026574876        2.22793420050984        8.65535067439406
C           -0.84574464810397        1.25177403523612        8.76210787058705
N           -0.48071974298955       -0.07994036203933        8.30496936454346
C           -1.37375589049749       -1.09498190237922        8.81817235991166
C           -2.79224156944979       -0.84019385617314        8.38947564080603
C           -3.05790052326285       -0.59885977825209        7.02482042379218
C           -4.32979628914332       -0.37914532233085        6.58135863851693
C           -5.41356299908414       -0.39486107026618        7.48757017213739
N           -6.66253119731736       -0.19298416248354        7.02540099025068
C           -7.65401707151417       -0.20697797982120        7.87134803978941
C           -7.50706774329189       -0.41463445395843        9.25382366153243
C           -6.24907860050981       -0.62492913017091        9.75024093525094
C           -5.15088579613425       -0.62639566424341        8.86736072241784
C           -3.82436932921982       -0.84376721199729        9.28872777747439
C            0.91795609111298       -0.37318564962776        8.51260505519961
H            7.97521798333532       -2.47235231801822        6.73753661578216
H            7.47966666720696       -1.83374691418668        8.26500396475468
H            6.95663208722280        0.20130145679152        8.86398080045050
H            5.41016316019850        1.55927731435093       10.19827164996654
H            3.04306587028076        1.69904491291886        9.59851037690695
H            3.74597043022081       -0.88866686390508        6.26822634436371
H            1.63193079328511        0.00152052444738        6.54287771558014
H            0.55879065960448        1.96849738738091        6.55157876281967
H            1.99983204416248        2.61260775632179        7.34476820132913
H            0.92850884165347        2.18350468042293        9.56537245921509
H           -0.05970099597644        3.24512222849652        8.57280421803982
H           -1.20404167328923        1.22784676236687        9.80849811601312
H           -1.67430383836867        1.59689508987446        8.13598387747449
H           -1.05381354073579       -2.05776404807939        8.40464869450969
H           -1.33157037393083       -1.16776776251699        9.92381252628180
H           -2.22455713038203       -0.58049806272077        6.34222030337693
H           -4.53248828594856       -0.19288377733175        5.53862085625706
H           -8.63732628348664       -0.04496191208660        7.44747204915291
H           -8.37328613130126       -0.40721633642872        9.89814746897546
H           -6.08200824969004       -0.79140001842409       10.80627386422243
H           -3.63941992689952       -1.01910823637630       10.34075437785809
H            1.23979559443701       -0.17949541633621        9.55223873421374
H            1.08945954667679       -1.43319392932223        8.31184944109719
B            3.46528291941451       -1.45217784747517        1.95576015428201
N            3.45540462102730        1.13191919324451        1.26815735143713
B            2.56427950836429        2.37425606316229       -0.93298938082813
N            2.32347423645753       -0.62843051335434       -2.41261571871037
B            0.68225383363080       -3.56354385605055        3.00422907946220
N           -2.93865124440401       -2.65470507124887        1.98575792986840
B           -1.04176469099914        4.08012182563756        2.13958324248249
N           -0.58202643751294        0.03149979717729       -3.64283833874770
B           -0.43385944646623        1.45965554836971       -3.78597384360258
N            1.23383214089738       -3.77412420365033       -1.43536325710442
B           -3.83144727935432        2.21422588061780       -0.21135901789628
N           -2.75461227430617        2.77039232500078       -0.92008964277358
B            1.44980347439889        0.83621945933363       -4.57282949847488
N           -0.24778705740436        3.35717826531998        3.14818448050907
B            0.92952699798867       -2.86605526745822       -2.50982037822548
N           -0.47490202466892        3.77326475706719       -0.69850089714952
B           -0.82514851774698        2.17687384170607        3.59001821550146
N            1.63560074835002       -1.27659867171338        3.80703932137328
B           -0.22122775250711        3.47967187704270       -2.06717416835171
N            1.28696787918689        0.06663311425209        4.12155443390219
B           -1.56547471928265       -0.54857293477804       -2.79328327060258
N           -3.82822795808387        1.77614019216445        1.11226445362881
B            0.33825431938612        4.49547884964772        1.50436001007906
N            0.01636291322476       -0.02207283036134        4.75688618817317
B           -2.71203595975066        2.22440906024109        1.89237619775506
N            3.78841904357183       -0.12396330601773       -0.43636090798486
B           -2.24757679221412       -3.63773112841706        1.28866917985722
N            1.04802551350240        3.72990931941909        2.55954812318200
B           -1.84299753751175       -0.78171639214618        3.50917060208877
N           -2.42056797667226       -3.59605955658993       -0.17174470275527
B            3.04117213833285       -1.06361424315302       -1.18006604482550
N           -3.14402224401175       -1.24752163398727       -0.10413448817624
B            2.03318078706054        2.92211147712293        1.88838995719443
N           -0.47968167004928       -2.89056034059609       -2.14016892118825
B           -1.64514298837969       -2.10295966560850       -2.20432976341192
N            0.60077766181153        3.96953106109679        0.20974300233696
B            1.12415191035768        2.97261207569140       -2.86111782788201
N            0.07809906698728       -4.36021054866236        2.01622477252364
B           -1.77103493566260        3.45595986067980       -0.10724520591796
N           -2.01039865945886        3.41622652538961        1.33079845423129
B            1.46820794459516       -4.20893188240955        1.80437316560252
N           -0.82730341400460        1.05709927210370        4.50506620564390
B           -2.64601499844944       -2.39497720769105       -0.89476458671781
N           -1.06858618609877       -4.48343333713022        1.27700737234325
B           -2.47856654414534        0.50019894193704       -1.82114608299663
N            2.36089099646815       -3.87964910898663        0.76559885309653
B            3.92135665459367       -0.19701112692723        1.05721467489113
N            1.95992193971342        1.96983574848149       -2.14124062897598
B            1.04401935223995        2.27128523523032       -4.30367776150288
N           -4.17383041727696        0.83340020240517       -0.07066732962377
B           -1.30614472178449        2.46537508670018       -2.81278880199375
N           -2.33333960809964        1.94219301675989       -2.01334649586329
B            3.08317669330008       -2.63927050830165        0.92095114747358
N            2.35485696374028       -3.66493273704991       -0.65827280517546
B            2.21334128634681        0.54382458046670        3.12780462691484
N           -2.05039628659968        0.60658351366147        3.89667630854533
B           -1.08554630773976       -4.17804995594875       -0.15424102781309
N           -3.20080721113090        0.04757086095278       -0.67672580654626
B            3.46856712493856        1.26863212230245       -0.18351852732128
N            2.57865692575042        1.63383722077470        2.26099956615489
B            1.50789113956517       -1.53979740838084       -3.20503154450718
N           -2.11637890361249        1.75065347434189        3.05703500586255
B            2.07578421819782        0.72669206148288       -2.89051053091418
N           -2.73394507970123       -1.34493318395187        2.60602496737043
B            0.70037938137807       -0.52225959469030       -4.17978050591154
N           -0.14734345463566       -3.75222043772590       -1.06367965984478
B            0.46970891975735       -2.10967190548349        3.73395606676975
N           -0.60913562302992       -1.21069383374186        4.12280852886732
B           -3.22318882818018       -1.45030105511375        1.27907663491055
N            2.66320841162706       -0.85493610061156        2.93893727968291
B            1.88944896344840        3.34472383813322        0.22048545280218
N            2.89540025081918       -2.32346899258997       -0.47484143937827
121
 energy: -221.904217612990 gnorm: 0.003204320802 xtb: 6.7.1pre (5071a88)
N            7.38149110924622       -1.85314872157701        7.23659737223230
C            6.30590169112870       -1.30640848037263        6.61288417283437
O            6.09311574805403       -1.49267370250105        5.43456093878532
C            5.42871378425590       -0.46568985240737        7.47701134889040
C            5.91221707740591        0.22636927440526        8.58322857130452
C            5.04799657017565        1.00425240372744        9.33192726684179
C            3.70880507753399        1.08672392280801        8.99426104623825
C            3.20722573082991        0.40760642973977        7.88830797981173
C            4.08487020713533       -0.35822216050881        7.13347171674761
C            1.75093608035707        0.46790609719743        7.51958250006006
C            1.18753603231413        1.90081158518222        7.44245433493142
C            0.32985512762165        2.23139454193270        8.65835486200412
C           -0.84532111331077        1.25784998445242        8.75820088178515
N           -0.48021822214531       -0.07362890108402        8.30122063668192
C           -1.37402511934638       -1.08998059097800        8.80959686284808
C           -2.79167656017247       -0.83789977902590        8.37628593686397
C           -3.05412784028898       -0.60086340125376        7.01056942483861
C           -4.32501315240961       -0.38251442943910        6.56319649207068
C           -5.41075835655168       -0.39651262000481        7.46681208550338
N           -6.65828571990664       -0.19216957372247        7.00113719526333
C           -7.65225435310395       -0.20683540463357        7.84398040532446
C           -7.50977190331638       -0.42076116056381        9.22625463888283
C           -6.25339596993840       -0.63153447905719        9.72618973405945
C           -5.15209093182023       -0.62826826870180        8.84713168646507
C           -3.82642593646651       -0.84208148557916        9.27271945710145
C            0.91797182439920       -0.36740322395940        8.50973633581873
H            7.97229932972114       -2.47148150561549        6.70621280516428
H            7.48593205105372       -1.82872227698682        8.23353162072850
H            6.96006726489982        0.19240298607247        8.84436305656582
H            5.42164482439801        1.55142496924303       10.18560336917651
H            3.05284697359415        1.69881942862971        9.59343457146322
H            3.73817091693081       -0.88710558790758        6.25809159508060
H            1.62867502775056        0.00947384391252        6.53989013040376
H            0.56237117940882        1.97986477484796        6.55365972276604
H            2.00402278027332        2.61891208316445        7.34955507357952
H            0.93066703049110        2.17944986354265        9.56813617439721
H           -0.05330295626368        3.24991024011496        8.58159446152464
H           -1.20893777846045        1.23371305959931        9.80283251471142
H           -1.67000695640563        1.60578844461499        8.12857487887011
H           -1.05101102631159       -2.05148977584428        8.39567661020422
H           -1.33586346203902       -1.16455181028929        9.91516986464436
H           -2.21907565153544       -0.58478898605335        6.33020516494512
H           -4.52550428101684       -0.19884839830083        5.51966200992544
H           -8.63415957650561       -0.04022099307012        7.41803005917593
H           -8.37819101962203       -0.41805509245082        9.86752541298502
H           -6.08967235885457       -0.80181714110525       10.78230290594478
H           -3.64447449526270       -1.01557873327165       10.32552318773731
H            1.23953408871346       -0.17407959459670        9.54967365407148
H            1.08985672334115       -1.42733629324597        8.30900933518075
B            3.46296353957300       -1.45289881380831        1.96930802675460
N            3.45490891190472        1.13211503406949        1.28313954738073
B            2.56459496055162        2.37405062651591       -0.91909241972236
N            2.32755195879575       -0.62748008775867       -2.40010920156589
B            0.67796553613849       -3.56514759394744        3.01271280425861
N           -2.94229830141977       -2.65636665896778        1.98860326612874
B           -1.04551979373842        4.07945889229850        2.14814773754242
N           -0.57607481009404        0.03256954221779       -3.63482567079444
B           -0.42790360322545        1.46077598674888       -3.77724468739633
N            1.23660515110112       -3.77386755779183       -1.42602687320126
B           -3.83129914758774        2.21372770386259       -0.20796541695105
N           -2.75335029739906        2.77032653160768       -0.91467719439931
B            1.45708294995451        0.83785372651976       -4.56127178136660
N           -0.25304002403498        3.35607885454154        3.15763047933647
B            0.93397545313743       -2.86524316051212       -2.50055124974102
N           -0.47412336908553        3.77343869541635       -0.68911520373966
B           -0.83107942432395        2.17558685758934        3.59804772987173
N            1.62971505809095       -1.27809219111882        3.81694499453822
B           -0.21825861855509        3.48041881655881       -2.05750002665892
N            1.28043087462534        0.06496415683817        4.13128702250201
B           -1.56080384084549       -0.54792590932569       -2.78704838733605
N           -3.83024230580348        1.77540067277204        1.11553843382152
B            0.33554607887137        4.49494357101526        1.51529844490990
N            0.00876775504335       -0.02416019534664        4.76461378582991
B           -2.71540067220396        2.22384052391582        1.89739596332553
N            3.78960169639534       -0.12367372907360       -0.42140557511208
B           -2.24949047456287       -3.63888155432078        1.29234717903507
N            1.04375876662316        3.72893235144951        2.57126438620466
B           -1.84825046124509       -0.78346175735967        3.51333152198405
N           -2.41997219203549       -3.59662958660118       -0.16837901685242
B            3.04340851966571       -1.06311924943214       -1.16665626221657
N           -3.14411374541584       -1.24823340298633       -0.10118135532232
B            2.03021284301097        2.92157903490252        1.90139128597974
N           -0.47583208122977       -2.89004093181850       -2.13329176877804
B           -1.64134291998749       -2.10263785702763       -2.19908363110715
N            0.60006798583256        3.96947739930682        0.22093587837330
B            1.12824563835716        2.97382781518841       -2.84970958204456
N            0.07540633111675       -4.36144615524589        2.02344582478216
B           -1.77123113960172        3.45593833698964       -0.10009441409891
N           -2.01297456498838        3.41598369739374        1.33752699654928
B            1.46588719099134       -4.20993652774328        1.81385765932886
N           -0.83448518752340        1.05494298317852        4.51177813045683
B           -2.64440708891789       -2.39531335862312       -0.89134426586463
N           -1.07009318320367       -4.48396872041650        1.28226317432655
B           -2.47566401431187        0.50040281697930       -1.81611443018675
N            2.36019032013333       -3.88000369655249        0.77669029914581
B            3.92050257581696       -0.19713823571314        1.07229022654744
N            1.96250079996477        1.97058460673302       -2.12868350370197
B            1.05066730871910        2.27285766659994       -4.29257228359006
N           -4.17377118151405        0.83281583419640       -0.06846160077083
B           -1.30178609158047        2.46605368485618       -2.80506179948264
N           -2.33016525688654        1.94248181713067       -2.00743981645838
B            3.08234509484464       -2.63973980411215        0.93369213810806
N            2.35630140698945       -3.66460995890522       -0.64704247193427
B            2.20861536664544        0.54269859480082        3.13952092696369
N           -2.05623347402138        0.60458296911493        3.90078052652556
B           -1.08481991291763       -4.17825911382144       -0.14883751117212
N           -3.19986462345633        0.04721900973989       -0.67314759236452
B            3.46814136468790        1.26841747220379       -0.16859824160574
N            2.57565860977235        1.63328456686192        2.27436973385767
B            1.51335102024136       -1.53863737134903       -3.19419651053339
N           -2.12134779881574        1.74953113561029        3.06255760744494
B            2.08012067909321        0.72765257938525       -2.87812485476407
N           -2.73831336125060       -1.34674929118751        2.60941900622068
B            0.70727312011886       -0.52085178620224       -4.16989197238790
N           -0.14521214806150       -3.75211769986204       -1.05664846980000
B            0.46417679408838       -2.11136441275640        3.74203728445035
N           -0.61549308604448       -1.21259181801844        4.12928544240105
B           -3.22551191588246       -1.45169820129507        1.28176860869344
N            2.65887635830044       -0.85597966456457        2.95095910380164
B            1.88872906881608        3.34467641991743        0.23349501248753
N            2.89646351377694       -2.32321044056146       -0.46222521024649
121
 energy: -221.904271193072 gnorm: 0.001815712645 xtb: 6.7.1pre (5071a88)
N            7.38016651144287       -1.85239402846800        7.21142975279827
C            6.29684068515133       -1.31065906269309        6.59523680227940
O            6.07030351547604       -1.50495564130279        5.41911598833602
C            5.42622934708980       -0.46807549645343        7.46451831628583
C            5.91509555293107        0.22324671841969        8.56908317043415
C            5.05467963895816        1.00103885361945        9.32201271940370
C            3.71412572764098        1.08601568271865        8.98967151544865
C            3.20761308754344        0.40893837449537        7.88491806968716
C            4.08128420041260       -0.35841961021160        7.12679737403038
C            1.75094289580860        0.47231842173843        7.51893863269969
C            1.18955875141000        1.90596943486829        7.44406760277448
C            0.33033017774377        2.23423958528704        8.65957235123466
C           -0.84599692695291        1.26171599222586        8.75448925640962
N           -0.48000020333268       -0.06997294512384        8.29910875461594
C           -1.37406614179870       -1.08677252795828        8.80560842200049
C           -2.79096930651427       -0.83721312194667        8.36790300262668
C           -3.04947167324039       -0.60245351775087        7.00128083862262
C           -4.31908891784900       -0.38429219960762        6.55001392827779
C           -5.40697072270007       -0.39755011278309        7.45090890380236
N           -6.65308092140441       -0.19008735998265        6.98132763059228
C           -7.64955119163994       -0.20529974383497        7.82076533576192
C           -7.51194132971755       -0.42483688013550        9.20310952432362
C           -6.25746192562759       -0.63653914232487        9.70697565817231
C           -5.15285639447896       -0.63035027074294        8.83171906530145
C           -3.82832644101340       -0.84243350226667        9.26145347726352
C            0.91782938678769       -0.36330050690288        8.50883482002620
H            7.96727812861817       -2.47245274310621        6.67848997736991
H            7.49544271946118       -1.82160206621043        8.20787065359076
H            6.96387906338623        0.18764322602479        8.82616720480183
H            5.43224633553526        1.54646094510662       10.17510850851372
H            3.06161417740053        1.69868268259736        9.59210706730560
H            3.73018617352729       -0.88590003719309        6.25234534145135
H            1.62662236881286        0.01471688206945        6.53922281921639
H            0.56602163126005        1.98804031795632        6.55437819953719
H            2.00688950702218        2.62364662893044        7.35437025847764
H            0.92989682101215        2.17832714126088        9.56969023861259
H           -0.05133083727147        3.25323692018987        8.58546025423452
H           -1.21386506889630        1.23792433646025        9.79775069778497
H           -1.66785288561017        1.61050643688869        8.12167360793785
H           -1.04845958699182       -2.04811401949775        8.39333051474962
H           -1.33913241450641       -1.16049188165766        9.91131587478501
H           -2.21217245972637       -0.58763049221101        6.32378331326606
H           -4.51748909291149       -0.20131621098788        5.50602397192659
H           -8.63028341375684       -0.03549663363504        7.39258609151403
H           -8.38281499517927       -0.42481807193253        9.84103023016258
H           -6.09721879565132       -0.81001661127375       10.76315466682231
H           -3.64929645054206       -1.01524422235981       10.31482708613903
H            1.23895457322871       -0.17000446417389        9.54910743127449
H            1.09054733275895       -1.42319965815062        8.30806907850387
B            3.46111590689365       -1.45357231816371        1.98034201614310
N            3.45455510130122        1.13222385028507        1.29529681456193
B            2.56513286050893        2.37381379747491       -0.90787385215502
N            2.33131110784657       -0.62678159874083       -2.39004051736934
B            0.67435704964416       -3.56648115039956        3.01919450727177
N           -2.94556713278032       -2.65778690934536        1.99027805856125
B           -1.04865122960892        4.07914476680998        2.15464441054147
N           -0.57070367642607        0.03346268762680       -3.62870203581493
B           -0.42247367323772        1.46170065905090       -3.77051394641713
N            1.23912453235884       -3.77367051906306       -1.41862068971342
B           -3.83105249153869        2.21342632707080       -0.20601728001300
N           -2.75204968431617        2.77033654533764       -0.91090179066015
B            1.46365712581354        0.83915318998146       -4.55203314490237
N           -0.25756719103360        3.35538094352189        3.16495192006919
B            0.93796419767562       -2.86460943047813       -2.49325437315848
N           -0.47328812018064        3.77363350261663       -0.68189228861581
B           -0.83615352734288        2.17461767802434        3.60398933057828
N            1.62492783405913       -1.27943372184286        3.82509427073553
B           -0.21549689920229        3.48103945303992       -2.05000727182091
N            1.27498808181403        0.06355249459956        4.13908320543400
B           -1.55660459925471       -0.54736488924307       -2.78251342017194
N           -3.83192183182263        1.77501247213501        1.11743855410878
B            0.33339460955453        4.49448773094497        1.52383889340061
N            0.00229410069152       -0.02590365976610        4.77032353726422
B           -2.71827757556656        2.22364014563708        1.90083085712962
N            3.79089525942331       -0.12349931663328       -0.40921954171099
B           -2.25112568144347       -3.63977296760073        1.29471669095147
N            1.04017264246474        3.72811383978218        2.58052144081317
B           -1.85278209639116       -0.78483313725291        3.51591892568346
N           -2.41944801011108       -3.59709474792706       -0.16627792852091
B            3.04556240212860       -1.06274669827694       -1.15576910914123
N           -3.14414433922281       -1.24881741537292       -0.09945265538623
B            2.02767982993343        2.92099406364245        1.91181722165393
N           -0.47234922647180       -2.88958010561195       -2.12805524329508
B           -1.63786657376057       -2.10228007708729       -2.19524713811559
N            0.59961659087910        3.96936083180350        0.22972835879106
B            1.13203069846128        2.97473480356277       -2.84058057345223
N            0.07313298461980       -4.36242135432875        2.02882806028752
B           -1.77126447237038        3.45606851700734       -0.09480617237936
N           -2.01517023999363        3.41607035150859        1.34245615334900
B            1.46394771869370       -4.21086501005758        1.82124082144447
N           -0.84051711109776        1.05318034033464        4.51646060287057
B           -2.64295359682911       -2.39555557802866       -0.88919436349246
N           -1.07139824514271       -4.48435764700308        1.28603983637535
B           -2.47284976348244        0.50058427097606       -1.81248167059904
N            2.35978019280533       -3.88037878141799        0.78557611228634
B            3.91986593863414       -0.19732503602041        1.08455809712745
N            1.96496590490036        1.97107072533627       -2.11856989715008
B            1.05673453691515        2.27411147277889       -4.28372451805197
N           -4.17351207031437        0.83244077455725       -0.06738133424552
B           -1.29778724992963        2.46664844723272       -2.79927182908808
N           -2.32712852025411        1.94271142725734       -2.00315396710817
B            3.08185578070073       -2.64022520261484        0.94401197151775
N            2.35766729545035       -3.66434159026635       -0.63804186898256
B            2.20471502694960        0.54161502524963        3.14892743752143
N           -2.06115710561044        0.60298335571854        3.90333609468214
B           -1.08419006299954       -4.17841721350265       -0.14495626460850
N           -3.19882066560440        0.04698128730485       -0.67078872221623
B            3.46806111878891        1.26822822801130       -0.15643950012575
N            2.57312718149607        1.63272346026159        2.28515424754962
B            1.51827994710862       -1.53773650572350       -3.18555070418497
N           -2.12559499607282        1.74874265128327        3.06639904546748
B            2.08412229061084        0.72834999418626       -2.86817739304116
N           -2.74213693115163       -1.34820498134650        2.61140607582559
B            0.71346902189451       -0.51971972152766       -4.16207637029318
N           -0.14326598491702       -3.75198849210823       -1.05124488469569
B            0.45950738165994       -2.11273926526413        3.74814144069554
N           -0.62087217452703       -1.21412410898088        4.13362337445385
B           -3.22788031797292       -1.45299145753702        1.28326116736110
N            2.65535451143712       -0.85695885707974        2.96074376603688
B            1.88822987090718        3.34450814800019        0.24391738599394
N            2.89754621984782       -2.32302859233821       -0.45199444499349
121
 energy: -221.904371227622 gnorm: 0.002729974882 xtb: 6.7.1pre (5071a88)
N            7.37092836344006       -1.85597921914534        7.15885953920075
C            6.27541650901553       -1.31821539317925        6.55704326501576
O            6.03051887218330       -1.51511302800392        5.38517550475840
C            5.42008552813945       -0.47053329480096        7.43706234584414
C            5.92096797146604        0.21824854692513        8.53842711528763
C            5.06885219481921        0.99509893920686        9.30153350783507
C            3.72488557694113        1.08446065127342        8.98206235223720
C            3.20750068732949        0.41229764284426        7.87969994125210
C            4.07279370717839       -0.35596383792259        7.11250136771366
C            1.74952976536136        0.47985711849708        7.52080044670553
C            1.19195048147976        1.91500408052316        7.44716809410956
C            0.32789095989136        2.24049937777529        8.66008042980718
C           -0.84943563755232        1.26838349068102        8.74725475231234
N           -0.47968085003746       -0.06508880745090        8.29982589700996
C           -1.37350715038512       -1.08181960973658        8.80633509980432
C           -2.78830292897341       -0.83922308647196        8.35696487771803
C           -3.03550157613597       -0.60698655135393        6.98813336880710
C           -4.30130737818246       -0.38730074383030        6.52658108299017
C           -5.39543892552464       -0.39841921929081        7.41967462913503
N           -6.63734704811419       -0.18127562989345        6.94005457318430
C           -7.64065522800982       -0.19766767808838        7.77042466991356
C           -7.51617238715622       -0.43087682790103        9.15284462407166
C           -6.26706635159443       -0.64856131974639        9.66676703235859
C           -5.15399727865494       -0.63698960752260        8.80144873788380
C           -3.83297282757904       -0.84783531709627        9.24219895421447
C            0.91797435167873       -0.35481208130430        8.51287123305665
H            7.95239341160364       -2.47617769490546        6.61995956064952
H            7.50480997959356       -1.81691043110624        8.15369076339319
H            6.97220540299302        0.18011334807976        8.78539841883177
H            5.45531453474791        1.53726817746615       10.15285261433669
H            3.07992207326799        1.69735158130282        9.59276300774370
H            3.71165698185288       -0.88067708615353        6.24047841206646
H            1.62053167844285        0.02197563777157        6.54182906398307
H            0.57319864053881        2.00160362088547        6.55441684366803
H            2.01117386339925        2.63154604963270        7.36412120207388
H            0.92433399468038        2.18084571954500        9.57192931741642
H           -0.05279801700306        3.25983776690154        8.58743933833401
H           -1.22658949313950        1.24811675513616        9.78740862711390
H           -1.66550272370256        1.61553885435927        8.10596651026934
H           -1.04179551697331       -2.04446309481636        8.40186200846068
H           -1.34600586565013       -1.14900632884868        9.91269857598433
H           -2.19197734901729       -0.59443837921449        6.31852692646421
H           -4.49302779056929       -0.20394490863517        5.48146188921484
H           -8.61724757851014       -0.01604229015051        7.33677261816020
H           -8.39351007352018       -0.43515724517461        9.78188139552914
H           -6.11623911598455       -0.83127863639723       10.72292900493602
H           -3.66193570264067       -1.02104680192204       10.29681136299966
H            1.23798624111295       -0.15818608820768        9.55306187068903
H            1.09370901317449       -1.41493214174101        8.31495024049936
B            3.45674319746705       -1.45520882960711        2.00330093758277
N            3.45341726967759        1.13217281281484        1.32046968199099
B            2.56664771430890        2.37306033934617       -0.88496070982080
N            2.33994039096126       -0.62556580689619       -2.36953287530514
B            0.66635365459931       -3.56919290599578        3.03169732952480
N           -2.95315594639696       -2.66076300846129        1.99200322146941
B           -1.05546587390849        4.07882855903902        2.16671602554050
N           -0.55835284196657        0.03529465985419       -3.61723528774655
B           -0.40992178730975        1.46358851960499       -3.75778116697462
N            1.24482529884631       -3.77345573396219       -1.40391561480055
B           -3.83023350278302        2.21292349819462       -0.20411966411070
N           -2.74881726790768        2.77043544008320       -0.90490040540906
B            1.47884334238475        0.84163907400095       -4.53354310581149
N           -0.26764184793060        3.35432257556313        3.17905904854142
B            0.94704127243943       -2.86348116534384       -2.47890531392810
N           -0.47111132462630        3.77404823925292       -0.66819435413199
B           -0.84727766533245        2.17275470202076        3.61479354459012
N            1.61483018460167       -1.28250490502793        3.84258112339113
B           -0.20896040315361        3.48228193452945       -2.03567319827156
N            1.26337885363912        0.06043102247253        4.15565655114195
B           -1.54699159136767       -0.54616428520260       -2.77467482430278
N           -3.83545528807409        1.77445783218699        1.11928765621848
B            0.32885083369435        4.49354832943894        1.54044483173031
N           -0.01201820087118       -0.02954014739134        4.78120435298998
B           -2.72448848611873        2.22349611270450        1.90613818233441
N            3.79390820334861       -0.12337288159619       -0.38389157628814
B           -2.25485377468616       -3.64144438281757        1.29791091689607
N            1.03226632102714        3.72643573323319        2.59884072599057
B           -1.86275955640231       -0.78763550804102        3.51952030466947
N           -2.41836402212224       -3.59808034251749       -0.16365785055726
B            3.05048816317195       -1.06216331961733       -1.13333324862389
N           -3.14411172683556       -1.25003071434250       -0.09780968959957
B            2.02195948643530        2.91949128749249        1.93294493618776
N           -0.46437624289986       -2.88858452085156       -2.11827339064301
B           -1.62982854588877       -2.10139015435122       -2.18863717918882
N            0.59887618104671        3.96899802997518        0.24697305395976
B            1.14090056741775        2.97642629050672       -2.82242070840951
N            0.06793372459297       -4.36427001180778        2.03891924982229
B           -1.77105572600796        3.45647722875228       -0.08542167520771
N           -2.01987500145085        3.41655430736338        1.35104686868545
B            1.45951904700752       -4.21296566792903        1.83582066733691
N           -0.85357963179647        1.04957370397041        4.52435288139435
B           -2.63964000113980       -2.39601174129933       -0.88651076562513
N           -1.07444729536593       -4.48492396929024        1.29259565005234
B           -2.46617754712033        0.50097904157703       -1.80656922200619
N            2.35890837834585       -3.88145635611657        0.80358295138378
B            3.91816577715901       -0.19801010589594        1.11007549403883
N            1.97082122296829        1.97183885939914       -2.09812146105274
B            1.07081909870859        2.27653052862983       -4.26616488277408
N           -4.17262489687201        0.83178871182318       -0.06725920828848
B           -1.28848125889753        2.46787307073201       -2.78875227998424
N           -2.31996667988197        1.94318630715219       -1.99591999092042
B            3.08069251014241       -2.64147303999813        0.96531305725845
N            2.36073497173754       -3.66391475473627       -0.61977768739240
B            2.19592212342715        0.53902841456875        3.16824237584575
N           -2.07182407504415        0.59970026418480        3.90676564127071
B           -1.08286136179692       -4.17870572971406       -0.13824676307044
N           -3.19617007259663        0.04655506398729       -0.66770811538293
B            3.46801115989393        1.26759067238853       -0.13124122815868
N            2.56715049223576        1.63121186009637        2.30725735735951
B            1.52953551339778       -1.53606270926605       -3.16824294486957
N           -2.13492551006890        1.74724920397018        3.07266899632921
B            2.09341243232825        0.72955607549285       -2.84801479857862
N           -2.75037723210809       -1.35110082433872        2.61344002046087
B            0.72767488688572       -0.51749435793209       -4.14668585607356
N           -0.13887065299375       -3.75168744171835       -1.04101747696732
B            0.44925308092770       -2.11557284138832        3.75999559505909
N           -0.63263881263877       -1.21729288597275        4.14091733008696
B           -3.23339886872713       -1.45577253925618        1.28439876784472
N            2.64750834083468       -0.85923632653599        2.98110128120727
B            1.88729868607173        3.34388690390787        0.26497039399948
N            2.89995214963275       -2.32279427390869       -0.43090749891937
121
 energy: -221.904452083003 gnorm: 0.002901221784 xtb: 6.7.1pre (5071a88)
N            7.35997348892692       -1.86128962035968        7.12106095162029
C            6.26430325917311       -1.31652002769608        6.52847924618101
O            6.00741423849397       -1.51364343467457        5.35882047156815
C            5.41666407075146       -0.46966065151526        7.41643357165769
C            5.92518892611609        0.21677720014835        8.51572673546727
C            5.07851313806020        0.99222292159168        9.28616015402647
C            3.73219661557811        1.08319944356007        8.97632598430057
C            3.20743945420923        0.41409740150020        7.87582026987295
C            4.06732651386374       -0.35348985492936        7.10169987159927
C            1.74784655343212        0.48344462701886        7.52376919955076
C            1.19250364714086        1.91973014437242        7.44993380351162
C            0.32426716684207        2.24466547109742        8.65988788180496
C           -0.85292566342225        1.27194167649851        8.74314751920591
N           -0.47947638793123       -0.06354979864605        8.30402053194877
C           -1.37301781185124       -1.07944760524650        8.81287834672569
C           -2.78577103071004       -0.84235468965951        8.35359946918144
C           -3.02294804493810       -0.61002000564814        6.98301025214675
C           -4.28515027881436       -0.38848869225651        6.51243572440881
C           -5.38537456330037       -0.39857564978914        7.39799779505073
N           -6.62312122106276       -0.17322569588645        6.91034076222802
C           -7.63220341076406       -0.18935367663301        7.73329632331722
C           -7.51911886257326       -0.43292896333328        9.11526568203689
C           -6.27475920048958       -0.65732912152181        9.63739229550306
C           -5.15483447294887       -0.64286592418668        8.78058737548050
C           -3.83709977084104       -0.85434386474846        9.23096514110420
C            0.91864011872188       -0.34906258560047        8.51935272696614
H            7.93418466903950       -2.48440723449837        6.57762851237945
H            7.50231295568734       -1.82049231790560        8.11367495142943
H            6.97816322876887        0.17807762886136        8.75519255922286
H            5.47107703136150        1.53233048769050       10.13599423500945
H            3.09191882744099        1.69474670618521        9.59345448892377
H            3.69951661382452       -0.87613889955067        6.23128307907194
H            1.61429167217831        0.02427518864328        6.54602126663267
H            0.57772890821794        2.00886708005423        6.55462195235771
H            2.01310472706573        2.63518588543275        7.37151852932868
H            0.91818073491874        2.18552106324462        9.57361338541141
H           -0.05723357717861        3.26382743115140        8.58594396915910
H           -1.23707179701273        1.25590942963894        9.78073826852713
H           -1.66474842741095        1.61591898732329        8.09458148341497
H           -1.03675072830826       -2.04404943860710        8.41662595251607
H           -1.35141050763353       -1.13924034425398        9.91990004537133
H           -2.17409934826814       -0.59801234772346        6.32027320229820
H           -4.46956801839518       -0.20332764229595        5.46624240288542
H           -8.60508706672744       -0.00024835546228        7.29419638283639
H           -8.40172335066601       -0.43907188575743        9.73697435156054
H           -6.13213742753191       -0.84711330226265       10.69349275773228
H           -3.67341085585079       -1.02948917912655       10.28647086310504
H            1.23805540525936       -0.14790807659361        9.55874334227888
H            1.09701180248921       -1.40946037037145        8.32524002847050
B            3.45304614469887       -1.45651564116924        2.01986523035768
N            3.45201729845934        1.13182890821707        1.33849135442516
B            2.56821489262064        2.37246063349932       -0.86876295790186
N            2.34668537121539       -0.62484109051416       -2.35510687485540
B            0.66019336099920       -3.57103670513483        3.04011193179322
N           -2.95888031246744       -2.66274492477844        1.99204438870795
B           -1.06053379232416        4.07860910884819        2.17443783821622
N           -0.54860968667966        0.03659020428703       -3.60974051086484
B           -0.40006130267233        1.46492678685880       -3.74944263250861
N            1.24925638432150       -3.77338872389729       -1.39381707956945
B           -3.82938499007652        2.21265697761964       -0.20416460499943
N           -2.74614164333664        2.77058059689545       -0.90184924393937
B            1.49081037673453        0.84330220551857       -4.52077014807583
N           -0.27528297274645        3.35365199033532        3.18849066170462
B            0.95413086632232       -2.86278056211975       -2.46914387423135
N           -0.46918652120009        3.77428033391422       -0.65921331515434
B           -0.85565752501412        2.17142602172198        3.62162982222758
N            1.60729830937578       -1.28485231575092        3.85555613390314
B           -0.20365500087014        3.48309625007980       -2.02617940080994
N            1.25471542299786        0.05808727411279        4.16793533208394
B           -1.53922799237234       -0.54527991691527       -2.76980167892641
N           -3.83794153660464        1.77410709777336        1.11919108251319
B            0.32552348160935        4.49282829309932        1.55164615254070
N           -0.02292712297699       -0.03210532146243        4.78860867922376
B           -2.72900307120235        2.22332823436257        1.90875605602908
N            3.79612264663143       -0.12344009594220       -0.36567693226811
B           -2.25764408744408       -3.64242436117059        1.29904092618143
N            1.02626711971589        3.72520684104499        2.61142469828446
B           -1.87033313602273       -0.78962804925346        3.52127090762244
N           -2.41745014655599       -3.59867482425075       -0.16292839844640
B            3.05427232874373       -1.06189576539428       -1.11736160070804
N           -3.14382242489346       -1.25076879544931       -0.09791818210575
B            2.01754213661725        2.91822927512130        1.94779841265344
N           -0.45814738876464       -2.88793105790361       -2.11206877915949
B           -1.62354503725762       -2.10084478652792       -2.18502703143661
N            0.59852669197484        3.96863461931852        0.25869776452507
B            1.14804332452217        2.97748522492388       -2.80987526759607
N            0.06383788742513       -4.36543183218011        2.04552298719264
B           -1.77063647961651        3.45672163732378       -0.07975023368734
N           -2.02319769047749        3.41680665853430        1.35610571274039
B            1.45601214456314       -4.21449824934463        1.84586562242707
N           -0.86340549686603        1.04707234079827        4.52914488476695
B           -2.63685418030752       -2.39616847348384       -0.88575421148110
N           -1.07685527096970       -4.48522641437554        1.29647833694908
B           -2.46100608036695        0.50136132957076       -1.80361293765717
N            2.35816502089911       -3.88240450049381        0.81623567506175
B            3.91653057134098       -0.19871930418070        1.12846456858163
N            1.97570156667890        1.97227817055407       -2.08379059010289
B            1.08190625850505        2.27812991162460       -4.25404713449642
N           -4.17177619637746        0.83142073633794       -0.06861092897149
B           -1.28112583293673        2.46878398057960       -2.78222914246934
N           -2.31435523951815        1.94362261242584       -1.99195785515144
B            3.07957552733268       -2.64246840317983        0.98054190532648
N            2.36313341008548       -3.66376967568221       -0.60694507580225
B            2.18902381668796        0.53700339690989        3.18209842758873
N           -2.07991219773708        0.59739661547555        3.90838065444137
B           -1.08180963243132       -4.17887041942214       -0.13430219438547
N           -3.19394856925484        0.04636604340460       -0.66682286826379
B            3.46815901645299        1.26701512247920       -0.11320029938156
N            2.56225973192839        1.62987878533058        2.32296595826872
B            1.53829752148933       -1.53497682445462       -3.15629108852325
N           -2.14198723769588        1.74614317267278        3.07616157824634
B            2.10082025015125        0.73030907512300       -2.83384277873594
N           -2.75635465247952       -1.35299489023377        2.61362703863030
B            0.73878908063842       -0.51595641362583       -4.13623027578712
N           -0.13541998674861       -3.75139713595109       -1.03431157472012
B            0.44141325982366       -2.11758798881254        3.76814946178092
N           -0.64155820196107       -1.21956251814628        4.14536862291599
B           -3.23736345045368       -1.45759700836120        1.28392056055122
N            2.64136962765047       -0.86099401661779        2.99584318907059
B            1.88677351392534        3.34329188247360        0.27971221722079
N            2.90178578160777       -2.32275486028552       -0.41588316793370
121
 energy: -221.904557119978 gnorm: 0.003075367497 xtb: 6.7.1pre (5071a88)
N            7.34369666243356       -1.86987921323584        7.07179701962330
C            6.24824988923332       -1.31433182427053        6.49011513848221
O            5.98220805715423       -1.50370542450184        5.32263029798305
C            5.41129661207620       -0.46759913076257        7.38784334959237
C            5.92997750287679        0.21558567023793        8.48429305702486
C            5.09046309529500        0.98920076154982        9.26451224683755
C            3.74111079440002        1.08127389181953        8.96785086788576
C            3.20651624477248        0.41564214803106        7.87008934412041
C            4.05926947611454       -0.34972814662937        7.08600489478943
C            1.74427949839119        0.48639797229745        7.52903072578828
C            1.19216478541027        1.92436641897089        7.45429756092542
C            0.31786711728157        2.24940189477945        8.65958417897991
C           -0.85822422179742        1.27510957192428        8.73937845741535
N           -0.47944437775946       -0.06357140963071        8.31318766091854
C           -1.37270513501208       -1.07734259056450        8.82718149155379
C           -2.78213951870788       -0.84736256913937        8.35368239662384
C           -3.00429134513361       -0.61209372947279        6.98091560261185
C           -4.26090205834207       -0.38784777310369        6.49690225928439
C           -5.37070602637971       -0.39794326503545        7.37050723910632
N           -6.60218619749444       -0.16379736449622        6.87103450103841
C           -7.61998898977008       -0.17957110950121        7.68313913006666
C           -7.52310228019605       -0.43326990707825        9.06452517646496
C           -6.28549466445156       -0.66698635884339        9.59861748730311
C           -5.15602961425687       -0.65055034846843        8.75431258231514
C           -3.84345648463607       -0.86462560258252        9.21887635017846
C            0.91969676179027       -0.34261965242584        8.53092320496451
H            7.90964950096619       -2.49404500271661        6.52140585486813
H            7.49678748953684       -1.82915084144608        8.06203963126843
H            6.98526442313746        0.17669596461703        8.71360897887189
H            5.49114859848163        1.52696458210933       10.11203936119803
H            3.10650946926466        1.69039018702138        9.59336791995806
H            3.68318376701544       -0.86989463902199        6.21774738691345
H            1.60341463441678        0.02494489359796        6.55338765877034
H            0.58319680801657        2.01654651267192        6.55528776350666
H            2.01474846071895        2.63812591690376        7.38220014364672
H            0.90807764469852        2.19401662321282        9.57630665969651
H           -0.06595865864293        3.26776235314997        8.58166391898498
H           -1.25166544590512        1.26591265881745        9.77332815791470
H           -1.66448966461369        1.61340982349086        8.08068029632123
H           -1.03071316261982       -2.04547442595594        8.44418923445662
H           -1.35923337478735       -1.12500533810847        9.93507648392012
H           -2.14761508481702       -0.59890932074194        6.32848136454653
H           -4.43317076392961       -0.19887643548402        5.44914352814644
H           -8.58703721004728        0.01855442914912        7.23534146639124
H           -8.41284965128297       -0.43959722649914        9.67601346635951
H           -6.15493233908217       -0.86480732038889       10.65480400133649
H           -3.69122616051816       -1.04398263884957       10.27551115786101
H            1.23885076925969       -0.13416366699931        9.56873500850105
H            1.10162778903388       -1.40352316063655        8.34276579827285
B            3.44763110508329       -1.45832949272077        2.04168824952412
N            3.44935606007039        1.13097031910280        1.36201123748431
B            2.57105438420055        2.37176686656537       -0.84775385270528
N            2.35613875406847       -0.62404076248763       -2.33649063086363
B            0.65167154009327       -3.57331643076769        3.05063273987058
N           -2.96635389359532       -2.66506578749566        1.99094422307810
B           -1.06727779961634        4.07814037709717        2.18363712239556
N           -0.53496557336153        0.03831852844108       -3.60075975576648
B           -0.38625240279419        1.46672546368259       -3.73932106633201
N            1.25542444518430       -3.77328089404185       -1.38097918642074
B           -3.82789373349028        2.21238544073630       -0.20561430063529
N           -2.74218195952906        2.77081903876442       -0.89910032566445
B            1.50762696810712        0.84541547570160       -4.50446906567425
N           -0.28564689235592        3.35269689703517        3.20020113877065
B            0.96401467959470       -2.86193226888831       -2.45683668248234
N           -0.46619959657209        3.77446840975169       -0.64822873261276
B           -0.86702556243206        2.16959690917042        3.62975986736707
N            1.59697849513447       -1.28803213372035        3.87287967786362
B           -0.19594184853710        3.48402819649386       -2.01444560755505
N            1.24289343573017        0.05494661653918        4.18431593277271
B           -1.52840488398353       -0.54407486656409       -2.76452249127096
N           -3.84102980798275        1.77357682296580        1.11761078217129
B            0.32114133009643        4.49178102491191        1.56566953415705
N           -0.03787817018169       -0.03540281172858        4.79803614825029
B           -2.73486403325655        2.22284278885067        1.91102084779622
N            3.79901770633868       -0.12367988376268       -0.34177733385955
B           -2.26128253337829       -3.64346308329731        1.29944390480621
N            1.01810949508998        3.72353809258668        2.62742427264923
B           -1.88069169472016       -0.79219521830546        3.52298158756827
N           -2.41600792398732       -3.59929174017219       -0.16301538928795
B            3.05950967293605       -1.06170551355709       -1.09654516549995
N           -3.14302761139226       -1.25155880407504       -0.09926460867184
B            2.01149021935733        2.91640145324124        1.96700912971085
N           -0.44943567111098       -2.88701035877983       -2.10459442717348
B           -1.61468889442548       -2.10001176568714       -2.18119751640836
N            0.59834050880075        3.96804868232336        0.27347094518508
B            1.15836643317390        2.97869006312043       -2.79380253258871
N            0.05814169041828       -4.36678343673672        2.05359739722743
B           -1.76970289959022        3.45689630441682       -0.07335263370604
N           -2.02735211185969        3.41681508208870        1.36164644217387
B            1.45110280448965       -4.21645466878902        1.85867535243920
N           -0.87681016004187        1.04391794805365        4.53488281888245
B           -2.63279027800326       -2.39620501143840       -0.88585256814430
N           -1.08018051588680       -4.48564103702325        1.30080705265311
B           -2.45363590699809        0.50194747612903       -1.80094071399161
N            2.35706371153560       -3.88377207477463        0.83259528347874
B            3.91394752851051       -0.19984821827039        1.15264962405473
N            1.98302983623085        1.97275145433210       -2.06527452929494
B            1.09745950849178        2.28010344081706       -4.23855682592836
N           -4.17037705809808        0.83102809167647       -0.07181875153593
B           -1.27070736663299        2.47002073080938       -2.77464113808238
N           -2.30643768267459        1.94428642250202       -1.98798689508715
B            3.07781997236526       -2.64382906647127        1.00045524097168
N            2.36653824845047       -3.66377371283914       -0.59036647396534
B            2.17938371205798        0.53420824407035        3.20028990405938
N           -2.09106981238338        0.59447558950638        3.91002073900172
B           -1.08025825519839       -4.17906013556285       -0.12992941243321
N           -3.19058624753399        0.04623283649761       -0.66697209231339
B            3.46881093039676        1.26624268982784       -0.08962076877130
N            2.55522933854611        1.62788044549481        2.34340201456699
B            1.55050674560175       -1.53365912966620       -3.14105847418466
N           -2.15159467160284        1.74456330915455        3.07983687484084
B            2.11143041359480        0.73121742323970       -2.81548910798612
N           -2.76417682768124       -1.35520559969295        2.61274494086252
B            0.75433211489312       -0.51395874049386       -4.12305552885378
N           -0.13055090098046       -3.75092171303774       -1.02608430521296
B            0.43058999245972       -2.12020660809301        3.77856380325319
N           -0.65377547655310       -1.22251783210724        4.15062318451527
B           -3.24228143158313       -1.45968648576770        1.28207556934420
N            2.63277624077707       -0.86339583162914        3.01531873918189
B            1.88633490368580        3.34239524099061        0.29872629240056
N            2.90438174284320       -2.32285991602735       -0.39629918791867
121
 energy: -221.904661802938 gnorm: 0.003235201319 xtb: 6.7.1pre (5071a88)
N            7.32509855723481       -1.87880373705452        7.01672011514006
C            6.23078467527024       -1.30982107948991        6.44631101693295
O            5.95506946122212       -1.48963186032915        5.27995311665343
C            5.40472162594803       -0.46448482038763        7.35502656820129
C            5.93422150554255        0.21541221776517        8.44805636765618
C            5.10215693601583        0.98641049552063        9.23919708674591
C            3.74969969139615        1.07833260092363        8.95707960674018
C            3.20444092211755        0.41559716278789        7.86272446837315
C            4.04952434431162       -0.34636862591385        7.06743077037278
C            1.73890502900247        0.48742877809462        7.53575651260927
C            1.19067390957054        1.92727161529538        7.45955130077737
C            0.30992537227013        2.25368284998781        8.65941135289968
C           -0.86439946195330        1.27745795541309        8.73721810819456
N           -0.47968996605906       -0.06505095901181        8.32727615184804
C           -1.37295425305086       -1.07538837796512        8.84820781623420
C           -2.77804923924785       -0.85285266711190        8.35799746955101
C           -2.98196174268518       -0.61167865292931        6.98312005084465
C           -4.23154261734120       -0.38459838624195        6.48278326298430
C           -5.35330804674338       -0.39678128370415        7.34115862700976
N           -6.57699798412367       -0.15556382593132        6.82734771403920
C           -7.60547209568022       -0.17083640112588        7.62638569577569
C           -7.52760400630222       -0.43191798728649        9.00712497284298
C           -6.29790483051161       -0.67529647647441        9.55564610069166
C           -5.15744523847459       -0.65852693993459        8.72646036707297
C           -3.85136475834102       -0.87669985081944        9.20804893040962
C            0.92079659343288       -0.33652086326456        8.54665180195164
H            7.88136308696514       -2.50365138961081        6.45766993580864
H            7.49017276973791       -1.83988656059239        8.00468774508387
H            6.99186813298714        0.17654814238631        8.66645204092832
H            5.51153216535196        1.52205424696852       10.08388708660819
H            3.12055936750371        1.68451713647202        9.59099949311943
H            3.66520587869920       -0.86395926907502        6.20134961159767
H            1.58817132329046        0.02255439158967        6.56329418210864
H            0.58815605445142        2.02269186014774        6.55659239287971
H            2.01556994689070        2.63884807788408        7.39410174255326
H            0.89614024266023        2.20444866452356        9.57943324364484
H           -0.07694637203164        3.27074812360266        8.57539462257603
H           -1.26791612252270        1.27699028769308        9.76699173115418
H           -1.66466181937958        1.60831649574531        8.06729865551215
H           -1.02506158726466       -2.04793650047547        8.48155846971509
H           -1.36910143498338       -1.10814124495665        9.95687579667944
H           -2.11593427016884       -0.59491714835552        6.34329403166118
H           -4.38798191374076       -0.18984114090968        5.43337762795570
H           -8.56535308894108        0.03429154672808        7.16697135005716
H           -8.42523033007657       -0.43630680467805        9.60708206317224
H           -6.18204912809517       -0.87994346431841       10.61218095045773
H           -3.71364934292889       -1.06205531132260       10.26582456396574
H            1.24064761811481       -0.11848277869864        9.58198584822923
H            1.10652735601856       -1.39812228096966        8.36633726435033
B            3.44112042196544       -1.46037235732014        2.06593245057244
N            3.44539208760771        1.12955756225380        1.38784692649549
B            2.57525398614305        2.37128231415044       -0.82476275386256
N            2.36716967484070       -0.62327023811657       -2.31617781235598
B            0.64177994541737       -3.57566069720452        3.06187875271121
N           -2.97419216261773       -2.66719967881086        1.98862847639916
B           -1.07470692308293        4.07726068017713        2.19294602734801
N           -0.51895138315588        0.04028161999836       -3.59160079168646
B           -0.36998690419326        1.46877532557541       -3.72885793569507
N            1.26261714769823       -3.77305111640652       -1.36712189708097
B           -3.82573917194662        2.21216495361915       -0.20848424176744
N           -2.73726773456635        2.77112041466460       -0.89724089803174
B            1.52740281670175        0.84766234884667       -4.48682240824785
N           -0.29726725831664        3.35139473198815        3.21251604574755
B            0.97553742337215       -2.86102072335713       -2.44365600848692
N           -0.46233061461105        3.77453901489635       -0.63679068176323
B           -0.87984392667364        2.16741739666794        3.63805580526466
N            1.58500327077617       -1.29156244732774        3.89215385119691
B           -0.18659626978465        3.48488835687710       -2.00209149449819
N            1.22929542037627        0.05146862342257        4.20258426159080
B           -1.51574590223289       -0.54265575844809       -2.75973819878293
N           -3.84409715306168        1.77279482578300        1.11448053139962
B            0.31634030095819        4.49052409903174        1.58059103497089
N           -0.05499749955991       -0.03894980468374        4.80833698527301
B           -2.74110336863073        2.22185276770068        1.91243439546068
N            3.80211303126107       -0.12405241848487       -0.31536223487421
B           -2.26514809335267       -3.64437873453705        1.29893656927646
N            1.00890436137394        3.72165095120131        2.64468197020358
B           -1.89249223064321       -0.79495203656592        3.52456464503110
N           -2.41402748879689       -3.59975279322210       -0.16402046757559
B            3.06557161087726       -1.06164637981719       -1.07366051470601
N           -3.14161170309627       -1.25219218761305       -0.10186079292038
B            2.00465737103794        2.91431089267014        1.98802495373985
N           -0.43924845313753       -2.88590091517844       -2.09689658225592
B           -1.60424688351667       -2.09892850014179       -2.17776081224930
N            0.59851786851385        3.96733201460943        0.28927224907672
B            1.17079977367119        2.97983002943724       -2.77630188224804
N            0.05157527329528       -4.36811275657859        2.06206582664754
B           -1.76815764237957        3.45686312656518       -0.06724545863034
N           -2.03154697599904        3.41629579899606        1.36673966040028
B            1.44540180433662       -4.21844339137006        1.87261026718125
N           -0.89216480290692        1.04060370706243        4.54107140435980
B           -2.62783475464291       -2.39607543938494       -0.88695466159879
N           -1.08392551752474       -4.48622013748418        1.30491263429933
B           -2.44492182036037        0.50269733264481       -1.79919200201128
N            2.35569246698567       -3.88530061141107        0.85053287040117
B            3.91065831655956       -0.20124407303813        1.17946206884330
N            1.99226304980086        1.97326319282753       -2.04501129321890
B            1.11578310582194        2.28215742869305       -4.22173639287850
N           -4.16851825110180        0.83069717270914       -0.07673261811165
B           -1.25836208977914        2.47141226807948       -2.76715588637709
N           -2.29710532018399        1.94513848916720       -1.98479727063056
B            3.07559053105972       -2.64530242766899        1.02243080994988
N            2.37060023719714       -3.66396173840488       -0.57220069853178
B            2.16815920350955        0.53108270344312        3.22045559480347
N           -2.10397295804291        0.59140390463411        3.91169260286562
B           -1.07826518363510       -4.17925105765757       -0.12578461928740
N           -3.18641116484188        0.04621555729524       -0.66845007926612
B            3.47015871507798        1.26546986339641       -0.06365885257909
N            2.54687617285176        1.62548291047882        2.36583072200044
B            1.56471314194421       -1.53227730449081       -3.12462255036244
N           -2.16241372630896        1.74261785495538        3.08311281654647
B            2.12409415251794        0.73220287292958       -2.79534631625548
N           -2.77262871053772       -1.35728536990306        2.61081352888957
B            0.77248031948415       -0.51177519530110       -4.10900577130732
N           -0.12477975319335       -3.75032477252207       -1.01750676232409
B            0.41807511129138       -2.12304439473422        3.78991296124822
N           -0.66779620192554       -1.22571881990364        4.15619839302350
B           -3.24701443028540       -1.46150811066041        1.27891762236974
N            2.62273502070755       -0.86606993627699        3.03697417055234
B            1.88622421899286        3.34136038048458        0.31946911106352
N            2.90751015923770       -2.32313112452026       -0.37475715708079
121
 energy: -221.904750275468 gnorm: 0.003101936464 xtb: 6.7.1pre (5071a88)
N            7.30742522956167       -1.88571289457188        6.96861726917236
C            6.21568245375772       -1.30331223568373        6.40640992735868
O            5.93528478849856       -1.47067455939225        5.23937773941395
C            5.39764721091769       -0.46104466940742        7.32490706516229
C            5.93604336766508        0.21600536663606        8.41493640105152
C            5.11006382219479        0.98409562615408        9.21569172045168
C            3.75521789850988        1.07437286496198        8.94619976430400
C            3.20093756818123        0.41316260116920        7.85522388357593
C            4.03960969586954       -0.34443556559195        7.04963050904048
C            1.73220556188005        0.48517297622128        7.54286339944503
C            1.18789244561318        1.92671553092328        7.46412755239745
C            0.30249915784436        2.25643308659848        8.65941814332141
C           -0.86993992298951        1.27857973822732        8.73837349938381
N           -0.48032273014225       -0.06768634347712        8.34521260701009
C           -1.37411119804780       -1.07369809243343        8.87327252275946
C           -2.77462127191479       -0.85724117141707        8.36729495423732
C           -2.96078085214207       -0.60846815669258        6.99099776537012
C           -4.20323361373559       -0.37928340460915        6.47486323444560
C           -5.33668169840674       -0.39546686629396        7.31778578390668
N           -6.55257361724858       -0.15070137013210        6.78978419706250
C           -7.59143014214220       -0.16536518784335        7.57598323262307
C           -7.53146121644603       -0.42912713882212        8.95620958201630
C           -6.30930183588292       -0.67995963106246        9.51885219548379
C           -5.15871068992567       -0.66482426438420        8.70444013252029
C           -3.85922877189202       -0.88750685352825        9.20230353285138
C            0.92144592620011       -0.33226378737388        8.56471946697308
H            7.85673892708150       -2.50874600447899        6.40128574086856
H            7.48131690007805       -1.85175965114108        7.95505982186834
H            6.99555012999786        0.17735655429269        8.62401199706635
H            5.52658106154265        1.51823472245711       10.05775678739658
H            3.12995694890430        1.67763691237843        9.58665058923985
H            3.64907579909780       -0.85980518162859        6.18514060846941
H            1.57064421254019        0.01554461927189        6.57453207133627
H            0.59062067183011        2.02440830223857        6.55808486989289
H            2.01495850605624        2.63598859851415        7.40331110010854
H            0.88580155541699        2.21437558002388        9.58191723486093
H           -0.08704518112495        3.27209460751537        8.56829979993044
H           -1.28162098469085        1.28751218707612        9.76453657328981
H           -1.66529862640187        1.60153051617652        8.05885472273515
H           -1.02164809064359       -2.05054755716044        8.52273153412430
H           -1.37954981015431       -1.09189765516219        9.98227038331841
H           -2.08587669186342       -0.58640392814339        6.36362532176936
H           -4.34369029138172       -0.17802498851171        5.42435666761827
H           -8.54433329880525        0.04239467086684        7.10405641070703
H           -8.43594676734278       -0.42978479481475        9.54576431005130
H           -6.20793786188419       -0.88816955841794       10.57599423852675
H           -3.73610151802110       -1.07910001292050       10.26084946811041
H            1.24344441815291       -0.10350610816181        9.59684090306411
H            1.11022628365328       -1.39480762080749        8.39336833059625
B            3.43489802191519       -1.46216783336297        2.08693574653704
N            3.44064209554773        1.12774874911521        1.40981084093514
B            2.58033489183070        2.37124910422031       -0.80530843559036
N            2.37747179941525       -0.62276693779471       -2.29905808443268
B            0.63257133844845       -3.57745736477531        3.07100293092541
N           -2.98034364072807       -2.66843664682318        1.98499799612246
B           -1.08104450606709        4.07609972828900        2.19966999136618
N           -0.50379164432858        0.04198419487972       -3.58471512590505
B           -0.35456431365335        1.47056510349015       -3.72086882679192
N            1.26935466253349       -3.77275290310355       -1.35565078725650
B           -3.82314982694328        2.21210391921618       -0.21279747702542
N           -2.73223831191308        2.77144303992670       -0.89733959409124
B            1.54606418142447        0.84939293798274       -4.47213683888826
N           -0.30745463766082        3.35000870465667        3.22210721864750
B            0.98633045210089       -2.86029356436099       -2.43288010923677
N           -0.45817997813472        3.77446016279583       -0.62799884657591
B           -0.89116883831864        2.16538773009669        3.64412691419147
N            1.57391738237047       -1.29460683384087        3.90878072164745
B           -0.17739514670912        3.48541462515160       -1.99238096901134
N            1.21686077092507        0.04848427256398        4.21838257871650
B           -1.50372534563811       -0.54137721652914       -2.75693498824824
N           -3.84621819122194        1.77189528758440        1.10979012319971
B            0.31229508712792        4.48937998857943        1.59254252146904
N           -0.07055342547466       -0.04185793591476        4.81690795941232
B           -2.74612655739626        2.22048062160927        1.91202905248719
N            3.80466994706218       -0.12451523096668       -0.29265459307923
B           -2.26830020885966       -3.64490954707250        1.29711760863076
N            1.00076562354069        3.72004251493113        2.65886023482639
B           -1.90308659749566       -0.79716551445289        3.52530056899611
N           -2.41177955728738       -3.59986702008264       -0.16623282132786
B            3.07114918331855       -1.06178899239660       -1.05411292726844
N           -3.13969327459604       -1.25241972874620       -0.10575211818902
B            1.99860281085016        2.91247353348084        2.00573371763521
N           -0.42969087276384       -2.88494643593747       -2.09116591629048
B           -1.59437261140171       -2.09795704023520       -2.17610156566665
N            0.59923227617368        3.96667120263332        0.30206900850339
B            1.18291562362640        2.98050247750606       -2.76164067163424
N            0.04554513101263       -4.36906416781830        2.06867765853476
B           -1.76609040922085        3.45659224146833       -0.06340956124986
N           -2.03462289238490        3.41525723105802        1.36960075385363
B            1.44011811244073       -4.21992003806501        1.88429426481050
N           -0.90611965639205        1.03801863128811        4.54604406443940
B           -2.62287566933655       -2.39576075185224       -0.88938384011995
N           -1.08723227654264       -4.48687418140708        1.30742866758062
B           -2.43665396242178        0.50347326094792       -1.79944545919034
N            2.35431903785140       -3.88661346900742        0.86580292608399
B            3.90730761495661       -0.20262238762792        1.20261527002188
N            2.00175809817368        1.97366537365860       -2.02782951610646
B            1.13314558755880        2.28366651561669       -4.20767429631683
N           -4.16646176566750        0.83057862132444       -0.08295282747114
B           -1.24654550213011        2.47264101672316       -2.76201603394248
N           -2.28819971799228        1.94602890579446       -1.98375583167953
B            3.07336915915914       -2.64653753376072        1.04129587046134
N            2.37450224609966       -3.66434631853805       -0.55673490218933
B            2.15774400948305        0.52837161180099        3.23780206331697
N           -2.11579077430474        0.58901516203320        3.91266807497710
B           -1.07615797412635       -4.17939516276597       -0.12322265634313
N           -3.18221692320082        0.04637292857953       -0.67165149560146
B            3.47219564826412        1.26492033358107       -0.04147091906924
N            2.53890819788058        1.62320484646607        2.38484494056109
B            1.57797662675535       -1.53122679036157       -3.11102853936376
N           -2.17189252343892        1.74074711402889        3.08466556030603
B            2.13630936695330        0.73300462479809       -2.77823203006185
N           -2.77961948831314       -1.35856384701262        2.60768451391901
B            0.78947314733400       -0.51002222329196       -4.09763475019921
N           -0.11926483489238       -3.74978265370133       -1.01091296874430
B            0.40655331096032       -2.12538904710975        3.79935887147786
N           -0.68056773839502       -1.22833122026953        4.16057941842357
B           -3.25014757368104       -1.46241544582825        1.27453379442699
N            2.61337318265554       -0.86837114797776        3.05567877544490
B            1.88668471129658        3.34047277822380        0.33687783703045
N            2.91055397416755       -2.32356977096996       -0.35634030201400
121
 energy: -221.904819565303 gnorm: 0.002823324912 xtb: 6.7.1pre (5071a88)
N            7.29298513774095       -1.88917587519776        6.93205176766575
C            6.20494915191908       -1.29544915156070        6.37424575603105
O            5.92518051501618       -1.44955282572724        5.20494082254774
C            5.39066392279733       -0.45828091544183        7.30054179085573
C            5.93526132668280        0.21650783474974        8.38850084472408
C            5.11354853542906        0.98171318441030        9.19673852134284
C            3.75710752112653        1.06943530931997        8.93671297966439
C            3.19628720103663        0.40854123351256        7.84859225213669
C            4.03036822116832       -0.34445943457258        7.03455805361625
C            1.72496563312446        0.48004094400384        7.54949860147767
C            1.18431539421265        1.92295539613111        7.46727799939708
C            0.29759082277972        2.25773333286035        8.66012490055844
C           -0.87378847554317        1.27948122664312        8.74337583084274
N           -0.48131901319124       -0.06998339836536        8.36510122424317
C           -1.37626408188872       -1.07151154716162        8.89876526673669
C           -2.77258624778013       -0.85917125155625        8.37971348534716
C           -2.94383153767250       -0.60371122548715        7.00262327360120
C           -4.18014287084625       -0.37376842066675        6.47326504045157
C           -5.32318168927370       -0.39451502807834        7.30286903102647
N           -6.53249156723702       -0.14986286784309        6.76230837921994
C           -7.58011883704909       -0.16431040241238        7.53734744706700
C           -7.53473527429518       -0.42651438370916        8.91755189909456
C           -6.31879688079832       -0.68097047033256        9.49251781082783
C           -5.15999336304297       -0.66837015637028        8.69065753755395
C           -3.86621870517124       -0.89437791166251        9.20199946745548
C            0.92132013983483       -0.32975653793110        8.58309796430528
H            7.83962538682977       -2.50800872854710        6.35795620306486
H            7.47097854927899       -1.86255799355840        7.91805386666347
H            6.99612126116287        0.17840202648773        8.59039991465295
H            5.53507655506498        1.51510690106853       10.03669145620623
H            3.13405057849140        1.67026931970467        9.58150182147578
H            3.63573967214976       -0.85821224324322        6.17104360681701
H            1.55287802497867        0.00469283063992        6.58586988213900
H            0.58981355774633        2.02146428450775        6.55971851490304
H            2.01329076783512        2.62993091650243        7.40772478698202
H            0.88004219083831        2.22184202251170        9.58343902199817
H           -0.09316343634244        3.27236402473740        8.56271350887009
H           -1.29048278322510        1.29751222982513        9.76715831573320
H           -1.66596612642802        1.59554175802974        8.05715622189447
H           -1.02094770232166       -2.05177530668452        8.56151786707391
H           -1.38977289236086       -1.07789712494852       10.00762541028183
H           -2.06169053686846       -0.57626625552164        6.38587559342627
H           -4.30734654212324       -0.16720561800115        5.42231034008691
H           -8.52712540934394        0.04248148805039        7.05390900773823
H           -8.44443646110658       -0.42312322609779        9.49891653070837
H           -6.22983002091901       -0.88932248207844       10.55052172095694
H           -3.75553233447532       -1.09061947014507       10.26095314962500
H            1.24693179339637       -0.09047000941541        9.61156767325092
H            1.11177020077123       -1.39344174371587        8.42091520140633
B            3.42981355768520       -1.46349074123569        2.10253550498660
N            3.43576351387493        1.12581765811539        1.42561755907221
B            2.58579640196946        2.37169341309616       -0.79138775750815
N            2.38598141313639       -0.62257163275671       -2.28683895394501
B            0.62497842221475       -3.57856159483117        3.07714011994672
N           -2.98411215052153       -2.66868088082529        1.98048447366064
B           -1.08557529892585        4.07483001131611        2.20314570447636
N           -0.49114561832724        0.04315770053104       -3.58087620115398
B           -0.34149215308859        1.47182878202627       -3.71610539846311
N            1.27494483796894       -3.77243001652831       -1.34767377491636
B           -3.82035797889219        2.21218856208043       -0.21808639060196
N           -2.72754887749789        2.77172138569594       -0.89934937722599
B            1.56164211140903        0.85051302075944       -4.46182100132841
N           -0.31506836671823        3.34869729946559        3.22796659666021
B            0.99527307519447       -2.85983858527475       -2.42554117997734
N           -0.45413989654652        3.77430220096945       -0.62271839977096
B           -0.89976275300568        2.16374441166451        3.64740776620544
N            1.56481524657300       -1.29680404302787        3.92080329735451
B           -0.16923986848918        3.48559519094405       -1.98628134514635
N            1.20682972718808        0.04633619535440        4.22984958954510
B           -1.49372319266560       -0.54045433966336       -2.75651586745140
N           -3.84714122801972        1.77098962628370        1.10407513494588
B            0.30950672435236        4.48852984178080        1.60033454914712
N           -0.08292632664106       -0.04383331290756        4.82286608378873
B           -2.74940350999586        2.21895320908638        1.90987918257639
N            3.80651289745495       -0.12499236328662       -0.27599331146921
B           -2.27043835453944       -3.64511912400097        1.29428597702869
N            0.99464107145045        3.71894380364631        2.66855681572899
B           -1.91139425425531       -0.79858605144997        3.52513905845008
N           -2.40953089542199       -3.59970774830782       -0.16935049165890
B            3.07571472608710       -1.06209371524190       -1.03986516898908
N           -3.13752536523856       -1.25228128708351       -0.11047717719392
B            1.99406891984432        2.91117150403653        2.01832652627591
N           -0.42176157017724       -2.88429138614127       -2.08792958585743
B           -1.58608201693062       -2.09720174510300       -2.17625976561850
N            0.60046678964280        3.96619043192370        0.31058829452753
B            1.19351032134187        2.98073453964734       -2.75130036550531
N            0.04071144270096       -4.36962136720552        2.07281083197698
B           -1.76368834191387        3.45616801758505       -0.06221037863515
N           -2.03627249640652        3.41392334336700        1.36997387489466
B            1.43584629695211       -4.22074000357935        1.89261328960913
N           -0.91727082358493        1.03642591500117        4.54936411930738
B           -2.61851003713876       -2.39541362782633       -0.89283611490772
N           -1.08971990157772       -4.48757816479490        1.30813731762508
B           -2.42955049817652        0.50413324057990       -1.80156335324701
N            2.35313518191780       -3.88752124878138        0.87693282056414
B            3.90441667352305       -0.20377463204414        1.21972091463259
N            2.01053233997989        1.97393418636505       -2.01549078494486
B            1.14777466088433        2.28459222516999       -4.19777705750005
N           -4.16438651359181        0.83066792238779       -0.08981147881438
B           -1.23637013777006        2.47353903857603       -2.75969772891460
N           -2.28052440701197        1.94679929192795       -1.98490663873569
B            3.07153790351268       -2.64739591082130        1.05515287452830
N            2.37783048482152       -3.66483251968144       -0.54545371329023
B            2.14930879622719        0.52641527775082        3.25050469153624
N           -2.12528192842098        0.58757502627562        3.91276718941257
B           -1.07416545065649       -4.17951838671252       -0.12243976735253
N           -3.17841835208114        0.04663709102078       -0.67619026548620
B            3.47477015103329        1.26470334427506       -0.02532453857869
N            2.53228494247986        1.62136903736417        2.39848930459361
B            1.58891941302912       -1.53062163555578       -3.10158536180338
N           -2.17893171718779        1.73918602403351        3.08430620933491
B            2.14681835244555        0.73355109342566       -2.76592885721814
N           -2.78449719955736       -1.35895865810023        2.60379196335649
B            0.80356826105526       -0.50885663852825       -4.09004562180490
N           -0.11459749756294       -3.74947050258926       -1.00698746538311
B            0.39720324478853       -2.12698759348638        3.80591269151969
N           -0.69080885027695       -1.23005454255197        4.16345790028271
B           -3.25139257280186       -1.46237123596537        1.26946083926676
N            2.60574456296359       -0.87001618742863        3.06941389564603
B            1.88774169582596        3.33986849168639        0.34917320512414
N            2.91325296797643       -2.32411418958232       -0.34289509090176
121
 energy: -221.904881431370 gnorm: 0.002537987724 xtb: 6.7.1pre (5071a88)
N            7.28164389265507       -1.88935184700081        6.90232031349231
C            6.19741821099226       -1.28679775033297        6.34652679058180
O            5.92202066791672       -1.42728811428925        5.17397906668787
C            5.38350706456694       -0.45669342141373        7.27958468830595
C            5.93278023073072        0.21615218271052        8.36621312199605
C            5.11432734727022        0.97829887906810        9.18088734589538
C            3.75659582296330        1.06313869404911        8.92847930370028
C            3.19072151724937        0.40210766689124        7.84275070550953
C            4.02127801805770       -0.34632297095710        7.02125767494839
C            1.71732868624351        0.47297740785633        7.55577134041315
C            1.18031262662192        1.91710010834947        7.46910962580644
C            0.29583851015577        2.25865377668794        8.66185780781126
C           -0.87581293783343        1.28169493581574        8.75201555971812
N           -0.48273430590299       -0.07064587686442        8.38663771191836
C           -1.37947230168508       -1.06776768336024        8.92409026884500
C           -2.77199856826690       -0.85832189650565        8.39366457892501
C           -2.93056752446845       -0.59886415338030        7.01585399887445
C           -4.16178060785973       -0.36961165643754        6.47518475418712
C           -5.31258986339658       -0.39433931661472        7.29356288093644
N           -6.51654174823368       -0.15212588370691        6.74145065276626
C           -7.57166094974008       -0.16684962334053        7.50653560549215
C           -7.53848577305720       -0.42540873182744        8.88735180099162
C           -6.32775398392410       -0.67993357971999        9.47357145372135
C           -5.16192006503579       -0.66948711090670        8.68253371488126
C           -3.87294026518257       -0.89663454699754        9.20539718526002
C            0.92031173840773       -0.32794944718073        8.60168847738171
H            7.82976629139157       -2.50171395317308        6.32267565219039
H            7.45943415307021       -1.87200703107558        7.88876128917268
H            6.99481687766035        0.17887400923006        8.56194599331879
H            5.53960378867981        1.51120597231482       10.01923640748280
H            3.13498152026228        1.66190366293110        9.57663534422111
H            3.62337508091792       -0.85868856132156        6.15839038331323
H            1.53497879683260       -0.00883789838163        6.59727672588804
H            0.58586844914343        2.01499729237843        6.56162710051366
H            2.01114492791925        2.62161644349889        7.40720449996158
H            0.87973212357259        2.22701978677857        9.58421458734136
H           -0.09426720608547        3.27289240919873        8.55973902165514
H           -1.29470915061191        1.30880624436645        9.77465357581061
H           -1.66628783564311        1.59229386031746        8.06156606067632
H           -1.02233764583935       -2.05072870817352        8.59760256798048
H           -1.40038504102083       -1.06478703414888       10.03259723949692
H           -2.04242577338736       -0.56726707146559        6.40814789299356
H           -4.27861924237412       -0.15987940224405        5.42401484804134
H           -8.51384861588317        0.03668965888996        7.01268517845457
H           -8.45257160655583       -0.41920444018818        9.46176213870583
H           -6.24938269398693       -0.88608926693960       10.53274158356255
H           -3.77266571466675       -1.09513325618389       10.26475496690806
H            1.25093073567918       -0.07856410203518        9.62613694749943
H            1.11095069406192       -1.39300607496153        8.44881790943583
B            3.42566467191904       -1.46444884118464        2.11467129197099
N            3.43095896480421        1.12389027195462        1.43742215298917
B            2.59170550576503        2.37252862341191       -0.78101132940750
N            2.39342593434676       -0.62256108369909       -2.27775682602465
B            0.61835063845809       -3.57924430275255        3.08139538956654
N           -2.98623939918903       -2.66826273568773        1.97531739123490
B           -1.08885981004541        4.07354836735744        2.20446275581755
N           -0.47992628666005        0.04387891080223       -3.57899787032967
B           -0.32969389488726        1.47262649329572       -3.71345950333767
N            1.27986994582040       -3.77210510576857       -1.34191186273100
B           -3.81734694069088        2.21237416083835       -0.22413411991021
N           -2.72292246249370        2.77194831793702       -0.90267661433777
B            1.57537128461063        0.85117570788487       -4.45427507998951
N           -0.32093688084572        3.34744522621629        3.23131069776577
B            1.00312086346029       -2.85955619655026       -2.42038613731875
N           -0.45003192201396        3.77413730832767       -0.61973889723721
B           -0.90655898502217        2.16238649050891        3.64887910715723
N            1.55685161128660       -1.29837607131182        3.92953047964680
B           -0.16158831911381        3.48557135582582       -1.98254541702912
N            1.19822350467371        0.04479672391493        4.23820959448506
B           -1.48473604824085       -0.53984012646216       -2.75748072277065
N           -3.84724590998314        1.77014592462273        1.09760885081494
B            0.30764301205415        4.48794211533969        1.60542826052383
N           -0.09331293998138       -0.04517665758745        4.82711458648141
B           -2.75154471790531        2.21744057128312        1.90652304631023
N            3.80803493599601       -0.12545077797091       -0.26322177139704
B           -2.27194078596451       -3.64522263668816        1.29080206943788
N            0.98994327256329        3.71826217159380        2.67539004560820
B           -1.91830376512827       -0.79943002506507        3.52436059653025
N           -2.40726243725806       -3.59941368256117       -0.17310220237214
B            3.07972158335278       -1.06246460972316       -1.02898675073207
N           -3.13515836203994       -1.25191228162511       -0.11580402329045
B            1.99066359477373        2.91032409429691        2.02761521805070
N           -0.41483939200505       -2.88398435414175       -2.08643144926477
B           -1.57880817830478       -2.09678635533795       -2.17778377224063
N            0.60216983138153        3.96588391722212        0.31634207670598
B            1.20330282080024        2.98069410125295       -2.74375578298050
N            0.03666830074525       -4.37000287455220        2.07535712715011
B           -1.76096081580363        3.45569442679941       -0.06278140978075
N           -2.03698192196205        3.41252804416012        1.36867161226185
B            1.43226197791309       -4.22112452949322        1.89884738663224
N           -0.92675306581425        1.03550762933017        4.55167971343262
B           -2.61445048230796       -2.39509630183544       -0.89701921018982
N           -1.09164042744601       -4.48835802594730        1.30763419510647
B           -2.42315618577418        0.50467060054530       -1.80498179376832
N            2.35213389512761       -3.88808891694163        0.88550630786757
B            3.90201535411177       -0.20470692917312        1.23293665876401
N            2.01900227797186        1.97413267223650       -2.00622709580368
B            1.16088588019209        2.28509591115972       -4.19058633116073
N           -4.16223068343323        0.83090731445626       -0.09719124686241
B           -1.22700155111010        2.47414342498407       -2.75921647217747
N           -2.27344001053667        1.94743736437782       -1.98752292201815
B            3.07013720797167       -2.64798100932023        1.06583269804178
N            2.38083260804557       -3.66533067275626       -0.53676070993826
B            2.14222938691426        0.52503557315935        3.26017626449192
N           -2.13333302271573        0.58680503292578        3.91214820102893
B           -1.07221786443037       -4.17964681712961       -0.12282570666656
N           -3.17484720990816        0.04695088388329       -0.68169081875443
B            3.47789268029517        1.26477925485274       -0.01303814857853
N            2.52666934290938        1.61993084060498        2.40866532529412
B            1.59851443536289       -1.53032789124924       -3.09482113411112
N           -2.18428999497298        1.73788182297389        3.08257557153388
B            2.15634413255988        0.73393794996252       -2.75671763710546
N           -2.78811794333466       -1.35879615221880        2.59942985642446
B            0.81593303489592       -0.50818319257519       -4.08497741249416
N           -0.11043777882223       -3.74940462569056       -1.00486017404830
B            0.38916099663324       -2.12807588571130        3.81054273429398
N           -0.69954066814462       -1.23114529830411        4.16550392058142
B           -3.25142161803315       -1.46171381367642        1.26390033365134
N            2.59928670946412       -0.87116790979433        3.07984238909454
B            1.88935376111764        3.33954720279909        0.35817203915211
N            2.91582637164268       -2.32470669283812       -0.33260393337820
121
 energy: -221.904950774928 gnorm: 0.002392650657 xtb: 6.7.1pre (5071a88)
N            7.27236397288801       -1.88632487334047        6.87423716326717
C            6.19197235592153       -1.27652898713532        6.31898285096795
O            5.92434427008215       -1.40168972539276        5.14229862827394
C            5.37554636405419       -0.45619268570825        7.25884342540703
C            5.92894329708249        0.21460767816281        8.34467362159325
C            5.11342871870798        0.97283626980984        9.16601084318985
C            3.75440046605453        1.05441478402851        8.92080275068076
C            3.18402056237363        0.39336521031638        7.83720568911885
C            4.01146513193447       -0.35002834416097        7.00804290655782
C            1.70874534616549        0.46365274053278        7.56241559402263
C            1.17564875809674        1.90899616017919        7.46978399878364
C            0.29768844839289        2.25995608250183        8.66497311095564
C           -0.87586801890343        1.28645542168864        8.76550990721311
N           -0.48489644399883       -0.06889130776376        8.41174422714857
C           -1.38438294871432       -1.06123810664972        8.95158797819089
C           -2.77310119483943       -0.85428369141130        8.40982491686676
C           -2.91982174136142       -0.59450191056204        7.03092185611972
C           -4.14654570168241       -0.36759430918915        6.47947092468338
C           -5.30417301325080       -0.39515300460902        7.28767688230247
N           -6.50354002682274       -0.15749649129124        6.72382599541220
C           -7.56562582283669       -0.17317723292801        7.47908819319942
C           -7.54381908727613       -0.42659600202656        8.86113238200670
C           -6.33790563768597       -0.67751394758089        9.45882312075718
C           -5.16526384786901       -0.66819857195862        8.67812690445973
C           -3.88061553757227       -0.89369658776254        9.21213323417681
C            0.91818497444360       -0.32627171503314        8.62206461427877
H            7.82619025521409       -2.48928548010142        6.28964991780965
H            7.44538210330488       -1.88110499274102        7.86203208865136
H            6.99220184121720        0.17863675661351        8.53406532830422
H            5.54193385088897        1.50513288492617       10.00312342074538
H            3.13413403847465        1.65098630091899        9.57241173291148
H            3.61012520241911       -0.86090429684294        6.14579312098920
H            1.51560938258682       -0.02570621745923        6.60981343421150
H            0.57801214246636        2.00439809361119        6.56423633571574
H            2.00845597473933        2.61059045498550        7.40092185060456
H            0.88577663929223        2.23095830520739        9.58443170873609
H           -0.08969894404388        3.27458078984906        8.55949948357456
H           -1.29394846913637        1.32348484064848        9.78830288910505
H           -1.66620349365587        1.59282826469403        8.07318431612079
H           -1.02600593439950       -2.04669224440968        8.63478626483935
H           -1.41298195146504       -1.05013125674804       10.05966280328509
H           -2.02621760595846       -0.56048620299894        6.43150502120170
H           -4.25493155020150       -0.15735470390212        5.42787181227350
H           -8.50359583521085        0.02554883801042        6.97537496586703
H           -8.46230790464777       -0.41945218318784        9.42850644211795
H           -6.26925518927267       -0.87960195730594       10.51946729902824
H           -3.78964937245191       -1.09155020826807       10.27222499321067
H            1.25568518260871       -0.06671616011167        9.64179562402110
H            1.10718036441022       -1.39307295841266        8.47927077287208
B            3.42196891069552       -1.46516538934590        2.12541015559188
N            3.42597289886792        1.12188287050192        1.44737489133203
B            2.59870825754133        2.37376763303790       -0.77227262863964
N            2.40095765140228       -0.62268701001299       -2.27010692696199
B            0.61174244817313       -3.57970098666289        3.08465197391542
N           -2.98732930546387       -2.66734642223756        1.96904675548969
B           -1.09146196248674        4.07223123562478        2.20416563818402
N           -0.46856546467318        0.04422239582349       -3.57860280828527
B           -0.31741114150570        1.47304585685811       -3.71218391982161
N            1.28487411511589       -3.77177365340041       -1.33720198173542
B           -3.81376133444533        2.21264651166156       -0.23156881695294
N           -2.71769870026350        2.77212796747603       -0.90745915670045
B            1.58921668134786        0.85153368434963       -4.44803733394201
N           -0.32603879601612        3.34616423036957        3.23294286145783
B            1.01103705848189       -2.85939753607425       -2.41633421066539
N           -0.44531673303467        3.77397256216112       -0.61827327858168
B           -0.91269113153361        2.16118608295006        3.64906455124627
N            1.54881769957564       -1.29954599280691        3.93630047303145
B           -0.15335160800089        3.48538319086215       -1.98028694042961
N            1.18971290713492        0.04365341019606        4.24470274604327
B           -1.47567322684713       -0.53949534040848       -2.75992664764760
N           -3.84672002969627        1.76938018280767        1.08976956914577
B            0.30640823170366        4.48754195883282        1.60893380128824
N           -0.10331895756200       -0.04611808411104        4.83037807479644
B           -2.75306873462922        2.21597181442123        1.90178312501196
N            3.80967373940946       -0.12592649477597       -0.25208305652567
B           -2.27312790304966       -3.64535316097772        1.28646125201253
N            0.98596224280173        3.71790237899675        2.68073397050857
B           -1.92492987687115       -0.79985007430394        3.52287476111497
N           -2.40476463513644       -3.59908839411860       -0.17776465438153
B            3.08385212093292       -1.06288818439833       -1.01951557999184
N           -3.13235448148025       -1.25139377469861       -0.12218712359942
B            1.98790677303387        2.90980992184124        2.03530396016279
N           -0.40787963420263       -2.88394281777543       -2.08610655798346
B           -1.57142820296400       -2.09653686826595       -2.18043057966884
N            0.60452462860987        3.96569553776200        0.32054128039312
B            1.21369672612795        2.98048073358709       -2.73759851154318
N            0.03284997326613       -4.37036025000320        2.07693977009206
B           -1.75760893991532        3.45520548569994       -0.06485930575625
N           -2.03706383221253        3.41113174005630        1.36585344143100
B            1.42887871876638       -4.22123625227423        1.90417610953383
N           -0.93606531687247        1.03504726392189        4.55338384021643
B           -2.61021526937004       -2.39487532367671       -0.90223849886525
N           -1.09328004771281       -4.48928446765180        1.30611340375560
B           -2.41630619149609        0.50508543291200       -1.80969831348199
N            2.35124657796166       -3.88839721323140        0.89310322888655
B            3.89993439419285       -0.20549455705329        1.24455081994809
N            2.02827799642049        1.97430745499931       -1.99837259481642
B            1.17443023515859        2.28533620591635       -4.18474512015971
N           -4.15964610598353        0.83127604818747       -0.10588116076865
B           -1.21704728633508        2.47452922987642       -2.76013551266196
N           -2.26579682291159        1.94794479708544       -1.99154720153984
B            3.06907931806097       -2.64839451463879        1.07523580335996
N            2.38393318197909       -3.66583036429837       -0.52906147091560
B            2.13556426554744        0.52404600175194        3.26845703345400
N           -2.14115059946064        0.58651787246248        3.91063912956491
B           -1.07008906178431       -4.17982667817596       -0.12417220902524
N           -3.17091064311930        0.04728428256062       -0.68851884365109
B            3.48190077266351        1.26513292120148       -0.00239256459804
N            2.52143370508709        1.61876516967505        2.41723123965136
B            1.60821754250514       -1.53027496736153       -3.08935397811817
N           -2.18885193640746        1.73672826016622        3.07943173041161
B            2.16625520173322        0.73424097324724       -2.74893925481095
N           -2.79132239791126       -1.35825682300960        2.59426073807494
B            0.82841940348080       -0.50788815088906       -4.08133090240958
N           -0.10620119175804       -3.74963474591888       -1.00394467372573
B            0.38120898904482       -2.12885587383860        3.81405085713379
N           -0.70811763852289       -1.23181210124614        4.16712523103086
B           -3.25065432343253       -1.46061654097931        1.25734648864423
N            2.59311453813821       -0.87199727419980        3.08870456618001
B            1.89170070005539        3.33945649841611        0.36555189437823
N            2.91865648948696       -2.32536703514936       -0.32360819290716
121
 energy: -221.905027550770 gnorm: 0.002830663078 xtb: 6.7.1pre (5071a88)
N            7.26464741343260       -1.88059932081659        6.84474602353998
C            6.18759332414201       -1.26484664002936        6.28956461561264
O            5.92941890788900       -1.37338655913473        5.10853132730068
C            5.36695726611363       -0.45646224161739        7.23673958248301
C            5.92475523154820        0.21194342781018        8.32207732486344
C            5.11239429674954        0.96502034723276        9.15114162406233
C            3.75177871876090        1.04318320507073        8.91379705059591
C            3.17668638418140        0.38287696321602        7.83212670385168
C            4.00097144044837       -0.35491988229066        6.99442572313345
C            1.69955201512149        0.45280882467536        7.56953714471414
C            1.17044549046505        1.89939310113131        7.46956595746404
C            0.30345729099554        2.26228874706451        8.66972700100391
C           -0.87364245878150        1.29451569617128        8.78413056909243
N           -0.48794377257207       -0.06403790972709        8.43959653103884
C           -1.39122782204787       -1.05120217772297        8.98069563702605
C           -2.77603332260645       -0.84692191772665        8.42706088482966
C           -2.91144586962556       -0.59169026788211        7.04629381174814
C           -4.13424775859080       -0.36884912079215        6.48419716873761
C           -5.29801992889576       -0.39715565832179        7.28317131578238
N           -6.49346717236404       -0.16530382587548        6.70740631323953
C           -7.56209441642318       -0.18257463839081        7.45287844684607
C           -7.55138538940411       -0.43085812593444        8.83653647288416
C           -6.35006613616070       -0.67479636105695        9.44607457022776
C           -5.17051122422171       -0.66469446333991        8.67553109901454
C           -3.88978165983841       -0.88515775674409        9.22088136624277
C            0.91490967110905       -0.32449722465096        8.64344951977277
H            7.82732463633227       -2.47194538490414        6.25583759565306
H            7.42846379187019       -1.89006094314630        7.83460968500822
H            6.98942710378241        0.17784006821821        8.50417076624661
H            5.54422899349595        1.49616358156398        9.98734181124084
H            3.13347014186760        1.63705528904564        9.56991465296925
H            3.59522352450413       -0.86398012642219        6.13304939619649
H            1.49565780024574       -0.04451206134391        6.62317805031414
H            0.56594903835075        1.99015840898066        6.56801536444435
H            2.00518756244781        2.59767161905460        7.38870118894746
H            0.89859829028917        2.23452714043837        9.58442939731536
H           -0.07926397580453        3.27816236685091        8.56222068614003
H           -1.28727737262268        1.34177052028181        9.80859856098929
H           -1.66581466659961        1.59833452110542        8.09279571468181
H           -1.03188752362335       -2.03925047060432        8.67318463082735
H           -1.42800912466315       -1.03263925136320       10.08841481980907
H           -2.01275662793543       -0.55784029674537        6.45438699629989
H           -4.23578495636308       -0.16154650864671        5.43148130151882
H           -8.49646249267635        0.01077308596056        6.94018263768636
H           -8.47479989503964       -0.42552760906402        9.39601663504157
H           -6.29021433241302       -0.87195402377989       10.50833101509980
H           -3.80706767388265       -1.07891187729002       10.28232704533160
H            1.26090037167394       -0.05564219609577        9.65800970450343
H            1.10009536419465       -1.39333760973912        8.51066829085313
B            3.41856775896114       -1.46572529598171        2.13605214682826
N            3.42117113755611        1.11994900812749        1.45700780428259
B            2.60673180808991        2.37522426949929       -0.76379692154995
N            2.40913936883867       -0.62286952930002       -2.26265166857178
B            0.60476730720817       -3.58012151793505        3.08759914313739
N           -2.98804598156323       -2.66624096101173        1.96179793974944
B           -1.09377326699010        4.07102243932773        2.20295774022849
N           -0.45627336952159        0.04419297175010       -3.57889402604257
B           -0.30387883656853        1.47307195666693       -3.71147430605243
N            1.29033630425605       -3.77149418542174       -1.33266716353519
B           -3.80960015230173        2.21298987655565       -0.24029377197185
N           -2.71168072175188        2.77226993709818       -0.91330169118768
B            1.60402014809859        0.85168753877721       -4.44203361490443
N           -0.33100066636833        3.34490197480248        3.23365329092695
B            1.01958590957092       -2.85931573715583       -2.41251724346530
N           -0.43987984634809        3.77384033551427       -0.61751473635215
B           -0.91886788596336        2.16013792275265        3.64856590516581
N            1.54013637261131       -1.30044795179111        3.94193558359600
B           -0.14416420659083        3.48513779291351       -1.97867119295523
N            1.18061985554203        0.04277771576393        4.25002812370832
B           -1.46565960664285       -0.53940626823926       -2.76295810563134
N           -3.84589010910070        1.76886712906940        1.08071352825644
B            0.30558240239239        4.48727165602078        1.61181374811626
N           -0.11376766405255       -0.04682520837716        4.83310503575840
B           -2.75445707062852        2.21480249975610        1.89598498270249
N            3.81181571791390       -0.12641529798515       -0.24105501207442
B           -2.27424860014466       -3.64562645233232        1.28146524223402
N            0.98228129033935        3.71777635612620        2.68565572543693
B           -1.93187909114973       -0.79998604959183        3.52067780697197
N           -2.40200861056416       -3.59883463859497       -0.18318586925049
B            3.08847877665265       -1.06329411091443       -1.01011011919760
N           -3.12908075934654       -1.25082030513386       -0.12946634040098
B            1.98553401010949        2.90952991158732        2.04260386859014
N           -0.40040306250364       -2.88425417266488       -2.08646951645542
B           -1.56350479781693       -2.09661312687775       -2.18393097245808
N            0.60747735746225        3.96555737975795        0.32419553357189
B            1.22518525662502        2.98021395158010       -2.73179217634845
N            0.02900644611765       -4.37083081759014        2.07812112694962
B           -1.75365272576430        3.45480050004734       -0.06787009182296
N           -2.03690057326837        3.41000178355478        1.36204243602197
B            1.42549352744460       -4.22127611983466        1.90941444506788
N           -0.94597130504888        1.03482088216353        4.55468384975731
B           -2.60549703104010       -2.39474351708682       -0.90827652289162
N           -1.09479691913941       -4.49029764290029        1.30396660393825
B           -2.40869996274721        0.50538979386977       -1.81534124486235
N            2.35050418604257       -3.88852150993020        0.90078109608329
B            3.89824678713178       -0.20615597779325        1.25605430471936
N            2.03861444356621        1.97448042792853       -1.99075587119563
B            1.18926110310959        2.28543138856923       -4.17923623165831
N           -4.15653300591044        0.83173899401176       -0.11581683083630
B           -1.20590777455485        2.47470642541942       -2.76177755310921
N           -2.25713280099895        1.94830726334928       -1.99646643173500
B            3.06838015176321       -2.64872485348046        1.08461708548677
N            2.38732505616454       -3.66627090824557       -0.52129552264619
B            2.12893651605048        0.52332505161666        3.27637755056079
N           -2.14930727214351        0.58651165821896        3.90813928817734
B           -1.06771155899030       -4.18006522729413       -0.12609235042139
N           -3.16642741907239        0.04761603173650       -0.69636996288558
B            3.48672734081776        1.26566700354992        0.00814279169260
N            2.51645545266754        1.61786332644521        2.42548763217597
B            1.61873413925917       -1.53036719672099       -3.08412161874456
N           -2.19320614340451        1.73575075238547        3.07516964159276
B            2.17706173438930        0.73450973305651       -2.74142225231444
N           -2.79480669232133       -1.35763804911149        2.58843965420784
B            0.84187966504295       -0.50791023466088       -4.07821965824874
N           -0.10161118590765       -3.75014932757492       -1.00361977721917
B            0.37276419795372       -2.12948580244753        3.81698535067343
N           -0.71722134485419       -1.23224239120749        4.16857341872629
B           -3.24971671375381       -1.45940398789329        1.24989782411289
N            2.58686054692570       -0.87262998180046        3.09711076869496
B            1.89471686629771        3.33952570227980        0.37253540524732
N            2.92187729501078       -2.32603344946369       -0.31464878634187
121
 energy: -221.905103190253 gnorm: 0.003532358996 xtb: 6.7.1pre (5071a88)
N            7.25846287148658       -1.87324994570058        6.81513616043156
C            6.18394674505045       -1.25247306702001        6.26020803957736
O            5.93469064362629       -1.34463136939635        5.07556671788273
C            5.35892873571038       -0.45660108553809        7.21478582580619
C            5.92129597001675        0.20897072737813        8.29989722116060
C            5.11216958398267        0.95566855432013        9.13751469628268
C            3.74979087303725        1.03049157438391        8.90855874512797
C            3.16989984436808        0.37208591043410        7.82838578080279
C            3.99114160761128       -0.35966100348654        6.98171336528845
C            1.69101979555240        0.44174436471923        7.57654179091703
C            1.16522557261998        1.88934353663610        7.46866423088266
C            0.31253270763631        2.26562961765150        8.67542575761578
C           -0.86900306486423        1.30511317460074        8.80635949206968
N           -0.49169793191505       -0.05647980927439        8.46655610036170
C           -1.39964709205663       -1.03818579523745        9.00833303571706
C           -2.78069224933626       -0.83683072361652        8.44334290452775
C           -2.90641640298863       -0.59104286013817        7.06002946786645
C           -4.12608954960994       -0.37378017479157        6.48831236831649
C           -5.29494947575453       -0.40029617432734        7.27963643560034
N           -6.48731449355622       -0.17482901753596        6.69318151001240
C           -7.56140966729910       -0.19401817018797        7.42992627305014
C           -7.56059424349839       -0.43797477215533        8.81510011393551
C           -6.36324141209084       -0.67238247375915        9.43556002339540
C           -5.17738096845588       -0.65940414365200        8.67414553329433
C           -3.89988185191527       -0.87171748807081        9.23013922821520
C            0.91079640374649       -0.32316250508127        8.66288917674519
H            7.83042298909035       -2.45310807661383        6.22297934607125
H            7.40971175745018       -1.89866862404062        7.80728841805303
H            6.98741454377132        0.17726805686094        8.47410913683742
H            5.54737399089902        1.48489609083306        9.97322177151083
H            3.13414739891659        1.62083418600003        9.57043750158759
H            3.58031530185056       -0.86650339849205        6.12139741382376
H            1.47823818565201       -0.06259750865282        6.63577584501017
H            0.55074220264621        1.97350210511074        6.57295364048221
H            2.00136526638338        2.58430083401277        7.37170095945443
H            0.91676612424272        2.23864138442685        9.58412778901849
H           -0.06446178983498        3.28333486375083        8.56657100704989
H           -1.27391926377356        1.36108268158150        9.83416327865814
H           -1.66553979027966        1.60854873787293        8.11976745428653
H           -1.03985706980678       -2.02897326061264        8.70971505166454
H           -1.44421831289443       -1.01272405650704       10.11577372580136
H           -2.00356131482009       -0.56006629259013        6.47404779479451
H           -4.22251291467746       -0.17307089027471        5.43370361662578
H           -8.49307561857433       -0.00574448204415        6.91012051259481
H           -8.48904310555967       -0.43707318661880        9.36627848867622
H           -6.31033085445673       -0.86470958857700       10.49921581938058
H           -3.82361798065099       -1.05810115711654       10.29347134809209
H            1.26567859427204       -0.04776427191249        9.67260100475587
H            1.08998340982877       -1.39402293679003        8.53814793569087
B            3.41566649132975       -1.46613334809806        2.14618064834429
N            3.41739872612327        1.11840099667167        1.46620343713519
B            2.61486600661253        2.37654872238000       -0.75571996523911
N            2.41754711456265       -0.62305414547931       -2.25547343060111
B            0.59798298573538       -3.58054967189233        3.09021322769909
N           -2.98878471086879       -2.66529519721477        1.95429323751966
B           -1.09576731577648        4.07017794489071        2.20119762198800
N           -0.44386562581134        0.04384587496300       -3.57965718472148
B           -0.28997730878195        1.47274682240734       -3.71106475287328
N            1.29596761037934       -3.77133427038097       -1.32832293459474
B           -3.80519932187384        2.21335505342739       -0.24955496763431
N           -2.70528765586007        2.77237074701339       -0.91953974899953
B            1.61883880234114        0.85166692923580       -4.43635388287631
N           -0.33570538487850        3.34386803131371        3.23367456123908
B            1.02827441780073       -2.85930650346577       -2.40889025971461
N           -0.43415583169036        3.77374393498725       -0.61721525537418
B           -0.92489576630401        2.15940103697391        3.64758335532362
N            1.53137965990414       -1.30104604614939        3.94627515021843
B           -0.13467544201939        3.48489133476639       -1.97750505024450
N            1.17148776205433        0.04221231617594        4.25392264834740
B           -1.45559192026526       -0.53955382593640       -2.76645506815329
N           -3.84500030905449        1.76881428738728        1.07126116683140
B            0.30514555747938        4.48710907139179        1.61417648947304
N           -0.12405461127059       -0.04726814314108        4.83505854574665
B           -2.75582410647285        2.21426071249640        1.88971979124526
N            3.81454727638332       -0.12688541196449       -0.23040461480187
B           -2.27527688815328       -3.64603762996349        1.27633051050024
N            0.97902254964655        3.71783185989990        2.69010957634154
B           -1.93875676197522       -0.79990387345802        3.51777383276460
N           -2.39923134773202       -3.59877010595401       -0.18880466008616
B            3.09340750437062       -1.06360837395154       -1.00100041267866
N           -3.12558440013212       -1.25034283994658       -0.13688844057983
B            1.98363469303849        2.90941956995880        2.04935303975076
N           -0.39276883301167       -2.88473827748233       -2.08710280830729
B           -1.55537372873887       -2.09675020097944       -2.18753065863669
N            0.61071874041516        3.96540528813759        0.32737934713134
B            1.23696303600860        2.97998135941899       -2.72645258638154
N            0.02542643553437       -4.37140890219524        2.07900578901868
B           -1.74946695251864        3.45460934171603       -0.07133626934808
N           -2.03670221762386        3.40945141382737        1.35775284916086
B            1.42236218448819       -4.22137571869342        1.91438317484992
N           -0.95584800924983        1.03474667779771        4.55526463579814
B           -2.60063906798379       -2.39474084737645       -0.91446029207394
N           -1.09608859453138       -4.49120644888771        1.30156409897144
B           -2.40051477617074        0.50552892389279       -1.82104507261484
N            2.35003316912833       -3.88852992833855        0.90826958758968
B            3.89719273072716       -0.20666006996000        1.26709011005055
N            2.04913867000867        1.97462836604856       -1.98358508850828
B            1.20446012049791        2.28542726774397       -4.17413285745398
N           -4.15300696929979        0.83221532908447       -0.12613735192089
B           -1.19431437622068        2.47468474561371       -2.76371745145210
N           -2.24790574634972        1.94844626589476       -2.00156213660882
B            3.06808029241584       -2.64899997704210        1.09368019321098
N            2.39081075967694       -3.66658365666623       -0.51373820001837
B            2.12282677867157        0.52287699682169        3.28360498869670
N           -2.15724517649517        0.58668321267114        3.90460965436306
B           -1.06524590932213       -4.18034103903534       -0.12825493073519
N           -3.16151523510533        0.04788518081280       -0.70429362160887
B            3.49181410995039        1.26620748712750        0.01832911775096
N            2.51222254843182        1.61730898056733        2.43324953636220
B            1.62947753205368       -1.53055270583529       -3.07906534614072
N           -2.19728405200367        1.73510907726889        3.07021495874760
B            2.18804617027175        0.73472747010025       -2.73432259894245
N           -2.79864172835213       -1.35721534497893        2.58251698243349
B            0.85553522166234       -0.50819610633283       -4.07545953922562
N           -0.09691932748261       -3.75086510428403       -1.00359265878377
B            0.36438086660198       -2.12997112574901        3.81922920226638
N           -0.72627782718568       -1.23249239658555        4.16958958930674
B           -3.24911872623984       -1.45845138708399        1.24225545169234
N            2.58095657426217       -0.87308161106271        3.10478357780653
B            1.89805365821509        3.33966012733261        0.37901345682960
N            2.92524050524642       -2.32659061343633       -0.30596389933849
121
 energy: -221.905174626253 gnorm: 0.003723897165 xtb: 6.7.1pre (5071a88)
N            7.25275675973515       -1.86589405443789        6.78478859828394
C            6.17982177536814       -1.24005183093104        6.23152376170047
O            5.93622164119836       -1.31737097218406        5.04478938989196
C            5.35230369276540       -0.45554872125508        7.19372193501685
C            5.91947917536367        0.20659422708315        8.27877827038345
C            5.11360208909716        0.94588731543019        9.12563044259875
C            3.74934569460648        1.01757189443302        8.90562800673560
C            3.16452584320368        0.36249008470870        7.82632005497657
C            3.98284382922410       -0.36274879901057        6.97046826828472
C            1.68407573495496        0.43172750342534        7.58279507289961
C            1.16059256652405        1.87997968544202        7.46731730837671
C            0.32334189079463        2.26970479893922        8.68079142791408
C           -0.86246848740767        1.31679520837920        8.82951729614397
N           -0.49575639484494       -0.04738728643444        8.48930965210825
C           -1.40881547925777       -1.02334423010106        9.03222646576979
C           -2.78641639363072       -0.82520598018891        8.45704573222567
C           -2.90426509929358       -0.59217426809558        7.07077731749558
C           -4.12148187738059       -0.38161794398538        6.49061958100867
C           -5.29461240666290       -0.40444134583860        7.27569565356203
N           -6.48452779811427       -0.18542226181299        6.68029582511488
C           -7.56303587592155       -0.20639861412118        7.40979191363386
C           -7.57068369364442       -0.44696590413361        8.79613907811651
C           -6.37652509739926       -0.67067973848724        9.42605714898554
C           -5.18524309051509       -0.65339666516322        8.67249345406381
C           -3.91030104296252       -0.85558373531149        9.23803863055373
C            0.90632210436293       -0.32264967879147        8.67818574602185
H            7.83077123502110       -2.43722443229736        6.19010931014465
H            7.39109516943484       -1.90690529520491        7.77875604371776
H            6.98699754011595        0.17766378887098        8.44479179723800
H            5.55234019690875        1.47234668641089        9.96123768440602
H            3.13699337480358        1.60331606998247        9.57458527202408
H            3.56670844240360       -0.86686727725136        6.11116057772660
H            1.46543519502436       -0.07785439569984        6.64620468471741
H            0.53475306560103        1.95652353837549        6.57844700714949
H            1.99733921279908        2.57183456931058        7.35261853392679
H            0.93719329386050        2.24422047416663        9.58320021088028
H           -0.04807816815899        3.28928307327593        8.57016936014334
H           -1.25487792146354        1.37867083661139        9.86207721379649
H           -1.66577040571560        1.62190439392773        8.15129105512278
H           -1.04917606127248       -2.01712404346698        8.74260327105988
H           -1.46019396193184       -0.99066780108402       10.13942524260854
H           -1.99817631098227       -0.56577491239453        6.48914346768243
H           -4.21378923581870       -0.19018350824812        5.43355460472532
H           -8.49279091615534       -0.02259751523921        6.88456858308071
H           -8.50389901879760       -0.45198140646926        9.33913481240945
H           -6.32876911753812       -0.85885611780194       10.49081078077768
H           -3.83887705278894       -1.03254425663101       10.30353314672302
H            1.26918795981032       -0.04430109726622        9.68406133268833
H            1.07789201025809       -1.39527552280680        8.55833368719899
B            3.41315718283796       -1.46649286705384        2.15624094888546
N            3.41516650296200        1.11741129906007        1.47574701114129
B            2.62225980357053        2.37738941737727       -0.74742627263221
N            2.42603147785497       -0.62316161115198       -2.24796990925213
B            0.59162869181659       -3.58107224594081        3.09292137750762
N           -2.99014823355519       -2.66481859543035        1.94723919485815
B           -1.09766702083159        4.06983538146584        2.19966730348632
N           -0.43155478946636        0.04330049400745       -3.58003852791815
B           -0.27615660962393        1.47215808777471       -3.71024225236493
N            1.30169653153226       -3.77134621787698       -1.32373086004507
B           -3.80088155445674        2.21374931728227       -0.25851354295349
N           -2.69888623081287        2.77249822606202       -0.92535743708464
B            1.63333971436071        0.85163515953376       -4.43048732048860
N           -0.34038803208142        3.34317061196117        3.23378608207688
B            1.03696264209940       -2.85931316704650       -2.40495464897927
N           -0.42849718304428        3.77370654385572       -0.61667154616068
B           -0.93095676829739        2.15899337835937        3.64668065179096
N            1.52281510067830       -1.30146320970203        3.95008338931664
B           -0.12530590529567        3.48478428641885       -1.97612299541500
N            1.16249349435931        0.04183360432490        4.25705056522446
B           -1.44531577916884       -0.53982518301322       -2.76915445934662
N           -3.84438154730398        1.76933023364780        1.06226841708532
B            0.30488600122176        4.48697907718456        1.61671135408961
N           -0.13407899023043       -0.04757186610810        4.83652114062354
B           -2.75741983980864        2.21448373183211        1.88374591315210
N            3.81789775517855       -0.12731825820822       -0.21950872599609
B           -2.27628828788595       -3.64650581869224        1.27157300132179
N            0.97596628788710        3.71790321924421        2.69467303202840
B           -1.94550327014826       -0.79980222120096        3.51444644950576
N           -2.39651625561826       -3.59886515829028       -0.19405508923770
B            3.09856333267714       -1.06378778404014       -0.99165862706852
N           -3.12204828551302       -1.24999335176260       -0.14375210424409
B            1.98201764389189        2.90931790522272        2.05615373317904
N           -0.38509008989657       -2.88535296515557       -2.08748131063056
B           -1.54726548233915       -2.09708430097695       -2.19077412313132
N            0.61391297700287        3.96517383664383        0.33075505329855
B            1.24852345522343        2.97994153837826       -2.72109013376806
N            0.02214964235604       -4.37206707370173        2.08005243221129
B           -1.74538730780145        3.45469402465225       -0.07448463792123
N           -2.03673895484324        3.40961539681886        1.35377290074924
B            1.41952209009950       -4.22168432085697        1.91940766697762
N           -0.96548108129624        1.03462137185808        4.55518801207240
B           -2.59564486688421       -2.39472521189933       -0.92011674353333
N           -1.09720279385702       -4.49183295977544        1.29947658666544
B           -2.39224380238148        0.50560769313912       -1.82611867830191
N            2.34986670637228       -3.88856714594883        0.91588207043893
B            3.89677608078908       -0.20706168050632        1.27823162362229
N            2.05915538438518        1.97474719976374       -1.97638809178897
B            1.21954341976906        2.28548005063985       -4.16893280997339
N           -4.14928284935826        0.83268350273668       -0.13598806121807
B           -1.18266678465802        2.47452833885909       -2.76519885100740
N           -2.23853950553178        1.94844880095285       -2.00605329335676
B            3.06804486096485       -2.64929721409668        1.10286782257413
N            2.39433712801818       -3.66675802976091       -0.50606997311457
B            2.11728203369978        0.52256015866533        3.29059802235147
N           -2.16481469025458        0.58681546044019        3.90037673285199
B           -1.06275509033174       -4.18058599768445       -0.13013120928017
N           -3.15640957809830        0.04813690249112       -0.71143933478436
B            3.49655480427904        1.26654936326878        0.02877465981369
N            2.50882340001920        1.61701943014210        2.44112206813927
B            1.64023255491351       -1.53069553892118       -3.07360903391985
N           -2.20139304166806        1.73483765372106        3.06529626982955
B            2.19877524066456        0.73491032489022       -2.72710741455671
N           -2.80301311575906       -1.35723046352901        2.57701807124928
B            0.86910795198990       -0.50856325960907       -4.07241710348812
N           -0.09216621316613       -3.75156183363898       -1.00321276593325
B            0.35626331848996       -2.13041198455686        3.82121927773206
N           -0.73511417176536       -1.23274159966237        4.17021996276470
B           -3.24931529662177       -1.45801765043354        1.23506698539580
N            2.57548193913896       -0.87348616943511        3.11230822712343
B            1.90130485592570        3.33971230921785        0.38561523394656
N            2.92857070704823       -2.32695891287571       -0.29707706796347
121
 energy: -221.905247530276 gnorm: 0.003369966620 xtb: 6.7.1pre (5071a88)
N            7.24633482216549       -1.85914310327039        6.75277730030729
C            6.17443459936480       -1.22700869261673        6.20330643571912
O            5.93255517475253       -1.29047216355309        5.01596290008726
C            5.34719106928564       -0.45244857821952        7.17381668681218
C            5.91918426607344        0.20539108012695        8.25911786544197
C            5.11632317123087        0.93604995941810        9.11583110873902
C            3.75021825405687        1.00447545690025        8.90521941665985
C            3.16056454386983        0.35429872997709        7.82588184557085
C            3.97624597086922       -0.36341063361129        6.96060540632292
C            1.67876207091209        0.42260027018921        7.58800896965600
C            1.15660564336289        1.87107601180060        7.46525897604247
C            0.33524777517141        2.27420305954632        8.68496160703583
C           -0.85407790150211        1.32867746663536        8.85307861293835
N           -0.50009162537473       -0.03747191892042        8.50715605930479
C           -1.41865244095293       -1.00700105593644        9.05245768030709
C           -2.79313523190447       -0.81231291046819        8.46848378535973
C           -2.90482909414903       -0.59401116982970        7.07921155223991
C           -4.12006893009242       -0.39153827864289        6.49166909136504
C           -5.29687751420981       -0.40980026937844        7.27143926790014
N           -6.48478782827757       -0.19827444655149        6.66868349881956
C           -7.56679032123704       -0.22061529713137        7.39242200834956
C           -7.58129344698960       -0.45707095031255        8.77967158234485
C           -6.38952499904861       -0.66896367936236        9.41760581600764
C           -5.19390188350657       -0.64698466189101        8.67064348092830
C           -3.92098157277861       -0.83771648332414        9.24449719454661
C            0.90144778871791       -0.32338648796086        8.68898316089007
H            7.82526742466193       -2.42619418226421        6.15546469075460
H            7.37314640950505       -1.91555048941373        7.74773466544951
H            6.98796220618785        0.17962459330229        8.41684742528131
H            5.55861392300511        1.45885155573870        9.95179044783033
H            3.14141703873113        1.58412004140882        9.58251819332553
H            3.55521121281809       -0.86408246128879        6.10184172484302
H            1.45752043437612       -0.09065298605470        6.65409275195010
H            0.51893778494207        1.93940604667422        6.58389212978965
H            1.99318371249048        2.55991955916042        7.33221132711561
H            0.95882331720999        2.25189677755642        9.58098188000885
H           -0.03138461512335        3.29533032629440        8.57124268609803
H           -1.22965704755420        1.39310951414941        9.89195420283786
H           -1.66691490297650        1.63733654415769        8.18749944130692
H           -1.06009166478230       -2.00413147963672        8.77254584646264
H           -1.47558589939795       -0.96594272214791       10.15927904714704
H           -1.99637956698751       -0.57270570660214        6.50066514105855
H           -4.20863906626819       -0.21128108716824        5.43195026903966
H           -8.49520588033247       -0.04177925638505        6.86278180264778
H           -8.51858691860709       -0.46826664728796        9.31514470609578
H           -6.34549715779497       -0.85276985029994       10.48330990802102
H           -3.85321640292264       -1.00393861739530       10.31216304354775
H            1.27111593256482       -0.04563429076527        9.69222333496124
H            1.06388738154863       -1.39751674778361        8.57071624450282
B            3.41091881182499       -1.46686858847908        2.16649087841910
N            3.41461661640739        1.11697102524832        1.48599417725956
B            2.62886914720683        2.37762488567347       -0.73871784742058
N            2.43484188234907       -0.62321408588487       -2.23993218591521
B            0.58573960060579       -3.58165927530715        3.09579877191951
N           -2.99231789129421       -2.66484770404825        1.94062991272195
B           -1.09951698009986        4.06999793944667        2.19836264006505
N           -0.41913725439317        0.04272181128318       -3.58005872383350
B           -0.26221725544626        1.47149362849238       -3.70900687356647
N            1.30767595340625       -3.77150461061350       -1.31875619099074
B           -3.79653027105694        2.21419000514639       -0.26727050420538
N           -2.69238856350489        2.77270304342717       -0.93083256301816
B            1.64785098360550        0.85154596284235       -4.42431806984005
N           -0.34516293933046        3.34284494824901        3.23406919480407
B            1.04585948740296       -2.85933719792693       -2.40059854667766
N           -0.42282559811580        3.77371486580179       -0.61586680313177
B           -0.93717314066493        2.15892623613903        3.64580015262214
N            1.51441840520491       -1.30172330726355        3.95370524726096
B           -0.11593450570156        3.48479975563682       -1.97449156543044
N            1.15357872993245        0.04161609366436        4.25969013982156
B           -1.43503511453615       -0.54007983608999       -2.77159380780723
N           -3.84399623543778        1.77039773903239        1.05359258217114
B            0.30477968972458        4.48686382998619        1.61945938272701
N           -0.14393996338990       -0.04771863826922        4.83749115605818
B           -2.75921891324639        2.21542794529389        1.87796911220459
N            3.82195939365270       -0.12775128468675       -0.20804047437321
B           -2.27722018769134       -3.64691259662225        1.26714402480422
N            0.97298802178745        3.71792583681524        2.69937369471801
B           -1.95215556435368       -0.79973328371974        3.51066095994133
N           -2.39373713501121       -3.59906337857484       -0.19893950652202
B            3.10410598674112       -1.06386675751215       -0.98184833647039
N           -3.11839668881732       -1.24976646033648       -0.15010300847561
B            1.98060375329492        2.90915119645804        2.06314275028041
N           -0.37708503069106       -2.88579785998092       -2.08729925818527
B           -1.53879441445237       -2.09716160112212       -2.19327780988181
N            0.61708057557482        3.96485755443829        0.33437734451949
B            1.25999526439431        2.98004958160762       -2.71563606033298
N            0.01917193972911       -4.37271903299972        2.08133428226088
B           -1.74135327448556        3.45507112417934       -0.07735610339323
N           -2.03695243387746        3.41044031085751        1.35004242700853
B            1.41697350252344       -4.22220956979571        1.92456976214516
N           -0.97487477184901        1.03444305073317        4.55429182192609
B           -2.59047163373138       -2.39466311084409       -0.92525605494631
N           -1.09812030014031       -4.49209660950000        1.29777422469995
B           -2.38347654991576        0.50565091289120       -1.83046225155109
N            2.35005562677129       -3.88872425047048        0.92373091158027
B            3.89700315013567       -0.20744125888609        1.28980716084277
N            2.06872693437245        1.97480167824871       -1.96901993260197
B            1.23480009615946        2.28556005358710       -4.16355298746653
N           -4.14523332526225        0.83315238160796       -0.14552214638221
B           -1.17088550758114        2.47433113391377       -2.76627544139661
N           -2.22886753030593        1.94835341923148       -2.00995674271280
B            3.06819109255350       -2.64965367177988        1.11240316742020
N            2.39803750839242       -3.66683338464229       -0.49816227229613
B            2.11219945796246        0.52232257827089        3.29752804887266
N           -2.17205612799230        0.58689150898989        3.89542482894251
B           -1.06012038480664       -4.18075908446411       -0.13166743728270
N           -3.15088300425951        0.04839558224292       -0.71781705978748
B            3.50089847718020        1.26658173460635        0.03972626478667
N            2.50620992109169        1.61692417874738        2.44930241089082
B            1.65125400604097       -1.53078830206398       -3.06756562761549
N           -2.20570743405537        1.73494768186804        3.06041587333630
B            2.20946771563634        0.73502496984562       -2.71959012154495
N           -2.80793852605263       -1.35768990347576        2.57185300143739
B            0.88288529005390       -0.50895342795542       -4.06885273035563
N           -0.08718013096161       -3.75212799858375       -1.00231594100739
B            0.34838942709235       -2.13080383026444        3.82307958201040
N           -0.74377304960115       -1.23301123331644        4.17034446310778
B           -3.25027178542338       -1.45809692043706        1.22826304606498
N            2.57037544315907       -0.87388895665864        3.11998348057351
B            1.90445234331629        3.33961909757393        0.39248730450226
N            2.93194516715183       -2.32714195708568       -0.28776741804211
121
 energy: -221.905280491259 gnorm: 0.001690941609 xtb: 6.7.1pre (5071a88)
N            7.24425923629291       -1.85992253759889        6.74862756906566
C            6.17238468566727       -1.22551571389184        6.20267894526168
O            5.92644138728474       -1.28857033536425        5.01698676879320
C            5.34781489415269       -0.45085044868394        7.17459426852356
C            5.91985043998843        0.20642147746818        8.25985069596568
C            5.11674184597013        0.93604019887454        9.11709889373873
C            3.75073379710586        1.00374843691652        8.90703404779490
C            3.16108408150183        0.35454667489598        7.82707491599733
C            3.97691762487280       -0.36194521999898        6.96145082024388
C            1.67923567025552        0.42217029153303        7.58787012758118
C            1.15669451216322        1.87034473635268        7.46466460500568
C            0.33548906547830        2.27416879111581        8.68364118913337
C           -0.85307304741227        1.32830093962812        8.85375056107487
N           -0.50034468408937       -0.03759193635449        8.50557257092879
C           -1.41924151929435       -1.00599020112626        9.05265893756800
C           -2.79382199648170       -0.81155537633656        8.46914987121703
C           -2.90581768116672       -0.59337095395257        7.07996464197370
C           -4.12082809643993       -0.39225587719793        6.49218358256733
C           -5.29790382150322       -0.41101716642596        7.27154278511589
N           -6.48555093445326       -0.20161547480649        6.66887519298096
C           -7.56750564639976       -0.22308353897550        7.39316109081211
C           -7.58188008728810       -0.45714156732879        8.78037807255101
C           -6.38990545960063       -0.66806350119641        9.41816796476231
C           -5.19454164323479       -0.64698581711552        8.67104748003428
C           -3.92163738320434       -0.83742558711302        9.24473869112269
C            0.90101841178971       -0.32440438555996        8.68772863935239
H            7.81800096824674       -2.43008031820702        6.15003177523332
H            7.37498371167292       -1.91671686198038        7.74216125024076
H            6.98853654655069        0.18113629297198        8.41732774706218
H            5.55904895645359        1.45830591896976        9.95327877925577
H            3.14181462720858        1.58198679044823        9.58507513849111
H            3.55656882124639       -0.86184116718780        6.10194669760573
H            1.45955619329829       -0.09119429860899        6.65348389381511
H            0.51929076899705        1.93846189306722        6.58359135708180
H            1.99301091347720        2.55885457738930        7.33162872332757
H            0.95914209538175        2.25393970909855        9.57958931765663
H           -0.03208667837848        3.29484906461652        8.56802126161454
H           -1.22572379053048        1.39104291253298        9.89374743227307
H           -1.66781997945906        1.63762001947591        8.19093799562239
H           -1.06135041335652       -2.00349513222168        8.77436088814069
H           -1.47577972108906       -0.96281566639136       10.15919195584308
H           -1.99752085731308       -0.57108354052852        6.50138190352332
H           -4.20836243765384       -0.21277998976828        5.43254198271474
H           -8.49560495709974       -0.04647372812089        6.86283369835575
H           -8.51879246215281       -0.46696449430824        9.31655269217651
H           -6.34616939416151       -0.85076397909078       10.48388853160411
H           -3.85418773462259       -1.00332417889874       10.31227674553237
H            1.27017386371268       -0.04769369193918        9.69141561841231
H            1.06260432979892       -1.39845321365992        8.56828249721895
B            3.41096020265665       -1.46705558332054        2.16650883807312
N            3.41562765297200        1.11707854771112        1.48646390855498
B            2.62860923633661        2.37722618774212       -0.73852731081903
N            2.43521041932244       -0.62314674968876       -2.23974962231565
B            0.58602551083734       -3.58167172079967        3.09565286626887
N           -2.99272017918081       -2.66491435193543        1.94061293655385
B           -1.09915558273738        4.07026768478257        2.19846701745668
N           -0.41872206509277        0.04301938649755       -3.57981922680250
B           -0.26190658683146        1.47176605407849       -3.70886230564953
N            1.30789766159945       -3.77153143558013       -1.31881777563048
B           -3.79618173425019        2.21452908397182       -0.26723407281711
N           -2.69203880524447        2.77304594519773       -0.93074055341489
B            1.64819245215483        0.85165461675208       -4.42427292603002
N           -0.34493575345492        3.34301712660719        3.23417619417580
B            1.04612404432072       -2.85923052003885       -2.40059158105049
N           -0.42244922262155        3.77385810181678       -0.61575537842568
B           -0.93701398948700        2.15908662808943        3.64568417027442
N            1.51466286274714       -1.30178375932723        3.95377079542820
B           -0.11558637822569        3.48504695105702       -1.97438832127981
N            1.15383786563623        0.04155986202660        4.25964612152422
B           -1.43455554114399       -0.53972940172217       -2.77127863088071
N           -3.84382647339172        1.77087604056723        1.05361176104448
B            0.30519152415413        4.48686693990336        1.61958653998161
N           -0.14369035513921       -0.04769031307056        4.83714633971155
B           -2.75897665736668        2.21583503711305        1.87794805539530
N            3.82240654001898       -0.12785199271415       -0.20775405067040
B           -2.27699017629267       -3.64646077831130        1.26691784636870
N            0.97326764326408        3.71778548362432        2.69939930814522
B           -1.95192542445210       -0.79973956328498        3.51030977263711
N           -2.39351045263043       -3.59874638179719       -0.19906777520734
B            3.10441360537934       -1.06386780599400       -0.98170081496072
N           -3.11813921501499       -1.24950170482988       -0.15004897226716
B            1.98092741686122        2.90898966280750        2.06325702230251
N           -0.37676142301605       -2.88551747673666       -2.08724453871589
B           -1.53845109231317       -2.09686768601556       -2.19324726189627
N            0.61740308114783        3.96485953436927        0.33450031663969
B            1.26024200326193        2.98021503273624       -2.71564530437184
N            0.01928320651174       -4.37259859459465        2.08120296621210
B           -1.74100142229891        3.45534836690706       -0.07726276474093
N           -2.03661735868979        3.41078231409331        1.35010151905412
B            1.41708330972061       -4.22232768120229        1.92436941702058
N           -0.97445240148190        1.03440162983453        4.55368718058581
B           -2.59010565213939       -2.39422309761182       -0.92523451039997
N           -1.09804922041502       -4.49176300668438        1.29771485385685
B           -2.38317623102088        0.50597792253468       -1.83033233871397
N            2.35021861100633       -3.88891066273912        0.92357514769664
B            3.89735940826509       -0.20763204579394        1.29003176378747
N            2.06868618207190        1.97480948750120       -1.96897726327525
B            1.23518476900834        2.28569888048285       -4.16350924329489
N           -4.14486323715823        0.83348115102543       -0.14551827127298
B           -1.17054301377318        2.47459278941184       -2.76613112904285
N           -2.22852103863858        1.94865775403599       -2.00979312297832
B            3.06816992239330       -2.64978127358883        1.11242241871833
N            2.39820996342085       -3.66684993879910       -0.49829010519697
B            2.11251602047432        0.52220996119336        3.29749416689555
N           -2.17166764585275        0.58690676609549        3.89502582348899
B           -1.05994418530926       -4.18053197803421       -0.13176778941740
N           -3.15050381603672        0.04873514284237       -0.71761109203181
B            3.50076785630947        1.26626637135599        0.03994175693606
N            2.50674085807977        1.61682634028414        2.44946692705456
B            1.65156885073890       -1.53063721123503       -3.06741963071673
N           -2.20566575580538        1.73520497409902        3.06038803997102
B            2.20966068207077        0.73504751792602       -2.71946809985750
N           -2.80801128848554       -1.35773275300247        2.57175533907319
B            0.88322968148659       -0.50875613979625       -4.06867830146389
N           -0.08693475693519       -3.75181755251771       -1.00223400738396
B            0.34862363490645       -2.13082157282974        3.82294298789104
N           -0.74352574598164       -1.23306372859717        4.16987135246325
B           -3.25039671591397       -1.45806520372017        1.22821408896280
N            2.57060460061832       -0.87404710923982        3.12009454920718
B            1.90466204852394        3.33948931733687        0.39265455722427
N            2.93200024336875       -2.32709064469589       -0.28769338557289
121
 energy: -221.905332319834 gnorm: 0.003258904948 xtb: 6.7.1pre (5071a88)
N            7.23545740054726       -1.86330687560039        6.72821997680776
C            6.16152872422749       -1.22108061847614        6.19723617553521
O            5.89910036121726       -1.28064696563123        5.01600179717539
C            5.35009119707505       -0.44377101995909        7.17651481216000
C            5.92261173831186        0.20963062760964        8.26285429555401
C            5.11826371527161        0.93446835214728        9.12343952489616
C            3.75217488900501        0.99999740155433        8.91580011043794
C            3.16251756998576        0.35564277605451        7.83265509914716
C            3.97908761701597       -0.35473502622798        6.96427874286177
C            1.68088262158847        0.42048403920702        7.58788735628637
C            1.15719421353546        1.86743532408958        7.46107552514962
C            0.33691551378106        2.27495268277241        8.67809501720193
C           -0.84873866580911        1.32750033304281        8.85835300469460
N           -0.50196850269499       -0.03735947796812        8.49956881261958
C           -1.42192832378132       -1.00131709748942        9.05428770247848
C           -2.79681759685946       -0.80794735927251        8.47211537468123
C           -2.91010236724707       -0.59047487083396        7.08285943267456
C           -4.12498792733591       -0.39600523835340        6.49399144186957
C           -5.30324173880939       -0.41756907394933        7.27206417396087
N           -6.49060800740905       -0.21783361022565        6.66954163811402
C           -7.57251758664295       -0.23650504453085        7.39575325646494
C           -7.58522428882498       -0.45792720402049        8.78370026397655
C           -6.39187737739480       -0.66428371746201        9.42123637260358
C           -5.19779561609515       -0.64755180522457        8.67313483462603
C           -3.92459458647132       -0.83555323541883        9.24661554881501
C            0.89870465528817       -0.32863313345731        8.68277317971780
H            7.78848037440080       -2.44584575109102        6.12276079071209
H            7.38383505519079       -1.92140040567419        7.71768927740203
H            6.99118576763501        0.18526999104644        8.41965116818857
H            5.56077247703376        1.45422379877378        9.96094311302599
H            3.14271583531578        1.57230176854499        9.59779512809793
H            3.56142460192096       -0.85127388856661        6.10164368491954
H            1.46846411850824       -0.09316434467708        6.65158486419152
H            0.52017941641329        1.93270009988149        6.58055130782792
H            1.99312802365446        2.55482739105245        7.32656941392309
H            0.96190418097877        2.26443438952571        9.57324042789813
H           -0.03461008794718        3.29359299588789        8.55446954489718
H           -1.20684588492385        1.38351390383632        9.90398905317543
H           -1.67317824220139        1.63934831490822        8.20899044129726
H           -1.06696970273903       -2.00101731770018        8.78280954022623
H           -1.47630252802851       -0.94888304200107       10.16001502563052
H           -2.00218963274343       -0.56402059291012        6.50406605249312
H           -4.20912882222248       -0.21983089643786        5.43409957069463
H           -8.49987905003717       -0.06838004503975        6.86257412902673
H           -8.52044852754114       -0.46206406511658        9.32291545333575
H           -6.34862071599501       -0.84014711577947       10.48780173317935
H           -3.85825050033367       -0.99981414424934       10.31414800000295
H            1.26582842019963       -0.05697394091912        9.68850741321044
H            1.05688644518496       -1.40244386043238        8.55805105589319
B            3.41138403069984       -1.46797299078238        2.16670401792829
N            3.42076630389358        1.11760973059793        1.48874037720520
B            2.62756593377793        2.37529446650014       -0.73746413277057
N            2.43711571884185       -0.62280882018547       -2.23890454847957
B            0.58736975914834       -3.58178299094455        3.09504340550715
N           -2.99479045014623       -2.66519252450848        1.94060571918233
B           -1.09733132743006        4.07162535672462        2.19915117342655
N           -0.41666763484527        0.04470196399525       -3.57914297272298
B           -0.26022259453394        1.47336441579639       -3.70839817606459
N            1.30897931089526       -3.77166366153413       -1.31917891056161
B           -3.79443983663043        2.21624552460809       -0.26709175955966
N           -2.69022619755636        2.77478399609430       -0.93035093865675
B            1.65018256152516        0.85238914975094       -4.42411458960520
N           -0.34372061243006        3.34385757089095        3.23488986366123
B            1.04744899489406       -2.85870293055446       -2.40068234117585
N           -0.42046077894962        3.77469020333788       -0.61520027534012
B           -0.93617455914740        2.15981666507341        3.64536303718846
N            1.51594412029023       -1.30213903310406        3.95419508770997
B           -0.11369358420401        3.48636420849829       -1.97393323368586
N            1.15515060104392        0.04120577491309        4.25966420760681
B           -1.43277115218033       -0.53788696175662       -2.77092535389771
N           -3.84293693734151        1.77315329575317        1.05374264966395
B            0.30733630226384        4.48694084123424        1.62034496962235
N           -0.14250995059162       -0.04766279464648        4.83581581784588
B           -2.75776730093622        2.21780514370082        1.87797901395854
N            3.82476689600830       -0.12833697480322       -0.20634022590717
B           -2.27624039253230       -3.64460132648612        1.26598018931131
N            0.97478330161198        3.71709032893006        2.69969852932396
B           -1.95092238145230       -0.79974507220103        3.50879164950365
N           -2.39260506815208       -3.59726298600826       -0.19964761622319
B            3.10610567994541       -1.06388645367017       -0.98101709331595
N           -3.11695453040854       -1.24820112582445       -0.14992127532268
B            1.98267070358940        2.90821778203954        2.06393824720471
N           -0.37515150247918       -2.88382310687083       -2.08686662733090
B           -1.53665220910716       -2.09485443462948       -2.19278812398488
N            0.61915818964218        3.96499761290753        0.33517693435063
B            1.26169198301666        2.98116274977225       -2.71571153672378
N            0.01982097461264       -4.37203520911739        2.08057677078945
B           -1.73919287049519        3.45681987302594       -0.07677944582157
N           -2.03494858608475        3.41251202314762        1.35050010973614
B            1.41765754540602       -4.22287232857717        1.92346863286430
N           -0.97247431725498        1.03416849374482        4.55108352900280
B           -2.58868787878150       -2.39225307437812       -0.92529582021642
N           -1.09774073760525       -4.49016280368500        1.29737369390393
B           -2.38115824295374        0.50761085530828       -1.82959978119109
N            2.35112984059303       -3.88980314488535        0.92285258029340
B            3.89932547109663       -0.20852372664644        1.29121063611720
N            2.06869254918714        1.97487221103644       -1.96874683308275
B            1.23727052430524        2.28657080992687       -4.16342811686067
N           -4.14299393913272        0.83515142932808       -0.14560596204411
B           -1.16875512597486        2.47607571416676       -2.76561722872273
N           -2.22662370131103        1.95023288035570       -2.00910916616694
B            3.06832843083766       -2.65042371718563        1.11255660566026
N            2.39910456174579       -3.66689171986681       -0.49890391130362
B            2.11416042745419        0.52162181384837        3.29751745574178
N           -2.16988969347726        0.58696540893815        3.89330012649176
B           -1.05921292386804       -4.17942974153668       -0.13228476321637
N           -3.14851142519788        0.05041610619015       -0.71676105277973
B            3.50033481012672        1.26471828068270        0.04112080299452
N            2.50943129249414        1.61630933793906        2.45033860227706
B            1.65322620248706       -1.52990567033056       -3.06683426971738
N           -2.20540882426715        1.73643169035079        3.06044752915110
B            2.21078863450045        0.73516180452513       -2.71894224103652
N           -2.80834928113187       -1.35784596490730        2.57132691332422
B            0.88514890925607       -0.50761520638197       -4.06792807421280
N           -0.08579851104501       -3.75033868708862       -1.00196251578899
B            0.34975750346925       -2.13093670639783        3.82237485212944
N           -0.74239470789723       -1.23328731380884        4.16777996324275
B           -3.25093635187757       -1.45783750611178        1.22799289921669
N            2.57182951717714       -0.87485405404764        3.12068649618193
B            1.90590079567384        3.33891624237354        0.39356313186326
N            2.93247908470655       -2.32687839780549       -0.28734896741364
121
 energy: -221.905345188729 gnorm: 0.001933390304 xtb: 6.7.1pre (5071a88)
N            7.23516233767564       -1.86314081059746        6.72466401282485
C            6.16083670763394       -1.22037486929583        6.19484145855225
O            5.89684709512445       -1.28054763131164        5.01343923759207
C            5.34989640470616       -0.44363845119349        7.17548073387060
C            5.92256094169548        0.20855742406531        8.26260331311379
C            5.11820197361397        0.93277529894217        9.12392621694572
C            3.75191485218919        0.99884824567168        8.91652545654828
C            3.16211392886078        0.35535582854724        7.83295187108546
C            3.97869198767320       -0.35435330398471        6.96381192976046
C            1.68066724614018        0.42027252108264        7.58812141465285
C            1.15685274913697        1.86713546724756        7.46037843044557
C            0.33723854128148        2.27589785449394        8.67785579563578
C           -0.84827652965249        1.32833089683910        8.86007797119536
N           -0.50240149013469       -0.03646700358573        8.50020817410942
C           -1.42243489381330       -1.00045648901172        9.05477632760917
C           -2.79734080602778       -0.80737594830559        8.47233702321145
C           -2.91067240640098       -0.59038622636102        7.08290529601311
C           -4.12594837322682       -0.39690426346399        6.49401997359024
C           -5.30409603734086       -0.41886010099626        7.27231916480289
N           -6.49191984437259       -0.22009247320198        6.66963359559040
C           -7.57381333463734       -0.23890461140916        7.39571525328383
C           -7.58600402030369       -0.45871810239947        8.78409536569844
C           -6.39245112973292       -0.66400196511590        9.42183518126614
C           -5.19846634271254       -0.64771545603352        8.67354850491609
C           -3.92508311023526       -0.83488407280550        9.24720276565027
C            0.89825932340505       -0.32839314890462        8.68304666598209
H            7.78688674475583       -2.44633296342276        6.11832251358450
H            7.38487905569477       -1.92111828883893        7.71457056160615
H            6.99123457727633        0.18379785263574        8.41953037941607
H            5.56078031884437        1.45176246583210        9.96197963559789
H            3.14260677186125        1.57073888342778        9.59931241309916
H            3.56090314919318       -0.84996937317010        6.10070333535858
H            1.46847379883890       -0.09352836507369        6.65199109816168
H            0.51910842923873        1.93143167775309        6.57991924549738
H            1.99285423989788        2.55472079457300        7.32448643069069
H            0.96321167055106        2.26602341661391        9.57233915677556
H           -0.03431404421171        3.29438993205629        8.55394196526508
H           -1.20413770384373        1.38436641243372        9.90648749525367
H           -1.67409152269889        1.64020918765082        8.21259309079771
H           -1.06745690276978       -2.00043180294451        8.78351570592232
H           -1.47669165129107       -0.94803404714464       10.16063946937588
H           -2.00265326292984       -0.56367205596700        6.50414756724945
H           -4.21073247198897       -0.22107605980036        5.43387103202745
H           -8.50160628949031       -0.07189704270475        6.86247313634808
H           -8.52117498958219       -0.46273801472714        9.32337176411783
H           -6.34877625197633       -0.83815730729873       10.48881432752648
H           -3.85850619008147       -0.99863786759332       10.31496998037842
H            1.26556261796259       -0.05721226257696        9.68885927858569
H            1.05618857643978       -1.40227786249177        8.55811658323740
B            3.41160332001026       -1.46812402262826        2.16681026236730
N            3.42159392492993        1.11766521472955        1.48906065606002
B            2.62760453862968        2.37503527008954       -0.73722469399366
N            2.43753293626393       -0.62275310797367       -2.23879936744046
B            0.58748975025279       -3.58182768675753        3.09499970302190
N           -2.99504470374233       -2.66506671440983        1.94054826678745
B           -1.09695133904853        4.07182703394566        2.19938755965575
N           -0.41622510729431        0.04502269898443       -3.57902991267363
B           -0.25982952991943        1.47368990332240       -3.70836317433051
N            1.30917344589598       -3.77167422777276       -1.31926876790154
B           -3.79413054631007        2.21660912791625       -0.26703735929625
N           -2.68986020205349        2.77512923188150       -0.93027395139626
B            1.65071693885091        0.85264561651623       -4.42404766581422
N           -0.34341321066654        3.34397185036033        3.23515233273556
B            1.04773184807928       -2.85856958822923       -2.40073570310590
N           -0.42002697374418        3.77492158901079       -0.61506170971821
B           -0.93595134701381        2.15990388241455        3.64552217105799
N            1.51617416429031       -1.30225051823474        3.95432896578988
B           -0.11323713105003        3.48665290731560       -1.97383525215372
N            1.15542709543668        0.04110445405460        4.25985496187973
B           -1.43221991372576       -0.53755964342680       -2.77063735767690
N           -3.84269565144103        1.77348683540944        1.05382271621842
B            0.30779022134200        4.48698532137588        1.62056644725064
N           -0.14233637767228       -0.04773573073976        4.83587100290672
B           -2.75749869542467        2.21808021735314        1.87809634435088
N            3.82522396279108       -0.12841843901716       -0.20610929526100
B           -2.27634326518264       -3.64445898233062        1.26588544250018
N            0.97515080431288        3.71698566855778        2.69987960273701
B           -1.95078967611965       -0.79968200858795        3.50871191045229
N           -2.39251680731842       -3.59696060355974       -0.19977935650187
B            3.10649911685940       -1.06390723057063       -0.98090500654444
N           -3.11675949253738       -1.24788092507609       -0.15004287629827
B            1.98307070640219        2.90811336083843        2.06414474468405
N           -0.37489631599807       -2.88360186864350       -2.08697943400521
B           -1.53642627830826       -2.09467843774343       -2.19301873572258
N            0.61959284553936        3.96511765969239        0.33535987753636
B            1.26210518527331        2.98141067489512       -2.71567758749659
N            0.01986544283330       -4.37194617967119        2.08046168702592
B           -1.73879388826264        3.45709232604193       -0.07664164967342
N           -2.03460004409462        3.41278706618394        1.35066830773613
B            1.41773573300019       -4.22291151574136        1.92337607165891
N           -0.97221732613914        1.03413961895037        4.55101438962735
B           -2.58846553074677       -2.39192125869865       -0.92543887556093
N           -1.09772574839327       -4.48989182923179        1.29724178359535
B           -2.38092640246096        0.50799144772166       -1.82969158447458
N            2.35132076293632       -3.88991594843164        0.92278929164434
B            3.89975615662997       -0.20863554711069        1.29145554499546
N            2.06886790901206        1.97489396599895       -1.96867996017870
B            1.23769470677592        2.28684933692026       -4.16343446552203
N           -4.14271512230681        0.83552360254613       -0.14563070009015
B           -1.16834627810567        2.47642225154597       -2.76558016891180
N           -2.22628957765543        1.95061601866133       -2.00911304698840
B            3.06855562861712       -2.65055431806987        1.11261877681889
N            2.39928748683043       -3.66687465626217       -0.49896111945842
B            2.11448507013574        0.52150032334273        3.29764483223957
N           -2.16967188080638        0.58700207303855        3.89324197578225
B           -1.05913807630015       -4.17917237259409       -0.13240314195984
N           -3.14826553109081        0.05077480466216       -0.71683812725812
B            3.50042522275093        1.26449000763218        0.04139524366779
N            2.50991136564182        1.61621270709022        2.45055264075984
B            1.65359337210411       -1.52975934659082       -3.06681883903518
N           -2.20525382795413        1.73661488390846        3.06060647136769
B            2.21113300900837        0.73518935467460       -2.71889008635790
N           -2.80826004054181       -1.35770096218610        2.57123144479653
B            0.88560120193631       -0.50731159371504       -4.06786366114009
N           -0.08562387145139       -3.75007474525998       -1.00201511672402
B            0.34991391297630       -2.13098995285497        3.82237394736698
N           -0.74225506539013       -1.23329739592594        4.16768848252647
B           -3.25084898441024       -1.45761795030980        1.22790879890571
N            2.57205744987048       -0.87500092940154        3.12078286436394
B            1.90626898553915        3.33885924053278        0.39377416288760
N            2.93271109869250       -2.32689122851517       -0.28729123487545
121
 energy: -221.905368851735 gnorm: 0.002739040477 xtb: 6.7.1pre (5071a88)
N            7.23393145607081       -1.86118004247674        6.70897923279920
C            6.15603995151542       -1.21961913809064        6.18419461143746
O            5.88851519707098       -1.27992940974060        5.00204673543011
C            5.34779763789680       -0.44365188771551        7.16924677155946
C            5.92149632517327        0.20214736898750        8.26020508418916
C            5.11781173819823        0.92326883863939        9.12527778047420
C            3.75090291833784        0.99266743862807        8.91892781850106
C            3.15998963693112        0.35427875113562        7.83303180845131
C            3.97615812640510       -0.35183710004402        6.95971378171449
C            1.67901858739050        0.41931862790273        7.58893460621091
C            1.15442133952192        1.86564558410665        7.45716457205789
C            0.33937810806874        2.27963969183703        8.67734813371685
C           -0.84586288557983        1.33241565803272        8.86944907213036
N           -0.50424720084903       -0.03187679874569        8.50414010771233
C           -1.42500488993439       -0.99618830277770        9.05682413312811
C           -2.79993030774871       -0.80416849584890        8.47322968488642
C           -2.91343927259139       -0.58991649860003        7.08317347313114
C           -4.13020923196729       -0.40092433196475        6.49431230148271
C           -5.30764752901491       -0.42435816477266        7.27359935716203
N           -6.49734626132733       -0.23048651195064        6.67000329826722
C           -7.57903673407736       -0.25029621569293        7.39548831480248
C           -7.58946460016423       -0.46310867718521        8.78577423316544
C           -6.39525342245387       -0.66259425704460        9.42443222388415
C           -5.20150267009992       -0.64788873678198        8.67538876440258
C           -3.92740008438133       -0.83120842274681        9.24956332939216
C            0.89626867133088       -0.32699801378610        8.68493084638433
H            7.78311912502606       -2.44362654080194        6.09868762704669
H            7.38820917712063       -1.91920778285328        7.70007166543136
H            6.99044139657161        0.17511587270847        8.41770704513501
H            5.56096823909856        1.43800233227455        9.96601870220551
H            3.14295543638746        1.56295963351930        9.60520902463513
H            3.55717410791094       -0.84354121580636        6.09493877082805
H            1.46684369382170       -0.09560307821168        6.65385034647236
H            0.51252254024156        1.92557573625043        6.57818473877939
H            1.99006784608648        2.55396510518698        7.31407945749380
H            0.97044330121893        2.27241227395278        9.56837004071534
H           -0.03207952171440        3.29759440368425        8.55204171815969
H           -1.19087931017587        1.38825555702515        9.91969403697940
H           -1.67812813371546        1.64500253107661        8.23086836061256
H           -1.06967391714738       -1.99679766297263        8.78552339349008
H           -1.47959881079945       -0.94510624853474       10.16319957293231
H           -2.00505595665821       -0.56232275787369        6.50461696525603
H           -4.21811499935463       -0.22727462114763        5.43326197989988
H           -8.50861371677182       -0.08808749282625        6.86241523062617
H           -8.52460541341067       -0.46672951403316        9.32507323831711
H           -6.34981668944357       -0.82972330446678       10.49292586457357
H           -3.85957713188482       -0.99247510079855       10.31811145430598
H            1.26493163799839       -0.05702786683096        9.69063290869273
H            1.05258096973957       -1.40134100292182        8.55991591722109
B            3.41251047421948       -1.46899093943084        2.16742181611767
N            3.42533905007163        1.11777885446814        1.49076166286772
B            2.62794136244544        2.37388943718079       -0.73590761114528
N            2.43964482874397       -0.62243805130517       -2.23817494762867
B            0.58780346014256       -3.58209459504950        3.09471168282359
N           -2.99610067175042       -2.66437875464691        1.94007503356214
B           -1.09509105607043        4.07266847959167        2.20061465401399
N           -0.41416867364607        0.04694540503565       -3.57890411911035
B           -0.25778794048882        1.47564801882661       -3.70824349002600
N            1.30999642764455       -3.77156171712335       -1.31969164240338
B           -3.79246963423994        2.21836076109792       -0.26679653474393
N           -2.68793200728538        2.77680098606086       -0.92982042093335
B            1.65352105659844        0.85392476488725       -4.42347409571286
N           -0.34193904148854        3.34439136662420        3.23651227231512
B            1.04905578192824       -2.85779519981184       -2.40099975112776
N           -0.41784231723309        3.77602293576776       -0.61424820275598
B           -0.93488902152852        2.16024234543821        3.64637349760572
N            1.51703312235260       -1.30292852728272        3.95495037071906
B           -0.11092130827249        3.48801813909829       -1.97317324711287
N            1.15662281332414        0.04050105592624        4.26081783471993
B           -1.43071679675508       -0.53567764062689       -2.77115049346421
N           -3.84136267228494        1.77500676094102        1.05411098259055
B            0.30995291243093        4.48714755964642        1.62178579609663
N           -0.14166753250167       -0.04819512912097        4.83617024140784
B           -2.75610222051006        2.21928831349741        1.87861602593541
N            3.82735111904924       -0.12886371452855       -0.20483945504591
B           -2.27681411174082       -3.64369541042594        1.26527551620491
N            0.97688680392869        3.71640915540626        2.70088284712906
B           -1.95022536279631       -0.79938437706609        3.50833419958699
N           -2.39224324161578       -3.59557474863298       -0.20056355910229
B            3.10836965646080       -1.06402598920166       -0.98023149515805
N           -3.11600800738822       -1.24642204329242       -0.15070272172584
B            1.98494138880950        2.90753896398022        2.06529539559475
N           -0.37358424174062       -2.88185760570329       -2.08708719583649
B           -1.53498673569387       -2.09266111048421       -2.19319521304509
N            0.62175372231099        3.96571819562265        0.33640203883584
B            1.26420460081576        2.98258198712267       -2.71529169706902
N            0.01989408466772       -4.37156762450562        2.07979995091532
B           -1.73676682324393        3.45842192145236       -0.07589229200972
N           -2.03281987080183        3.41400520350837        1.35152059586359
B            1.41790214723053       -4.22310152722241        1.92288749049256
N           -0.97113345212388        1.03394937306031        4.55087597183377
B           -2.58782874381364       -2.39045217131745       -0.92623661830004
N           -1.09774828324472       -4.48861718784059        1.29643648425509
B           -2.37897075577062        0.50977399019909       -1.82961524996059
N            2.35202691882194       -3.89046142407851        0.92250690969795
B            3.90167419367201       -0.20929767437937        1.29279850298813
N            2.06991979613640        1.97509505667836       -1.96814490958271
B            1.24006025615461        2.28827603139788       -4.16326020780582
N           -4.14123615874785        0.83732860182840       -0.14585904672094
B           -1.16632731518290        2.47824664521129       -2.76531733289519
N           -2.22436860454771        1.95243033461772       -2.00891377055742
B            3.06954726730411       -2.65127062156079        1.11297237122792
N            2.40000851370514       -3.66674294162709       -0.49918065758874
B            2.11585295300808        0.52078687032428        3.29827270624277
N           -2.16870908447027        0.58717072793509        3.89301135434033
B           -1.05887217394003       -4.17787472050637       -0.13311473848880
N           -3.14683122238503        0.05245441463924       -0.71710709332470
B            3.50084534956601        1.26337104183315        0.04290200380419
N            2.51210517316910        1.61566374727803        2.45175604264437
B            1.65541562883549       -1.52895052013465       -3.06662355083831
N           -2.20444009795464        1.73744723474095        3.06134260646625
B            2.21299618716679        0.73540861183989       -2.71844369925435
N           -2.80777370970119       -1.35695762714558        2.57062628952657
B            0.88787642415686       -0.50569854247585       -4.06734875399741
N           -0.08490533844736       -3.74882709414628       -1.00239598539948
B            0.35043871954781       -2.13134267782739        3.82233882334495
N           -0.74173017573608       -1.23340766899081        4.16736022143465
B           -3.25043060348483       -1.45653653343238        1.22738501216571
N            2.57290153760305       -0.87582432467509        3.12123256658517
B            1.90807462014555        3.33860362252781        0.39496324709939
N            2.93377818259704       -2.32699468861995       -0.28694135542859
121
 energy: -221.905379443406 gnorm: 0.002324954498 xtb: 6.7.1pre (5071a88)
N            7.23330485888610       -1.85997979751768        6.70384990257941
C            6.15467983690204       -1.21830015775559        6.18072690928549
O            5.88566045430765       -1.27859436575953        4.99905267909668
C            5.34669818253923       -0.44407878581462        7.16715798516191
C            5.92077159403111        0.19974767708003        8.25904489746855
C            5.11754910027063        0.91988639805490        9.12519719567568
C            3.75065787122620        0.99016066103271        8.91920263833007
C            3.15927244285313        0.35366068615947        7.83249328168053
C            3.97511551732304       -0.35141829645704        6.95802302920202
C            1.67816986140690        0.41878175493092        7.58882674852738
C            1.15328273836883        1.86492063553080        7.45632466928929
C            0.34034194735445        2.28045606832975        8.67726317199433
C           -0.84476845021958        1.33367058618302        8.87266236986412
N           -0.50478069063152       -0.03040992937241        8.50544499910686
C           -1.42600514448470       -0.99455689041195        9.05758018718594
C           -2.80086539599142       -0.80255304582884        8.47383992821883
C           -2.91449921473485       -0.58951842660070        7.08368386583281
C           -4.13141229564122       -0.40210778815989        6.49472463469144
C           -5.30873152886896       -0.42583538747041        7.27407566977240
N           -6.49864238845912       -0.23406400696742        6.67018693491909
C           -7.58020765833566       -0.25397196283057        7.39573652702142
C           -7.59053997038061       -0.46477808384682        8.78638373309926
C           -6.39622423892912       -0.66216630082898        9.42523212888252
C           -5.20246683303042       -0.64751376701635        8.67606639836705
C           -3.92824909124252       -0.82946731912411        9.25024694973425
C            0.89559056003654       -0.32668997462361        8.68553782441168
H            7.78171878111310       -2.44197577854569        6.09244952763361
H            7.38845990591524       -1.91879879298851        7.69452908276191
H            6.98966240105326        0.17212576226864        8.41649435958064
H            5.56097518305099        1.43286752608785        9.96683434084570
H            3.14322109808065        1.55947494039580        9.60664129163333
H            3.55582755542613       -0.84137675623567        6.09239905277355
H            1.46570437601159       -0.09677688665979        6.65410103772019
H            0.50998800533835        1.92382730766943        6.57845373982009
H            1.98857805641885        2.55300557733806        7.31107824348823
H            0.97290780820745        2.27419248699912        9.56720733209860
H           -0.03108463012568        3.29835197924026        8.55120706429316
H           -1.18626072240053        1.38895418828939        9.92415869282348
H           -1.67909352711142        1.64690454982390        8.23708830936241
H           -1.07077163419569       -1.99508411969102        8.78606859473617
H           -1.48098370945858       -0.94377392265660       10.16392587182073
H           -2.00616592892637       -0.56179630380372        6.50510940201383
H           -4.21971186049286       -0.22974054581688        5.43358529561707
H           -8.51002228042099       -0.09379811051527        6.86261407845176
H           -8.52572029296964       -0.46835594875816        9.32564435780372
H           -6.35053587368956       -0.82773206373421       10.49388831095833
H           -3.86017245304289       -0.98982225090991       10.31883424974847
H            1.26490424213121       -0.05654400422802        9.69093971163774
H            1.05099638298036       -1.40117805488390        8.56085160790142
B            3.41271626671761       -1.46933564410140        2.16760228002250
N            3.42643459692361        1.11772661647859        1.49140392788575
B            2.62812466823235        2.37356314470425       -0.73540163420987
N            2.44035233910657       -0.62228028494581       -2.23788844717301
B            0.58781955569013       -3.58217212602358        3.09453932535186
N           -2.99623566014171       -2.66402967207293        1.93972975722895
B           -1.09436959394691        4.07288952113843        2.20105580931984
N           -0.41327471777046        0.04760689902101       -3.57851410457839
B           -0.25704934867472        1.47628884603706       -3.70800513299828
N            1.31029088954587       -3.77148314380096       -1.31984057624326
B           -3.79180477813516        2.21904268011647       -0.26667309219041
N           -2.68718370037044        2.77744491355137       -0.92958749333590
B            1.65449495662008        0.85436779732966       -4.42317665095727
N           -0.34138229991898        3.34445522693311        3.23697421244588
B            1.04953853128052       -2.85746250345874       -2.40104396827561
N           -0.41700657650887        3.77638936752079       -0.61387045919408
B           -0.93447994042462        2.16032013550186        3.64664240366814
N            1.51720240674275       -1.30319990777887        3.95508647014042
B           -0.11004279671790        3.48850948369773       -1.97281325867650
N            1.15694383323292        0.04025667147309        4.26104346637893
B           -1.42962663164163       -0.53499779346876       -2.77048370009430
N           -3.84080272098302        1.77558456028489        1.05419193380716
B            0.31073539800770        4.48718085461996        1.62227930818318
N           -0.14146960458718       -0.04836773553251        4.83618821554315
B           -2.75552253791006        2.21968470018555        1.87876144201296
N            3.82801753688448       -0.12902903791646       -0.20436191508891
B           -2.27677832534389       -3.64322210441877        1.26486777220888
N            0.97750679307777        3.71620542132625        2.70128728337556
B           -1.95001176378431       -0.79927131444922        3.50817510180285
N           -2.39203453675862       -3.59498021677933       -0.20098305270017
B            3.10893917620241       -1.06405010579966       -0.97993863967221
N           -3.11564356781459       -1.24579274745899       -0.15095078850022
B            1.98559613579196        2.90734745932009        2.06576708354510
N           -0.37313607383702       -2.88143314030006       -2.08733157370997
B           -1.53457114939077       -2.09232824436267       -2.19366305948275
N            0.62254703051631        3.96590801307554        0.33685531421086
B            1.26498201732885        2.98296837256652       -2.71503387555007
N            0.01983972061798       -4.37144334037732        2.07951404948380
B           -1.73596278542368        3.45886338078989       -0.07557547686811
N           -2.03207994093029        3.41436763261641        1.35182801979302
B            1.41787560036907       -4.22316287584319        1.92267902247201
N           -0.97077316035667        1.03386640612603        4.55085973608634
B           -2.58732855365358       -2.38973598907771       -0.92652488264861
N           -1.09776641983357       -4.48818257133193        1.29607261117105
B           -2.37862111821863        0.51051126247201       -1.82974928116159
N            2.35215461531967       -3.89063850856539        0.92240367306298
B            3.90222811715383       -0.20958300080638        1.29326375135376
N            2.07032115110744        1.97520455107942       -1.96782907563733
B            1.24087618464580        2.28873504218782       -4.16304907968356
N           -4.14071268674582        0.83803529185011       -0.14589981537743
B           -1.16553511232898        2.47888769606820       -2.76505254904865
N           -2.22372183264190        1.95315864886084       -2.00879110502267
B            3.06977931576769       -2.65153471959239        1.11307935573373
N            2.40022397332488       -3.66671063809849       -0.49924422795405
B            2.11620178159628        0.52050262661506        3.29842567484548
N           -2.16834884683307        0.58725154800545        3.89292761517796
B           -1.05872564724416       -4.17738060716507       -0.13344771878487
N           -3.14640609954695        0.05313800643838       -0.71722711945313
B            3.50104286970645        1.26301976810895        0.04343797680352
N            2.51278372333634        1.61544668603482        2.45220519727040
B            1.65605486835003       -1.52860608802282       -3.06649116316903
N           -2.20407483824344        1.73771911486102        3.06153356441131
B            2.21362148092911        0.73554417332813       -2.71814787851859
N           -2.80752503577956       -1.35665058884923        2.57031793785559
B            0.88866817032991       -0.50515760792398       -4.06714229834123
N           -0.08462674219101       -3.74835169766067       -1.00256270162718
B            0.35051924143607       -2.13147183287203        3.82226884302701
N           -0.74158073282528       -1.23346632572078        4.16724661585038
B           -3.25020500099731       -1.45605976906225        1.22710078951004
N            2.57306487425004       -0.87614100974356        3.12133603370829
B            1.90872358320334        3.33854019049903        0.39546481169228
N            2.93407652766503       -2.32703477706617       -0.28680140539860
121
 energy: -221.905411171811 gnorm: 0.000862933099 xtb: 6.7.1pre (5071a88)
N            7.23134793484947       -1.85446717798455        6.68546233832620
C            6.14897684409102       -1.21468495538835        6.16777930157435
O            5.87674830514654       -1.27272067098048        4.98754582772249
C            5.34179420223153       -0.44621496565696        7.15830462848569
C            5.91738793647896        0.19016006712795        8.25368176348268
C            5.11607890663195        0.90641566182205        9.12418514233156
C            3.74936905301950        0.98000717192265        8.91934257329858
C            3.15618912136477        0.35077008741939        7.82949276664936
C            3.97059237047788       -0.35002705731635        6.95029700566058
C            1.67438129376899        0.41642414349352        7.58831462668632
C            1.14867407736062        1.86201484003091        7.45366996867670
C            0.34427042320640        2.28297997042110        8.67779506599122
C           -0.84051702125660        1.33824806318193        8.88543369003198
N           -0.50666293559548       -0.02503113708911        8.51130987316593
C           -1.42974699862777       -0.98870055031734        9.06082168927742
C           -2.80415068546261       -0.79624772888040        8.47641299320543
C           -2.91809331991215       -0.58783080164525        7.08587770657938
C           -4.13528882450846       -0.40591807765223        6.49636511972697
C           -5.31239654334014       -0.43039119898989        7.27571275373885
N           -6.50278819165914       -0.24641671390917        6.67066380692104
C           -7.58399563621084       -0.26703328052618        7.39642091823951
C           -7.59438770188972       -0.47127746099805        8.78813962506536
C           -6.39975904462949       -0.66085717567448        9.42780142202452
C           -5.20583203809207       -0.64545849032782        8.67846492007297
C           -3.93134691301536       -0.82236381956028        9.25277496494730
C            0.89313153911777       -0.32568444116043        8.68839223939777
H            7.77984176988525       -2.43179067402567        6.07028597387985
H            7.38831239473509       -1.91711789882994        7.67445376716986
H            6.98601962153521        0.16005083375599        8.41079405844988
H            5.56068833806958        1.41305577138280        9.96885920685402
H            3.14385232960459        1.54604619492463        9.61060931325465
H            3.54989121064003       -0.83404302616864        6.08200380626384
H            1.45994480220074       -0.10152694019877        6.65509994392786
H            0.49962504351448        1.91726719054645        6.58053610435991
H            1.98265745755548        2.54888097196744        7.30005742860969
H            0.98252263750937        2.28006140909611        9.56360109096267
H           -0.02680233111352        3.30085913471467        8.54937352318428
H           -1.16937054547062        1.39144078446445        9.94132054723119
H           -1.68211977465751        1.65409059234777        8.26074661307146
H           -1.07498863671869       -1.98859075520543        8.78776182532565
H           -1.48634238171805       -0.93963682100427       10.16697122462456
H           -2.00999836105696       -0.55993014149842        6.50716523150768
H           -4.22445977957551       -0.23848713675031        5.43494839103777
H           -8.51441225608329       -0.11395783252633        6.86304559736475
H           -8.52988243038874       -0.47548528442235        9.32691059008266
H           -6.35339306019881       -0.82175503627750       10.49682137366248
H           -3.86253417119139       -0.97910841101618       10.32150453323324
H            1.26541377668100       -0.05411859200790        9.69221878206071
H            1.04510659032836       -1.40071236696981        8.56554558891439
B            3.41329760102005       -1.47073372059447        2.16834065352160
N            3.43000434559851        1.11728618869019        1.49385588714624
B            2.62920140392132        2.37256657925457       -0.73332462065085
N            2.44301172113192       -0.62162395437192       -2.23670728916119
B            0.58753737713132       -3.58253940793839        3.09379300390589
N           -2.99644572071366       -2.66268217571005        1.93825426618664
B           -1.09164358624574        4.07352414191114        2.20279472402063
N           -0.41013515932413        0.05050641634257       -3.57781484589027
B           -0.25404029053258        1.47915004123901       -3.70718731866657
N            1.31122592717516       -3.77097168247653       -1.32041230573206
B           -3.78910079415144        2.22157135556845       -0.26631454432404
N           -2.68417062374522        2.77985619771483       -0.92871334092704
B            1.65836498399962        0.85618211566813       -4.42188021262374
N           -0.33929821773458        3.34447139196006        3.23876844708240
B            1.05123199985686       -2.85611554042492       -2.40126300230061
N           -0.41373471190725        3.77775074461917       -0.61228641329149
B           -0.93300182884563        2.16044238266130        3.64773074078476
N            1.51746939688074       -1.30434804765902        3.95546444310242
B           -0.10657182814659        3.49032758809735       -1.97126548378482
N            1.15782364443113        0.03919862708529        4.26180345537850
B           -1.42718484562253       -0.53212705714817       -2.77068689470325
N           -3.83852657964601        1.77760145484963        1.05431285115483
B            0.31367534602916        4.48727684209453        1.62434061378226
N           -0.14098633102618       -0.04916121204837        4.83629219633703
B           -2.75329413120397        2.22100937135496        1.87925324502447
N            3.83040733441285       -0.12968460637321       -0.20248588787167
B           -2.27661901149650       -3.64149086936044        1.26317037098232
N            0.97980347039644        3.71540323084935        2.70301081203733
B           -1.94943411404440       -0.79887299990269        3.50763088054042
N           -2.39148270141742       -3.59292197730989       -0.20269711072080
B            3.11102906457131       -1.06415187711379       -0.97876368761849
N           -3.11443023744917       -1.24356441935618       -0.15196206919257
B            1.98798818486317        2.90660710123958        2.06770602437617
N           -0.37141286023593       -2.87904301070232       -2.08769589867655
B           -1.53256181768190       -2.08952655904659       -2.19412554595771
N            0.62561732859477        3.96663329876782        0.33876059231944
B            1.26813747929328        2.98443916194915       -2.71375647118403
N            0.01942666779316       -4.37112524393115        2.07832644568093
B           -1.73284173007652        3.46054263507807       -0.07433293919281
N           -2.02922190834250        3.41557476737369        1.35299794894397
B            1.41755107019219       -4.22342734852176        1.92186728600073
N           -0.96970868200156        1.03345496140508        4.55109790541187
B           -2.58607214024620       -2.38728911924162       -0.92774129226168
N           -1.09797479910170       -4.48678428835730        1.29452617870402
B           -2.37611435659712        0.51319335526678       -1.82962622630517
N            2.35237609748133       -3.89127468295496        0.92202374606467
B            3.90407290148128       -0.21075257661411        1.29507708554303
N            2.07222137468843        1.97575378111550       -1.96641636054127
B            1.24434793906377        2.29064675662571       -4.16198049898921
N           -4.13854878474734        0.84065597402017       -0.14625407451678
B           -1.16244768506003        2.48149156667572       -2.76405595055202
N           -2.22087259311492        1.95584992227810       -2.00816283341988
B            3.07048029630175       -2.65257085235907        1.11349205264617
N            2.40083394344881       -3.66656267186659       -0.49945446157192
B            2.11720769759342        0.51932207788635        3.29903819290992
N           -2.16722838795089        0.58753366352846        3.89274915950746
B           -1.05835689882211       -4.17563906536605       -0.13486848397082
N           -3.14441652834672        0.05562183528400       -0.71758821407040
B            3.50199971410526        1.26178675562146        0.04555316058356
N            2.51504780535548        1.61451609041610        2.45396812247769
B            1.65845527197149       -1.52722552670981       -3.06588560726826
N           -2.20266910999229        1.73859701201134        3.06219579651647
B            2.21625695963277        0.73620403523781       -2.71686384967796
N           -2.80663687282177       -1.35549153485541        2.56905318911336
B            0.89174816193009       -0.50289414872376       -4.06615470165314
N           -0.08377199582173       -3.74670419956965       -1.00336717014989
B            0.35045921687301       -2.13204428068306        3.82191885867397
N           -0.74130610212607       -1.23376251783277        4.16692723236333
B           -3.24939366883352       -1.45431537631275        1.22591747023017
N            2.57336500492535       -0.87743962560308        3.12168531395784
B            1.91127335642293        3.33838372130696        0.39754224336103
N            2.93515914897903       -2.32724123369484       -0.28625423522964
121
 energy: -221.905434534087 gnorm: 0.002063266047 xtb: 6.7.1pre (5071a88)
N            7.22799312430880       -1.84548988703972        6.65299454025502
C            6.13891488575251       -1.20885301395557        6.14502362104475
O            5.86072054262410       -1.26166315123414        4.96643947642205
C            5.33394977751285       -0.44911095854025        7.14330033815112
C            5.91190134043587        0.17520637224157        8.24452107466796
C            5.11321100125914        0.88462676254361        9.12267327246376
C            3.74655658140927        0.96298861384842        8.91988369301473
C            3.15074803405641        0.34506538337320        7.82502718127114
C            3.96294575626063       -0.34805701057504        6.93765590795754
C            1.66807421705141        0.41183555260759        7.58808811291656
C            1.14168224128519        1.85683981512861        7.44969783582405
C            0.35072528266605        2.28690160627405        8.67918714990408
C           -0.83358826627330        1.34539573417008        8.90661641981244
N           -0.50997806219093       -0.01676686329305        8.52140027436409
C           -1.43599685316740       -0.97932149539599        9.06755933188277
C           -2.80948534401524       -0.78609895953589        8.48163189953917
C           -2.92356285452488       -0.58477060730116        7.09021719583603
C           -4.14125596871734       -0.41156467239652        6.49931169173245
C           -5.31863346178224       -0.43747469754637        7.27820927156448
N           -6.50980833085762       -0.26628123284400        6.67116863004915
C           -7.59093655412306       -0.28869594057433        7.39688833450316
C           -7.60109359550103       -0.48205057153016        8.79026652371227
C           -6.40570116936889       -0.65884042293048        9.43172401382280
C           -5.21157123979315       -0.64189782778714        8.68245997657330
C           -3.93672895615030       -0.81042908438407        9.25775481487645
C            0.88890285436657       -0.32483174326640        8.69331300493826
H            7.77644290533875       -2.41509259664787        6.03101650000144
H            7.38913639803702       -1.91506897002276        7.64010436895081
H            6.98036514428604        0.14124368443989        8.40073393126040
H            5.55975276072012        1.38158631033917        9.97199853870742
H            3.14346768378780        1.52349629204942        9.61740591402376
H            3.54016184834996       -0.82301185788018        6.06532974517348
H            1.45043059130141       -0.10934747429097        6.65724602811682
H            0.48308165618876        1.90602894954629        6.58380200356486
H            1.97412987166155        2.54175553229223        7.28219695438517
H            0.99829841768467        2.28976405448624        9.55824722414201
H           -0.01982427939918        3.30464633895052        8.54711600319410
H           -1.14191919472179        1.39559376765659        9.96942922815336
H           -1.68683374770399        1.66522403537214        8.29957785809101
H           -1.08238560643641       -1.97880787723158        8.79278608309450
H           -1.49449650706234       -0.93221737800149       10.17349646430248
H           -2.01563469262097       -0.55640956347027        6.51133486043150
H           -4.23090997917413       -0.25161562303888        5.43705608493937
H           -8.52221885647207       -0.14680485362005        6.86233317148152
H           -8.53702914344568       -0.48798135648650        9.32823382959901
H           -6.35842671161973       -0.81194158042032       10.50170721309966
H           -3.86730047868052       -0.96095094183290       10.32715139496309
H            1.26608549763810       -0.05168247600625        9.69472820709879
H            1.03549208283704       -1.40070415544838        8.57291151142691
B            3.41424571928589       -1.47309314095976        2.16962754577356
N            3.43550580048128        1.11634307544823        1.49784048073077
B            2.63160215414549        2.37119866317793       -0.72971239491131
N            2.44740989331559       -0.62044320841465       -2.23477094181543
B            0.58681381586308       -3.58325879896093        3.09242698953149
N           -2.99663546359521       -2.66034883126267        1.93564288464356
B           -1.08702295812474        4.07450865535471        2.20583185388105
N           -0.40465770073657        0.05535181761972       -3.57642589335475
B           -0.24871816364694        1.48394188997459       -3.70572199957328
N            1.31277923494576       -3.77000244926596       -1.32149551725278
B           -3.78456260715287        2.22598641835976       -0.26576394734983
N           -2.67905969571114        2.78405841493744       -0.92730623845167
B            1.66496651438041        0.85939759864037       -4.41975586518636
N           -0.33574532296044        3.34431794994552        3.24183024905795
B            1.05407165352894       -2.85378855547500       -2.40174030215025
N           -0.40810030292469        3.78012880977268       -0.60948157755243
B           -0.93056700313963        2.16048695416240        3.64962914156196
N            1.51766631825461       -1.30633957709988        3.95593752720588
B           -0.10059721764572        3.49351862814914       -1.96855432728051
N            1.15896886367434        0.03730924624502        4.26292421149616
B           -1.42228586021103       -0.52727274664111       -2.77001139360298
N           -3.83475692628689        1.78107650685751        1.05447218610035
B            0.31872844679877        4.48747161528658        1.62803739534913
N           -0.14036195584788       -0.05062274883507        4.83655583105699
B           -2.74963424443227        2.22325953299379        1.88014882254772
N            3.83435727608726       -0.13077099990753       -0.19939530684272
B           -2.27645613303832       -3.63871999187952        1.26013641728469
N            0.98374380084846        3.71408970703744        2.70617518681894
B           -1.94873068827204       -0.79820680391562        3.50678278013064
N           -2.39054248737394       -3.58933560705971       -0.20574437652497
B            3.11450154925668       -1.06428715560036       -0.97685500408418
N           -3.11220048076443       -1.23961286229133       -0.15378357327364
B            1.99205157190078        2.90539332433888        2.07110222998186
N           -0.36863523234740       -2.87540403119765       -2.08879705049176
B           -1.52935786276723       -2.08532932467184       -2.19562820874038
N            0.63090948057717        3.96783793640349        0.34215157272563
B            1.27368580966983        2.98699217314429       -2.71133216566148
N            0.01859415214831       -4.37073824831832        2.07617655151409
B           -1.72752749023005        3.46340695526144       -0.07217383617442
N           -2.02442815085617        3.41760904068743        1.35503168353788
B            1.41689171088266       -4.22394110965274        1.92044477231134
N           -0.96817700299307        1.03267144633641        4.55176454413573
B           -2.58369497810784       -2.38295451629354       -0.92992876531749
N           -1.09847421364120       -4.48469825231540        1.29173725079094
B           -2.37230361417853        0.51792650450976       -1.82987843400460
N            2.35265127786431       -3.89229003137959        0.92132740707993
B            3.90705608593522       -0.21273965112542        1.29806407006433
N            2.07580619965691        1.97679200633788       -1.96386556960313
B            1.25042739381099        2.29400186785544       -4.15993756635757
N           -4.13497053492690        0.84521220553831       -0.14690342795258
B           -1.15702138017198        2.48598045435248       -2.76240472575290
N           -2.21608773481163        1.96060428129009       -2.00728526578153
B            3.07158735748060       -2.65426845433271        1.11414086170163
N            2.40186792257523       -3.66636389053603       -0.49989781201943
B            2.11877375535681        0.51729200828012        3.30022342764322
N           -2.16563936776339        0.58800218383648        3.89264854563408
B           -1.05782765604669       -4.17284806879712       -0.13743788848280
N           -3.14117585014737        0.05999656321656       -0.71843454732497
B            3.50406016872959        1.25988336558886        0.04909742051605
N            2.51865155687995        1.61286834664672        2.45690424961724
B            1.66247308910086       -1.52479970023223       -3.06500388225232
N           -2.20036358959391        1.73996504814807        3.06334042166685
B            2.22081624337578        0.73748064527510       -2.71465331514376
N           -2.80532598898370       -1.35350431539156        2.56692025058473
B            0.89698137496627       -0.49896888441826       -4.06468545433418
N           -0.08236089271983       -3.74393347824588       -1.00487474023979
B            0.35009027012869       -2.13308960816343        3.82125145239245
N           -0.74112903298034       -1.23434159126071        4.16639696731582
B           -3.24802679823623       -1.45128907801468        1.22382641033239
N            2.57379346224224       -0.87968402195473        3.12232851389020
B            1.91576876374424        3.33817929637119        0.40120066700525
N            2.93701325246208       -2.32759936432923       -0.28540616403341
121
 energy: -221.905434198296 gnorm: 0.003124912329 xtb: 6.7.1pre (5071a88)
N            7.22572066002656       -1.83941677747502        6.63099654318288
C            6.13210927140613       -1.20489198723581        6.12960620653323
O            5.84986402807309       -1.25415903983805        4.95213105438375
C            5.32864776519780       -0.45106270973903        7.13314668887923
C            5.90819272018449        0.16510219696564        8.23831795036006
C            5.11126841170335        0.86989394378211        9.12164809556881
C            3.74464791615901        0.95147207865543        8.92025352000514
C            3.14706356926776        0.34119333804245        7.82201495008708
C            3.95777134766005       -0.34673351409094        6.92911210082286
C            1.66380771186237        0.40872113068772        7.58794429286264
C            1.13696005350872        1.85333233103448        7.44701960901247
C            0.35508970664302        2.28955225991757        8.68013475644280
C           -0.82890104134317        1.35022554369810        8.92094110759258
N           -0.51222420935287       -0.01118549282030        8.52823340637894
C           -1.44022795432626       -0.97297945523510        9.07213862826573
C           -2.81309596627353       -0.77923779315290        8.48517789732506
C           -2.92725764165559       -0.58269846368053        7.09316596148674
C           -4.14528647241129       -0.41537601590233        6.50131217675310
C           -5.32285311198538       -0.44226230568151        7.27989853146394
N           -6.51455658145679       -0.27970920213049        6.67150842844617
C           -7.59563817910565       -0.30334815091073        7.39719517783762
C           -7.60563651970473       -0.48933922979411        8.79169376441695
C           -6.40972745597682       -0.65747922626858        9.43437212108613
C           -5.21545894556508       -0.63948986767651        8.68516403920480
C           -3.94037677521091       -0.80235552248252        9.26113601161612
C            0.88603909036569       -0.32426648568662        8.69664493781240
H            7.77412910559368       -2.40380610813973        6.00440982106137
H            7.38970222171258       -1.91369341790857        7.61684350694024
H            6.97654634319391        0.12853910690345        8.39391673258030
H            5.55911693628974        1.36031305161154        9.97411538832043
H            3.14319391766739        1.50823521945682        9.62200816452238
H            3.53358142949066       -0.81556340989280        6.05406073094004
H            1.44399532399986       -0.11463978792214        6.65870561411886
H            0.47190288796996        1.89842392674236        6.58601132320021
H            1.96837507232250        2.53692913001156        7.27012740157172
H            1.00896469135664        2.29632158455918        9.55463220723586
H           -0.01510517219684        3.30720500921866        8.54559877598608
H           -1.12335914006830        1.39840669414380        9.98842888752653
H           -1.69001032208410        1.67274562136007        8.32583373584160
H           -1.08739665062575       -1.97220268397286        8.79622162512484
H           -1.50000861333791       -0.92718688480516       10.17793388364678
H           -2.01943842671857       -0.55402540631404        6.51417199676781
H           -4.23525736964529       -0.26047649163247        5.43848571046060
H           -8.52750371663789       -0.16902004532440        6.86183245925293
H           -8.54187061877283       -0.49644462765630        9.32911627645426
H           -6.36184384687873       -0.80530125410921       10.50501053155575
H           -3.87054038970275       -0.94866718594152       10.33098781863637
H            1.26653681465552       -0.05005946618858        9.69643236224624
H            1.02898649206123       -1.40070986721624        8.57788830654630
B            3.41488644490731       -1.47468958346429        2.17049929050238
N            3.43922148626397        1.11570171141288        1.50053519648832
B            2.63323663510912        2.37027787035899       -0.72726579992838
N            2.45038647654430       -0.61964304896361       -2.23346130113704
B            0.58632092786113       -3.58374750504525        3.09150108318829
N           -2.99676239680824       -2.65877039405673        1.93387528208123
B           -1.08389565291817        4.07517340945506        2.20788833160068
N           -0.40095308244236        0.05863351160921       -3.57549503143734
B           -0.24511227599125        1.48718821158697       -3.70473222765470
N            1.31382938236155       -3.76934330106080       -1.32222968273248
B           -3.78148986677128        2.22897464030108       -0.26539327256751
N           -2.67559871509159        2.78690266204314       -0.92635534338346
B            1.66943550507764        0.86157722180826       -4.41831834435223
N           -0.33334059023142        3.34421130471527        3.24390261195288
B            1.05599243949659       -2.85221246686907       -2.40206521238405
N           -0.40428492638078        3.78173895356292       -0.60758161967983
B           -0.92892008819755        2.16051463577724        3.65091478329123
N            1.51779593338679       -1.30768841026918        3.95625553669244
B           -0.09655033589648        3.49567860142875       -1.96671791600722
N            1.15973937529038        0.03602901074830        4.26368130884271
B           -1.41898363084504       -0.52398563159813       -2.76957770673811
N           -3.83220567419218        1.78342775330277        1.05457826500459
B            0.32214954480001        4.48760359699444        1.63054217391573
N           -0.13994228369458       -0.05161390486211        4.83673601877504
B           -2.74715814092500        2.22478165034288        1.88075511872645
N            3.83703005862958       -0.13150587033298       -0.19730455174671
B           -2.27634810384783       -3.63684831093388        1.25808243682167
N            0.98641138052422        3.71320107848732        2.70832045782652
B           -1.94825857147543       -0.79775656215763        3.50621004440919
N           -2.38990830286643       -3.58690969056107       -0.20780735879864
B            3.11685215597045       -1.06437811536887       -0.97556425513847
N           -3.11069126049858       -1.23693935849670       -0.15501704818067
B            1.99480180257299        2.90457173386400        2.07340262706668
N           -0.36675582010165       -2.87293627082120       -2.08953989642162
B           -1.52718635293446       -2.08247688515480       -2.19663652541746
N            0.63449302698268        3.96865303321947        0.34444902351165
B            1.27744621685068        2.98872149288977       -2.70968744533245
N            0.01802923230906       -4.37047890435612        2.07471957365497
B           -1.72393004411287        3.46534628393189       -0.07071224994854
N           -2.02118436137927        3.41898549039452        1.35640845764435
B            1.41644417950212       -4.22429002821317        1.91948130207179
N           -0.96714443112624        1.03213985183876        4.55221959538560
B           -2.58209145723299       -2.38002312163519       -0.93141103181786
N           -1.09881400650242       -4.48329099707094        1.28984755908806
B           -2.36971305216803        0.52112921126441       -1.83004508990964
N            2.35283639784362       -3.89297633695893        0.92085551860789
B            3.90907328659230       -0.21408438150126        1.30008506960141
N            2.07823981161263        1.97749643847904       -1.96213671055974
B            1.25454715492206        2.29627596136138       -4.15855176480256
N           -4.13254694836554        0.84829580488385       -0.14734534569012
B           -1.15334557337104        2.48902060190123       -2.76128824618339
N           -2.21284445062157        1.96382186331352       -2.00669146053383
B            3.07233560348225       -2.65541646639128        1.11457950204091
N            2.40256744626608       -3.66622929825585       -0.50019888979714
B            2.11983250196194        0.51591760414629        3.30102900018004
N           -2.16456847580494        0.58831879367900        3.89258311163422
B           -1.05747147396211       -4.17096153634362       -0.13917876543789
N           -3.13897823723133        0.06295706366838       -0.71900734281605
B            3.50546181664093        1.25859805323410        0.05149642530679
N            2.52108774816112        1.61175192087356        2.45889166925426
B            1.66519230569012       -1.52315668605643       -3.06440829798750
N           -2.19880389834046        1.74088879584633        3.06411499841596
B            2.22390597127779        0.73834730118874       -2.71315671665603
N           -2.80444231121021       -1.35216019802308        2.56547776874808
B            0.90052434815046       -0.49630940069375       -4.06369182947701
N           -0.08140730929899       -3.74205936456299       -1.00589710026150
B            0.34983703635660       -2.13379867078191        3.82079866048823
N           -0.74101322604410       -1.23473496593956        4.16603836934515
B           -3.24710283560470       -1.44924205607324        1.22241108898088
N            2.57408225883251       -0.88120373718605        3.12276508248529
B            1.91881440383198        3.33804187733964        0.40367896652471
N            2.93826950109395       -2.32784183118839       -0.28483314756599
121
 energy: -221.905445206475 gnorm: 0.001778771658 xtb: 6.7.1pre (5071a88)
N            7.22584102752683       -1.84038089317465        6.63288725254262
C            6.13342372650147       -1.20441882102358        6.13106813890806
O            5.85091539374702       -1.25372093495772        4.95321668915948
C            5.32981757382538       -0.45032723094287        7.13480966005995
C            5.90898317026703        0.16762106170143        8.23897205057656
C            5.11147118577225        0.87293589677808        9.12152460383665
C            3.74469932881696        0.95321268610385        8.92028756832592
C            3.14753873349083        0.34103535235681        7.82300614402818
C            3.95858664307331       -0.34762053720966        6.93112285867673
C            1.66455005542239        0.40858923709591        7.58850818198530
C            1.13821550611402        1.85348262421071        7.44815688936266
C            0.35419772573773        2.28882202223906        8.68029439583126
C           -0.82965188495374        1.34900617482375        8.91790069989970
N           -0.51199893969778       -0.01275664715110        8.52739035217887
C           -1.43971754768854       -0.97416557130235        9.07263313591266
C           -2.81260879863803       -0.78060406358187        8.48555091880210
C           -2.92634035409701       -0.58291342015135        7.09353946944286
C           -4.14415115397013       -0.41416299694046        6.50148198877287
C           -5.32210941358619       -0.44107360904977        7.27964675958818
N           -6.51352399440392       -0.27673495367712        6.67140979378324
C           -7.59502244615668       -0.30056475136365        7.39671026961106
C           -7.60517290833479       -0.48815106355509        8.79077384439262
C           -6.40941413887846       -0.65789760475016        9.43355883559601
C           -5.21508898271030       -0.63987745503007        8.68478151893664
C           -3.94019337853620       -0.80371324088859        9.26124104158331
C            0.88635864241085       -0.32508689638326        8.69626081375638
H            7.77347135210037       -2.40626552553104        6.00672161667123
H            7.38993106361613       -1.91467751411148        7.61932368392030
H            6.97752885156174        0.13199874280618        8.39424295337214
H            5.55907413375557        1.36493603533027        9.97313187275733
H            3.14251054872712        1.51033174098202        9.62132006188632
H            3.53486758901902       -0.81776902528920        6.05671127402820
H            1.44509423324222       -0.11391286677358        6.65888083405013
H            0.47466734923576        1.89975662901024        6.58590445645428
H            1.97007224924164        2.53724660219221        7.27328592037891
H            1.00659692739571        2.29463345380478        9.55569896430495
H           -0.01603693374199        3.30643299608747        8.54631568807290
H           -1.12743239547520        1.39799708014803        9.98375455193875
H           -1.68835679714259        1.67085866276831        8.32006715543266
H           -1.08702252342646       -1.97399763537369        8.79790957288308
H           -1.49891397755593       -0.92719821456457       10.17850363439629
H           -2.01830474645551       -0.55429263566649        6.51474176947202
H           -4.23327956215949       -0.25778843013020        5.43860885423724
H           -8.52653387487314       -0.16481074179884        6.86090497613158
H           -8.54135617216522       -0.49556020534062        9.32825806210269
H           -6.36206866212610       -0.80656001247856       10.50420926328973
H           -3.87101436400949       -0.95070201752279       10.33119187481725
H            1.26624996641803       -0.05175691181287        9.69650805695909
H            1.02996178805594       -1.40140534581708        8.57674293265943
B            3.41473740680352       -1.47442566779185        2.17040300049516
N            3.43813855169624        1.11559803316555        1.49999021991010
B            2.63359463612413        2.37075339316155       -0.72752568613672
N            2.44992809517951       -0.61969164756022       -2.23371715318618
B            0.58620008365200       -3.58377041661519        3.09154686483490
N           -2.99657814973764       -2.65902223566548        1.93409758447248
B           -1.08434138621312        4.07496460857474        2.20762687361088
N           -0.40160603167566        0.05823090362224       -3.57603650653441
B           -0.24542047138136        1.48683040670382       -3.70492816548655
N            1.31361660459485       -3.76925187059345       -1.32218355073966
B           -3.78186844977554        2.22855104952661       -0.26555376851504
N           -2.67600221863242        2.78650090772724       -0.92657093287615
B            1.66880963344896        0.86143338202477       -4.41852787263027
N           -0.33367471162738        3.34404656567703        3.24358234709872
B            1.05565024632140       -2.85236842051444       -2.40211396098832
N           -0.40472724939011        3.78152703841817       -0.60775267335718
B           -0.92920771522613        2.16036186041327        3.65075433746525
N            1.51754316373017       -1.30754220930958        3.95604948166939
B           -0.09696448564233        3.49537579552836       -1.96688260183485
N            1.15933854912080        0.03613353506319        4.26343278481064
B           -1.42000991079620       -0.52440706044643       -2.77061263148751
N           -3.83258160884806        1.78305708865789        1.05446080147319
B            0.32171365402713        4.48759099266848        1.63033768973795
N           -0.14016634548761       -0.05157060001231        4.83678774468707
B           -2.74756863889453        2.22450987591481        1.88066926435320
N            3.83656008328703       -0.13136564565753       -0.19768935552227
B           -2.27643018430497       -3.63729576448370        1.25831688077297
N            0.98606971439691        3.71336767301769        2.70822035398111
B           -1.94854890413897       -0.79784874697917        3.50637077790916
N           -2.39008326817614       -3.58732188098077       -0.20755817679227
B            3.11648591054660       -1.06432042200569       -0.97581931680799
N           -3.11087280988981       -1.23736006201972       -0.15486594308314
B            1.99440863509391        2.90470292720041        2.07317528833087
N           -0.36708009519931       -2.87313902467987       -2.08938916196352
B           -1.52739271011276       -2.08243299973200       -2.19617232200464
N            0.63407079716100        3.96850715046002        0.34425976016997
B            1.27719312387189        2.98853543347947       -2.70966827284511
N            0.01803216998586       -4.37066293175211        2.07481390431662
B           -1.72440802608448        3.46508543387580       -0.07090400078442
N           -2.02168652965035        3.41874697270304        1.35622003720632
B            1.41643681675674       -4.22429728885881        1.91958216377601
N           -0.96753210599991        1.03215222631044        4.55238608720815
B           -2.58253726284145       -2.38053725755566       -0.93128450928812
N           -1.09885249066567       -4.48377683344173        1.28998987218449
B           -2.36959193391868        0.52063921916851       -1.82986691561106
N            2.35273092843838       -3.89280580169017        0.92089233930930
B            3.90863562397640       -0.21387934197343        1.29972434225108
N            2.07832529075522        1.97750659477142       -1.96222206500501
B            1.25422197296566        2.29610540483457       -4.15852994152001
N           -4.13281479515027        0.84784836348189       -0.14739883193324
B           -1.15368614042243        2.48867088159714       -2.76148024683150
N           -2.21307689327533        1.96335289436970       -2.00679179793659
B            3.07215544243956       -2.65518049152968        1.11447568171346
N            2.40245076684234       -3.66625277500561       -0.50021272565246
B            2.11959290736309        0.51609547732829        3.30108406549047
N           -2.16498878669056        0.58826013573166        3.89275946574859
B           -1.05761767281163       -4.17139036766947       -0.13904773661908
N           -3.13909567597327        0.06252084655152       -0.71893155031902
B            3.50569232718563        1.25898567745140        0.05113405028997
N            2.52054366842549        1.61185366832062        2.45860172536574
B            1.66478199769565       -1.52332215248345       -3.06457117634451
N           -2.19905666405748        1.74062684394000        3.06397779661904
B            2.22367422440120        0.73839273386845       -2.71332758247287
N           -2.80476131486702       -1.35239455272196        2.56575175748648
B            0.90004207014561       -0.49656676279153       -4.06390115977133
N           -0.08161900286609       -3.74240851227770       -1.00587391115336
B            0.34965614768349       -2.13378315667664        3.82079894883974
N           -0.74126614123384       -1.23475969903118        4.16611279130561
B           -3.24728238512454       -1.44959157207799        1.22260691092640
N            2.57396380714057       -0.88101733114538        3.12275834079756
B            1.91855286276172        3.33812955644512        0.40345433757884
N            2.93814043847642       -2.32780327314835       -0.28497837589111
121
 energy: -221.905462651456 gnorm: 0.002048090751 xtb: 6.7.1pre (5071a88)
N            7.22403388267163       -1.83859683272249        6.62107756599230
C            6.13161026518547       -1.20037529922089        6.12317429052380
O            5.84722733330825       -1.24407649553400        4.94451626361890
C            5.32936502658043       -0.44888774397322        7.13136517686702
C            5.90883278149951        0.16906514650618        8.23498008518014
C            5.11079775309451        0.87195562557731        9.11962928889964
C            3.74344400894709        0.94972103830313        8.92057493411167
C            3.14603043573633        0.33681984296214        7.82396727334293
C            3.95691525943022       -0.34976742101921        6.93064703959824
C            1.66340505045376        0.40504665241823        7.59066796672137
C            1.13951166472280        1.85096354989187        7.45032765391788
C            0.35481323109044        2.28711727540168        8.68211953902968
C           -0.82946122539788        1.34821851792052        8.91827505855270
N           -0.51333262993750       -0.01457475949968        8.53049039359743
C           -1.44161039738758       -0.97338422189999        9.07963001656914
C           -2.81396074062975       -0.78021967879837        8.49095857071558
C           -2.92564725025149       -0.58192534547385        7.09846981130717
C           -4.14260779146296       -0.41219303538684        6.50445232591029
C           -5.32241651572175       -0.43990695469531        7.28034397954723
N           -6.51294680661038       -0.27587045197654        6.67104269549232
C           -7.59630406485717       -0.30186011514699        7.39434451167950
C           -7.60754527399484       -0.48996086810320        8.78769680691981
C           -6.41211733592940       -0.65857814499935        9.43241047926457
C           -5.21707522373937       -0.63920653277282        8.68583115885473
C           -3.94290688702872       -0.80241242064713        9.26506932246181
C            0.88490767921938       -0.32822315888525        8.69793179924084
H            7.77028637655002       -2.40396012991112        5.99260461861092
H            7.39013886227754       -1.91762322642391        7.60836258344294
H            6.97805521439302        0.13512120188868        8.38814667929606
H            5.55881488637083        1.36482106331799        9.97041046303843
H            3.14013398697218        1.50545602442812        9.62225645690856
H            3.53341760986101       -0.82069425555275        6.05693914955448
H            1.44301005379969       -0.11601338451195        6.66089147845712
H            0.47662331174489        1.89869334384513        6.58712943119110
H            1.97274668623409        2.53384798862345        7.27598198144862
H            1.00686906437442        2.29215664428397        9.55740236675485
H           -0.01474774305435        3.30474011218402        8.54850537727256
H           -1.12855576320235        1.39899522981260        9.98230557243540
H           -1.68561231548102        1.66992654126237        8.31897286159522
H           -1.09009793823558       -1.97541381420924        8.80922082374183
H           -1.49996990956342       -0.92223921351067       10.18561025693049
H           -2.01668535890133       -0.55333760106881        6.52070849343272
H           -4.22845357266384       -0.25414370071876        5.44100194304499
H           -8.52664602263095       -0.16637216248412        6.85589572970922
H           -8.54401170546299       -0.49982279787559        9.32462677957974
H           -6.36684111105114       -0.80679375042186       10.50349768275167
H           -3.87626477747036       -0.94863864058399       10.33568967384206
H            1.26557710170868       -0.05726703271697        9.69852619416482
H            1.02775128724913       -1.40462945498715        8.57693313435065
B            3.41462350569843       -1.47483647469168        2.17084112499612
N            3.43654829936854        1.11438900180840        1.50012525534195
B            2.63703748071996        2.37221652860873       -0.72633072036385
N            2.45068258645726       -0.61907551657331       -2.23362128785945
B            0.58500465544109       -3.58434996223440        3.09077865179216
N           -2.99573331064873       -2.65838557631933        1.93307588045726
B           -1.08326557727275        4.07459130906518        2.20848417800282
N           -0.40049344268829        0.05936908473079       -3.57657456325851
B           -0.24322437621002        1.48807193443341       -3.70451251365561
N            1.31369067217279       -3.76816459818271       -1.32274850833239
B           -3.78066986332900        2.22970977755877       -0.26582101963010
N           -2.67449679740538        2.78756186436087       -0.92651381805524
B            1.67029580457774        0.86285442650353       -4.41800395511767
N           -0.33281884375357        3.34310102125455        3.24415877612899
B            1.05602476141359       -2.85144129871257       -2.40265027513031
N           -0.40300308283779        3.78214547597957       -0.60656933767773
B           -0.92886918233253        2.15963009174683        3.65130327317669
N            1.51637749714906       -1.30826112675169        3.95535559908677
B           -0.09492061691261        3.49616994219712       -1.96571465831853
N            1.15820426393501        0.03530516976386        4.26303978182277
B           -1.41937145555596       -0.52320816649917       -2.77174221253719
N           -3.83183545043745        1.78379602003268        1.05410648030960
B            0.32307907034612        4.48761593530036        1.63191846601077
N           -0.14083482576772       -0.05238767868565        4.83725147686326
B           -2.74698927072590        2.22474788202255        1.88089556291434
N            3.83688106733995       -0.13142676566174       -0.19740868440966
B           -2.27669605412034       -3.63730908738884        1.25715420775346
N            0.98714450392393        3.71324942492465        2.70995285203308
B           -1.94939624196472       -0.79780075599711        3.50655599598376
N           -2.39008129226576       -3.58651568548732       -0.20868010890242
B            3.11699254926934       -1.06410899899099       -0.97569955807280
N           -3.11008870266374       -1.23634244403074       -0.15552584196120
B            1.99528814316961        2.90447040517205        2.07446797198033
N           -0.36686793524592       -2.87246392408734       -2.09027725820962
B           -1.52674648762068       -2.08104871956813       -2.19671396673567
N            0.63567359501300        3.96860964356909        0.34573546656725
B            1.27966891489651        2.98934054043598       -2.70782595303857
N            0.01735710576243       -4.37120179346527        2.07370845236922
B           -1.72300460711207        3.46572281270492       -0.07024296425818
N           -2.02074293800289        3.41895931220644        1.35677886489040
B            1.41582139230726       -4.22463048015648        1.91903739217579
N           -0.96834622057965        1.03167868772401        4.55372264298626
B           -2.58230195738419       -2.37956598062086       -0.93225139365906
N           -1.09943362447945       -4.48452785732395        1.28862063072481
B           -2.36798609720620        0.52181949529179       -1.83009176332732
N            2.35230011859293       -3.89264880854787        0.92059319996700
B            3.90847930963517       -0.21430373133369        1.30007335642097
N            2.08115928936268        1.97829928651248       -1.96079925914274
B            1.25668424320777        2.29746713439386       -4.15694212103010
N           -4.13190723876173        0.84901754708828       -0.14794947176619
B           -1.15156193661170        2.48997492235619       -2.76106555425784
N           -2.21130127739596        1.96458468026886       -2.00678732426940
B            3.07201505900508       -2.65523314407895        1.11441000225771
N            2.40258925819538       -3.66622583805581       -0.50057228351797
B            2.11947284880456        0.51549305064840        3.30215507763599
N           -2.16589350610499        0.58832192104018        3.89356318348220
B           -1.05787067356438       -4.17131873282351       -0.14028713968900
N           -3.13801838253699        0.06366282540273       -0.71945413169044
B            3.50822342283164        1.25961259497141        0.05186102144364
N            2.52036790425374        1.61120542972517        2.45931495907064
B            1.66556087651634       -1.52237555966587       -3.06481246686116
N           -2.19861316084909        1.74032204099023        3.06409894647412
B            2.22547801930397        0.73950047023010       -2.71252367909160
N           -2.80526554336172       -1.35201299529214        2.56546178397140
B            0.90125541249431       -0.49526905451027       -4.06411238839291
N           -0.08160934696890       -3.74203529798223       -1.00687426443531
B            0.34848111172345       -2.13445119273497        3.82034612219760
N           -0.74237076008485       -1.23528301657317        4.16620238816478
B           -3.24702574253049       -1.44888749857599        1.22193547778321
N            2.57361293854412       -0.88170848405692        3.12316108914916
B            1.92036579155393        3.33840383206855        0.40491854776852
N            2.93871389750251       -2.32786643035616       -0.28508943293263
121
 energy: -221.905472761930 gnorm: 0.001995619589 xtb: 6.7.1pre (5071a88)
N            7.22266455267016       -1.83575886102433        6.61020113483417
C            6.12935216720723       -1.19695827902077        6.11515469308458
O            5.84394675467854       -1.23730812622924        4.93665427034522
C            5.32732699074896       -0.44910938523681        7.12631103264056
C            5.90763410224637        0.16671730705887        8.23068652495663
C            5.11020708920115        0.86723883612162        9.11782113115399
C            3.74266661962265        0.94474859763574        8.92031347703807
C            3.14431930292022        0.33368512469412        7.82307423552444
C            3.95452870302735       -0.35064469735799        6.92739879428198
C            1.66144287917211        0.40237497552977        7.59142532488052
C            1.13870301345203        1.84872376783912        7.45058861699768
C            0.35649189339800        2.28676846603178        8.68335852569584
C           -0.82849075290285        1.34929900778356        8.92244717471056
N           -0.51462615670659       -0.01394663972578        8.53421627849019
C           -1.44376995713652       -0.97129271872593        9.08431686533726
C           -2.81566401673983       -0.77816778717754        8.49458791743934
C           -2.92626532780021       -0.58088597495973        7.10183070257652
C           -4.14276007664481       -0.41217401634955        6.50658602777671
C           -5.32334587294433       -0.44040414142845        7.28131626623904
N           -6.51347772281605       -0.27864250180544        6.67078100757804
C           -7.59761590740991       -0.30589088368742        7.39300745092731
C           -7.60990817453185       -0.49289339714783        8.78642880570980
C           -6.41474123024163       -0.65883402986618        9.43252633539696
C           -5.21902315680715       -0.63832996478654        8.68715014789769
C           -3.94522630274532       -0.79997222523415        9.26773880600229
C            0.88340758257790       -0.32942784208915        8.69998286558667
H            7.76901498481741       -2.39890872167277        5.97977839077286
H            7.38925278569473       -1.91818516234213        7.59709220897576
H            6.97704705875154        0.13304332905349        8.38256576838210
H            5.55889086972061        1.35842534318582        9.96927786718686
H            3.13973690348435        1.49878993830804        9.62367661075059
H            3.53038747804808       -0.82004056911275        6.05313088667910
H            1.43962710697563       -0.11910325896873        6.66218248105878
H            0.47450004865821        1.89631395540270        6.58834964100503
H            1.97243078987642        2.53056991795401        7.27434431519228
H            1.01008075628172        2.29197146335739        9.55755043236318
H           -0.01217959301275        3.30468951747746        8.54944262330148
H           -1.12492572095705        1.40061620134400        9.98733568488127
H           -1.68581871375232        1.67176521894464        8.32498531340510
H           -1.09289817153161       -1.97398455444173        8.81555231062623
H           -1.50266123567429       -0.91854603249016       10.19019582577320
H           -2.01686046864089       -0.55231113250267        6.52474072313160
H           -4.22748160840739       -0.25490063107459        5.44292123266885
H           -8.52752446641412       -0.17242089411454        6.85328477995952
H           -8.54682073260245       -0.50413248090034        9.32258593227577
H           -6.37042552324590       -0.80604449004048       10.50378831420091
H           -3.87955096805548       -0.94504594879729       10.33856726682166
H            1.26565267567880       -0.05866195286815        9.70005558800136
H            1.02464542461310       -1.40608965359059        8.57915988954060
B            3.41470812715137       -1.47553525881563        2.17132458472903
N            3.43661456402763        1.11355091853192        1.50097653687676
B            2.63927507354618        2.37278369113637       -0.72502710296492
N            2.45182770063432       -0.61850309980508       -2.23316975546924
B            0.58419562847395       -3.58476462892478        3.09013146376873
N           -2.99530092058201       -2.65756728199112        1.93195392122594
B           -1.08188347941832        4.07451750433056        2.20947623293992
N           -0.39892962048956        0.06085208074382       -3.57657620614852
B           -0.24115395315298        1.48956936617252       -3.70395914854239
N            1.31395580010562       -3.76738318329471       -1.32321430634400
B           -3.77919393252438        2.23109510761013       -0.26585096679281
N           -2.67274934808589        2.78884642595328       -0.92616527109768
B            1.67222727968178        0.86416854718078       -4.41722081649487
N           -0.33176932532695        3.34254286691255        3.24501626076356
B            1.05669538076509       -2.85047913076983       -2.40297751730560
N           -0.40109252938758        3.78285399534349       -0.60539734358778
B           -0.92825384379254        2.15922601324638        3.65192655385759
N            1.51573237330992       -1.30904312331059        3.95509069855396
B           -0.09277074489886        3.49712658009462       -1.96453172582859
N            1.15781253569530        0.03450520145827        4.26306722972648
B           -1.41822076985933       -0.52170758954341       -2.77225771104628
N           -3.83073500389578        1.78478521755667        1.05392889908426
B            0.32464313188444        4.48762198261102        1.63342117714510
N           -0.14111869577271       -0.05309576116800        4.83754706124719
B           -2.74598924643751        2.22520784615627        1.88112768826550
N            3.83765860296790       -0.13165360906011       -0.19665169054260
B           -2.27678079137697       -3.63670176977252        1.25595980590107
N            0.98836977984169        3.71292935027975        2.71145290015378
B           -1.94968726043085       -0.79768012735162        3.50651294084039
N           -2.38992830043835       -3.58543615552557       -0.20986941474163
B            3.11777763097455       -1.06399936947177       -0.97521176418789
N           -3.10935692561376       -1.23509837075966       -0.15622074399783
B            1.99642535799690        2.90411024383121        2.07581845185525
N           -0.36629169870338       -2.87138975788539       -2.09092253650829
B           -1.52589801353251       -2.07956856026023       -2.19728778586213
N            0.63744153752198        3.96886650005877        0.34716209360261
B            1.28194560030964        2.99019989620230       -2.70635715495898
N            0.01679076723834       -4.37136543060732        2.07273772541682
B           -1.72128665428469        3.46653271685011       -0.06947791898670
N           -2.01935334405281        3.41936741057178        1.35744199070474
B            1.41530092027084       -4.22486021081106        1.91848530148220
N           -0.96851417512072        1.03127857781778        4.55455782319915
B           -2.58179078002521       -2.37827760459809       -0.93316677349976
N           -1.09984236470328       -4.48445545770800        1.28737218514010
B           -2.36648525149092        0.52327017315195       -1.83019747023419
N            2.35203184229475       -3.89273981337874        0.92033747461233
B            3.90888917895413       -0.21492478183332        1.30086677620950
N            2.08331412754921        1.97893687764197       -1.95952773957089
B            1.25902519621738        2.29876911788324       -4.15568530173408
N           -4.13080667626208        0.85045202143216       -0.14837133222748
B           -1.14946286159462        2.49142776574083       -2.76042287731770
N           -2.20948622896422        1.96605158668366       -2.00653864567982
B            3.07210776204371       -2.65559715140741        1.11451063308198
N            2.40277374582469       -3.66614110880174       -0.50079746391814
B            2.11963111634646        0.51475723560441        3.30290073557411
N           -2.16606533032285        0.58842106743440        3.89394710501229
B           -1.05790577085453       -4.17067210527821       -0.14141649803853
N           -3.13692236130202        0.06502505233573       -0.71987832427407
B            3.50991153771967        1.25963498692213        0.05295456080289
N            2.52088339496019        1.61057784358752        2.46031160775654
B            1.66667682837965       -1.52141637014218       -3.06472906721845
N           -2.19792313125693        1.74038475968308        3.06432065634398
B            2.22723593825603        0.74033427202867       -2.71162138722523
N           -2.80524808202947       -1.35144072645902        2.56487898632505
B            0.90280337652758       -0.49391908252709       -4.06393227435784
N           -0.08139687114844       -3.74133406605616       -1.00770535162415
B            0.34776164400095       -2.13500686803516        3.82001089429930
N           -0.74293252733236       -1.23567811657754        4.16624964060050
B           -3.24659370995383       -1.44790654253441        1.22115575386486
N            2.57344293145556       -0.88250499712033        3.12348825971247
B            1.92207907606048        3.33852108777154        0.40638681697474
N            2.93925835963344       -2.32796268994774       -0.28495253934036
121
 energy: -221.905519334417 gnorm: 0.001726419279 xtb: 6.7.1pre (5071a88)
N            7.21460237850073       -1.81967971858426        6.54983734441920
C            6.11668714784658       -1.17760366812649        6.06959973812298
O            5.82908990272086       -1.19601246377499        4.89142959029103
C            5.31595212189356       -0.44969690674105        7.09639230681648
C            5.90178617619139        0.15545693736625        8.20396288972030
C            5.10809247529283        0.84184748398404        9.10573696462980
C            3.73924614735581        0.91633873973840        8.91836302778818
C            3.13501163450796        0.31475635687501        7.81844111145141
C            3.94118807818881       -0.35616334414921        6.90879827910674
C            1.65042200000040        0.38601566319318        7.59687698035404
C            1.13556469649935        1.83529533295145        7.45364466768564
C            0.36566088571513        2.28312929257849        8.69075239655645
C           -0.82441939267082        1.35461507850325        8.94267948534770
N           -0.52203954062338       -0.01214853864634        8.55634587213816
C           -1.45630877892016       -0.96011413827980        9.11327235239219
C           -2.82541878181817       -0.76791018031791        8.51657868666338
C           -2.92856287772390       -0.57482475971877        7.12255392495440
C           -4.14179303526219       -0.41054068924820        6.51967960635522
C           -5.32707539948476       -0.44190101881945        7.28709424247122
N           -6.51419017898593       -0.29046920326653        6.66847897290379
C           -7.60314982259980       -0.32487483872311        7.38353357274590
C           -7.62326649048576       -0.50859672432263        8.77718216867944
C           -6.43070084849540       -0.66196868425391        9.43186917099890
C           -5.23020119524861       -0.63472170043670        8.69445837263252
C           -3.95910349523339       -0.78904326189802        9.28328018961095
C            0.87485427259314       -0.33730046631645        8.71302100758829
H            7.76326714271520       -2.36853358040884        5.90874605946627
H            7.38206197000634       -1.92149923428267        7.53430650387370
H            6.97240844787444        0.12486366547062        8.34728915860794
H            5.56090288343789        1.32496820939923        9.95992303941743
H            3.13911780805656        1.46108634210072        9.63129516621244
H            3.51257422296434       -0.81824049809262        6.03249703800127
H            1.42002245512345       -0.13790880402947        6.67072637006353
H            0.46590921211489        1.88401770785583        6.59565655283827
H            1.97290140269251        2.51072844069917        7.26948574780897
H            1.02597721186961        2.28695422249111        9.56025144803391
H            0.00328088629837        3.30334003532079        8.55587954919848
H           -1.11190269955606        1.41130082868820       10.01070736462313
H           -1.68533622584395        1.68061108945291        8.35050293851358
H           -1.10905291459539       -1.96698651837686        8.85617450287317
H           -1.51907627101673       -0.89594010357818       10.21835097408715
H           -2.01603146086128       -0.54602062025612        6.55034393220242
H           -4.21998954870467       -0.25625202610406        5.45520081882043
H           -8.53005539559741       -0.20073180845746        6.83648647866862
H           -8.56337572258589       -0.52755316950679        9.30773239552802
H           -6.39302414528237       -0.80585323338951       10.50374887306644
H           -3.89960133118078       -0.92943961063520       10.35494562671678
H            1.26614346005821       -0.06714568666046        9.70990379078268
H            1.00683040768329       -1.41541557703732        8.59355399067556
B            3.41485004929684       -1.47956673818407        2.17417949597035
N            3.43534376710334        1.10824002208174        1.50563455616801
B            2.65326705745892        2.37697785330937       -0.71738259377480
N            2.45789538261761       -0.61497020074288       -2.23063330132465
B            0.57892546231900       -3.58732524536987        3.08630601699294
N           -2.99269996705896       -2.65269958724422        1.92501070909611
B           -1.07416929430672        4.07371722458946        2.21523389231149
N           -0.38995047673193        0.06896102603516       -3.57619127082293
B           -0.22901496646259        1.49769139481779       -3.70029074657032
N            1.31512571490598       -3.76255174447014       -1.32598953230547
B           -3.77088033999086        2.23909637115206       -0.26614001398021
N           -2.66275321032571        2.79619802545027       -0.92413855046784
B            1.68290810480443        0.87195875190008       -4.41247353792043
N           -0.32602498340147        3.33887423866584        3.24989829950239
B            1.06021624312332       -2.84470859024306       -2.40490998648386
N           -0.39015687571959        3.78680923010478       -0.59832233606801
B           -0.92501413347268        2.15648753846134        3.65551104461585
N            1.51127257265196       -1.31375288763185        3.95327983844040
B           -0.08032808969534        3.50255645961094       -1.95733107208795
N            1.15485246029932        0.02967049382021        4.26307713956168
B           -1.41041932587900       -0.51336282418176       -2.77319936209841
N           -3.82471340291618        1.79044150780131        1.05276112005737
B            0.33341856006661        4.48751934379743        1.64238959731570
N           -0.14333932673350       -0.05743235559460        4.83943447352215
B           -2.74054011660004        2.22758995280951        1.88239132720345
N            3.84138900828476       -0.13282676126035       -0.19242645236725
B           -2.27754037580695       -3.63325555268032        1.24881464400901
N            0.99519560477731        3.71111406351369        2.72059335702562
B           -1.95183680861194       -0.79718790043706        3.50640427321418
N           -2.38920481556987       -3.57912058148149       -0.21702656472994
B            3.12174732253845       -1.06318553174637       -0.97241633612452
N           -3.10520378837452       -1.22775229946608       -0.16041141424816
B            2.00262003110447        2.90200080439465        2.08396271078148
N           -0.36352590225961       -2.86596003768989       -2.09549209150986
B           -1.52184791830029       -2.07239905304323       -2.20201137361313
N            0.64750941749938        3.97016095521807        0.35577694587083
B            1.29532356545961        2.99521840197226       -2.69724166632897
N            0.01305830360645       -4.37242821617196        2.06694743452825
B           -1.71148101431602        3.47098508761281       -0.06494313413355
N           -2.01159387863729        3.42143508108118        1.36131466072830
B            1.41181614765486       -4.22620481643510        1.91522654518074
N           -0.97012823027540        1.02875590190069        4.55975612590254
B           -2.57870618399914       -2.37069953820075       -0.93865329502553
N           -1.10255261479121       -4.48428074451441        1.27987738590240
B           -2.35898114399171        0.53172215035215       -1.83153527667233
N            2.34996293720718       -3.89307434730695        0.91888520126326
B            3.91058730848144       -0.21851032171354        1.30537886065431
N            2.09639182582853        1.98291652437222       -1.95173312383672
B            1.27252485328177        2.30643314876765       -4.14788226536120
N           -4.12482835904477        0.85877352861788       -0.15096062563899
B           -1.13707856055790        2.49960955630621       -2.75638788568008
N           -2.19918558932088        1.97453950903217       -2.00520546403752
B            3.07219082637542       -2.65754321710569        1.11501945946573
N            2.40348948960622       -3.66557973170083       -0.50209455050534
B            2.12013078734164        0.51034968129410        3.30756967053449
N           -2.16765316839600        0.58882880533635        3.89634514590813
B           -1.05835540438820       -4.16694756835086       -0.14817331714735
N           -3.13113904995828        0.07294419377314       -0.72270570457641
B            3.52036044292587        1.26041194343250        0.05931484019343
N            2.52313964527392        1.60684924893182        2.46629824264569
B            1.67275782081494       -1.51569465733109       -3.06436578934681
N           -2.19410381250176        1.74036527437366        3.06539274159578
B            2.23723461924944        0.74552607573446       -2.70613302879850
N           -2.80561230133983       -1.34822499087274        2.56155339092436
B            0.91139460550936       -0.48624466713003       -4.06329975537897
N           -0.08050804301264       -3.73742300744156       -1.01284240677429
B            0.34302757722534       -2.13844742673532        3.81806545710600
N           -0.74677848156251       -1.23818056641078        4.16679825846467
B           -3.24406321749531       -1.44202916661408        1.21643931491544
N            2.57207083789474       -0.88720953716756        3.12554399634391
B            1.93198552487840        3.33931067628835        0.41519034979919
N            2.94204941891783       -2.32847828430455       -0.28421594044344
121
 energy: -221.905544664523 gnorm: 0.001545142576 xtb: 6.7.1pre (5071a88)
N            7.20651705471604       -1.80660005106995        6.49766228518050
C            6.10511352191992       -1.15999242886211        6.03050080009347
O            5.81259702004858       -1.16283925605701        4.85349253129434
C            5.30634808031160       -0.44979462421585        7.07113115154716
C            5.89743944267085        0.14513012626727        8.18149576871573
C            5.10742321126703        0.81913256199770        9.09571910197159
C            3.73724311053020        0.89143282822730        8.91777756873979
C            3.12758439079483        0.29949085883209        7.81558751601068
C            3.93010895742588       -0.35922855803241        6.89359922029613
C            1.64157917996650        0.37262155110317        7.60241470727757
C            1.13202088214534        1.82360426312009        7.45591160361538
C            0.37319387948592        2.28086266014119        8.69626909235910
C           -0.82005290403069        1.35978146905968        8.96009301461936
N           -0.52787815172406       -0.00936580784460        8.57509955992250
C           -1.46686832434624       -0.94994941929343        9.13626208012580
C           -2.83363238531605       -0.75924889771464        8.53316642596147
C           -2.93086776086405       -0.56936382346135        7.13832840844952
C           -4.14188733693449       -0.41078275591338        6.52954365785034
C           -5.33054244223027       -0.44561817738498        7.29150355168268
N           -6.51537277552842       -0.30277986436744        6.66623984156554
C           -7.60752502043388       -0.34159402877968        7.37588594234622
C           -7.63382613249859       -0.52089664975708        8.77018925933023
C           -6.44386838583858       -0.66505907566185        9.43137607480085
C           -5.23970292158445       -0.63378422129987        8.69983593717541
C           -3.97075224407072       -0.78169607228121        9.29476802802246
C            0.86786553553068       -0.34295056853924        8.72504854474006
H            7.75396144389587       -2.34517945630579        5.84680555061223
H            7.37672810266321       -1.92285569052162        7.47991550967884
H            6.96902136146456        0.11680516821698        8.31730826915836
H            5.56406090319076        1.29435918666347        9.95230544990826
H            3.14043615407965        1.42695867019065        9.64048499199566
H            3.49726980548367       -0.81283283188193        6.01486363320642
H            1.40481087879732       -0.15393003737800        6.67921092562122
H            0.45682963060097        1.87161154062198        6.60239110056220
H            1.97124781872627        2.49418105227634        7.26299419434433
H            1.03939801152003        2.28478010613737        9.56136651374271
H            0.01554563313548        3.30252270747982        8.55939343672955
H           -1.09969368460052        1.42088440243620       10.03038521235705
H           -1.68413873632117        1.68860185981925        8.37364816124156
H           -1.12224573403124       -1.95995905319546        8.88869027085333
H           -1.53345912925383       -0.87671721932725       10.24048805323875
H           -2.01577516592011       -0.53888080529731        6.57017985386420
H           -4.21618465878722       -0.25948195090001        5.46451424739040
H           -8.53249703882195       -0.22537678997637        6.82393873816002
H           -8.57658841560203       -0.54382438148683        9.29580211248572
H           -6.41085234299491       -0.80530891905575       10.50388311724070
H           -3.91553851674079       -0.91916113463093       10.36697632259775
H            1.26613079439774       -0.07261946673374        9.71896095322659
H            0.99212408052130       -1.42215493933786        8.60761481814145
B            3.41493215948620       -1.48329305672990        2.17676246523660
N            3.43608727047260        1.10415094234168        1.51062368918039
B            2.66373174439773        2.37943577919436       -0.71034113487568
N            2.46334112076506       -0.61194400069318       -2.22800865583662
B            0.57484608265002       -3.58960918760067        3.08327913591530
N           -2.99189124408597       -2.64889642757979        1.91922309406209
B           -1.06767351823721        4.07344216253592        2.22047831098411
N           -0.38227549940653        0.07635738660985       -3.57607386871946
B           -0.21868501732774        1.50506875401240       -3.69721566298690
N            1.31615002695777       -3.75881491150259       -1.32831914421093
B           -3.76370973955644        2.24604604076370       -0.26628017329559
N           -2.65415373160769        2.80265825869835       -0.92221475192033
B            1.69235573545272        0.87864828795159       -4.40817120792636
N           -0.32137628485206        3.33620024732457        3.25458703518183
B            1.06335015128037       -2.83978750762444       -2.40639256974039
N           -0.38081158284435        3.79028714134246       -0.59219553717912
B           -0.92244883380499        2.15441080572695        3.65867751962995
N            1.50798439688538       -1.31795092050428        3.95242242673127
B           -0.06970247838533        3.50739175069922       -1.95114004122778
N            1.15292520456253        0.02540288156529        4.26385566819681
B           -1.40470229391132       -0.50583844630209       -2.77548310879465
N           -3.81965708705851        1.79549599514432        1.05188424510179
B            0.34089506304281        4.48736043893738        1.65021681374012
N           -0.14512485209560       -0.06122909838238        4.84087812061263
B           -2.73593935055568        2.22993809816099        1.88351674470195
N            3.84495126246031       -0.13399650977724       -0.18812241268257
B           -2.27849292338140       -3.63007133410537        1.24280640679212
N            1.00082811613123        3.70919049513654        2.72839330494145
B           -1.95332361409054       -0.79704604376767        3.50575042229888
N           -2.38883152906328       -3.57372328679888       -0.22309656600623
B            3.12537752595874       -1.06255796930521       -0.96960553753738
N           -3.10200306003829       -1.22150398823229       -0.16399860074589
B            2.00786052728249        2.89988032475263        2.09120325242144
N           -0.36083063637112       -2.86034937358459       -2.09863444681112
B           -1.51793459074867       -2.06503484366151       -2.20497943646442
N            0.65604436156158        3.97132518831786        0.36328774480140
B            1.30656045605592        2.99968367083892       -2.68969363918924
N            0.00986313031419       -4.37304228625714        2.06217546050619
B           -1.70310248477876        3.47505207864399       -0.06094164537646
N           -2.00497719638957        3.42354734386236        1.36479412449574
B            1.40886329772125       -4.22746583514597        1.91242084892232
N           -0.97103843719145        1.02636443812746        4.56319162349716
B           -2.57648959465456       -2.36424750800068       -0.94332677510513
N           -1.10489719367878       -4.48326740227361        1.27367390831283
B           -2.35179822038326        0.53905752876264       -1.83209312830807
N            2.34834937300931       -3.89376125083585        0.91762126305697
B            3.91249714097332       -0.22173440714963        1.30984981213464
N            2.10681766227800        1.98618782640082       -1.94508092618058
B            1.28422169040607        2.31314392715367       -4.14142070728593
N           -4.11955142930957        0.86601035461924       -0.15332436231716
B           -1.12657172975556        2.50682479264675       -2.75288087415824
N           -2.19017999606757        1.98191074775959       -2.00377008691871
B            3.07219024885744       -2.65948857126339        1.11569127778353
N            2.40396234493213       -3.66500012286446       -0.50313439046239
B            2.12081124081839        0.50634538068301        3.31162759135289
N           -2.16840371073751        0.58884061575280        3.89751017203760
B           -1.05882672616343       -4.16336654811367       -0.15379706621882
N           -3.12596952515108        0.07977761585857       -0.72490460449603
B            3.52815669626997        1.26032137513711        0.06541070243462
N            2.52556907434461        1.60347413156433        2.47187737394556
B            1.67818361237116       -1.51076474362465       -3.06364142691964
N           -2.19112139513353        1.74057537794912        3.06640371662991
B            2.24574092158870        0.74977367725207       -2.70132870902406
N           -2.80605909261448       -1.34576857087769        2.55857555520439
B            0.91903496174115       -0.47945930541475       -4.06224528672227
N           -0.07974957016259       -3.73386859945579       -1.01706581581476
B            0.33943328074985       -2.14146983763498        3.81662132421707
N           -0.74967235565384       -1.24040212298647        4.16688595594734
B           -3.24220890010812       -1.43712856978375        1.21241052927357
N            2.57109708091865       -0.89144186892224        3.12756580446990
B            1.94015846456309        3.33970459648145        0.42299093336043
N            2.94416532128165       -2.32888005801401       -0.28325718666941
121
 energy: -221.905569121649 gnorm: 0.001117739426 xtb: 6.7.1pre (5071a88)
N            7.19645312416530       -1.79544246985434        6.44949176221061
C            6.09165129457952       -1.14508636817589        5.99511082208967
O            5.79482382576534       -1.13294562025960        4.81938904250288
C            5.29764467282532       -0.44814146660136        7.04778066661905
C            5.89446382694842        0.13698874970976        8.16032588781887
C            5.10834913541147        0.79854543258153        9.08673301670808
C            3.73664052024297        0.86836005796490        8.91875993369139
C            3.12136435215536        0.28624357366281        7.81464100362446
C            3.92009513581123       -0.36000434539973        6.88048344832341
C            1.63423119059454        0.36045085486563        7.60883452508297
C            1.12907597964750        1.81265132464807        7.45823236985036
C            0.37935240069131        2.27855325807688        8.70063555202266
C           -0.81653900154925        1.36419443845107        8.97376609295051
N           -0.53285517480862       -0.00715160727433        8.59166619004986
C           -1.47611406639668       -0.94096564886402        9.15668650138909
C           -2.84060517020973       -0.75273731070520        8.54700783988084
C           -2.93231874025005       -0.56428995029447        7.15170471975391
C           -4.14147781559636       -0.41150361541489        6.53767323952465
C           -5.33305877602896       -0.45029560472887        7.29472922495460
N           -6.51573703943360       -0.31361812744503        6.66361980218190
C           -7.61052947858129       -0.35510512909954        7.36848385607903
C           -7.64243067336409       -0.53057567457291        8.76341779041946
C           -6.45524438788765       -0.66899942448723        9.43008995742515
C           -5.24789789167368       -0.63553972433140        8.70356372066512
C           -3.98104942733084       -0.77845899798383        9.30382323485249
C            0.86172988168383       -0.34786819240132        8.73691765998262
H            7.74112536928656       -2.32493209148580        5.78918354844459
H            7.37109122992336       -1.92331723086129        7.42937809599375
H            6.96701618034924        0.11075698081995        8.28855659420126
H            5.56912199889935        1.26671205524410        9.94487845773378
H            3.14377849591863        1.39492664619554        9.65116585312237
H            3.48273244161703       -0.80587272425546        6.00023975605542
H            1.39243865303195       -0.16862005289841        6.68837507966561
H            0.44912510127952        1.85915078997148        6.60852802160877
H            1.96959359338524        2.47906363715531        7.25708430734233
H            1.05029332043581        2.28268064575124        9.56194886030566
H            0.02594906589779        3.30133993146711        8.56153056000972
H           -1.09055838771823        1.42997526606082       10.04524609588898
H           -1.68212078009156        1.69521247064305        8.39102872474856
H           -1.13343912777985       -1.95394047368041        8.91892915975287
H           -1.54669498785823       -0.85854218295198       10.25995521301461
H           -2.01482495990991       -0.53076319522888        6.58745933461772
H           -4.21270213486319       -0.26205384938167        5.47221745626592
H           -8.53382225763181       -0.24434313195026        6.81281354529063
H           -8.58762507523331       -0.55472379509230        9.28441593904352
H           -6.42618753820529       -0.80633992549614       10.50309042856023
H           -3.92961209280116       -0.91499516178445       10.37634189785879
H            1.26517277847744       -0.07701189225686        9.72833709993051
H            0.97961316085574       -1.42795824893367        8.62200327598265
B            3.41474988607139       -1.48701181253134        2.17942582409165
N            3.43783609497852        1.10063055673297        1.51617641642512
B            2.67232105294988        2.38095167352966       -0.70323626966696
N            2.46838557781862       -0.60908291741613       -2.22519725930453
B            0.57122080324612       -3.59191845807993        3.08065839450168
N           -2.99256177237565       -2.64568502431759        1.91385886452659
B           -1.06196334945890        4.07350747579710        2.22576811062093
N           -0.37487127806281        0.08325788527746       -3.57513196103243
B           -0.20914292112475        1.51191694160002       -3.69399351837990
N            1.31710850414113       -3.75575579394492       -1.33049370566940
B           -3.75729520921772        2.25267517533690       -0.26621347675223
N           -2.64638142304445        2.80887694590792       -0.92020057751785
B            1.70113074589681        0.88493780471127       -4.40395746282208
N           -0.31752987234647        3.33406204055325        3.25952257491003
B            1.06635833193405       -2.83524012759866       -2.40761355656989
N           -0.37232121922254        3.79363990539475       -0.58627634277159
B           -0.92045932324185        2.15260508918121        3.66177636572990
N            1.50519406362310       -1.32211427631978        3.95236948335052
B           -0.06000953591490        3.51212180479728       -1.94521046438536
N            1.15141338816346        0.02116641229874        4.26545441486783
B           -1.39822156761222       -0.49874707217188       -2.77563038037679
N           -3.81533947289380        1.80046514188955        1.05129794074747
B            0.34762115722673        4.48711378125191        1.65780169658327
N           -0.14691975950587       -0.06497132641710        4.84224150857235
B           -2.73196137525372        2.23238947300168        1.88470511437143
N            3.84827697998316       -0.13520812295207       -0.18348227996415
B           -2.27986625642185       -3.62698124487604        1.23715436317967
N            1.00566629375397        3.70709979291597        2.73586007505087
B           -1.95460204146196       -0.79728313159561        3.50467236551955
N           -2.38862593102224       -3.56850523248365       -0.22885349500468
B            3.12868053509685       -1.06198285942413       -0.96661262774686
N           -3.09920563651718       -1.21550717569395       -0.16739301939002
B            2.01249436628886        2.89762835243246        2.09841098589611
N           -0.35829184663482       -2.85537446026026       -2.10181241939419
B           -1.51453889545632       -2.05893996233664       -2.20853965860841
N            0.66372266524001        3.97236390104419        0.37057140278316
B            1.31673123116648        3.00402306485989       -2.68264814361530
N            0.00671074925874       -4.37342278013578        2.05782856749057
B           -1.69552751410988        3.47900614556536       -0.05697122896587
N           -1.99910896451204        3.42582916955627        1.36830797796744
B            1.40598419577891       -4.22881227831172        1.90978363362253
N           -0.97171840048345        1.02382576491571        4.56555809047521
B           -2.57414544741953       -2.35791012395868       -0.94769940913600
N           -1.10728304732539       -4.48162711591540        1.26798233884492
B           -2.34596091634430        0.54617981262733       -1.83296438280832
N            2.34685257290285       -3.89475017842198        0.91642870218863
B            3.91431420137857       -0.22489510353838        1.31457181444214
N            2.11581011221707        1.98916873020201       -1.93870967837266
B            1.29499404689832        2.31949311825162       -4.13531420819927
N           -4.11487935723311        0.87291284821407       -0.15551432670637
B           -1.11692886998918        2.51367208137571       -2.74942860571326
N           -2.18211840640364        1.98903595958014       -2.00233926589087
B            3.07192685594863       -2.66150416696934        1.11656303916454
N            2.40424799034609       -3.66443120448736       -0.50405033674777
B            2.12145100117881        0.50234329332775        3.31574404032235
N           -2.16880498751142        0.58843840817609        3.89783628124649
B           -1.05939324406232       -4.15971333082900       -0.15896953886021
N           -3.12156249011580        0.08634537836273       -0.72701535186184
B            3.53439772933173        1.25966023555703        0.07179006610697
N            2.52796946238288        1.60011986797102        2.47764994585271
B            1.68327567188583       -1.50610209445701       -3.06269580081782
N           -2.18880411439628        1.74085142984379        3.06747628361179
B            2.25327918642038        0.75365425147609       -2.69664213900184
N           -2.80686085016170       -1.34384080480261        2.55573949289769
B            0.92621940045385       -0.47306265630546       -4.06103672803301
N           -0.07905807100206       -3.73033179567624       -1.02087634654379
B            0.33629938623976       -2.14448822390817        3.81557044175156
N           -0.75226223444592       -1.24269868811755        4.16671063800400
B           -3.24082107270164       -1.43260449419741        1.20861986363921
N            2.57020250039216       -0.89563462999344        3.12990141716259
B            1.94733279524078        3.33970530616413        0.43070137761611
N            2.94568539449776       -2.32918323039130       -0.28205311356100
121
 energy: -221.905595890368 gnorm: 0.001158900848 xtb: 6.7.1pre (5071a88)
N            7.18224568251543       -1.78416480282996        6.39410993398637
C            6.07521059143129       -1.12681115838192        5.95517741666005
O            5.77068456569941       -1.10006163612772        4.78181370900438
C            5.28783427179603       -0.44499684504305        7.02228014327531
C            5.89175713478759        0.12892624883078        8.13681268474727
C            5.11070290633346        0.77599141654319        9.07725216452561
C            3.73718560390262        0.84283233151057        8.92147697221765
C            3.11500733399125        0.27257403806961        7.81529539711245
C            3.90884576131987       -0.35947987102000        6.86734627649760
C            1.62678057408524        0.34729923672822        7.61718217009590
C            1.12580160624496        1.80043088094886        7.46013262172272
C            0.38550401052380        2.27592820213691        8.70426806057614
C           -0.81346478009557        1.36886713139942        8.98701863890182
N           -0.53802467335973       -0.00500629725028        8.60920033699398
C           -1.48565454526147       -0.93166635332644        9.17816314668351
C           -2.84741935066937       -0.74745498702262        8.56054333428060
C           -2.93298161265111       -0.55900731117333        7.16499889759605
C           -4.14012236805353       -0.41285507394809        6.54530255388725
C           -5.33482356636265       -0.45654896324037        7.29692501517439
N           -6.51511176018959       -0.32469075094542        6.65978814377896
C           -7.61266640767007       -0.36757537599433        7.35967025947816
C           -7.65066259817513       -0.53959624045304        8.75522539910507
C           -6.46663588464795       -0.67470478650647        9.42742935832479
C           -5.25594145980923       -0.64021887665634        8.70603621770984
C           -3.99155027592952       -0.77888588183549        9.31190751268609
C            0.85526900918071       -0.35246366234939        8.75113437720460
H            7.72035986152674       -2.30595860529146        5.72268642084520
H            7.36412356317224       -1.92340393719496        7.37097931058511
H            6.96547620002567        0.10545858928395        8.25556591055700
H            5.57665946782105        1.23541290282024        9.93728961894934
H            3.14939147488533        1.35788123475304        9.66606910666846
H            3.46596414183897       -0.79548158177824        5.98507367310015
H            1.38010815583171       -0.18545697447450        6.70009299322477
H            0.44073310827942        1.84399213858647        6.61449349289113
H            1.96730374234889        2.46242555383969        7.24940471125773
H            1.06133042257929        2.28034956052613        9.56163686437851
H            0.03670327723209        3.29985761070747        8.56241779898229
H           -1.08232356513982        1.44031279152024       10.05940955025274
H           -1.68003896572156        1.70177127995616        8.40703261891021
H           -1.14423377937889       -1.94769510200778        8.95206600640800
H           -1.56143103378971       -0.83863430178308       10.28018059367073
H           -2.01291067266450       -0.52071232115844        6.60513887562999
H           -4.20806523525448       -0.26444785291234        5.47948938362333
H           -8.53419240786263       -0.26087580806127        6.80043523249856
H           -8.59856452283619       -0.56300362158577        9.27126207100092
H           -6.44163249732408       -0.80981509324092       10.50076696796283
H           -3.94417045636446       -0.91627927923844       10.38450831756438
H            1.26315833420579       -0.07989302693785        9.74007056598105
H            0.96704853725811       -1.43356011267198        8.64019426698139
B            3.41407936229712       -1.49165803824370        2.18296820988717
N            3.44134351157167        1.09699376074596        1.52399363107452
B            2.68026596163044        2.38156104724014       -0.69433154031956
N            2.47421707067991       -0.60581150522056       -2.22127750881911
B            0.56727970014056       -3.59479162751559        3.07795172338297
N           -2.99518329238822       -2.64264149579568        1.90799897770738
B           -1.05593057681448        4.07406675613864        2.23240602589562
N           -0.36652460405907        0.09156509960519       -3.57414859709229
B           -0.19841769546625        1.52017255083384       -3.69019712384714
N            1.31814663350702       -3.75281839817168       -1.33285890827802
B           -3.75010893681642        2.26024897209296       -0.26590658919269
N           -2.63765357446005        2.81609505041338       -0.91757957009406
B            1.71133517836637        0.89236024213078       -4.39868650457652
N           -0.31382323839505        3.33216372673256        3.26603023068461
B            1.06983763598082       -2.83013661610346       -2.40876679973396
N           -0.36288115624242        3.79761107072723       -0.57918463321837
B           -0.91870426989660        2.15076753136405        3.66559534630136
N            1.50238412171910       -1.32730205049765        3.95357439424504
B           -0.04910733609302        3.51783525410483       -1.93815765689285
N            1.15009666097603        0.01589394331858        4.26870565860269
B           -1.39180801496653       -0.49031182539515       -2.77704471198381
N           -3.81073327665827        1.80631254105620        1.05090021763850
B            0.35491864624428        4.48674258916084        1.66690195709234
N           -0.14916255174896       -0.06953981933626        4.84391925088129
B           -2.72773422255546        2.23549723014849        1.88626887897556
N            3.85217841372138       -0.13678667353657       -0.17711035866750
B           -2.28201215256923       -3.62336280416630        1.23077391551971
N            1.01056771062306        3.70428720044259        2.74463890753419
B           -1.95597824827330       -0.79803992506599        3.50292048575634
N           -2.38882062156468       -3.56265490157986       -0.23536331440821
B            3.13239940658794       -1.06138716584190       -0.96248287560902
N           -3.09647660992908       -1.20883086640481       -0.17115092066868
B            2.01733644396334        2.89461965489781        2.10728796822955
N           -0.35517083839466       -2.84887898397809       -2.10467166640597
B           -1.51033540679415       -2.05086757712444       -2.21150206291060
N            0.67211392600403        3.97361966650399        0.37930965655425
B            1.32802697427562        3.00937306927312       -2.67461939227737
N            0.00290821370819       -4.37370557454964        2.05307717695154
B           -1.68716131633151        3.48378889089311       -0.05209522238562
N           -1.99275815219571        3.42884692998755        1.37271341105046
B            1.40253634509702       -4.23065161617073        1.90683452612262
N           -0.97226511364320        1.02054769697273        4.56724494924261
B           -2.57203395844159       -2.35076906621072       -0.95261590996954
N           -1.11023842679099       -4.47896683464057        1.26170616242672
B           -2.33855318932641        0.55436007294769       -1.83313936730045
N            2.34514528526011       -3.89645822144613        0.91513968987071
B            3.91641697454499       -0.22877842818200        1.32092176207835
N            2.12500192287256        1.99247288944659       -1.93123315361463
B            1.30727061448861        2.32705273126377       -4.12830771202012
N           -4.10952249536689        0.88078990943001       -0.15801966933971
B           -1.10604719225956        2.52170815129030       -2.74515860784028
N           -2.17283523176541        1.99722965067620       -2.00023986400620
B            3.07124424480099       -2.66418263952411        1.11805579315910
N            2.40430740227851       -3.66374749719441       -0.50490957789913
B            2.12205881192470        0.49737331227110        3.32097065143650
N           -2.16886894265258        0.58745939467026        3.89729049387745
B           -1.06028545344340       -4.15526152155567       -0.16471033959035
N           -3.11636838622805        0.09383569516165       -0.72897688360843
B            3.53995609400874        1.25807722898911        0.08015165483658
N            2.53082865283996        1.59595470969323        2.48512811550284
B            1.68921535545149       -1.50074596158777       -3.06105797238285
N           -2.18676163932090        1.74132886758513        3.06897198980133
B            2.26157495074571        0.75793620439349       -2.69091427215661
N           -2.80828051133504       -1.34221568839655        2.55249340723720
B            0.93466435143348       -0.46544570026934       -4.05899535148238
N           -0.07839240105577       -3.72611123528892       -1.02495105227069
B            0.33292867305892       -2.14821942755403        3.81478962893348
N           -0.75510888781657       -1.24565672799398        4.16623428220613
B           -3.23989935710074       -1.42781544000860        1.20440391687759
N            2.56903597479836       -0.90081963420761        3.13325629185276
B            1.95491991800124        3.33939640024381        0.44016001541709
N            2.94683921595195       -2.32946285984896       -0.28009075809766
121
 energy: -221.905615321494 gnorm: 0.001105869054 xtb: 6.7.1pre (5071a88)
N            7.16888556281263       -1.77588962681676        6.34874609438063
C            6.06024480415379       -1.11293248461577        5.92290582745244
O            5.75004326686367       -1.07299721911949        4.75128384728225
C            5.27950374126494       -0.44176768961619        7.00145033589370
C            5.88955480622415        0.12290277113468        8.11733700023681
C            5.11302772501371        0.75781826005542        9.06962019551124
C            3.73817703194886        0.82241258531076        8.92399871999139
C            3.11014206695583        0.26212620584881        7.81620284457082
C            3.89948026729546       -0.35815307667929        6.85678204745855
C            1.62112647150753        0.33708858791876        7.62450994830679
C            1.12294318481879        1.79077070368273        7.46187092455312
C            0.38916271309179        2.27409777072001        8.70666359478068
C           -0.81213075111317        1.37219243194557        8.99520256108901
N           -0.54170546186324       -0.00406920165442        8.62285588936577
C           -1.49226404023418       -0.92571263356024        9.19447781050786
C           -2.85166545756293       -0.74536669334289        8.57021699997455
C           -2.93209175505986       -0.55574225447029        7.17456680551486
C           -4.13733138540055       -0.41337092798572        6.55025398286167
C           -5.33475440112484       -0.46069892334707        7.29719655754947
N           -6.51291225123311       -0.33001137180588        6.65574959141926
C           -7.61291015968705       -0.37365889360895        7.35161533355372
C           -7.65593835784929       -0.54580529648287        8.74706361818622
C           -6.47443596638561       -0.68120314425348        9.42340162871716
C           -5.26106681049669       -0.64550434282901        8.70633504993160
C           -3.99880788740901       -0.78201023125949        9.31691366912083
C            0.85073634345412       -0.35521680316374        8.76356712256947
H            7.70237674930884       -2.29063284623289        5.66818359543496
H            7.35717667213062       -1.92403876711724        7.32317387787790
H            6.96416671413999        0.10132110706723        8.22817696721627
H            5.58355957587719        1.21003512070827        9.93091975189807
H            3.15469895485723        1.32828878668285        9.67800466828127
H            3.45165546823094       -0.78683376484082        5.97367853232272
H            1.37035044215237       -0.19917882824461        6.71047105413566
H            0.43446720218352        1.83173613439447        6.61898064941568
H            1.96510115290749        2.44938036441793        7.24400937502555
H            1.06804965167883        2.27783084763497        9.56144926255222
H            0.04405178497791        3.29899931515915        8.56308798566228
H           -1.07940968577306        1.44913466688398       10.06724398143739
H           -1.67797862393803        1.70558528051331        8.41492293280034
H           -1.15092408078596       -1.94380954079511        8.97770167144018
H           -1.57260371327462       -0.82461264351759       10.29542020566679
H           -2.01002416573397       -0.51371283918790        6.61820156681270
H           -4.20180927609885       -0.26449617728313        5.48422989649877
H           -8.53270723952289       -0.26746289413565        6.78947979567651
H           -8.60593560540920       -0.56867167428961        9.25935188959818
H           -6.45288410159005       -0.81648322016693       10.49675871876818
H           -3.95504955134946       -0.92130919305536       10.38946427641265
H            1.26123285193280       -0.07980006906611        9.75061143762338
H            0.95908178459470       -1.43711601024193        8.65716372345881
B            3.41292508999893       -1.49584667511718        2.18648315789284
N            3.44469818284491        1.09407761431499        1.53166810313999
B            2.68552464868726        2.38148476750521       -0.68623934831728
N            2.47896267787977       -0.60307449414499       -2.21732098214518
B            0.56378898370417       -3.59736253493442        3.07589571919348
N           -2.99839949757838       -2.64045024911961        1.90322851067373
B           -1.05143760615474        4.07481031355479        2.23862440716206
N           -0.35938293617838        0.09865642219308       -3.57254848230356
B           -0.18962294477084        1.52720578647934       -3.68653708608633
N            1.31896119454230       -3.75083023262907       -1.33468242184620
B           -3.74443871862897        2.26657047100717       -0.26522450767630
N           -2.63070743710817        2.82220234602878       -0.91493465624058
B            1.71998480541765        0.89864359057076       -4.39375225487587
N           -0.31138444655659        3.33089367397521        3.27234255016578
B            1.07278347289252       -2.82595917906344       -2.40946600600702
N           -0.35539578146720        3.80106393841719       -0.57280974418579
B           -0.91771216683476        2.14929931454750        3.66924052187836
N            1.50007649920241       -1.33205936555130        3.95579479216421
B           -0.04036343712575        3.52283375114484       -1.93184175905476
N            1.14901991050949        0.01105422228385        4.27278809392221
B           -1.38578600259206       -0.48311899290821       -2.77682061719735
N           -3.80720578612293        1.81123082388394        1.05099929653090
B            0.36051006876150        4.48638416405755        1.67504953063021
N           -0.15142080468134       -0.07368117656777        4.84571623580064
B           -2.72455708853629        2.23821730472777        1.88797483104555
N            3.85527298595468       -0.13821823314972       -0.17088154441907
B           -2.28425846936600       -3.62035603600702        1.22540405541847
N            1.01399613615431        3.70167858160288        2.75238149706494
B           -1.95726026024724       -0.79897633202861        3.50127596046498
N           -2.38921505597168       -3.55774942811630       -0.24081808584051
B            3.13525983635734       -1.06094461793579       -0.95835767817243
N           -3.09444823489279       -1.20328630221477       -0.17419207500858
B            2.02080353862534        2.89184237581037        2.11537034322400
N           -0.35253708812053       -2.84355781319226       -2.10700206053478
B           -1.50696263132863       -2.04449842570106       -2.21423381461315
N            0.67864042577717        3.97475939255007        0.38710873957121
B            1.33698904417522        3.01414646303760       -2.66769680671616
N           -0.00059139669313       -4.37397790262014        2.04927696688649
B           -1.68055106504550        3.48789145840543       -0.04753576692305
N           -1.98783516811614        3.43155395390182        1.37691171603617
B            1.39936304523720       -4.23243578972627        1.90454381281955
N           -0.97282999154372        1.01750888966519        4.56839959623224
B           -2.57018923082261       -2.34465003713663       -0.95662956357122
N           -1.11300077533372       -4.47644635211520        1.25658049601751
B           -2.33294902638016        0.56133365420664       -1.83316449562928
N            2.34354487334477       -3.89830415214174        0.91425074064414
B            3.91781657717286       -0.23224695835010        1.32706088167815
N            2.13168736355185        1.99521306364755       -1.92461554039334
B            1.31734131813646        2.33351777555891       -4.12222136087234
N           -4.10532103232021        0.88734286564779       -0.15975685741290
B           -1.09722593682301        2.52850365085977       -2.74114285407251
N           -2.16544908649656        2.00420803825611       -1.99810056671098
B            3.07026499116258       -2.66673246942338        1.11982705261560
N            2.40411301801764       -3.66321307554527       -0.50535484877910
B            2.12199481257307        0.49288547119327        3.32584211544692
N           -2.16890924409712        0.58627470552354        3.89655229672278
B           -1.06123500868013       -4.15147713785217       -0.16941638931874
N           -3.11236566969804        0.10014963705220       -0.73035740107566
B            3.54333551218884        1.25629139064663        0.08798791981602
N            2.53283684381434        1.59218674178801        2.49212605988663
B            1.69417705604335       -1.49621860681111       -3.05923422416862
N           -2.18557755613506        1.74178526874771        3.07066016075630
B            2.26801558797793        0.76143294428214       -2.68561598373343
N           -2.80973782498735       -1.34118937929657        2.54973919386881
B            0.94177501724517       -0.45893791959728       -4.05680264809917
N           -0.07794242056617       -3.72245084175999       -1.02809934844122
B            0.32994126830959       -2.15159157023423        3.81453643969074
N           -0.75765843805373       -1.24844046686964        4.16584407454642
B           -3.23962946062355       -1.42405646354506        1.20095117150026
N            2.56756827074594       -0.90547583885103        3.13665212404282
B            1.96058098875093        3.33891514967006        0.44870965277614
N            2.94728441943818       -2.32967058382415       -0.27787685424750
121
 energy: -221.905629715546 gnorm: 0.000908859554 xtb: 6.7.1pre (5071a88)
N            7.15754369316089       -1.76996337084764        6.31367820537871
C            6.04860477581463       -1.10175973409880        5.89782093809831
O            5.73364567724343       -1.05220339651283        4.72793429729320
C            5.27270998108780       -0.43928441417690        6.98521477520706
C            5.88761458388774        0.11780908861887        8.10218072436507
C            5.11501817757740        0.74384095156071        9.06324387095648
C            3.73932745077068        0.80747156380355        8.92518360374623
C            3.10654352280487        0.25484365019550        7.81639507134462
C            3.89190493222032       -0.35698422952488        6.84849401478260
C            1.61689508263731        0.33015374667684        7.63037343694539
C            1.12076962293411        1.78414459782496        7.46273237500440
C            0.39078490855695        2.27204362843864        8.70776664732332
C           -0.81266610463397        1.37404895082776        8.99973200623638
N           -0.54405214748044       -0.00403999596815        8.63281776293245
C           -1.49621568447680       -0.92281362502740        9.20577559894909
C           -2.85371825324400       -0.74560488572597        8.57641542816853
C           -2.93009684331524       -0.55442156754763        7.18072254421589
C           -4.13363384315865       -0.41312046167563        6.55282516383719
C           -5.33331337706309       -0.46250496424421        7.29598424837836
N           -6.50962595567970       -0.33025648089002        6.65158876559533
C           -7.61164134763831       -0.37463825836501        7.34430614676766
C           -7.65861515755088       -0.54983429058224        8.73918412542481
C           -6.47901688442858       -0.68760139272030        9.41851491396836
C           -5.26368512764075       -0.65024769552982        8.70499880739795
C           -4.00319920776429       -0.78626792418650        9.31928434108545
C            0.84801363609839       -0.35635878647894        8.77371056489159
H            7.68773751500534       -2.27939941866331        5.62679843578966
H            7.35069212340508       -1.92448411742166        7.28612803465610
H            6.96280504653423        0.09708066917853        8.20720326298074
H            5.58928398564574        1.18973048142859        9.92577614037912
H            3.15906737720865        1.30595765967572        9.68652091660673
H            3.44007994554179       -0.77955963379904        5.96459669097892
H            1.36248471396265       -0.20913906564560        6.71910030346777
H            0.43002630812557        1.82272979654541        6.62158865043836
H            1.96329856765289        2.44057665389787        7.23993524989012
H            1.07145579827445        2.27555034909059        9.56112084241317
H            0.04819871844576        3.29752201039878        8.56290405119553
H           -1.08028796869770        1.45580401610398       10.07122394866188
H           -1.67737777688845        1.70683045448801        8.41738946798009
H           -1.15410426194740       -1.94189158363035        8.99510076209903
H           -1.58018969353309       -0.81661793330029       10.30592641424897
H           -2.00651937762872       -0.51025389956872        6.62700033922814
H           -4.19478645705774       -0.26286344534891        5.48673966643490
H           -8.52976240911475       -0.26608100484818        6.77983900039002
H           -8.61002655722006       -0.57315762857693        9.24881901909774
H           -6.46042015572047       -0.82566045796687       10.49156604538210
H           -3.96254980558053       -0.92767395659311       10.39171480349795
H            1.25975717518574       -0.07706994298221        9.75910632508308
H            0.95522423239858       -1.43886608700182        8.67228910208013
B            3.41142063366536       -1.49952084566762        2.18987547943894
N            3.44764044147274        1.09177635268699        1.53886386958459
B            2.68843714529828        2.38079243013075       -0.67896088318568
N            2.48271854379839       -0.60093234806875       -2.21344694934515
B            0.56070713590440       -3.59952105467214        3.07442488238091
N           -3.00166247980860       -2.63896382766701        1.89958963609377
B           -1.04835023681441        4.07557641313368        2.24431614848101
N           -0.35363687287190        0.10472574200319       -3.57078213679979
B           -0.18289339913395        1.53326608675128       -3.68320357336292
N            1.31955423091901       -3.74961125818751       -1.33588220435812
B           -3.74015454655289        2.27158514038827       -0.26421521085121
N           -2.62544018645191        2.82717014517841       -0.91229372950300
B            1.72708951672471        0.90379152030675       -4.38918664531865
N           -0.31003236960950        3.33010271915801        3.27829509876593
B            1.07518263087346       -2.82272194336354       -2.40969478156628
N           -0.34978040517287        3.80399927611823       -0.56719939132920
B           -0.91735857721773        2.14813655963498        3.67270834749102
N            1.49816669419556       -1.33628834864362        3.95882821368724
B           -0.03370790671949        3.52706793595607       -1.92629344530905
N            1.14805831631632        0.00676695185745        4.27735305750301
B           -1.38126161362344       -0.47709195952154       -2.77666483383328
N           -3.80457401871260        1.81507618101484        1.05150299511431
B            0.36449171096874        4.48608700892825        1.68217764206397
N           -0.15366958267743       -0.07731667202508        4.84754957123980
B           -2.72230137633086        2.24041026779924        1.88979215391674
N            3.85766374387698       -0.13951437897417       -0.16501057383353
B           -2.28641286611711       -3.61798570993281        1.22113101311037
N            1.01610386159691        3.69935219251256        2.75902028522925
B           -1.95855214509317       -0.79992352948808        3.49993606116260
N           -2.38979241510341       -3.55388235268554       -0.24512408951613
B            3.13739478433675       -1.06070253067793       -0.95436085791228
N           -3.09309753307342       -1.19895786546961       -0.17648743460298
B            2.02299560426546        2.88938020407845        2.12248912401775
N           -0.35030559843305       -2.83896700961102       -2.10835246545482
B           -1.50407063062997       -2.03892140926723       -2.21582018580769
N            0.68341561183806        3.97584873391215        0.39390211208427
B            1.34369200895354        3.01808362353317       -2.66176861158864
N           -0.00372715756569       -4.37427716618739        2.04642221270911
B           -1.67561427801770        3.49131013299801       -0.04335169569468
N           -1.98422261178969        3.43380851617857        1.38082627458340
B            1.39651886695992       -4.23407547457347        1.90293770825889
N           -0.97346677066154        1.01479346337330        4.56932070049834
B           -2.56892398230727       -2.33974880688920       -0.95970952765415
N           -1.11551846187506       -4.47433280946823        1.25262365028578
B           -2.32838685385943        0.56702085918749       -1.83263963934999
N            2.34207602112538       -3.90017710811118        0.91380547065696
B            3.91860130929565       -0.23528919553789        1.33281584851669
N            2.13612148312859        1.99726917185951       -1.91875897486430
B            1.32516701414054        2.33881683705187       -4.11695593312187
N           -4.10209684112768        0.89251021517145       -0.16074817302214
B           -1.09053796208511        2.53420276792389       -2.73747650904722
N           -2.15974914974544        2.00993198310459       -1.99585203873916
B            3.06913943878074       -2.66911589219912        1.12180973440410
N            2.40373332359844       -3.66284487531168       -0.50536260658746
B            2.12122945091563        0.48895041151403        3.33016974739441
N           -2.16907850614085        0.58505447389242        3.89598029991920
B           -1.06221152928720       -4.14846651111387       -0.17305676986851
N           -3.10924100195531        0.10520431194837       -0.73106962899526
B            3.54494135617357        1.25436106375636        0.09507125284899
N            2.53394606461017        1.58888469738353        2.49840513236475
B            1.69816367735941       -1.49258397053126       -3.05720939125115
N           -2.18509384405675        1.74217181470314        3.07252711823404
B            2.27288379221259        0.76410163323051       -2.68079578298031
N           -2.81106986185703       -1.34055056634715        2.54746425277126
B            0.94758328471953       -0.45348939703815       -4.05432725892114
N           -0.07769186807409       -3.71942604408327       -1.03029467908115
B            0.32723600680781       -2.15448128005117        3.81468734647102
N           -0.75997703380221       -1.25093575332607        4.16555770588396
B           -3.23992521482831       -1.42131393814065        1.19829092167290
N            2.56577802745070       -0.90950251536850        3.13989012830854
B            1.96449321250201        3.33842159911369        0.45621748021138
N            2.94725958967884       -2.32987370862189       -0.27549991594384
121
 energy: -221.905640899426 gnorm: 0.000688363637 xtb: 6.7.1pre (5071a88)
N            7.14890594295570       -1.76567454035718        6.28572671444680
C            6.03972867488547       -1.09320055136977        5.87777118754746
O            5.72167794971909       -1.03429309745192        4.70896546973406
C            5.26734980075826       -0.43795191997268        6.97226273357091
C            5.88586204438348        0.11294013936751        8.09028100004513
C            5.11629454767380        0.73247363011979        9.05809520648912
C            3.74009664653504        0.79592349034926        8.92537884785831
C            3.10378515527439        0.24921525369319        7.81555719142877
C            3.88605084824422       -0.35615646153830        6.84105365341271
C            1.61362925524172        0.32494843112636        7.63424209258509
C            1.11877376922387        1.77923502679414        7.46407331190483
C            0.39051703313933        2.27092461668712        8.70868399183568
C           -0.81389282477810        1.37458817784386        9.00192233414977
N           -0.54546716196919       -0.00501519562996        8.64001059498458
C           -1.49845471390625       -0.92233670807188        9.21365479188304
C           -2.85449411038933       -0.74694979868063        8.58072867759152
C           -2.92750695136312       -0.55441650415534        7.18497846341475
C           -4.12937348585954       -0.41184007910314        6.55417604449458
C           -5.33106942091492       -0.46190007951411        7.29407835347262
N           -6.50567163547608       -0.32667714856257        6.64744850266530
C           -7.60956643203155       -0.37221506379332        7.33744226255600
C           -7.65998627479407       -0.55299144924824        8.73132149651837
C           -6.48188385995773       -0.69360513926947        9.41310415566274
C           -5.26484523214547       -0.65343662722860        8.70292335641876
C           -4.00586157703854       -0.78980420754439        9.32036979024751
C            0.84661715295227       -0.35686004879092        8.78145859599807
H            7.67803271966685       -2.26984932512980        5.59400754422437
H            7.34532615159980       -1.92612621457737        7.25670146160950
H            6.96148060191272        0.09250617638174        8.19106094469393
H            5.59348071781624        1.17363884747789        9.92140501307655
H            3.16215045392242        1.28990054005674        9.69121515397586
H            3.43125635903049       -0.77432415586890        5.95664919619134
H            1.35572601748557       -0.21668359691702        6.72525384898378
H            0.42753582260941        1.81695784851038        6.62338208520179
H            1.96183314648321        2.43410494273575        7.23918210629794
H            1.07170494120214        2.27410105131388        9.56163704590901
H            0.04951833542190        3.29685552121512        8.56288283267884
H           -1.08327819728447        1.46035480776210       10.07267596833781
H           -1.67736944486080        1.70603689495447        8.41673168494520
H           -1.15555865985639       -1.94196720586060        9.00671787736018
H           -1.58510389279395       -0.81309092505013       10.31332359941932
H           -2.00266929691303       -0.50980584234510        6.63337117384607
H           -4.18719006568245       -0.25980713343863        5.48812954312713
H           -8.52602882914076       -0.26061157111025        6.77063062941499
H           -8.61244639449347       -0.57839055860270        9.23895585466678
H           -6.46616451320896       -0.83568606672187       10.48573390274841
H           -3.96814163671733       -0.93289227882225       10.39268125356425
H            1.25900826925155       -0.07368297874753        9.76548561000029
H            0.95392987742001       -1.43977700065319        8.68432024908989
B            3.40964324823840       -1.50270493912788        2.19315290118512
N            3.44942144004075        1.08966730869560        1.54531549163798
B            2.69041248558752        2.38015165613514       -0.67247327051898
N            2.48573831714098       -0.59923972733293       -2.20975109183579
B            0.55763348693728       -3.60135801754185        3.07327686538546
N           -3.00425903942983       -2.63773689609969        1.89663845160791
B           -1.04614310099649        4.07610557348059        2.24955352229641
N           -0.34886904160816        0.11002969310672       -3.56886600167946
B           -0.17750612243752        1.53859583850461       -3.68004605577676
N            1.31995698641850       -3.74868998218717       -1.33660556776283
B           -3.73686735802526        2.27570232428851       -0.26300642645656
N           -2.62135372740064        2.83129935897638       -0.90969879785561
B            1.73314524595142        0.90818635773142       -4.38492300332682
N           -0.30929372857810        3.32934221621163        3.28380175964157
B            1.07715013425886       -2.82008913832809       -2.40961430321828
N           -0.34543718752969        3.80651769314117       -0.56208865977718
B           -0.91738129407673        2.14701658865901        3.67606834337889
N            1.49624983231653       -1.34008237435553        3.96215710891258
B           -0.02846771585147        3.53066150424334       -1.92122691936953
N            1.14687774801353        0.00295929468701        4.28196600375402
B           -1.37754890159083       -0.47190632251118       -2.77620364790126
N           -3.80254395896151        1.81807301171674        1.05224627868074
B            0.36742237764563        4.48579678779538        1.68860865349397
N           -0.15601936912358       -0.08058009749549        4.84949565306003
B           -2.72069040261860        2.24208290803544        1.89172276524671
N            3.85945182682743       -0.14064681171612       -0.15963926581288
B           -2.28836740880548       -3.61613129730345        1.21757882064034
N            1.01742698555964        3.69732294127708        2.76499767118565
B           -1.96004818014256       -0.80070418963129        3.49905369406601
N           -2.39041146526597       -3.55070596285184       -0.24865731579896
B            3.13903403714257       -1.06060678828788       -0.95057095494452
N           -3.09217915489804       -1.19543316764753       -0.17829604525077
B            2.02434007324300        2.88720479897344        2.12887944387202
N           -0.34846262829261       -2.83509400511693       -2.10919537947868
B           -1.50163322182895       -2.03414535792794       -2.21685191560729
N            0.68705435359645        3.97681752327730        0.40001590571155
B            1.34894565610211        3.02136103047799       -2.65637895609384
N           -0.00667877777126       -4.37471596666804        2.04414638921279
B           -1.67180819531558        3.49412771903322       -0.03943497115544
N           -1.98148515345337        3.43554644650666        1.38451871691745
B            1.39380943383747       -4.23554838654293        1.90184691111215
N           -0.97441106924522        1.01238382519883        4.57063103881585
B           -2.56797549843435       -2.33566570837475       -0.96215737922868
N           -1.11791066042591       -4.47293506042474        1.24938265060205
B           -2.32479199587902        0.57181700171046       -1.83188402322669
N            2.34059223552579       -3.90188037740662        0.91374054598387
B            3.91873083518311       -0.23791728520067        1.33810673386927
N            2.13935308610657        1.99888187636592       -1.91342005220018
B            1.33144682899953        2.34329732747890       -4.11214527896090
N           -4.09965071344135        0.89673335967316       -0.16116109664345
B           -1.08530123874018        2.53910133236558       -2.73407538726780
N           -2.15532140626958        2.01478476965914       -1.99365627070357
B            3.06793930103003       -2.67127844329881        1.12388571798049
N            2.40327148110943       -3.66265173192071       -0.50504046135797
B            2.11984585288468        0.48546782732913        3.33412209581664
N           -2.16967221308181        0.58398976281965        3.89602210102122
B           -1.06320615311808       -4.14613659832784       -0.17601442704083
N           -3.10683849307774        0.10939430789180       -0.73139566317392
B            3.54579438523790        1.25266396061935        0.10139391580337
N            2.53418348720455        1.58591526434379        2.50402573510102
B            1.70140993368381       -1.48956961250975       -3.05515866566006
N           -2.18500616847456        1.74240845785850        3.07453279397619
B            2.27669483532762        0.76622888966709       -2.67628241508092
N           -2.81220025462937       -1.33993934398994        2.54548808329598
B            0.95242117108259       -0.44876491268091       -4.05175831692364
N           -0.07758822609737       -3.71688773738831       -1.03186223467083
B            0.32446383415783       -2.15699171135200        3.81500664037699
N           -0.76232868058927       -1.25315148160868        4.16540276860813
B           -3.24053124006063       -1.41917995456080        1.19613491963023
N            2.56362691797882       -0.91301206849548        3.14292744410958
B            1.96733983299507        3.33793130690609        0.46294166530448
N            2.94711383496428       -2.33015631093672       -0.27310137978074
121
 energy: -221.905649768540 gnorm: 0.000600654668 xtb: 6.7.1pre (5071a88)
N            7.14295233400779       -1.76284460976321        6.26646787832586
C            6.03406366058803       -1.08721957792813        5.86362416001546
O            5.71458986285015       -1.02124062570397        4.69574289773460
C            5.26365698598985       -0.43749661167386        6.96281927748072
C            5.88458330497384        0.10867225894383        8.08173439827400
C            5.11730586808909        0.72470184968996        9.05354673162654
C            3.74094998067102        0.78906663127201        8.92390717996165
C            3.10210126420387        0.24586530897649        7.81387102758976
C            3.88197258999222       -0.35578255772242        6.83527837330577
C            1.61154393010532        0.32244455251202        7.63674080671626
C            1.11796352523281        1.77713718875707        7.46494136495646
C            0.38869042931620        2.26915218097516        8.70879969965652
C           -0.81629749219934        1.37338852512208        9.00183014534452
N           -0.54595938894079       -0.00695348956954        8.64409815357816
C           -1.49893751115391       -0.92421899171446        9.21763224879829
C           -2.85401748684130       -0.74954702087600        8.58255615997857
C           -2.92444375993054       -0.55548459236655        7.18681269449134
C           -4.12488128818912       -0.40973679992919        6.55402252061833
C           -5.32810479682345       -0.45938847728959        7.29151720298794
N           -6.50124184773454       -0.31993002919761        6.64337688108868
C           -7.60664645673509       -0.36714789097611        7.33109906587068
C           -7.65980510373582       -0.55474778223044        8.72383160355470
C           -6.48292427548952       -0.69868114265487        9.40738541084844
C           -5.26455655796850       -0.65543396734582        8.70001633723691
C           -4.00679287239723       -0.79323098951048        9.31979645989379
C            0.84646474258979       -0.35696166317847        8.78653168648782
H            7.67235685265965       -2.26287411110793        5.57201864940442
H            7.34087201538092       -1.92772843675766        7.23635671542035
H            6.96034898234263        0.08735921056379        8.18038738460133
H            5.59648143728811        1.16197362892233        9.91777297566085
H            3.16433580824194        1.28014197793402        9.69275253816989
H            3.42518681923966       -0.77062856581998        5.95039083030474
H            1.35063357521220       -0.22045790993800        6.72943207175755
H            0.42741419193613        1.81487215461672        6.62361211210711
H            1.96162031136698        2.43151078572146        7.24054539305092
H            1.06925555380833        2.27307914387829        9.56232725218616
H            0.04780479641441        3.29493597265908        8.56200521636271
H           -1.08888370960776        1.46190796991560       10.07156508316172
H           -1.67832791513618        1.70285406645036        8.41320341978565
H           -1.15507081108866       -1.94373306529956        9.01182526377022
H           -1.58699094844015       -0.81426089278258       10.31709860850046
H           -1.99860269009196       -0.51174175350203        6.63678657716343
H           -4.18000081022097       -0.25550018332060        5.48815054253619
H           -8.52149424621008       -0.25063784670936        6.76270310805287
H           -8.61301178283502       -0.58312701725159        9.22989874204489
H           -6.46973479735277       -0.84605617143036       10.47938218690987
H           -3.97149239904104       -0.93776227246950       10.39200322398323
H            1.25876869896527       -0.07010620319600        9.76943413872295
H            0.95509215150307       -1.44009194683620        8.69300099406783
B            3.40765900942519       -1.50537531690602        2.19626496129870
N            3.45003294816111        1.08778001875157        1.55090521971617
B            2.69133829185394        2.37949207394677       -0.66673804714166
N            2.48797852050228       -0.59799159295875       -2.20631565941504
B            0.55466276758372       -3.60285789727354        3.07251032793127
N           -3.00627568197774       -2.63678873354954        1.89443116622367
B           -1.04493443943929        4.07635878130718        2.25427558226913
N           -0.34517546376741        0.11448779699146       -3.56671079180427
B           -0.17364146708338        1.54309524934687       -3.67711434207691
N            1.32011945861358       -3.74802340565063       -1.33683519665495
B           -3.73471942308028        2.27887401519550       -0.26158574519523
N           -2.61859263499539        2.83453375379514       -0.90715010714257
B            1.73798731652300        0.91171963999517       -4.38099477511783
N           -0.30923846220108        3.32859010696597        3.28875090852013
B            1.07861278594278       -2.81803271048913       -2.40920210713830
N           -0.34250619735869        3.80852514995453       -0.55750859035058
B           -0.91785137571512        2.14592076070706        3.67924007966183
N            1.49437979057189       -1.34339692981971        3.96574513945064
B           -0.02479829339981        3.53351332644744       -1.91666743677800
N            1.14547264472100       -0.00031703250509        4.28648359810983
B           -1.37465304235782       -0.46765003560967       -2.77524707913166
N           -3.80126555728597        1.82017683301543        1.05324250955326
B            0.36917179911541        4.48550380020271        1.69427841383505
N           -0.15847280316072       -0.08343370803842        4.85146088669718
B           -2.71983793444124        2.24317832284816        1.89374037864463
N            3.86059294982729       -0.14161514610048       -0.15485736993500
B           -2.29016270988715       -3.61481260094133        1.21484512162931
N            1.01789878060716        3.69559858310982        2.77025258637678
B           -1.96176680269719       -0.80135811388295        3.49865662612234
N           -2.39109409843772       -3.54822977002018       -0.25134771860952
B            3.14012564945605       -1.06065277208765       -0.94705721663742
N           -3.09179101952080       -1.19273192535610       -0.17959611494515
B            2.02476967344294        2.88533653874144        2.13445584007313
N           -0.34710063526098       -2.83198558635516       -2.10953366898870
B           -1.49980104143215       -2.03034490746228       -2.21742211552450
N            0.68942478356979        3.97762759297176        0.40540195663078
B            1.35260966415839        3.02387533579584       -2.65153440982378
N           -0.00941545694192       -4.37522036147509        2.04249768044019
B           -1.66927414524440        3.49628688409633       -0.03580680627640
N           -1.97977036057031        3.43672760672360        1.38796192393294
B            1.39126515315796       -4.23680867960286        1.90126695309952
N           -0.97566667783605        1.01028290018086        4.57222682549788
B           -2.56738448005034       -2.33243357441069       -0.96393133259160
N           -1.12017221761924       -4.47219698226723        1.24693219489845
B           -2.32240163970619        0.57566578175134       -1.83097782346720
N            2.33910864910155       -3.90336585409174        0.91405104468824
B            3.91824215804271       -0.24011422148803        1.34285213819559
N            2.14131712576446        1.99999968228298       -1.90860117642662
B            1.33603581087011        2.34685593155397       -4.10780609600032
N           -4.09812671483693        0.89996739010768       -0.16099802621622
B           -1.08167612675028        2.54311630979469       -2.73096534257321
N           -2.15232010983405        2.01870434569544       -1.99152299655955
B            3.06670650366579       -2.67317787638430        1.12599571542998
N            2.40271172561704       -3.66261627162016       -0.50440424571290
B            2.11789524993283        0.48244702190802        3.33762606289495
N           -2.17071995048726        0.58304993872911        3.89666659545534
B           -1.06423549023824       -4.14444284003701       -0.17821218907938
N           -3.10533586349714        0.11266618799920       -0.73138134328981
B            3.54590268372109        1.25117072097946        0.10690908521586
N            2.53354164094329        1.58331803536218        2.50890464945814
B            1.70384072805445       -1.48717488393348       -3.05313321982889
N           -2.18539186264914        1.74244195709527        3.07663952596188
B            2.27944764525380        0.76780228202993       -2.67214348510169
N           -2.81317910305283       -1.33936567572774        2.54385190434620
B            0.95613707419201       -0.44484682806570       -4.04913883062381
N           -0.07766307415648       -3.71481288077589       -1.03275609159280
B            0.32170306434564       -2.15909832008426        3.81552973940799
N           -0.76468274929395       -1.25507060073069        4.16534391208932
B           -3.24146708014923       -1.41764868594809        1.19452335377390
N            2.56121072174886       -0.91597842605393        3.14576190942726
B            1.96903100497563        3.33750354773724        0.46881114137334
N            2.94683768814118       -2.33051726732033       -0.27074155469382
121
 energy: -221.905656028833 gnorm: 0.000639100975 xtb: 6.7.1pre (5071a88)
N            7.13940204343464       -1.76120283910246        6.25223172856334
C            6.03078322782101       -1.08266573808213        5.85328619015390
O            5.71048355810964       -1.01031652091781        4.68596026360003
C            5.26150249431814       -0.43770980392624        6.95625562669579
C            5.88390119204091        0.10473334289620        8.07617745113843
C            5.11802372017014        0.71875734233590        9.05059050570354
C            3.74160707502287        0.78437785796014        8.92254971476434
C            3.10121127527308        0.24377878434558        7.81194728875560
C            3.87962339704762       -0.35544396584320        6.83065598686437
C            1.61039519803186        0.32101235432747        7.63748974375160
C            1.11745967419423        1.77604595696105        7.46622169242166
C            0.38589523028338        2.26798407695891        8.70891438210320
C           -0.81861476688366        1.37119883174886        9.00071079467041
N           -0.54602334735658       -0.00943506907060        8.64566099975469
C           -1.49863485376342       -0.92723441728529        9.21901207648581
C           -2.85320833243894       -0.75228859383287        8.58297186759898
C           -2.92165013717370       -0.55663119951287        7.18732399804469
C           -4.12093940707878       -0.40735323755599        6.55323016087149
C           -5.32524727122811       -0.45645144919808        7.28899689091069
N           -6.49714810514499       -0.31286710793364        6.63968522694383
C           -7.60370076886580       -0.36147587979806        7.32554339746787
C           -7.65915664065462       -0.55570801767782        8.71719649534613
C           -6.48334438515795       -0.70240935822760        9.40215103078148
C           -5.26383351181208       -0.65650233381588        8.69709181627798
C           -4.00700487223127       -0.79602998061875        9.31852594736015
C            0.84684785407839       -0.35730720826131        8.78889917834681
H            7.66899231222800       -2.25805344093531        5.55556073163801
H            7.33804775093012       -1.93044803894139        7.22128538265623
H            6.95980854547908        0.08259848078739        8.17356257286353
H            5.59851159231478        1.15390850791965        9.91509428782839
H            3.16595006812476        1.27485534949246        9.69246325197190
H            3.42171389328331       -0.76790307485921        5.94520774340846
H            1.34729465854077       -0.22220409626262        6.73101269312668
H            0.42899004988229        1.81496592393299        6.62324099978277
H            1.96189705830723        2.43035190065393        7.24444775060566
H            1.06537637420242        2.27318157894899        9.56339548481762
H            0.04411002341350        3.29335539190009        8.56101466532093
H           -1.09320526739161        1.46117073434498       10.07003650542570
H           -1.68007687816084        1.69889576550242        8.40987149935439
H           -1.15420687043294       -1.94658641492368        9.01310562533276
H           -1.58732462070254       -0.81743306048127       10.31849537838819
H           -1.99497217128202       -0.51390091442391        6.63859515280748
H           -4.17416138698076       -0.25074525942842        5.48765042347793
H           -8.51741158987641       -0.24177846922534        6.75582493695324
H           -8.61304241264755       -0.58695475269919        9.22178894216037
H           -6.47224355753386       -0.85427839699166       10.47356036493614
H           -3.97354439008339       -0.94197172084277       10.39057463058904
H            1.25875397344208       -0.06812977438503        9.77121350278103
H            0.95701725808669       -1.44041958585163        8.69722998882764
B            3.40575149954623       -1.50760134695638        2.19913636205456
N            3.44959887084208        1.08596501433919        1.55553962403348
B            2.69226224496953        2.37916307851349       -0.66171797535630
N            2.48971749610097       -0.59698926893902       -2.20330690102362
B            0.55178028934702       -3.60412469227811        3.07196282434182
N           -3.00767072357553       -2.63590139675054        1.89265446871044
B           -1.04424275959617        4.07629481327010        2.25839279433747
N           -0.34229125520937        0.11829806198736       -3.56469876346887
B           -0.17070145293922        1.54695927037085       -3.67443545128041
N            1.32006567844198       -3.74725068252791       -1.33676862287366
B           -3.73325650286835        2.28144023160384       -0.26022884647271
N           -2.61661211957270        2.83715425838753       -0.90482168232411
B            1.74192293873871        0.91470853774785       -4.37747051920525
N           -0.30945081243426        3.32765613142287        3.29294662095163
B            1.07964542921471       -2.81626142282850       -2.40865198685123
N           -0.34037044969669        3.81009512222163       -0.55339227450596
B           -0.91852825274820        2.14476373315960        3.68205937111992
N            1.49244017521121       -1.34624103740577        3.96901142410118
B           -0.02201266310908        3.53576852640387       -1.91254203388268
N            1.14381772960622       -0.00308969607124        4.29037442290736
B           -1.37257888482566       -0.46409428964189       -2.77447558466962
N           -3.80048899082778        1.82170618675927        1.05420514296741
B            0.37029722556568        4.48518447499956        1.69929531334282
N           -0.16092141370805       -0.08592289735307        4.85329122098003
B           -2.71945980102267        2.24384752660744        1.89563231248582
N            3.86129753209103       -0.14241912592929       -0.15077152968043
B           -2.29178521637923       -3.61383312073500        1.21267035888747
N            1.01803102680882        3.69418225395991        2.77499582052010
B           -1.96365499374913       -0.80186254346992        3.49864071538608
N           -2.39181203412445       -3.54620647863054       -0.25348069638386
B            3.14090677738594       -1.06074224853062       -0.94397418789912
N           -3.09174691756009       -1.19054809028795       -0.18061053622628
B            2.02480973604792        2.88378551574538        2.13936419604751
N           -0.34616226185058       -2.82933988050999       -2.10957564276918
B           -1.49843831414690       -2.02709421403303       -2.21765708959766
N            0.69110598307164        3.97817955028193        0.41020402921065
B            1.35545195414100        3.02580100458130       -2.64704913599030
N           -0.01196861578105       -4.37573620951805        2.04120731376751
B           -1.66748397233452        3.49795826448943       -0.03254168834107
N           -1.97868645483785        3.43747864877012        1.39104403750441
B            1.38886083802497       -4.23785002702484        1.90096259550466
N           -0.97717689888165        1.00847093495501        4.57408082496396
B           -2.56715856249121       -2.32981903838086       -0.96532014965914
N           -1.12232434025254       -4.47198275453112        1.24496863307772
B           -2.32063578798550        0.57883659205369       -1.83004310037216
N            2.33761324004102       -3.90451087925443        0.91457012396925
B            3.91742863228259       -0.24196008547095        1.34695697355549
N            2.14291880289210        2.00086477648182       -1.90419719937616
B            1.33958534797858        2.34978672520425       -4.10380179624642
N           -4.09718813081362        0.90258025641058       -0.16066327529686
B           -1.07900044655152        2.54651933747443       -2.72817104139311
N           -2.15013843585368        2.02195532294026       -1.98957865252990
B            3.06554288631194       -2.67474631290988        1.12794768801345
N            2.40213600693961       -3.66265496910504       -0.50364509662199
B            2.11582292265820        0.47984392486442        3.34078234518820
N           -2.17216656846589        0.58229394922153        3.89779206688263
B           -1.06528854029689       -4.14315196301593       -0.17992968529341
N           -3.10437640794696        0.11532017826353       -0.73127402684933
B            3.54606657301217        1.25004522677963        0.11164775641629
N            2.53246503549485        1.58109277091504        2.51313125793844
B            1.70567408049557       -1.48516109832140       -3.05128077106914
N           -2.18599114631947        1.74227838613808        3.07860235866603
B            2.28166692834055        0.76911023711456       -2.66838828086962
N           -2.81410295721591       -1.33871995277919        2.54248050450800
B            0.95905047392187       -0.44150698403585       -4.04670564976131
N           -0.07788655538291       -3.71306434016081       -1.03328248035097
B            0.31897123242261       -2.16089246824417        3.81607956463025
N           -0.76704001251078       -1.25670322296706        4.16532836889143
B           -3.24250237574222       -1.41640532620275        1.19323489752356
N            2.55884291494672       -0.91849271084672        3.14838362580770
B            1.97019328180267        3.33710567590615        0.47397192194335
N            2.94665629172718       -2.33093018485218       -0.26862249704454
121
 energy: -221.905660615753 gnorm: 0.000523255374 xtb: 6.7.1pre (5071a88)
N            7.13837981418836       -1.76059643678192        6.24554969467892
C            6.02990082181787       -1.08067060025350        5.84851359932833
O            5.70981112184955       -1.00453407146321        4.68147076516889
C            5.26100645812447       -0.43821376440466        6.95312815086497
C            5.88392683698987        0.10211047560200        8.07374940462724
C            5.11870051717864        0.71604387518863        9.04879093306973
C            3.74234897385048        0.78308806878901        8.92095397141854
C            3.10129362139743        0.24337923383272        7.81030190042117
C            3.87909736478360       -0.35509777655684        6.82804435865919
C            1.61036681623167        0.32130769048372        7.63710057803687
C            1.11777782415879        1.77667108960040        7.46706347139241
C            0.38321842521697        2.26713232750747        8.70870825385308
C           -0.82019631872275        1.36848810758196        8.99952950069024
N           -0.54561901807690       -0.01177270669418        8.64481316663072
C           -1.49770975889067       -0.93069027428305        9.21731051879004
C           -2.85224352311529       -0.75479544622951        8.58141983349463
C           -2.91973495508346       -0.55742449546040        7.18598139018584
C           -4.11843677927439       -0.40528275192467        6.55154121621084
C           -5.32311238859628       -0.45397178304108        7.28666235616148
N           -6.49440679475942       -0.30773420102450        6.63673108408450
C           -7.60151215547873       -0.35753210208386        7.32151958452742
C           -7.65814472302275       -0.55561993069408        8.71262435519260
C           -6.48296492521085       -0.70417525689221        9.39824167991813
C           -5.26280192031179       -0.65692380509551        8.69435037171740
C           -4.00643256407007       -0.79830849889401        9.31635273259895
C            0.84763923115846       -0.35782471791622        8.78860623037030
H            7.66811105785904       -2.25559599009913        5.54762146664241
H            7.33678820118477       -1.93284406154373        7.21406982375294
H            6.95976533132000        0.07853892212513        8.17133439974656
H            5.59961563258638        1.14953205440204        9.91401681544329
H            3.16702565478059        1.27359581365669        9.69132096919265
H            3.42079555879626       -0.76615560040993        5.94215169334487
H            1.34626831048085       -0.22142557810898        6.73065383040162
H            0.43155131889779        1.81716207860273        6.62227356761695
H            1.96281524274270        2.43149348949871        7.24871923630216
H            1.06140766482002        2.27380162503775        9.56421873065183
H            0.03985810201149        3.29188917859451        8.55998002605059
H           -1.09615315196187        1.45813365705277       10.06853848543945
H           -1.68157182942303        1.69495886579473        8.40795230057055
H           -1.15297698950682       -1.94962032427371        9.00992453523868
H           -1.58621494995114       -0.82233793520413       10.31693908464688
H           -1.99263373331010       -0.51543214948323        6.63795609151824
H           -4.17107866050159       -0.24690450436189        5.48622869358165
H           -8.51460824562459       -0.23484215968188        6.75161511022426
H           -8.61248429579786       -0.58824682856826        9.21620789789921
H           -6.47287833441819       -0.85882992642422       10.46924621470115
H           -3.97369808783245       -0.94547393644062       10.38823986097856
H            1.25897233310603       -0.06777348088921        9.77086005808873
H            0.95916338237477       -1.44082539359061        8.69712816583205
B            3.40420670395451       -1.50911125458992        2.20133873678841
N            3.44845864030396        1.08454587047895        1.55872549414562
B            2.69295495802127        2.37914792903447       -0.65807389548167
N            2.49068436054759       -0.59631356949421       -2.20107368117126
B            0.54943358817608       -3.60505402487513        3.07173195275313
N           -3.00857885338066       -2.63524776138561        1.89149602390053
B           -1.04415640739365        4.07599685949605        2.26136905288992
N           -0.34057523294603        0.12093145212520       -3.56308610819891
B           -0.16898737395985        1.54963294794591       -3.67235100769489
N            1.31977654138386       -3.74650561674252       -1.33648374006081
B           -3.73267336627499        2.28309882429049       -0.25913209666534
N           -2.61566076858426        2.83884003451402       -0.90303574586289
B            1.74443055778727        0.91680335493705       -4.37482861063137
N           -0.30992514797068        3.32673082393801        3.29586135902966
B            1.08009610273586       -2.81496791948531       -2.40806528412877
N           -0.33928440138482        3.81100406173161       -0.55027722777281
B           -0.91934588420417        2.14374296647469        3.68411461328546
N            1.49075474109824       -1.34826432004805        3.97145163475420
B           -0.02045767759632        3.53717285490977       -1.90941013299017
N            1.14222466618707       -0.00503371232722        4.29310615440268
B           -1.37139217876784       -0.46167601303774       -2.77370660687903
N           -3.80035884512819        1.82254164564241        1.05500370220848
B            0.37067901147062        4.48487021835847        1.70300211801226
N           -0.16300813926114       -0.08774349839711        4.85468353677314
B           -2.71962683660624        2.24407944324159        1.89711606768677
N            3.86146128830078       -0.14294587952895       -0.14784332971186
B           -2.29312177055421       -3.61327873609593        1.21129914573436
N            1.01780311385304        3.69321147015912        2.77859335988210
B           -1.96536499573288       -0.80224347408877        3.49886493112560
N           -2.39252200873135       -3.54487266249245       -0.25483424159549
B            3.14123509300972       -1.06082315474411       -0.94168994570812
N           -3.09209105089631       -1.18912804768531       -0.18124304411990
B            2.02445249393709        2.88269590000757        2.14296181999235
N           -0.34580508043302       -2.82753391599463       -2.10943177209065
B           -1.49781445051051       -2.02494487421209       -2.21772642783771
N            0.69189053152215        3.97838046716958        0.41380305262069
B            1.35711789380509        3.02699491301610       -2.64357921629655
N           -0.01401990557598       -4.37614114664015        2.04043340241785
B           -1.66665454238220        3.49892838804777       -0.03007652897231
N           -1.97838208500397        3.43777579520948        1.39335810974321
B            1.38690145452745       -4.23855971832443        1.90091959848590
N           -0.97867381083193        1.00714792909229        4.57573655486498
B           -2.56730365496111       -2.32811335116436       -0.96618392103828
N           -1.12409070629999       -4.47209849375948        1.24372802619160
B           -2.31987900959973        0.58095393954902       -1.82931701959913
N            2.33629125659509       -3.90518947151819        0.91516706376130
B            3.91649506030993       -0.24319964430882        1.34992272891276
N            2.14394481659768        2.00144186913144       -1.90087463554178
B            1.34169073864507        2.35178409186055       -4.10071249005878
N           -4.09698838232455        0.90427463650464       -0.16027478580740
B           -1.07754515267390        2.54882102457215       -2.72604971531263
N           -2.14907073676403        2.02413303393416       -1.98811592469559
B            3.06456886462206       -2.67578913543806        1.12946310057265
N            2.40156790675253       -3.66271972234886       -0.50290995304752
B            2.11403031307045        0.47797783970026        3.34318233975126
N           -2.17368455758812        0.58172821021679        3.89899241050800
B           -1.06625464231112       -4.14233078749658       -0.18096996609048
N           -3.10416319752245        0.11704708288174       -0.73114584113298
B            3.54617790751831        1.24942355788509        0.11506043884504
N            2.53120618463190        1.57950631780300        2.51619488835381
B            1.70668229233985       -1.48375054470742       -3.04984593819716
N           -2.18674741792612        1.74196344685955        3.08010628499108
B            2.28301732749905        0.77001704145049       -2.66554069721489
N           -2.81492698761924       -1.33819167486783        2.54155395192963
B            0.96079240850989       -0.43915963791015       -4.04482181472514
N           -0.07826161651453       -3.71184107146905       -1.03344066756718
B            0.31673340367334       -2.16219437244553        3.81659379600692
N           -0.76901754652880       -1.25787658908153        4.16534987160156
B           -3.24349321176638       -1.41558573435895        1.19240964395727
N            2.55694491085392       -0.92026278601112        3.15045134336384
B            1.97071516449861        3.33681497758863        0.47775811330512
N            2.94649582280017       -2.33130296731086       -0.26702056957475
