185
 energy: -336.693424929809 gnorm: 0.152714525050 xtb: 6.7.1pre (5071a88)
C           -4.78809200000000        1.88902700000000        8.73748800000000
C           -3.37190500000000        1.50547400000000        9.03672100000000
O           -2.52493400000000        1.26493800000000        8.18833600000000
O           -3.18191400000000        1.44243500000000       10.38161400000000
C           -1.83336100000000        1.20345200000000       10.77244200000000
C           -0.89270700000000        2.41911200000000       10.62054000000000
O           -1.35319300000000        3.49536000000000       10.21529100000000
C            0.60786500000000        2.31419800000000       11.00967300000000
C            1.15165600000000        0.85977700000000       11.06958000000000
C            1.32128600000000        2.97632700000000        9.76138500000000
O            1.54011200000000        2.00437600000000        8.73191700000000
C            2.65354800000000        3.62049000000000       10.09756400000000
C            2.41994000000000        4.76650100000000       11.05376300000000
O            1.43836800000000        5.70186100000000       10.54493400000000
C            0.62845100000000        5.56829300000000       11.73724100000000
C            1.56090600000000        4.47402600000000       12.31183200000000
O            2.22821100000000        4.75171400000000       13.58728000000000
C            2.80911700000000        5.96268800000000       13.81783300000000
C            3.37972600000000        5.99181900000000       15.20355200000000
O            2.87240600000000        6.90022800000000       13.03974100000000
C            0.99003400000000        2.98233900000000       12.40880000000000
C            0.18587800000000        2.86110100000000       13.80634000000000
O            1.25813300000000        2.42364100000000       14.73442500000000
C            1.37465200000000        3.01265200000000       15.94726500000000
O            0.60100500000000        3.84134800000000       16.39942200000000
C            2.57145100000000        2.50907700000000       16.66958000000000
C            2.89880900000000        3.09994700000000       17.89756200000000
C            4.01881800000000        2.66697700000000       18.60944800000000
C            4.81388300000000        1.64104200000000       18.10066500000000
C            4.49133700000000        1.04499000000000       16.88181600000000
C            3.37263400000000        1.47594200000000       16.16513500000000
C           -1.15126600000000        2.10455900000000       14.28479100000000
O           -1.71922600000000        2.96048800000000       15.33210900000000
C           -0.95986500000000        0.75846100000000       15.02586900000000
C           -0.81572400000000       -0.47304300000000       14.13252500000000
O           -1.49629100000000       -1.58738000000000       14.73508000000000
C           -0.82026500000000       -2.20821400000000       15.73784900000000
O            0.24848300000000       -1.83900500000000       16.21734000000000
C           -1.58182200000000       -3.42466400000000       16.25896000000000
O           -0.91701500000000       -3.95268700000000       17.42707499999999
C           -1.72323400000000       -4.51077800000000       15.16009100000000
N           -0.52027600000000       -5.33114000000000       15.02747400000000
C            0.57154800000000       -4.90297500000000       14.30874100000000
O            0.58233800000000       -3.85330500000000       13.67540600000000
C            1.78316400000000       -5.76393800000000       14.36918200000000
C            1.70020600000000       -7.14656600000000       14.57919100000000
C            2.86543500000000       -7.91531400000000       14.62867900000000
C            4.11103700000000       -7.30970200000000       14.46246900000000
C            4.19697700000000       -5.93602800000000       14.23837700000000
C            3.03536700000000       -5.16390200000000       14.18713400000000
C           -2.91289300000000       -5.44072500000000       15.37403300000000
C           -3.22143500000000       -5.99150800000000       16.62789600000000
C           -4.30648500000000       -6.85803100000000       16.77943700000000
C           -5.09158100000000       -7.19551900000000       15.67993700000000
C           -4.79008200000000       -6.67166700000000       14.42576700000000
C           -3.70630300000000       -5.80497000000000       14.27236700000000
C           -1.32655200000000       -0.31361000000000       12.70724300000000
C           -1.07985900000000       -1.54645000000000       11.85909100000000
C           -1.82644500000000        0.86652400000000       12.24489800000000
C           -2.29522900000000        1.94446300000000       13.24261000000000
C           -2.72602000000000        3.35353700000000       12.75320300000000
C           -3.62112500000000        1.38368400000000       13.86288400000000
H           -5.02102600000000        2.84580300000000        9.21192600000000
H           -4.91275400000000        2.00041100000000        7.65665300000000
H           -5.46578200000000        1.10852300000000        9.09175400000000
H           -1.42530300000000        0.40659100000000       10.14894500000000
H            2.23927300000000        0.83623000000000       10.92503400000000
H            0.99901400000000        0.41056900000000       12.04996100000000
H            0.71691600000000        0.20749400000000       10.30754200000000
H            0.68920500000000        3.74028600000000        9.29724900000000
H            1.68374700000000        2.49348600000000        7.90046900000000
H            3.34918700000000        2.88941800000000       10.52534500000000
H            3.13509800000000        3.98337900000000        9.18099800000000
H            3.36901100000000        5.27933400000000       11.24637700000000
H           -0.39000200000000        5.27148900000000       11.49535200000000
H            0.56932000000000        6.51026400000000       12.28933600000000
H            4.06572900000000        5.15221000000000       15.34169100000000
H            2.57170300000000        5.95793600000000       15.93772900000000
H            3.94255600000000        6.91929200000000       15.34362300000000
H            1.92785200000000        2.44528400000000       12.63691100000000
H           -0.02935300000000        3.91033900000000       14.05377000000000
H            2.28302300000000        3.89905300000000       18.30624900000000
H            4.26844200000000        3.12695800000000       19.56269800000000
H            5.68377400000000        1.30112800000000       18.65799600000000
H            5.10892400000000        0.23939500000000       16.49157200000000
H            3.13638700000000        0.99029100000000       15.22182600000000
H           -1.00492900000000        3.27130800000000       15.92731600000000
H           -0.12227500000000        0.79555100000000       15.73015000000000
H           -1.80885000000000        0.60418800000000       15.70950100000000
H            0.25545500000000       -0.70549800000000       14.04511500000000
H           -2.56243700000000       -3.06272200000000       16.59019000000000
H           -0.00816700000000       -3.58767400000000       17.40308300000000
H           -1.88134700000000       -4.00655100000000       14.19878200000000
H           -0.40160200000000       -6.05712500000000       15.72213600000000
H            0.73956700000000       -7.64421800000000       14.67880700000000
H            2.80206600000000       -8.98928100000000       14.78779100000000
H            5.01636400000000       -7.91118100000000       14.49857100000000
H            5.16768900000000       -5.46652100000000       14.09992000000000
H            3.10798800000000       -4.09308200000000       14.00801300000000
H           -2.62181600000000       -5.75595200000000       17.50467600000000
H           -4.53707200000000       -7.27104400000000       17.75836700000000
H           -5.93532400000000       -7.87003700000000       15.79986400000000
H           -5.39676400000000       -6.93995700000000       13.56456100000000
H           -3.48187100000000       -5.41662100000000       13.28044400000000
H           -1.55382400000000       -2.41908900000000       12.32013000000000
H           -1.50703600000000       -1.48120700000000       10.85663800000000
H           -0.00942300000000       -1.75091600000000       11.76697800000000
H           -3.24959000000000        3.90385000000000       13.54587300000000
H           -3.42258800000000        3.31490500000000       11.91158200000000
H           -1.87916600000000        3.98245100000000       12.48621300000000
H           -4.41676100000000        1.35658300000000       13.10706500000000
H           -3.98032700000000        2.00875800000000       14.68834400000000
H           -3.53058400000000        0.36417300000000       14.25021900000000
B            3.45918000000000       -1.45456900000000        1.62803700000000
N            3.45640000000000        1.12990400000000        0.94004000000000
B            2.53992000000000        2.36249900000000       -1.26104700000000
N            2.29306700000000       -0.64163700000000       -2.73060300000000
B            0.69053400000000       -3.56106900000000        2.70270900000000
N           -2.93972400000000       -2.65477300000000        1.70947600000000
B           -1.03820200000000        4.08509600000000        1.83123800000000
N           -0.61934700000000        0.01765100000000       -3.94190400000000
B           -0.47371000000000        1.44532400000000       -4.09173000000000
N            1.20955900000000       -3.78679600000000       -1.73940500000000
B           -3.84450000000000        2.20944000000000       -0.49372200000000
N           -2.77286400000000        2.76356200000000       -1.21183300000000
B            1.40572500000000        0.81809100000000       -4.88931100000000
N           -0.23578900000000        3.36421500000000        2.83354400000000
B            0.89832000000000       -2.87979800000000       -2.81384900000000
N           -0.49183300000000        3.76657800000000       -1.01011900000000
B           -0.80599600000000        2.18226900000000        3.28187400000000
N            1.65611000000000       -1.27443300000000        3.50362200000000
B           -0.24848400000000        3.46993700000000       -2.37986300000000
N            1.30870300000000        0.06889800000000        3.81698100000000
B           -1.59744100000000       -0.55993400000000       -3.08468900000000
N           -3.83249600000000        1.77684200000000        0.83162400000000
B            0.33760200000000        4.49599400000000        1.18389400000000
N            0.04325600000000       -0.01395500000000        4.45665300000000
B           -2.70883700000000        2.22675100000000        1.60124200000000
N            3.77272800000000       -0.13262400000000       -0.76554100000000
B           -2.25338100000000       -3.63941200000000        1.00848200000000
N            1.05581800000000        3.73339800000000        2.23573400000000
B           -1.82562000000000       -0.77746000000000        3.21984000000000
N           -2.43676800000000       -3.60188000000000       -0.45077300000000
B            3.01865800000000       -1.07367000000000       -1.50276800000000
N           -3.15796000000000       -1.25259200000000       -0.38432100000000
B            2.03465600000000        2.92232600000000        1.56172200000000
N           -0.50744700000000       -2.90014800000000       -2.43279500000000
B           -1.67354800000000       -2.11288200000000       -2.49162100000000
N            0.59013500000000        3.96458300000000       -0.11022500000000
B            1.09031400000000        2.95964900000000       -3.18248900000000
N            0.07735000000000       -4.35923000000000        1.72128900000000
B           -1.78403400000000        3.45238400000000       -0.40822000000000
N           -2.01352000000000        3.41851500000000        1.03155300000000
B            1.46587800000000       -4.21214800000000        1.49913800000000
N           -0.79798700000000        1.06415300000000        4.19458100000000
B           -2.66624200000000       -2.40209600000000       -1.17525600000000
N           -1.07438800000000       -4.48433500000000        0.99123500000000
B           -2.50371000000000        0.49137000000000       -2.10914300000000
N            2.35272800000000       -3.88733500000000        0.45310300000000
B            3.91232700000000       -0.20235700000000        0.72592600000000
N            1.92854800000000        1.95700900000000       -2.46507700000000
B            1.00118400000000        2.25435100000000       -4.62250700000000
N           -4.18601600000000        0.82900500000000       -0.34753800000000
B           -1.33888100000000        2.45365800000000       -3.11487000000000
N           -2.35964900000000        1.93260500000000       -2.30584100000000
B            3.07306300000000       -2.64548300000000        0.60111100000000
N            2.33521300000000       -3.67367000000000       -0.97087600000000
B            2.21786300000000        0.54580300000000        2.80840700000000
N           -2.02642300000000        0.61191200000000        3.60149200000000
B           -1.10174900000000       -4.18378700000000       -0.44100700000000
N           -3.21814400000000        0.04165400000000       -0.95856600000000
B            3.44775200000000        1.25859300000000       -0.51406500000000
N            2.58208500000000        1.63297700000000        1.93645400000000
B            1.47205400000000       -1.55500100000000       -3.51561000000000
N           -2.10260100000000        1.75419400000000        2.76079900000000
B            2.04076500000000        0.71192100000000       -3.21148300000000
N           -2.72091500000000       -1.34169900000000        2.32056700000000
B            0.65864800000000       -0.53887500000000       -4.48693700000000
N           -0.16866400000000       -3.75942100000000       -1.35647200000000
B            0.48556000000000       -2.10563400000000        3.43376400000000
N           -0.58725300000000       -1.20503300000000        3.82448800000000
B           -3.22437300000000       -1.45141100000000        1.00032000000000
N            2.67132400000000       -0.85552900000000        2.62113500000000
B            1.87855700000000        3.33934800000000       -0.10642700000000
N            2.87691100000000       -2.33178300000000       -0.79356300000000
185
 energy: -336.720260677393 gnorm: 0.056336039645 xtb: 6.7.1pre (5071a88)
C           -4.78513219041631        1.89231266437129        8.72983095178333
C           -3.36217124387939        1.52048196199289        9.03494631621046
O           -2.52464850531154        1.26459518942248        8.21129211203587
O           -3.15545514990994        1.47761967486970       10.36889335749651
C           -1.82267620791117        1.20970026187167       10.79332820165561
C           -0.89621340500368        2.42856039859020       10.64577301679811
O           -1.33765215748993        3.47067094472275       10.21546110999092
C            0.60313617641402        2.30898054719533       11.01399343129603
C            1.14138328279003        0.86395753824802       11.08194246981996
C            1.31798519310659        2.97491902246734        9.77165440567714
O            1.51197025769067        1.98838461556366        8.75830108974315
C            2.65544382659408        3.61328019396520       10.11486656760290
C            2.41665280826845        4.76544185836573       11.06153205391593
O            1.43786931983843        5.69674499818206       10.56839882095568
C            0.61741042097282        5.56199734105972       11.73846063379261
C            1.54029722298346        4.46545914695709       12.30065260645463
O            2.20017458812079        4.75333047525435       13.56320777442546
C            2.79279074817225        5.94854124864459       13.80757357567164
C            3.37513815596609        5.98244801034417       15.19547783841422
O            2.85983891960623        6.87090455027208       13.04030897296668
C            1.00588800432912        2.97624249639746       12.40939527858353
C            0.18015864140738        2.86481710964565       13.79701317344749
O            1.24615000293988        2.43569642472531       14.71531889906151
C            1.38637953969456        3.00753046117888       15.92487653076781
O            0.62312790213751        3.83068285026723       16.38500626339225
C            2.57828724169339        2.50851550416797       16.65920231461567
C            2.90159235610351        3.09415146893405       17.88743843016005
C            4.01192817550589        2.66427414563924       18.59858688517075
C            4.80487434238010        1.64312905723330       18.09500786564187
C            4.48353089686645        1.04959846136736       16.88212289072224
C            3.37580969722316        1.47657876409537       16.16511925793013
C           -1.15797977296401        2.11438389759354       14.29746878980634
O           -1.71834803219402        2.98555444494768       15.30281777632013
C           -0.94628776578391        0.76311637023463       15.01601409724315
C           -0.82096746026510       -0.47409957361438       14.12561649198411
O           -1.47798159743924       -1.59858289222114       14.74064568606859
C           -0.81806147748402       -2.21688737210757       15.72969768649990
O            0.23600535395998       -1.85898640820998       16.19880563938038
C           -1.57624413298537       -3.43334137641202       16.25388022423254
O           -0.91418639604728       -3.94820425717876       17.40429241883593
C           -1.72854298237259       -4.52108356523538       15.15259438670160
N           -0.51602906919980       -5.31978759634769       15.03179415852864
C            0.57348997489213       -4.88720810765129       14.32914036519420
O            0.56181989251877       -3.85473003780730       13.67939251900980
C            1.78055861704486       -5.76470880736708       14.37717899406681
C            1.70472765781577       -7.14283369803029       14.58251631370179
C            2.86277616681909       -7.90645024052970       14.62453721291517
C            4.10247739587019       -7.30509572826057       14.46122565641810
C            4.18490994231170       -5.93861847386050       14.23875391492829
C            3.02988056745641       -5.17248396758205       14.18988056510088
C           -2.91378538755145       -5.44839505228851       15.37208486236380
C           -3.21810589275938       -5.99069572187394       16.61950692153465
C           -4.29794330545112       -6.85131503201282       16.77146148348913
C           -5.08236013686523       -7.18964311136008       15.67983825474559
C           -4.78064382559224       -6.66810646898439       14.43191316919050
C           -3.70457957126031       -5.80586811783047       14.28010086876175
C           -1.31955161706901       -0.29984427174960       12.70344956046284
C           -1.08178518990702       -1.52866227751666       11.86066764578842
C           -1.80412042804233        0.87571862995705       12.26169585075940
C           -2.29261381798812        1.94161148695632       13.24983304070905
C           -2.70771838953693        3.33898655688416       12.74259662011772
C           -3.60161462857417        1.37490609121855       13.87185378697322
H           -5.02386572946707        2.83789583501366        9.21298244468195
H           -4.91157174497020        1.99433746522118        7.65351266609878
H           -5.45826329787529        1.12068916710473        9.10069522750600
H           -1.41764344424507        0.40985586251576       10.16565046544649
H            2.22166402685301        0.86664103334752       10.91652459752589
H            0.96875550045081        0.41643918524783       12.05660913374726
H            0.71361954139368        0.23336740069139       10.30789856243215
H            0.67194942216980        3.75445978085618        9.34969742375279
H            1.66250654685124        2.45781979612924        7.92500990986129
H            3.34596055204874        2.88418697599131       10.54631254711468
H            3.11947667223858        3.98978159239699        9.19678569354317
H            3.35800209146973        5.28294242998207       11.27668704352599
H           -0.39608820574643        5.25168556830285       11.48510878910940
H            0.57987288378104        6.49862298742650       12.30112186286993
H            4.04700697985551        5.13921661062072       15.34504041234090
H            2.57346271328673        5.93942133784773       15.93036639451548
H            3.93126059993049        6.91059691112457       15.33289521246323
H            1.92973082467737        2.43504045914407       12.65758769792694
H           -0.03948609233939        3.90921414153413       14.05581045443096
H            2.28285189771865        3.88767270242290       18.28716791867505
H            4.25981251638370        3.12353135201147       19.54716151376586
H            5.67167044793700        1.30625339893632       18.65022898181298
H            5.09920572247930        0.24863820989916       16.49419595705636
H            3.13354731808535        0.99819530646845       15.22699602199055
H           -1.01248368250654        3.28923019706250       15.90417415239629
H           -0.09707232143470        0.80441826648487       15.70501245962248
H           -1.81742551830806        0.62756323175531       15.67002799925901
H            0.24608479381420       -0.72835882417497       14.04192884830342
H           -2.56631753566192       -3.08637858286607       16.57475664850848
H           -0.01639321622600       -3.57198505690305       17.39892992438708
H           -1.86975174488156       -4.00260978757171       14.19736897490087
H           -0.39964603368211       -6.04645340620503       15.72226486799159
H            0.74633487099427       -7.63597162396716       14.68081943294543
H            2.79947454026744       -8.97532722608412       14.78472041178058
H            5.00411415773721       -7.90372757503166       14.49884845041143
H            5.15133549686633       -5.47036111186457       14.10133976097015
H            3.09413588783283       -4.10675299696739       14.01242426030347
H           -2.61994043899760       -5.74260778353495       17.48710240071023
H           -4.52735352811231       -7.26104570084318       17.74697259759845
H           -5.92401525325115       -7.86032224793643       15.79990908470359
H           -5.38536180912149       -6.93320185013536       13.57401997937251
H           -3.48040291480600       -5.41307815466822       13.29583510115128
H           -1.54610083116112       -2.39154273417406       12.34139987652320
H           -1.50759769861346       -1.45719501334318       10.86233191123432
H           -0.01853494544635       -1.75218428213023       11.77599529038760
H           -3.22781887430860        3.86012014699334       13.55114903512019
H           -3.39788000751325        3.28417215963265       11.90334469250542
H           -1.86403726242466        3.96517430503535       12.47098500083745
H           -4.37699653435422        1.36456554295126       13.10236379601863
H           -3.94807793481059        2.01102243908320       14.68630434073458
H           -3.50202250787886        0.35703387089733       14.24429045495611
B            3.45904996070238       -1.45449755569882        1.62811033317920
N            3.45651213674882        1.12996989766890        0.94004241536671
B            2.53978614998943        2.36243764991053       -1.26098428159429
N            2.29319356158045       -0.64172678191139       -2.73075210439321
B            0.69033996087882       -3.56058223452232        2.70276578142667
N           -2.93975575785381       -2.65488139925746        1.70955461562792
B           -1.03854224468582        4.08504000516660        1.83208969009667
N           -0.61964462605598        0.01758707605760       -3.94213542537126
B           -0.47359296820065        1.44532604237346       -4.09132736974898
N            1.20956222152302       -3.78697093455557       -1.73948474094287
B           -3.84436636086375        2.20958244213565       -0.49345818067547
N           -2.77279447117165        2.76366921918031       -1.21174309403872
B            1.40557858761637        0.81816307099925       -4.88927496185797
N           -0.23567631985377        3.36442533801706        2.83382161571656
B            0.89827858533263       -2.87964103287220       -2.81372245121700
N           -0.49165472255735        3.76641695542379       -1.01000019764297
B           -0.80642645474593        2.18263028356392        3.28364709786719
N            1.65623141350051       -1.27400276219133        3.50356972381307
B           -0.24834047356643        3.46985419264602       -2.37964859197621
N            1.30812179060086        0.06909683503462        3.81643655401098
B           -1.59752959409615       -0.55999530484423       -3.08460681135494
N           -3.83268451660504        1.77680210611218        0.83168861032972
B            0.33718372917887        4.49551476007968        1.18418808199528
N            0.04284751106280       -0.01384819338384        4.45612770002366
B           -2.70887540883980        2.22667108536136        1.60198119280604
N            3.77277379658449       -0.13268401177873       -0.76563106907735
B           -2.25332691555026       -3.63914494094047        1.00852809216648
N            1.05595607140782        3.73325500149236        2.23580841839304
B           -1.82609239205239       -0.77731449817001        3.22117274913530
N           -2.43689080725381       -3.60202262790598       -0.45081432265573
B            3.01849304152233       -1.07362805936779       -1.50270638556104
N           -3.15781233812553       -1.25255914356617       -0.38423092537618
B            2.03455418583497        2.92234510448517        1.56166521638238
N           -0.50751661868535       -2.90023828799281       -2.43291128745357
B           -1.67367420788602       -2.11295629366927       -2.49170233284936
N            0.59025539324571        3.96441882629561       -0.11014571707801
B            1.09038437342917        2.95975039242296       -3.18254289470535
N            0.07734472798733       -4.35927540689824        1.72146329219608
B           -1.78384481907006        3.45218363010220       -0.40774143939475
N           -2.01354277678843        3.41840918733663        1.03172745006017
B            1.46578956578887       -4.21194491644724        1.49932752065343
N           -0.79728554331412        1.06330723848025        4.19287770810910
B           -2.66613737363534       -2.40197826426881       -1.17511237417821
N           -1.07448687476254       -4.48456794882096        0.99126401217690
B           -2.50349935929233        0.49142209763933       -2.10896973151659
N            2.35272535285192       -3.88734506989940        0.45319121154454
B            3.91201141460492       -0.20243710862928        0.72594750360455
N            1.92859823560216        1.95700187583140       -2.46516891082089
B            1.00106390723731        2.25441512805080       -4.62259243550769
N           -4.18592379553864        0.82907882926222       -0.34739363543257
B           -1.33882561394878        2.45374074683643       -3.11471357512684
N           -2.35965251092676        1.93271927364290       -2.30576910722652
B            3.07292767303384       -2.64535177423637        0.60117692650684
N            2.33532762366774       -3.67381793246861       -0.97092507388838
B            2.21746261189540        0.54596242357753        2.80851963473023
N           -2.02531214657940        0.61183574626358        3.60073431092813
B           -1.10173330046013       -4.18355054693373       -0.44082956894775
N           -3.21802333592536        0.04161729953542       -0.95858490220710
B            3.44749883599268        1.25852635446836       -0.51401034616946
N            2.58243819796243        1.63313262561940        1.93670573097899
B            1.47191813275369       -1.55488353664194       -3.51556715895863
N           -2.10219958223921        1.75349833278862        2.76050101560019
B            2.04062473143941        0.71194175295396       -3.21148988341984
N           -2.72117208932466       -1.34170226743433        2.32091073923620
B            0.65854258379164       -0.53874418007246       -4.48688765133951
N           -0.16870764386105       -3.75945046348723       -1.35653196317277
B            0.48535754976137       -2.10511087092894        3.43402992298416
N           -0.58688900581917       -1.20449517953422        3.82404615330657
B           -3.22394565292317       -1.45112775276659        1.00066800038191
N            2.67119884091709       -0.85555461305544        2.62108221747099
B            1.87862554291415        3.33926041477283       -0.10630678075665
N            2.87706817489872       -2.33187076593943       -0.79362229903077
185
 energy: -336.729312840621 gnorm: 0.024346899848 xtb: 6.7.1pre (5071a88)
C           -4.77673257237461        1.89773979465332        8.73069844154868
C           -3.34805027920470        1.53126498214911        9.03833942068590
O           -2.50896511178101        1.25938804969016        8.22970824973512
O           -3.13471194121563        1.51712329569310       10.36682535609039
C           -1.81298177807421        1.22230591255612       10.80932303385885
C           -0.89337657123129        2.43936099097350       10.64619106056979
O           -1.32820630673391        3.46767242114212       10.21031552065535
C            0.59623829452069        2.30712566125368       11.03086955594621
C            1.12673775084411        0.86761401072312       11.09541341110392
C            1.30969093139391        2.97230270165491        9.79378845915602
O            1.47060067410017        1.97535726195081        8.79583129104454
C            2.65314498308422        3.60606545596444       10.13291149934594
C            2.40638789140892        4.76095136402884       11.07399842668660
O            1.43639456318497        5.69284398416838       10.58498864395809
C            0.60411052689330        5.54314505440862       11.73509849522527
C            1.52379508894607        4.45251418925830       12.30349274971634
O            2.16670585366022        4.74473188882414       13.56135501203972
C            2.77087341474672        5.92818742278948       13.80377456318231
C            3.36195782407016        5.96002309526032       15.19189808998412
O            2.84006493874909        6.84297167917561       13.03536188350317
C            1.00471543311645        2.97861781108440       12.41466540319008
C            0.18589355545233        2.87515945377255       13.79723226256281
O            1.24601396968419        2.44487724995294       14.70004468872146
C            1.39781307101806        3.00629199987352       15.90268043223900
O            0.64051520880554        3.83142681024540       16.36727845946008
C            2.58558696505263        2.50921671825945       16.64211476400391
C            2.90098671721623        3.09338563895739       17.87013551226301
C            4.00292206146626        2.66395535604487       18.58480527991998
C            4.79695075804432        1.64367427929302       18.08691396286977
C            4.47925053086759        1.04924115923419       16.87660742845013
C            3.37981024443443        1.47536683171506       16.15545971563110
C           -1.15216200179709        2.12483998181588       14.30235572355828
O           -1.70961154840606        2.99782233109792       15.27314127833973
C           -0.93039906931820        0.77091506115235       15.01085507393354
C           -0.81646900216092       -0.46960739743100       14.12021756608939
O           -1.47006013794623       -1.59668625806107       14.74338972543394
C           -0.81834225113475       -2.22152352448501       15.71418389330385
O            0.23887723366337       -1.88317090342910       16.17754495043550
C           -1.57874728013895       -3.43606914553084       16.24741944242707
O           -0.91286084726262       -3.94041578115828       17.37840997782229
C           -1.72891061133072       -4.52478031709197       15.14187594782188
N           -0.51352051683401       -5.31145747555965       15.03412154642013
C            0.56664127843009       -4.88004611394125       14.33097757662975
O            0.54449540577144       -3.84916721236141       13.68382633561042
C            1.77342284950265       -5.76112166551248       14.38998675202392
C            1.70087360790405       -7.13722942191931       14.58921455472828
C            2.85551310750570       -7.89836470250993       14.62378266045134
C            4.09326867812650       -7.29957007037292       14.46078649141336
C            4.17312481868426       -5.93547120886137       14.24065648267381
C            3.02106425590440       -5.17222363810038       14.20002705905382
C           -2.90758396055098       -5.44944017296014       15.36510949333142
C           -3.20686132397728       -5.98299039807893       16.61228459413163
C           -4.28343310860124       -6.84149149082977       16.76700808424864
C           -5.06957641260414       -7.18322352126399       15.68059057478874
C           -4.77135689060816       -6.66298272229458       14.43370378474884
C           -3.69885127323024       -5.80345654621167       14.27922279063744
C           -1.31163931334651       -0.29331201663914       12.70188640654615
C           -1.07904083221847       -1.51682922710808       11.86418632077355
C           -1.78875541752462        0.87902041435720       12.27035878335176
C           -2.27499541700474        1.93574395306401       13.25057786698038
C           -2.68772501634197        3.31984328309952       12.73248120615445
C           -3.57205469930809        1.36739167793915       13.87468217752808
H           -5.02344013281829        2.83785901241783        9.21603921689162
H           -4.90120179574097        1.98789860867225        7.65630407041723
H           -5.44460216589758        1.12958633733593        9.11373359356457
H           -1.41336580276204        0.42109413018003       10.17827627004010
H            2.20267546966214        0.88777892191836       10.92957884199439
H            0.93295471409936        0.41924736381369       12.06219173661198
H            0.70780925658761        0.25440605936021       10.30662434751159
H            0.66124826090557        3.76952701117380        9.40554407898121
H            1.62517963725703        2.42040807969721        7.95528106623313
H            3.33868334405905        2.88165477820028       10.57341357628658
H            3.10565545959481        3.98866802847950        9.21370889118776
H            3.34319238437732        5.27573141401341       11.31466589651541
H           -0.40487795828901        5.22731619229508       11.46654293352379
H            0.57361058815507        6.46799607817146       12.31625941336583
H            4.02469364916753        5.11307696838463       15.34598474284282
H            2.56347633792193        5.91119428979223       15.92779098572113
H            3.91239478892547        6.88994286338807       15.31694721809227
H            1.92018204333538        2.43506014690992       12.67443539026306
H           -0.04345809386147        3.91881301127213       14.04982411879613
H            2.27555287545907        3.88313135604995       18.25838159697392
H            4.24581926483715        3.12263857102709       19.53179094662708
H            5.66015082721056        1.30903773676366       18.64353709833060
H            5.09301890774835        0.24846121804951       16.49353917699563
H            3.13030563610426        1.00406299375192       15.21916090775837
H           -1.01698522955873        3.30824794581004       15.88150106875896
H           -0.07182282149225        0.81084030536155       15.68442256894244
H           -1.81270263008665        0.64790813980762       15.64681191490299
H            0.24604142248847       -0.74948058779321       14.03845882555034
H           -2.57896947315637       -3.10369534300588       16.55573465633397
H           -0.02688684746548       -3.54275356259205       17.39155976124994
H           -1.85847243557578       -4.00113745234427       14.18846723393079
H           -0.39876847483557       -6.03905196467146       15.72240101616802
H            0.74284090599531       -7.62665446806873       14.68780090616624
H            2.79123169169356       -8.96513025947009       14.77941325084895
H            4.99244071494974       -7.89707284578193       14.49749818955084
H            5.13646563714370       -5.46786813567721       14.10031958906647
H            3.07505159479741       -4.10966749664675       14.01929091643949
H           -2.60594406704549       -5.72290716214698       17.47074701092927
H           -4.51121858570563       -7.24726683844236       17.74174763339152
H           -5.90991071846793       -7.85099503902273       15.80331418754618
H           -5.37666098567792       -6.92643020308009       13.57906087578086
H           -3.47598585720926       -5.40478895884959       13.30061779039164
H           -1.54213351362391       -2.36574394444778       12.36612146297667
H           -1.50862113009078       -1.43976357004528       10.87120676945368
H           -0.02018001524398       -1.75377195464636       11.78135402923268
H           -3.20269812718575        3.82860577944011       13.54644818873962
H           -3.36956303470257        3.24674174299549       11.89177811213468
H           -1.84322634871431        3.93849640370206       12.45613227633189
H           -4.34025334489857        1.36777513953103       13.10316994999684
H           -3.90357965756056        2.00337561036763       14.69069730876254
H           -3.46111236737626        0.34918226690680       14.23187179518236
B            3.45885584445687       -1.45447015021177        1.62814067747553
N            3.45673651561882        1.13007403395679        0.94010281424091
B            2.53948414439306        2.36229315889826       -1.26080661651562
N            2.29319727338931       -0.64175355783578       -2.73077780237158
B            0.69007527757219       -3.56009243308084        2.70283286476909
N           -2.93981560643349       -2.65509927424049        1.70980884329396
B           -1.03883471135527        4.08521836802854        1.83306596693715
N           -0.61997236065871        0.01756782462760       -3.94228408719021
B           -0.47363436870182        1.44534306021414       -4.09107866208860
N            1.20948332120430       -3.78713539136901       -1.73954270720338
B           -3.84427446921405        2.20975253195979       -0.49307906644063
N           -2.77275928623643        2.76382021683455       -1.21146447666558
B            1.40532162570791        0.81824949108560       -4.88917494804689
N           -0.23576159271444        3.36479693058435        2.83431554448263
B            0.89814605138226       -2.87949176930152       -2.81359440785172
N           -0.49154963461774        3.76628478464784       -1.00965839020517
B           -0.80670005194956        2.18308368754992        3.28520684341831
N            1.65644285751888       -1.27372288843225        3.50369467620276
B           -0.24825400081158        3.46989413339898       -2.37926567430472
N            1.30798230339799        0.06926442184092        3.81607549565656
B           -1.59768029049642       -0.55995867096949       -3.08447429772354
N           -3.83303699213349        1.77692831136266        0.83192413004467
B            0.33683838487764        4.49509919040814        1.18459920403992
N            0.04267460183596       -0.01374670628242        4.45575780835317
B           -2.70919266644140        2.22691875113776        1.60284712740607
N            3.77285008809617       -0.13272278942694       -0.76564276020269
B           -2.25335327802554       -3.63906064793949        1.00871984944784
N            1.05595027808860        3.73312844931630        2.23608534811362
B           -1.82655144268696       -0.77741273470845        3.22253446961765
N           -2.43703341548488       -3.60214254483877       -0.45069614307873
B            3.01838205946762       -1.07359991312641       -1.50264422735823
N           -3.15754844359912       -1.25248728401055       -0.38389180532281
B            2.03445005746916        2.92242158877592        1.56180472189714
N           -0.50762976597867       -2.90025410813728       -2.43286942631780
B           -1.67378299342507       -2.11286995655316       -2.49153637806706
N            0.59032409145803        3.96427193534460       -0.10984932973813
B            1.09035695972085        2.95990609790776       -3.18248553909096
N            0.07728071000742       -4.35929306786288        1.72170092449921
B           -1.78375276657098        3.45208058762791       -0.40705108933382
N           -2.01370435085348        3.41858510959859        1.03212063410200
B            1.46561441300062       -4.21163954049231        1.49951670072194
N           -0.79641991322251        1.06260605836608        4.19086798654312
B           -2.66603476746939       -2.40180643287717       -1.17476863798949
N           -1.07461090434949       -4.48486707607391        0.99136687085432
B           -2.50331637702810        0.49148600920782       -2.10858577614149
N            2.35260463791454       -3.88732659159625        0.45327622239672
B            3.91178510541118       -0.20249967247850        0.72602400044458
N            1.92854681255830        1.95701250680601       -2.46519879944221
B            1.00090111589507        2.25453680230158       -4.62255024524048
N           -4.18581410757455        0.82918475718877       -0.34697521766387
B           -1.33866805804524        2.45375019926341       -3.11430795652366
N           -2.35958174577861        1.93283258422054       -2.30542708633310
B            3.07274839711114       -2.64526988781374        0.60119758419522
N            2.33535464120709       -3.67397134624373       -0.97096696720151
B            2.21729137038405        0.54609796468777        2.80862513802763
N           -2.02395388601685        0.61165703955474        3.59961357148366
B           -1.10177737076736       -4.18337521882920       -0.44057090985988
N           -3.21777421089583        0.04166081449600       -0.95827303303230
B            3.44722233912386        1.25844135923875       -0.51388006593298
N            2.58281397036141        1.63329060138090        1.93693954526934
B            1.47173098620787       -1.55472089170379       -3.51548357178149
N           -2.10204295237111        1.75316301164371        2.76037123297264
B            2.04048744096653        0.71200889780339       -3.21148950137532
N           -2.72133472297437       -1.34187316901799        2.32141704455554
B            0.65831983940136       -0.53862924295400       -4.48686180131625
N           -0.16885321794506       -3.75962037659549       -1.35659280035234
B            0.48515542192715       -2.10476381689143        3.43449210149953
N           -0.58651724488632       -1.20414161943634        3.82392234871478
B           -3.22331981374210       -1.45086096833265        1.00118338561191
N            2.67112309409205       -0.85564541812761        2.62113349011574
B            1.87862639461545        3.33916512817306       -0.10602673953900
N            2.87718656418960       -2.33198325551864       -0.79371182158345
185
 energy: -336.732692902349 gnorm: 0.012483492285 xtb: 6.7.1pre (5071a88)
C           -4.76434419062225        1.90309463039177        8.73284436268469
C           -3.33535627748003        1.53778546256345        9.04375015201869
O           -2.49428603312964        1.24382064518708        8.24161782035378
O           -3.12613804522362        1.53982020801338       10.37114085059779
C           -1.80856575508786        1.23227496127963       10.81628879290908
C           -0.89444267776244        2.45068163766267       10.65916385098640
O           -1.32363073473620        3.46898689287890       10.18609721050441
C            0.59025935735277        2.30973845928568       11.04585301060485
C            1.11128576373391        0.86920453723831       11.11375003793107
C            1.30315756613153        2.97238228039196        9.81298942234796
O            1.43037307575203        1.97052553712529        8.82254056767309
C            2.65198788558850        3.59811581819306       10.15026190834184
C            2.39918928174057        4.75548021657711       11.08805083445013
O            1.43552841511901        5.68880230530300       10.59591331024072
C            0.58716674967981        5.52707320959148       11.73094214730627
C            1.50662215344514        4.44000553863417       12.30731047080611
O            2.13263332511632        4.73217294044855       13.56743081642032
C            2.74529418909128        5.90825428035130       13.80776549507355
C            3.34063725144100        5.93089334973690       15.19381548367697
O            2.81969594245711        6.82359886588564       13.03802936177274
C            1.00367624564580        2.97225723923732       12.41977618631816
C            0.19211004592097        2.87807107297605       13.79600731918965
O            1.24892858202767        2.44778461578740       14.68898642709460
C            1.40660606256555        3.01146192195725       15.88357352240178
O            0.65378158986105        3.84290416775573       16.34899141089811
C            2.59083301487690        2.51139917167786       16.62250321487441
C            2.89917618001740        3.09691494548927       17.85020594752908
C            3.99547666551135        2.66564345671031       18.57061717899854
C            4.78974696122525        1.64265607152783       18.07731045895764
C            4.47688626348493        1.04593634999536       16.86652770834861
C            3.38258747859458        1.47396455878533       16.13910785508663
C           -1.14261071300649        2.13263582672686       14.30594653288395
O           -1.70212697345183        3.00697240607974       15.25992488529495
C           -0.90912334391422        0.77761732550799       15.01087983605199
C           -0.80410082440951       -0.46309539233816       14.11805180377853
O           -1.47142122191348       -1.58475260128207       14.74363500565950
C           -0.82125029071616       -2.22155959094970       15.69993139371625
O            0.25111031013397       -1.90897347087611       16.15631921122511
C           -1.58547299645163       -3.43337742386557       16.23873019764642
O           -0.91414840585425       -3.93099842160178       17.36086026338990
C           -1.72803966510930       -4.52100888494684       15.12870849847501
N           -0.51238335305301       -5.30325954242662       15.03732086761016
C            0.56289453936690       -4.86879437699911       14.33475425775072
O            0.53242781266464       -3.84191004951829       13.68035379656707
C            1.76609756134073       -5.75270619197245       14.39477974709687
C            1.69078476792396       -7.12817047830621       14.59489031721128
C            2.84455822764692       -7.89028623051423       14.62593075928926
C            4.08313985962582       -7.29293154145565       14.46126079837594
C            4.16425732830748       -5.92811846304588       14.24354049064761
C            3.01312221083765       -5.16480901541617       14.20355625681084
C           -2.90193444957151       -5.44337103217866       15.35331375543427
C           -3.19283682883842       -5.97160322554991       16.60437177722787
C           -4.26685237255701       -6.83103717294224       16.76533418536421
C           -5.05647499043434       -7.17717161938449       15.68236288450135
C           -4.76554246041036       -6.65965644608268       14.43207272410416
C           -3.69558405829011       -5.79891671756864       14.27064904472293
C           -1.29711793434167       -0.28957909950421       12.70116230814332
C           -1.07504117033643       -1.51407132837729       11.86786891702004
C           -1.77572185825267        0.88227717119424       12.27195182846229
C           -2.25545870149463        1.93164483036335       13.25088644996961
C           -2.66815304581204        3.30752143759772       12.72172098908376
C           -3.54299994404666        1.35619145725706       13.88161494239128
H           -5.01347610326800        2.84436490350309        9.21414950732292
H           -4.88863669893781        1.98257853897934        7.65809710081948
H           -5.42767945777108        1.13547980588186        9.12516282487149
H           -1.40904859074371        0.43416615263035       10.18178730716201
H            2.18745832486437        0.89120055604679       10.96124068827360
H            0.89925288865555        0.41841738565716       12.07442954064445
H            0.69979660727049        0.26611492846077       10.31351282122816
H            0.66329553136676        3.78530088862036        9.44309471640842
H            1.58157562623150        2.39638595259997        7.97297203014521
H            3.33330907229350        2.87649199645224       10.60037921541360
H            3.10283467626251        3.97914031406478        9.23152649226851
H            3.33407770641446        5.26512846911624       11.34715293709073
H           -0.41617496122904        5.20658800147416       11.44619308106415
H            0.54591167525664        6.44274508025925       12.32533118936683
H            3.99818503413758        5.07912306230326       15.34210856899819
H            2.54261216273835        5.87813761737029       15.92997028256556
H            3.89199756134384        6.85917217436740       15.31543990145476
H            1.91865534150792        2.42706734701604       12.67825994241587
H           -0.04128953322299        3.92222236623010       14.04512487095454
H            2.26828848682645        3.88690773598555       18.22794748331149
H            4.23301123600711        3.12385920971349       19.51866900860251
H            5.64913420431097        1.30760717317506       18.63834122587394
H            5.08945362408407        0.24185853403556       16.48912283956648
H            3.13011940507206        1.00645749868917       15.20168386158565
H           -1.01752593747525        3.33325613092883       15.86842698661702
H           -0.04352884294073        0.81519788525043       15.67331254792395
H           -1.78956343186442        0.65763975233993       15.64570214303377
H            0.25410018731262       -0.76144618728393       14.03840756143129
H           -2.59134765853332       -3.10828041905961       16.53721337965643
H           -0.03991772274543       -3.50427014932238       17.38623666636884
H           -1.84906484288872       -3.99974064209345       14.17309460901532
H           -0.40034145500209       -6.03009238617793       15.72657696429793
H            0.73171505168517       -7.61496782271344       14.69680011219650
H            2.77844284135062       -8.95742091337778       14.77651222252779
H            4.98082021954494       -7.89198093492982       14.49330108483192
H            5.12694779230925       -5.46119811812701       14.10041813746894
H            3.06086700937916       -4.10168549506199       14.02667335274756
H           -2.58646565113177       -5.70187669250486       17.45569252080555
H           -4.49104214979253       -7.23281199207250       17.74219978866343
H           -5.89521647291027       -7.84480908788742       15.81050068367592
H           -5.37441602985309       -6.92407229076848       13.58089370601509
H           -3.47462739761847       -5.39746804089293       13.29329189014839
H           -1.54150137749292       -2.35306842772610       12.38225338122011
H           -1.51058336481582       -1.43418711999931       10.87865444821163
H           -0.01869359974349       -1.75968125396187       11.78078146416609
H           -3.18293773443594        3.81846075196594       13.53114625400984
H           -3.34376195424520        3.21997037104824       11.87838017319844
H           -1.82112064937998        3.92031256920593       12.44177478408262
H           -4.31430005017610        1.36490833397590       13.11505270789449
H           -3.86254631265668        1.98441230615409       14.70757974468317
H           -3.42242134228037        0.33380528217120       14.22358669398066
B            3.45875385201079       -1.45453891853118        1.62811634176711
N            3.45697694201575        1.13013856556522        0.94027682526496
B            2.53906464111951        2.36214699047805       -1.26047700137627
N            2.29301788040699       -0.64166715503799       -2.73065592057724
B            0.68990060548846       -3.55982964383382        2.70296979846719
N           -2.93988498619766       -2.65536804434448        1.71028421722738
B           -1.03898208585944        4.08570142995768        1.83387322749130
N           -0.62031017046373        0.01763441079796       -3.94214632506356
B           -0.47379593180506        1.44541529082498       -4.09066824023740
N            1.20930325758600       -3.78722616238650       -1.73952672830982
B           -3.84427998034281        2.20994656026778       -0.49254935794837
N           -2.77280283104759        2.76403194107294       -1.21093388927449
B            1.40495025427079        0.81840550249813       -4.88897364918502
N           -0.23597394759796        3.36534116642547        2.83495240139737
B            0.89789247111493       -2.87935471052788       -2.81341841620971
N           -0.49158946520601        3.76630709935895       -1.00913117065856
B           -0.80679009499059        2.18363562887681        3.28617443210210
N            1.65679508750348       -1.27377103127579        3.50407477253413
B           -0.24828939849535        3.47002889189152       -2.37873965675739
N            1.30840533569983        0.06923696371234        3.81626023601213
B           -1.59783402300005       -0.55984304746971       -3.08406705504691
N           -3.83335526088465        1.77723029756077        0.83242729236925
B            0.33671586910988        4.49499336968546        1.18506459610037
N            0.04288016941339       -0.01364066490173        4.45585432447385
B           -2.70956422736091        2.22742659955004        1.60362053507717
N            3.77286156200768       -0.13273031717897       -0.76556087018753
B           -2.25346861065035       -3.63919067899216        1.00907443276712
N            1.05584805289249        3.73308278773221        2.23650593223422
B           -1.82662752538115       -0.77764742540149        3.22342583310342
N           -2.43716330408209       -3.60216858431100       -0.45037124367576
B            3.01828234681532       -1.07356748520577       -1.50258524472548
N           -3.15729543559579       -1.25237432436604       -0.38328124448838
B            2.03435555693579        2.92242721546009        1.56218947817682
N           -0.50784454369561       -2.90023666414345       -2.43266610294861
B           -1.67395866073990       -2.11276239480974       -2.49119039216708
N            0.59029171209562        3.96425665940684       -0.10937177790467
B            1.09021697807853        2.96014671420782       -3.18224757574542
N            0.07718132491266       -4.35928429764337        1.72197553374333
B           -1.78382848932059        3.45225573414341       -0.40630369473156
N           -2.01395651847454        3.41908604788029        1.03272132519720
B            1.46542981543400       -4.21136240283888        1.49965657428165
N           -0.79568189438087        1.06234990816550        4.18952182167067
B           -2.66599915558323       -2.40161845970020       -1.17425009581666
N           -1.07473269257540       -4.48512113010781        0.99158973806165
B           -2.50322917831044        0.49162130256018       -2.10794682859500
N            2.35240089896863       -3.88728445834271        0.45332504471103
B            3.91172797853485       -0.20254388394912        0.72612265421152
N            1.92829326149314        1.95708469640261       -2.46502626040382
B            1.00064308427895        2.25472936900114       -4.62231451214547
N           -4.18571652646787        0.82933840688244       -0.34625585213060
B           -1.33863868028700        2.45382560112034       -3.11370439486521
N           -2.35954658279315        1.93299053699437       -2.30479485437907
B            3.07261432671994       -2.64527174653472        0.60115615017758
N            2.33524823531291       -3.67406777584281       -0.97097951403581
B            2.21747006683244        0.54604762147094        2.80879046674743
N           -2.02285669577905        0.61145772226849        3.59875625010842
B           -1.10188058494923       -4.18329620642599       -0.44025349250156
N           -3.21748514944296        0.04182466703424       -0.95755648233020
B            3.44696368205626        1.25836281351298       -0.51366786528361
N            2.58306516721057        1.63329468118275        1.93719158022845
B            1.47144915336173       -1.55453863393534       -3.51530933922512
N           -2.10218192040234        1.75337289382320        2.76067961615366
B            2.04022470620983        0.71214399004719       -3.21136432330264
N           -2.72125950236114       -1.34218483373218        2.32203351763177
B            0.65797358858771       -0.53850446797812       -4.48675587833541
N           -0.16906762951956       -3.75979373929972       -1.35653361902888
B            0.48516372592356       -2.10472658409007        3.43505238329379
N           -0.58614529592298       -1.20409472112866        3.82433855195846
B           -3.22277435008015       -1.45075407843489        1.00181495746631
N            2.67123563607276       -0.85584043114697        2.62130586747496
B            1.87851661830935        3.33911811225157       -0.10558076309268
N            2.87716919426877       -2.33206067419548       -0.79379038557117
185
 energy: -336.734333267014 gnorm: 0.009704635155 xtb: 6.7.1pre (5071a88)
C           -4.75182080277826        1.90781567281936        8.73339989891636
C           -3.32857505840586        1.53040287502862        9.04922501162507
O           -2.48716759275274        1.22066251897367        8.25205027208346
O           -3.12440707818144        1.54574365965817       10.37684425178862
C           -1.80805823510035        1.23501310910638       10.81810150846645
C           -0.89367066867279        2.44720933485367       10.64513950327833
O           -1.32330515838490        3.46015053864604       10.15908087945422
C            0.58153785686330        2.31128757767989       11.05585726081469
C            1.09671486439204        0.86801457397534       11.12722354685004
C            1.29929708369391        2.97094407301581        9.82779336140584
O            1.40022422216941        1.97140532294699        8.83797110410255
C            2.65265750494455        3.58759425148532       10.16673031777691
C            2.39705617359547        4.74989075398311       11.10013264924216
O            1.43977088166276        5.68705543428177       10.60314839128584
C            0.57260803640831        5.51340530575104       11.72340862687659
C            1.49417206446044        4.43244611282964       12.30980821162874
O            2.10287767661591        4.72558074435020       13.57552363751331
C            2.72048699879600        5.89542321614856       13.82007339168203
C            3.31523403771077        5.90086380952200       15.20462331094544
O            2.79788029758770        6.81638784131351       13.05568692001412
C            0.99565946084652        2.96909822356320       12.42113420308495
C            0.19721180755169        2.87764674724252       13.79516367240587
O            1.25410774219526        2.44971021368053       14.68156681033618
C            1.41538023341706        3.02016329139263       15.86867680704586
O            0.66833879378758        3.86049632072410       16.33081957951095
C            2.59715247345518        2.51619551670779       16.60451133742276
C            2.90090909934630        3.10300697885593       17.83179029687922
C            3.99187985738796        2.66751676165767       18.55755372601339
C            4.78316461954503        1.64008720066351       18.06737350580840
C            4.47470964447894        1.04273637721001       16.85500089540652
C            3.38552095388323        1.47503437893250       16.12168403293103
C           -1.13041401855151        2.13448628073258       14.30765402742918
O           -1.69292318683428        3.00935919148899       15.25628196069601
C           -0.88549178364479        0.78121720769527       15.01377320292211
C           -0.78878154186527       -0.45717293818037       14.11700885954018
O           -1.47372561221140       -1.57024554681854       14.74321523671971
C           -0.82192972102164       -2.22106714983642       15.68475679219045
O            0.26184856071675       -1.93112181525899       16.13577626356426
C           -1.59364560274137       -3.42511443591729       16.22942127681549
O           -0.91981003978760       -3.91863757215308       17.34937775354325
C           -1.72787925056694       -4.51231473290708       15.11651029156318
N           -0.51344873965006       -5.29352216760249       15.03739717252560
C            0.55813647177739       -4.85870602218792       14.33154547496021
O            0.52428598151327       -3.83359736450400       13.67375123932967
C            1.75974036909162       -5.74021677126567       14.39764690790387
C            1.67951203039269       -7.11530157744478       14.59927006573693
C            2.83229438886235       -7.87967558021942       14.62728333492857
C            4.07196597926567       -7.28397462520375       14.46019307279678
C            4.15679944836698       -5.91813732013166       14.24604746629471
C            3.00693919319157       -5.15252321341387       14.20835154109349
C           -2.89923060886403       -5.43314494141749       15.33974588268191
C           -3.17931549485238       -5.95845967597001       16.59498075858251
C           -4.24963031577751       -6.82035086658158       16.76427556021937
C           -5.04340742704985       -7.17116114503329       15.68519575753886
C           -4.76239943403556       -6.65671260714203       14.43072734006198
C           -3.69601980252373       -5.79256002195772       14.26032985899886
C           -1.28194857727475       -0.28862543432214       12.70092017364991
C           -1.07037132755982       -1.51584875597683       11.87020685349493
C           -1.76399027524250        0.88241228971367       12.27142855344995
C           -2.23873323312898        1.92622138083247       13.25330450723692
C           -2.65290639009186        3.29849240208726       12.71808684389123
C           -3.51926844567072        1.34464160618474       13.89195180942049
H           -4.99584530759648        2.85280387884201        9.21024443921114
H           -4.87561477669194        1.98131276812762        7.65815629304399
H           -5.41617259516467        1.14363035999860        9.13091955863769
H           -1.41115439788641        0.44074690112176       10.17824079102001
H            2.17598200616558        0.88868050018588       10.99713483433598
H            0.86701026999317        0.41791516109440       12.08369816800458
H            0.69719275455544        0.26732885233396       10.31920387564295
H            0.67051989323587        3.79628336431182        9.46840349320012
H            1.53621941609178        2.38530299180204        7.98051683721158
H            3.32955447055622        2.86797458560420       10.62715845993041
H            3.10846285796282        3.96252045421916        9.24928066178854
H            3.33145788081682        5.25296739424002       11.37083796496031
H           -0.42327695267010        5.18614343796435       11.41954923758308
H            0.51051380290826        6.42253254534951       12.32567589816584
H            3.96825481102869        5.04282315082802       15.33977356755939
H            2.51579699624692        5.83986114499618       15.93907486021125
H            3.87032675093346        6.82473986319140       15.33551567815349
H            1.91399664741497        2.42592880769503       12.67628959685091
H           -0.03800232460360        3.92220314423205       14.04345034605297
H            2.26726630580390        3.89549520831705       18.20006759219418
H            4.22587103839913        3.12510155602469       19.50685067862378
H            5.63810150191677        1.30164264703182       18.63326663999827
H            5.08558819786389        0.23455053622674       16.48242380473196
H            3.13260913619497        1.01012089351660       15.18234209680748
H           -1.01109094858414        3.35543302158476       15.85811800217910
H           -0.01110428384488        0.81913775500474       15.66395810578621
H           -1.75683069616204        0.65968685913873       15.65882100243459
H            0.26509315637442       -0.77017197978428       14.04162908570251
H           -2.60214299927249       -3.10081906423224       16.51884789948080
H           -0.05708575639059       -3.46435508522098       17.38236828400139
H           -1.84073024357290       -3.99528683422170       14.15763735830193
H           -0.40323086489616       -6.01747125414297       15.72979078120583
H            0.71915991787193       -7.59980083577240       14.70377826869224
H            2.76398004374734       -8.94718515107460       14.77648366054125
H            4.96824799523057       -7.88544225269020       14.48922949371461
H            5.12024300103338       -5.45251283041885       14.10286962220813
H            3.05123764452841       -4.08870168611135       14.03287793372019
H           -2.56565503079678       -5.68144911359895       17.43906960606509
H           -4.46739336444465       -7.21948249924659       17.74390680118420
H           -5.87913018132326       -7.84122990128379       15.82009112373449
H           -5.37527809282620       -6.92539249477069       13.58354094053136
H           -3.47788343836864       -5.39117025815078       13.28195281050250
H           -1.54120960808765       -2.34860196526319       12.38993363577370
H           -1.51108257858419       -1.43328180717444       10.88338783326286
H           -0.01620789397765       -1.76944189558653       11.77771355778546
H           -3.17052560197471        3.81645549276725       13.52023353955083
H           -3.32260030128277        3.20342754299018       11.87132975300169
H           -1.80233130232858        3.90663772540910       12.43787138875995
H           -4.30093445873307        1.36112783366880       13.13644381405800
H           -3.82528752555141        1.96112601090170       14.73234686527023
H           -3.38842999717583        0.31747002111030       14.21790632749733
B            3.45873738135357       -1.45469048314526        1.62809438740375
N            3.45720503998270        1.13016367336259        0.94057362499479
B            2.53854442101499        2.36201746937792       -1.26001145474904
N            2.29267978645092       -0.64149761868974       -2.73042891569717
B            0.68982286982102       -3.55970152981292        2.70320090759276
N           -2.93997304479375       -2.65569136319415        1.71101519619128
B           -1.03903960326590        4.08641929484668        1.83469430911542
N           -0.62075396496439        0.01779786568864       -3.94177141885370
B           -0.47412636631316        1.44556666388306       -4.09006278690929
N            1.20900429769882       -3.78725203524737       -1.73944985569938
B           -3.84434150276344        2.21018929601879       -0.49176168113393
N           -2.77291625163579        2.76432096070309       -1.21012723637275
B            1.40441065515127        0.81865092581917       -4.88864508648360
N           -0.23619341175004        3.36607566491079        2.83578251783334
B            0.89747951782214       -2.87917065153083       -2.81315778767108
N           -0.49174559828345        3.76651666029789       -1.00844699607587
B           -0.80677701147139        2.18432089561563        3.28703293810814
N            1.65733028591463       -1.27403110905240        3.50471364050258
B           -0.24847106210008        3.47031079914406       -2.37807411159207
N            1.30919371270288        0.06904172977714        3.81693133255965
B           -1.59809040194970       -0.55964320807620       -3.08342057568146
N           -3.83356833903088        1.77764602596347        0.83325008390035
B            0.33672893249949        4.49508745652932        1.18562807998600
N            0.04336172666642       -0.01351300656876        4.45632620907349
B           -2.70982223470405        2.22805865464416        1.60447235457504
N            3.77277567091998       -0.13272533327256       -0.76540906175530
B           -2.25364255367579       -3.63942467665086        1.00961063704888
N            1.05574183845544        3.73308922789571        2.23703513985171
B           -1.82636705668401       -0.77790020589414        3.22414306359371
N           -2.43733765904198       -3.60215077326668       -0.44984244260413
B            3.01810536449425       -1.07351246189037       -1.50249500183155
N           -3.15712749520919       -1.25224655298708       -0.38238925457640
B            2.03423821582636        2.92232790089804        1.56276667749029
N           -0.50820358377368       -2.90015369140061       -2.43229544116501
B           -1.67425391703716       -2.11257931861184       -2.49060556724014
N            0.59018890743078        3.96435112433958       -0.10875799162859
B            1.08992021912344        2.96046116258176       -3.18181620953186
N            0.07707483930483       -4.35926292172423        1.72231695613769
B           -1.78400339001894        3.45265340857113       -0.40542606100459
N           -2.01422818793094        3.41981414051143        1.03355249950759
B            1.46525242746886       -4.21111663170174        1.49978734267959
N           -0.79488710747481        1.06230327688611        4.18860469781257
B           -2.66610804392909       -2.40143665069327       -1.17353436340082
N           -1.07486486454177       -4.48535315989415        0.99194798254481
B           -2.50319054327404        0.49182683319817       -2.10698261407959
N            2.35215222526501       -3.88724137121059        0.45335297253858
B            3.91172060454568       -0.20260411383814        0.72624802132944
N            1.92786747484839        1.95722066637261       -2.46468054084181
B            1.00023496297905        2.25498659768500       -4.62188635338897
N           -4.18561771630971        0.82955447502535       -0.34519064627661
B           -1.33875351625696        2.45398179360596       -3.11287189535500
N           -2.35958570058006        1.93320808159451       -2.30386873031780
B            3.07251062852183       -2.64532397381868        0.60108866053511
N            2.33502704000737       -3.67412199377446       -0.97097455152550
B            2.21785065626863        0.54582934844656        2.80909502301384
N           -2.02179686939919        0.61125062311563        3.59816273207502
B           -1.10204784665298       -4.18324139441766       -0.43983172863842
N           -3.21720217338708        0.04206272671754       -0.95646077144793
B            3.44663395428516        1.25827098399597       -0.51336111492400
N            2.58323292062120        1.63315799918756        1.93755647237131
B            1.47102378802643       -1.55431186334521       -3.51503661797346
N           -2.10242381081267        1.75388814844626        2.76141383259915
B            2.03981358843470        0.71234193466151       -3.21110385898312
N           -2.72101340096089       -1.34260982455938        2.32285039407567
B            0.65746809043272       -0.53832031773487       -4.48651863615144
N           -0.16936854803275       -3.75992952501903       -1.35634716913196
B            0.48537099096215       -2.10482913197890        3.43574526043330
N           -0.58564959001661       -1.20416395521563        3.82515126408070
B           -3.22231668462655       -1.45077018291517        1.00266231973836
N            2.67150033712862       -0.85613802029610        2.62158807882710
B            1.87830111621545        3.33906260823975       -0.10498623456881
N            2.87704820516948       -2.33210936249834       -0.79385447608905
185
 energy: -336.735159129580 gnorm: 0.009755064439 xtb: 6.7.1pre (5071a88)
C           -4.74182543790613        1.91032472687158        8.73038108450346
C           -3.32450521110699        1.51984093412692        9.05104356285297
O           -2.48451095759244        1.19584696935697        8.25763650624694
O           -3.12621216124295        1.53686407481148       10.37941186813016
C           -1.80994840896274        1.22935339795712       10.81926674211816
C           -0.89901451545257        2.44275788085734       10.64615830234950
O           -1.32739189317493        3.44704952071969       10.13590519549925
C            0.57504176824911        2.30939049151026       11.05835749206845
C            1.09074382243617        0.86467777423286       11.13365823744381
C            1.29781599920905        2.97011416969212        9.83427951901441
O            1.38298619403974        1.97707406606546        8.83983855748227
C            2.65464170454859        3.57703302381240       10.17905699687745
C            2.39839424277436        4.74478704286498       11.10831840623079
O            1.44901436445202        5.68740792452596       10.60400260504013
C            0.56451677335638        5.50636733661143       11.71128966310052
C            1.48433858947582        4.42980689932057       12.30904949069984
O            2.07998164053137        4.72383161455195       13.58032642833734
C            2.69726100675606        5.89026860971197       13.83561480812826
C            3.28882613129501        5.87390851008242       15.22061333726995
O            2.77527346921058        6.81957960256758       13.08096802867259
C            0.98885090751195        2.96524818930933       12.41921947425282
C            0.19920193960798        2.87637536026177       13.79382021283917
O            1.25969210195388        2.45175920092358       14.67605837710342
C            1.42494970123591        3.03154642305834       15.85721006413677
O            0.68276635425992        3.87919053847503       16.31455660609764
C            2.60443439574242        2.52298469335967       16.59119883951568
C            2.90714377805330        3.10958478678457       17.81853932148488
C            3.99368476438043        2.66840176511479       18.54772659388303
C            4.77948149490491        1.63597434911064       18.05895984880510
C            4.47332471875619        1.04050617977753       16.84465546993092
C            3.38874831476560        1.47860682116617       16.10752077697520
C           -1.12042610645087        2.13266105756699       14.30802078582560
O           -1.68480131085747        3.00472046652572       15.26168315523865
C           -0.86497421849464        0.78134753625450       15.01419282268577
C           -0.77670980467310       -0.45578360451967       14.11563159722160
O           -1.47462538094158       -1.56057200619152       14.74269508647107
C           -0.82215782935073       -2.21850279549163       15.67625845263392
O            0.26745775085376       -1.94217610333320       16.12248887715222
C           -1.60148477173646       -3.41496330508160       16.22202862503513
O           -0.93073038364776       -3.90711971751632       17.34520660700839
C           -1.72995866994029       -4.50146422918104       15.10729260244791
N           -0.51552384540681       -5.28143129992484       15.03560586868617
C            0.55467461185221       -4.84663876100921       14.32720943641373
O            0.51828431695746       -3.82449460978357       13.66433639192457
C            1.75547161554263       -5.72568409724994       14.39669954865175
C            1.67023618267227       -7.10037287101637       14.60021577432097
C            2.82153441480649       -7.86738507319882       14.62846395438004
C            4.06226201024756       -7.27369573496952       14.46027010091680
C            4.15163392354522       -5.90750317066649       14.24824534404129
C            3.00347790275369       -5.13892905923444       14.20998410692453
C           -2.89990324928304       -5.42285450707927       15.32822660986496
C           -3.16961667097144       -5.94737178412088       16.58642155814414
C           -4.23545555332331       -6.81264620612191       16.76379118597993
C           -5.03311409248961       -7.16738060238677       15.68859117884069
C           -4.76190222759518       -6.65479818301811       14.43098418362755
C           -3.69973388239745       -5.78632707508871       14.25221086800440
C           -1.27326519717909       -0.29163671063428       12.70106950879533
C           -1.06592641757596       -1.52050189957318       11.87116775009636
C           -1.76105367830006        0.87739845566286       12.27172498995025
C           -2.22966074716416        1.92064919592802       13.25720999172993
C           -2.64325960240067        3.29181674681742       12.71737671713466
C           -3.50354748547604        1.33469907536824       13.90576073024207
H           -4.97658149565402        2.86014276383342        9.20266692357830
H           -4.86436046990763        1.98108296651906        7.65474387459632
H           -5.41296698486412        1.15315040778721        9.13040503477355
H           -1.41168283509434        0.43741858874245       10.17682543821888
H            2.17260481361345        0.88296915180540       11.02006658170802
H            0.85114531363531        0.41688388735185       12.08808130290688
H            0.69989671720146        0.26248553357301       10.32319239099783
H            0.67938456099526        3.80518596628699        9.48062467130727
H            1.49630202296498        2.38829847945451        7.97784142040120
H            3.32516458702669        2.85707340581540       10.64913161389170
H            3.12063138069169        3.94372755950961        9.26369301622408
H            3.33344680959970        5.24172760318021       11.38555696577703
H           -0.42340350276846        5.17126781527987       11.38970354841507
H            0.48074633041766        6.41318432868565       12.31431429551017
H            3.93842765910241        5.01018006438775       15.34083187386704
H            2.48727619133518        5.80170169675605       15.95222242859956
H            3.84790492780047        6.79252085055851       15.37014713001660
H            1.91114083388508        2.42441891127193       12.66918435337892
H           -0.03550383875028        3.92130814875069       14.04260519504786
H            2.27441838178790        3.90575110091089       18.18072252648231
H            4.22690578339348        3.12493388203216       19.49780532455963
H            5.62983968634799        1.29153652272435       18.62862110060546
H            5.08185017968894        0.22895482830547       16.47460917466433
H            3.13715598200407        1.01608425503805       15.16612546253750
H           -1.00018052712467        3.36758964236213       15.85145307692871
H            0.01905429341142        0.82154539473126       15.65163406188640
H           -1.72398014993999        0.65669184717884       15.67559708529831
H            0.27373082825783       -0.77801522120191       14.04337206314566
H           -2.61057599305872       -3.08692797380733       16.50363618363415
H           -0.07531370829338       -3.43900271631782       17.38177751580981
H           -1.83701899769542       -3.98683274726306       14.14637456042795
H           -0.40543287953541       -6.00081565413134       15.73260250786812
H            0.70859590544720       -7.58238653591106       14.70617527299306
H            2.75080575342722       -8.93499119741825       14.77785982950999
H            4.95700265525094       -7.87802344887131       14.48623082040306
H            5.11655242126437       -5.44388475156913       14.10683811376309
H            3.04789173114409       -4.07439804755663       14.03707329943709
H           -2.54955113845229       -5.66554579799696       17.42441149488288
H           -4.44556073345303       -7.21095537819041       17.74563642442591
H           -5.86523435905088       -7.84102280884775       15.82964971343352
H           -5.37843338859405       -6.92872342845045       13.58776437871195
H           -3.48635027371721       -5.38555552311752       13.27199823563373
H           -1.54004878333546       -2.35118132955534       12.39071633895603
H           -1.50863758703095       -1.43565660119612       10.88511399037264
H           -0.01307271546141       -1.77861828958096       11.77579416437258
H           -3.16245496056137        3.81643542539949       13.51470275768692
H           -3.31082816568774        3.19475194979217       11.86955153203332
H           -1.78940137992329        3.89604472698129       12.43629681608623
H           -4.29767506329191        1.35854989904117       13.16324288360694
H           -3.79589595644565        1.94122329818183       14.75867631495091
H           -3.36598355820452        0.30406515325553       14.21892275787875
B            3.45877842798418       -1.45487567961847        1.62815507520893
N            3.45734156043165        1.13015750448626        0.94096946862120
B            2.53799851339025        2.36192561589471       -1.25948206170128
N            2.29222693932801       -0.64128797238339       -2.73011308656158
B            0.68986637653984       -3.55966358179402        2.70353156323374
N           -2.94005907808600       -2.65595821088156        1.71195966732480
B           -1.03897931794995        4.08718099010704        1.83555651085330
N           -0.62130738132455        0.01805210639835       -3.94112317405657
B           -0.47459625120315        1.44580906664523       -4.08927807864408
N            1.20861315001282       -3.78718929049219       -1.73927347104596
B           -3.84444031550839        2.21046960775392       -0.49068866679212
N           -2.77309769192885        2.76466749530220       -1.20907409263530
B            1.40372422968675        0.81895366052563       -4.88819251545677
N           -0.23628989375029        3.36684848629503        2.83679338111705
B            0.89694779578028       -2.87895216678940       -2.81280561369909
N           -0.49199115783663        3.76688037262970       -1.00765488115161
B           -0.80662227446877        2.18497250747238        3.28785970413625
N            1.65796427050961       -1.27438109632016        3.50553537222810
B           -0.24882680058614        3.47069907444489       -2.37732091300730
N            1.31015552895762        0.06875501835292        3.81799399334379
B           -1.59844543336428       -0.55936412228506       -3.08253026544317
N           -3.83358295601444        1.77806985581620        0.83438517207203
B            0.33685387151662        4.49532575635953        1.18628328867636
N            0.04402927949599       -0.01339932015293        4.45709912515923
B           -2.70983063180344        2.22865044096804        1.60543361081920
N            3.77257235033214       -0.13270303523838       -0.76518195478074
B           -2.25382429516515       -3.63962774694364        1.01030890385522
N            1.05570552757625        3.73313780013484        2.23763690662351
B           -1.82584380812884       -0.77806280507474        3.22477492578575
N           -2.43754989085234       -3.60206532364268       -0.44912972917392
B            3.01784948254077       -1.07344346020969       -1.50234904163027
N           -3.15709253412199       -1.25209125796469       -0.38128839677535
B            2.03409603121629        2.92214482128958        1.56342864453800
N           -0.50867644914627       -2.90001338394160       -2.43177433276223
B           -1.67465141218460       -2.11233474144260       -2.48982318568790
N            0.59004837674429        3.96453238764304       -0.10806492020401
B            1.08944574815777        2.96079059435234       -3.18121496002361
N            0.07699274647932       -4.35920531568405        1.72272560764062
B           -1.78421448742074        3.45317193121621       -0.40445231924405
N           -2.01438544681920        3.42055809527781        1.03457698262301
B            1.46512022973101       -4.21093804773037        1.49994977830864
N           -0.79406245814495        1.06238724373378        4.18831645058180
B           -2.66634297776942       -2.40124984337877       -1.17265524398445
N           -1.07499175321971       -4.48548640853909        0.99244736196702
B           -2.50327170302922        0.49210772071257       -2.10581552307972
N            2.35191209566800       -3.88720363684147        0.45340852588984
B            3.91169212970343       -0.20267576088939        0.72642208224178
N            1.92731382669496        1.95739966420612       -2.46420613537292
B            0.99971065944934        2.25530960047962       -4.62127885152601
N           -4.18553775903187        0.82982135210690       -0.34384305471921
B           -1.33907789145505        2.45425583965518       -3.11193842892569
N           -2.35975156821714        1.93349039928826       -2.30274830670776
B            3.07243669407232       -2.64539393214706        0.60107080885689
N            2.33471807933238       -3.67411343258858       -0.97090566756481
B            2.21831193744327        0.54552486191278        2.80956706803851
N           -2.02086050044823        0.61110773799331        3.59807155282826
B           -1.10227100760770       -4.18318498979610       -0.43930458913442
N           -3.21703006931083        0.04234829418767       -0.95513389133626
B            3.44622113889548        1.25818091003142       -0.51298231553772
N            2.58329683998228        1.63294332199767        1.93803903960505
B            1.47047016793724       -1.55405586446637       -3.51466780830837
N           -2.10259762815183        1.75452347663910        2.76253243821032
B            2.03927839431387        0.71256856774255       -3.21074132979372
N           -2.72067234246399       -1.34300958600093        2.32384984165162
B            0.65682204507330       -0.53805435796833       -4.48610060117836
N           -0.16973133279443       -3.75998842075725       -1.35601460061335
B            0.48573989990109       -2.10496022970347        3.43649473437347
N           -0.58507770384023       -1.20425186997124        3.82620736521811
B           -3.22203476455445       -1.45083957030033        1.00369978599673
N            2.67182740417630       -0.85644805077814        2.62196585422824
B            1.87802876764055        3.33899824136779       -0.10434605505157
N            2.87685295155819       -2.33211751852249       -0.79384719820940
185
 energy: -336.735721296458 gnorm: 0.007079367135 xtb: 6.7.1pre (5071a88)
C           -4.73421677180920        1.91259269251163        8.72477573333369
C           -3.32374695704331        1.50447848191446        9.05108350081059
O           -2.48585280717638        1.16769239481983        8.26106085129888
O           -3.12903015689717        1.52399182916596       10.38083334206154
C           -1.81214791446008        1.22059665168305       10.81984059231971
C           -0.90147108890381        2.43286511969013       10.63497442498474
O           -1.33092389558008        3.43257914199787       10.12080576256999
C            0.57115975545025        2.30644673289808       11.05666108002932
C            1.08949459057761        0.86164080687919       11.13264885367137
C            1.29742115226436        2.97000511244521        9.83588762584189
O            1.37642662860058        1.98416363523775        8.83541173391746
C            2.65710916298908        3.56709291993765       10.18874208118847
C            2.40311853063155        4.74065847044689       11.11344279931414
O            1.46262254767072        5.68906487142199       10.60088641982964
C            0.56198387500258        5.50327904005506       11.69534669568881
C            1.47755964520770        4.43041870911144       12.30536089639951
O            2.06268718215365        4.72477845048683       13.58139952609568
C            2.67494301962876        5.89023126069134       13.85220423969670
C            3.26025976737688        5.84987868575858       15.23970079148288
O            2.75130971786976        6.82930204662137       13.11001890382961
C            0.98407798943812        2.96308953011710       12.41681443508227
C            0.19897947050185        2.87442666383753       13.79241413868973
O            1.26458549414021        2.45432710129403       14.67224353101925
C            1.43458031596080        3.04326895624645       15.84882283579465
O            0.69718273875788        3.89752083905049       16.30060875613454
C            2.61347741354426        2.53194355983711       16.58114739346677
C            2.91813286082587        3.11688046960075       17.80887023748466
C            4.00046034441711        2.66827272370318       18.53996610803667
C            4.77903318894421        1.63033299136550       18.05159269736697
C            4.47312022146124        1.03896877881769       16.83517927782853
C            3.39308015697888        1.48464617490947       16.09592007029174
C           -1.11150109323644        2.12692058956799       14.30842525226227
O           -1.67660934682560        2.99504375500942       15.27102196811764
C           -0.84487440591763        0.77730702251846       15.01193396054451
C           -0.76666157811304       -0.45971002195010       14.11316514198558
O           -1.47380521449990       -1.55623735812136       14.74181115603600
C           -0.82333069024269       -2.21543028935045       15.67427232617263
O            0.26874755332154       -1.94659228324258       16.11705646066047
C           -1.61067178685853       -3.40493401031217       16.21738017060865
O           -0.94788341498541       -3.89875008323818       17.34642251484575
C           -1.73439209212622       -4.48939830247877       15.10047560524479
N           -0.51835255283554       -5.26660220794274       15.03189990719147
C            0.55130184003112       -4.83203949920597       14.32137548712427
O            0.51259037249567       -3.81353659778672       13.65290829403928
C            1.75225146199569       -5.70883036773612       14.39393542332808
C            1.66271915513255       -7.08315220793395       14.59863382058017
C            2.81208446650393       -7.85298860816881       14.62868919532563
C            4.05389391331814       -7.26161761139102       14.46087662920783
C            4.14765067948627       -5.89548663044462       14.25044289468485
C            3.00147672757538       -5.12373399544120       14.21041666979561
C           -2.90252378629472       -5.41354579045250       15.31955791371337
C           -3.16264464424655       -5.93906368620608       16.57943766624289
C           -4.22347594986106       -6.80838324974533       16.76385153850875
C           -5.02476474948514       -7.16620577173346       15.69241348938110
C           -4.76294381869719       -6.65339922091869       14.43305966631885
C           -3.70563179100096       -5.77993135451876       14.24720476185889
C           -1.26604573466515       -0.29671980055346       12.70020671863703
C           -1.06165960406614       -1.52673747101416       11.87032869619364
C           -1.75884286726664        0.87076107288767       12.27258574460199
C           -2.22447920189451        1.91380117215676       13.26213890334185
C           -2.63841318805022        3.28426907584278       12.71988155751116
C           -3.49201590999507        1.32672792023330       13.92234066038634
H           -4.95568816278859        2.86859154639287        9.19159232723123
H           -4.85356742084058        1.98099204656899        7.64850196477123
H           -5.41747891363747        1.16685710749886        9.12639075396990
H           -1.41427169205331        0.42816817863588       10.17698079290785
H            2.17269151824129        0.88109100624061       11.02939664814962
H            0.84437228994461        0.41340399017368       12.08512992475333
H            0.70629644118614        0.25851711138185       10.31936288821442
H            0.68473133923336        3.81048844084181        9.48648880037862
H            1.45768998304303        2.39872059432364        7.97050633410120
H            3.31907008593146        2.84483102945954       10.66796838515591
H            3.13548415816864        3.92418366424942        9.27563451011257
H            3.33940541284998        5.23194442748978       11.39575777224878
H           -0.41762873578364        5.16000616286626       11.35685182200280
H            0.45849600736571        6.41025947883984       12.29483194758842
H            3.90724138276908        4.98169219366727       15.34532878994016
H            2.45514954941156        5.76404907871232       15.96630137884549
H            3.82171195319334        6.76331179455764       15.41334981202265
H            1.90953068206670        2.42578047738969       12.66466655835027
H           -0.03618865948900        3.91918526692230       14.04166605869617
H            2.28891369875477        3.91689786961095       18.16849032426163
H            4.23493885054007        3.12294299660296       19.49059924986296
H            5.62479103173848        1.27808297644679       18.62369394713654
H            5.07818300678351        0.22448173053026       16.46570018933334
H            3.14283816728781        1.02478736411506       15.15272623448006
H           -0.98658649945001        3.37148558590762       15.84608324791315
H            0.04910463270525        0.82047311226211       15.63577671374369
H           -1.69108196798407        0.64993597053933       15.69082686664255
H            0.28073807285453       -0.78963990005656       14.04220229452295
H           -2.61980862123242       -3.07122795202959       16.49134177014887
H           -0.09558246248183       -3.42788986258657       17.38711119747435
H           -1.83881400549416       -3.97445156077107       14.13943264970445
H           -0.40624011168452       -5.98007396137784       15.73458712187412
H            0.69967587353468       -7.56237709755737       14.70393877958941
H            2.73879120090476       -8.92031458357025       14.77935156403625
H            4.94710327969568       -7.86847652299924       14.48599975508925
H            5.11427124556123       -5.43432269501126       14.11169859774017
H            3.04834670820610       -4.05890819482884       14.03926719920864
H           -2.53805387358023       -5.65341405417784       17.41257407237263
H           -4.42568241678544       -7.20707533508510       17.74719384333809
H           -5.85303303679808       -7.84378246800219       15.83855139188652
H           -5.38300238130935       -6.93190960958511       13.59373569994889
H           -3.49898746606976       -5.37903807786019       13.26523264760793
H           -1.53884143896536       -2.35705254427111       12.38781033297865
H           -1.50361253803634       -1.44062868928045       10.88384994696887
H           -0.00964176249828       -1.78794318825475       11.77544484150828
H           -3.15749885701849        3.81295725677473       13.51543649998639
H           -3.30664535417934        3.18718114299987       11.87253797458538
H           -1.78285058055550        3.88634772664938       12.43762431458569
H           -4.29841418598614        1.35772998952200       13.19312246473879
H           -3.77048152184853        1.92593998050646       14.78499806062841
H           -3.35103128081654        0.29383684394753       14.22536725888827
B            3.45882912648996       -1.45505558979791        1.62832216454258
N            3.45738262020596        1.13014485821703        0.94147086312732
B            2.53739529977729        2.36188783967520       -1.25884105680581
N            2.29161729338153       -0.64103278258246       -2.72969037818018
B            0.69001988313547       -3.55963826213836        2.70401017830060
N           -2.94014674889229       -2.65613919100319        1.71320537198233
B           -1.03880375857700        4.08793702953934        1.83666565075445
N           -0.62204802258700        0.01840414371923       -3.94020555290562
B           -0.47529617513018        1.44614411158182       -4.08826239732925
N            1.20808859109939       -3.78704048794132       -1.73895834446029
B           -3.84454942964225        2.21080112336522       -0.48919485709458
N           -2.77332471360747        2.76507283088244       -1.20766719913122
B            1.40280420295924        0.81934779208086       -4.88757871747347
N           -0.23621736512094        3.36765432526289        2.83813006687665
B            0.89624326909517       -2.87866370853607       -2.81230421821480
N           -0.49228369473223        3.76735440638426       -1.00665358167300
B           -0.80630257880724        2.18557821375210        3.28889932024770
N            1.65871228639023       -1.27474699143102        3.50655405289837
B           -0.24930955420324        3.47117780875324       -2.37637341191818
N            1.31123797769855        0.06842803009203        3.81939405590086
B           -1.59896338158802       -0.55901122899366       -3.08135302052574
N           -3.83340591318754        1.77848200640069        0.83593990506515
B            0.33705406045407        4.49564254093597        1.18714655961556
N            0.04486041410473       -0.01331865370725        4.45812893387963
B           -2.70958088082737        2.22918038040459        1.60668947985998
N            3.77222901489947       -0.13265631145035       -0.76487256421076
B           -2.25400884157570       -3.63973434585649        1.01125848184849
N            1.05577283218896        3.73322369180657        2.23840427152794
B           -1.82514646710488       -0.77813242291445        3.22557805446824
N           -2.43783791715606       -3.60190367243152       -0.44814875022553
B            3.01744262886460       -1.07334034780054       -1.50210165120633
N           -3.15716721389310       -1.25187633397700       -0.37988018650333
B            2.03395611217673        2.92193162900719        1.56422082917448
N           -0.50931883833734       -2.89980558431787       -2.43106576662084
B           -1.67523633057010       -2.11204344295069       -2.48882310216489
N            0.58989877824694        3.96479990480416       -0.10720365405812
B            1.08881289986711        2.96116767053572       -3.18043684293329
N            0.07694149085341       -4.35909721760236        1.72327592564984
B           -1.78440661000151        3.45374249174356       -0.40323555473045
N           -2.01437849737686        3.42125531417889        1.03590826602726
B            1.46502493169660       -4.21079949006214        1.50021719155369
N           -0.79308601827720        1.06249972984157        4.18853986789553
B           -2.66670692343658       -2.40101660461694       -1.17151227289047
N           -1.07512836651118       -4.48551460222580        0.99315934139404
B           -2.50348243500509        0.49246512365287       -2.10434435305700
N            2.35167122630254       -3.88716915217685        0.45354029162581
B            3.91159260229635       -0.20273928299010        0.72666538278009
N            1.92660916389806        1.95762050657270       -2.46357430450190
B            0.99895684718177        2.25570425671963       -4.62049523737681
N           -4.18547058475701        0.83015053824124       -0.34210640107507
B           -1.33958791254042        2.45464380072593       -3.11076436942319
N           -2.36005081073282        1.93384822062492       -2.30133393323176
B            3.07235709696351       -2.64545753671826        0.60114243157084
N            2.33430718101858       -3.67405301612323       -0.97074367276846
B            2.21879758520123        0.54519629370323        2.81023418080637
N           -2.01990129283533        0.61103165348090        3.59849541342203
B           -1.10257585382085       -4.18307890735114       -0.43858279670785
N           -3.21698213286106        0.04268313348837       -0.95350477193286
B            3.44572100754902        1.25811294157373       -0.51251166757804
N            2.58330266471991        1.63270144906212        1.93867971994518
B            1.46972964761588       -1.55375046427139       -3.51417868509475
N           -2.10260987872213        1.75518845838317        2.76407396100413
B            2.03857260480412        0.71283471349493       -3.21023605195601
N           -2.72029055040545       -1.34334440468442        2.32516249083579
B            0.65596468847607       -0.53769694699773       -4.48548075787661
N           -0.17019882433266       -3.75994474411766       -1.35548130174190
B            0.48625142272874       -2.10505399105581        3.43736346467827
N           -0.58439136043635       -1.20430175466709        3.82746077869595
B           -3.22188462543154       -1.45088504002312        1.00505378390337
N            2.67216776311403       -0.85673474389890        2.62244062000139
B            1.87772882887549        3.33895897185480       -0.10358389781832
N            2.87656290685756       -2.33208655332324       -0.79374012067013
185
 energy: -336.736098373368 gnorm: 0.006125000476 xtb: 6.7.1pre (5071a88)
C           -4.72810632934786        1.91482552828668        8.71695339425872
C           -3.32403027976315        1.48945962426359        9.04933514045027
O           -2.48826216175227        1.14081098901028        8.26280512090804
O           -3.13114266650175        1.51177051378890       10.38024603912301
C           -1.81404455768826        1.21126716515468       10.82181379958312
C           -0.90500453424853        2.42536947587799       10.63223085984272
O           -1.33378330671688        3.41932964046932       10.10544072269057
C            0.56991872502628        2.30276768069915       11.05148220193882
C            1.09293027848858        0.85948802372424       11.12565113281987
C            1.29858189563903        2.97068224396057        9.83375707400822
O            1.37830749135409        1.99179341542843        8.82596221735476
C            2.66044235693545        3.55944482825287       10.19379585946879
C            2.41008929418265        4.73683589599666       11.11537499421950
O            1.47851910597843        5.69086385573819       10.59604948735841
C            0.56466054592344        5.50218262373958       11.67889059980630
C            1.47453747850383        4.43178602749564       12.30008030909183
O            2.05179197928939        4.72631710359722       13.57948295678875
C            2.65515695587169        5.89330847412942       13.86644346104693
C            3.23206429041820        5.83327751576776       15.25743406584927
O            2.72818962189783        6.84084952601074       13.13605279497745
C            0.98051519765917        2.96289105621512       12.41229706036407
C            0.19899005559910        2.87352057105751       13.79039046316810
O            1.26923867643324        2.45866727170512       14.66982843540123
C            1.44375566057352        3.05377881404351       15.84363283389948
O            0.70944917562960        3.91173491588396       16.29161597261564
C            2.62309656943848        2.54105528575076       16.57485750433131
C            2.93161947097892        3.12301154671314       17.80327559865424
C            4.01082002664482        2.66692477738320       18.53427285095678
C            4.78225242328698        1.62408528149149       18.04542782224180
C            4.47465597832003        1.03798051364768       16.82712153158220
C            3.39825726338472        1.49160676058704       16.08770270549045
C           -1.10305786179779        2.11903796458423       14.30829614496223
O           -1.66757344539721        2.98190812770096       15.28056739932470
C           -0.82683830880271        0.77041796427604       15.00750428645430
C           -0.76032836025547       -0.46779454047246       14.10983397873000
O           -1.47267866672145       -1.55675478200595       14.74119156891099
C           -0.82623287047294       -2.21376798041630       15.67806666111989
O            0.26554734458585       -1.94741671285238       16.12053324562624
C           -1.62146796601378       -3.39743653761556       16.21678265678398
O           -0.96883792877934       -3.89554471870311       17.35155142214754
C           -1.74083044037539       -4.47856907039389       15.09716114327488
N           -0.52169577655776       -5.25112609692156       15.02688589732666
C            0.54716505737721       -4.81673753229807       14.31406916995136
O            0.50676082911599       -3.80119321390599       13.64183853752821
C            1.74945262854662       -5.69137562765078       14.39059017360811
C            1.65731648488024       -7.06551814343887       14.59489927329770
C            2.80483626341866       -7.83758812316331       14.62784039993211
C            4.04768830570078       -7.24820298592090       14.46244289191517
C            4.14442128809789       -5.88238987776736       14.25270146485412
C            2.99995292640812       -5.10806944918912       14.21059118317149
C           -2.90599362185731       -5.40745368679163       15.31552780239274
C           -3.15879191118515       -5.93550068315252       16.57566380989739
C           -4.21497116170494       -6.80890182504576       16.76451665643550
C           -5.01925470465909       -7.16836699823370       15.69606344407637
C           -4.76524011208303       -6.65259328600923       14.43666863791094
C           -3.71243231418585       -5.77451194742179       14.24644503310139
C           -1.26270597472939       -0.30345224661701       12.69867503947183
C           -1.05775291797633       -1.53288564023004       11.86764634327812
C           -1.75978689355554        0.86314212131631       12.27479487014972
C           -2.22218853837962        1.90636877863311       13.26755749530153
C           -2.63745091448171        3.27583054372251       12.72420036463957
C           -3.48428857034912        1.32031053921237       13.93829644764123
H           -4.93544775360909        2.87739403386203        9.17725848937455
H           -4.84301631353794        1.97941936073663        7.63983308188500
H           -5.42549282628747        1.18303027053941        9.12049560677305
H           -1.41494852642014        0.41638290369953       10.18188525073810
H            2.17586332645370        0.88184792956449       11.02376411183970
H            0.84753696221592        0.40826370944971       12.07644222178507
H            0.71309873848230        0.25704888653932       10.31037901125097
H            0.68877012034864        3.81443512402643        9.48825468606507
H            1.42419222295734        2.41414171907673        7.96120172199863
H            3.31255178929438        2.83289162915326       10.67977819734390
H            3.14989209132974        3.90826513218947        9.28296876790837
H            3.34766837713161        5.22319859954520       11.40276016995096
H           -0.40781725948540        5.15263699840420       11.32681981285679
H            0.44756937733618        6.41023263833656       12.27366803533710
H            3.87770889956686        4.96303854515721       15.35267217079569
H            2.42192725264623        5.73483584468993       15.97684782382717
H            3.79280388628672        6.74281003743739       15.45340786255180
H            1.90695100061287        2.42766762240409       12.65949844476278
H           -0.03889225903392        3.91763107768679       14.03877572484952
H            2.30792658141968        3.92679765241255       18.16379440621081
H            4.24802286580350        3.11922268189820       19.48526203004973
H            5.62396712110786        1.26375523915518       18.61847615192298
H            5.07540348999810        0.22102711739541       16.45644724265231
H            3.14848329432234        1.03493462033216       15.14303187415349
H           -0.97271939977587        3.36728622577712       15.84268001755593
H            0.07615140987997        0.81529128488325       15.61809848654263
H           -1.66212977335320        0.64171633505496       15.70066672186851
H            0.28449500622295       -0.80506715441057       14.03684229518388
H           -2.63070087210210       -3.05868548624729       16.48418788522218
H           -0.11602121240314       -3.42819035149074       17.39932231718336
H           -1.84692313718695       -3.96078555851863       14.13798048152694
H           -0.40514244206330       -5.95842966868118       15.73518406283890
H            0.69293316901681       -7.54223589191342       14.69737343963089
H            2.72926117751814       -8.90447873039511       14.77950591732839
H            4.93975271331692       -7.85660477574132       14.48934354073314
H            5.11245411019783       -5.42341315346367       14.11673759359907
H            3.05044662115199       -4.04344910667323       14.03954464689246
H           -2.53207886811522       -5.64762193636844       17.40592960198963
H           -4.41046098781783       -7.20919803548176       17.74834331083327
H           -5.84394346198582       -7.84962150638443       15.84514091014605
H           -5.38840052615359       -6.93325309451302       13.60044783851710
H           -3.51342586827646       -5.37177887334349       13.26360577906427
H           -1.53733395496573       -2.36369062126835       12.38253669910816
H           -1.49636377273552       -1.44666136726718       10.87973311727312
H           -0.00594431387481       -1.79566840698911       11.77658859726408
H           -3.15381368489632        3.80635772274493       13.52076145912856
H           -3.30933451468069        3.17771808500175       11.87955992389908
H           -1.78264072649561        3.87707223372424       12.43719001902040
H           -4.30061492087161        1.35769042118436       13.22061552037358
H           -3.74934239685644        1.91606257539669       14.80706427676561
H           -3.34277734340407        0.28611629320445       14.23473532099876
B            3.45887226183436       -1.45518639658415        1.62861589981273
N            3.45731127531299        1.13013859194540        0.94203024852884
B            2.53678891895467        2.36192603828235       -1.25812547812805
N            2.29087610434068       -0.64075958396619       -2.72916196719775
B            0.69027534853795       -3.55958143186029        2.70465114853423
N           -2.94020431334162       -2.65615121727881        1.71473083405075
B           -1.03849855058946        4.08855638265240        1.83805911965809
N           -0.62297641729520        0.01883984974862       -3.93907077565693
B           -0.47618359745065        1.44656439527537       -4.08705446779962
N            1.20744451324434       -3.78680010236956       -1.73846822776472
B           -3.84465377789272        2.21117137679132       -0.48729363109287
N           -2.77357677694611        2.76550261898266       -1.20593297212764
B            1.40169158383115        0.81980549713188       -4.88680881550789
N           -0.23592906077777        3.36837717248593        2.83977644028416
B            0.89539218962972       -2.87832619013785       -2.81164774838988
N           -0.49258139479623        3.76786880710817       -1.00544176082597
B           -0.80578756726173        2.18602857767663        3.29016928463525
N            1.65950680237069       -1.27503611762484        3.50768255927302
B           -0.24988191859922        3.47168653377633       -2.37523113745986
N            1.31231029797456        0.06814040259805        3.82095604195786
B           -1.59967711343954       -0.55859071441524       -3.07998401401989
N           -3.83307177542837        1.77883648723505        0.83787511290042
B            0.33730770824550        4.49598020357134        1.18823027043889
N            0.04577751037916       -0.01329443521772        4.45933034673395
B           -2.70910261430037        2.22958525274406        1.60826345755524
N            3.77177167105183       -0.13257918313631       -0.76449761474240
B           -2.25416277543417       -3.63966733936625        1.01248010256755
N            1.05597267190983        3.73333933515618        2.23934004091395
B           -1.82439825183904       -0.77808439422812        3.22667479442502
N           -2.43820278713861       -3.60165228586105       -0.44688096172523
B            3.01691246758364       -1.07321369672187       -1.50174575584212
N           -3.15733902596833       -1.25158596662365       -0.37819962978568
B            2.03387737906348        2.92176203179205        1.56509837063669
N           -0.51009840567790       -2.89951203911557       -2.43014547905491
B           -1.67596809632873       -2.11166672732435       -2.48757559721640
N            0.58977590821217        3.96513911377870       -0.10617748452792
B            1.08806092366522        2.96157365221517       -3.17951073585787
N            0.07693774658968       -4.35892805830589        1.72399417912551
B           -1.78453466913701        3.45426785007149       -0.40176952577907
N           -2.01416033823934        3.42178118544145        1.03752308278320
B            1.46497896156392       -4.21069808621838        1.50063912428816
N           -0.79200338059203        1.06260362196219        4.18930703276589
B           -2.66718463076679       -2.40072219147610       -1.17010061280894
N           -1.07526387179285       -4.48539886776508        0.99410651709867
B           -2.50384466297260        0.49287657569078       -2.10264432111139
N            2.35144488873566       -3.88713008465823        0.45379503033740
B            3.91141284658570       -0.20277526952984        0.72697775115436
N            1.92582186362911        1.95787562165456       -2.46282655411266
B            0.99801627367604        2.25617062719215       -4.61956919779000
N           -4.18544313764557        0.83052784438126       -0.34004717984952
B           -1.34025788235977        2.45511234632082       -3.10938059673334
N           -2.36048299945984        1.93425938746755       -2.29967631723454
B            3.07225866466207       -2.64549064562994        0.60134809293761
N            2.33381361044249       -3.67393822351123       -0.97045271169705
B            2.21923862947599        0.54492927622789        2.81104682638480
N           -2.01896567340409        0.61106218293882        3.59951196972229
B           -1.10295963108152       -4.18289910107840       -0.43763591735608
N           -3.21709665156325        0.04305108001147       -0.95166091407228
B            3.44518098762568        1.25809195836268       -0.51198098005105
N            2.58328775717119        1.63250558289251        1.93943344067554
B            1.46881498749036       -1.55340879847569       -3.51356441179184
N           -2.10238395557949        1.75576743439481        2.76593914247229
B            2.03772952231658        0.71312081029343       -3.20960324142372
N           -2.71993414441493       -1.34350053324884        2.32677709209642
B            0.65491815104774       -0.53725580454056       -4.48466066577239
N           -0.17076455180630       -3.75978659271171       -1.35472522739381
B            0.48685218651481       -2.10507013455422        3.43833038774626
N           -0.58363699258687       -1.20427365644974        3.82877799927104
B           -3.22185235629498       -1.45082067076378        1.00670944010540
N            2.67246881166938       -0.85693390876611        2.62298311336023
B            1.87744977742518        3.33897196431707       -0.10272741719429
N            2.87619750994428       -2.33201633164818       -0.79349937917041
185
 energy: -336.736332583574 gnorm: 0.005525495224 xtb: 6.7.1pre (5071a88)
C           -4.72310381395923        1.91737057646450        8.70953527406890
C           -3.32413498866632        1.47931459588307        9.04781515992745
O           -2.49079523065792        1.11701435100134        8.26459708745505
O           -3.13157632870597        1.50715833245070       10.37933780816368
C           -1.81465231943717        1.20616816016134       10.82329203909388
C           -0.90553865634476        2.42020449441450       10.62777118206620
O           -1.33568515259827        3.41199426301671       10.10134090431305
C            0.57107286264009        2.30103133841534       11.04596991472827
C            1.09651038058312        0.85908922811574       11.11576437876903
C            1.30051139855301        2.97299083967441        9.83041777394118
O            1.38458546580374        1.99886741150531        8.81641873504459
C            2.66408440142742        3.55526201524464       10.19529170186317
C            2.41712929638751        4.73358885102407       11.11587396130840
O            1.49250801676996        5.69157946083313       10.59244493698245
C            0.56977300390834        5.50138160501496       11.66660647190464
C            1.47441527537625        4.43143630153580       12.29573641878841
O            2.04690925602132        4.72676842153906       13.57646940213248
C            2.63967419882367        5.89730776678173       13.87484052080730
C            3.20804012192299        5.82804440060343       15.26903623818920
O            2.70837279921324        6.84982996620808       13.15180627959339
C            0.98243668980021        2.96096040363516       12.40898731511643
C            0.20030852351724        2.87258804587849       13.78783531403411
O            1.27341560908017        2.46283839498246       14.66788495515924
C            1.45079105311484        3.06004506188162       15.84071253107863
O            0.71729466398926        3.91854507236504       16.28800194231657
C            2.63121745925420        2.54724541295589       16.57123996090606
C            2.94395814282176        3.12644257793167       17.80015134082233
C            4.02160420592379        2.66463177463990       18.52974102652801
C            4.78788683282557        1.61842241828159       18.04013806315054
C            4.47771058492021        1.03677253689892       16.82057801139179
C            3.40328025808993        1.49657096000109       16.08240910119678
C           -1.09597662508963        2.11136904534642       14.30811218283843
O           -1.65932428169790        2.96940584165639       15.28706998965211
C           -0.81194026827069        0.76246725631278       15.00207994444179
C           -0.75626496441809       -0.47759110532217       14.10586649252012
O           -1.47208674835185       -1.56011944267543       14.74046244791692
C           -0.83152596442739       -2.21323284078919       15.68549375297708
O            0.25889280090940       -1.94697691606946       16.13052877249125
C           -1.63258285086224       -3.39360608746768       16.21978350775780
O           -0.98866774833708       -3.89586607165023       17.35829254572626
C           -1.74838038181508       -4.47144774433456       15.09755002809287
N           -0.52502903327819       -5.23774773936585       15.02322201000740
C            0.54263337061273       -4.80188679390604       14.30899647157294
O            0.49988555970972       -3.78902102872584       13.63333428234059
C            1.74631540457029       -5.67567456661408       14.38680571108463
C            1.65345144282688       -7.04990011243913       14.58985628405474
C            2.79992461706169       -7.82293362451736       14.62652364924729
C            4.04364655932622       -7.23446073185685       14.46524269857097
C            4.14134237673248       -5.86893692158357       14.25513051618161
C            2.99767744623305       -5.09358537339454       14.20959898358661
C           -2.90957761635843       -5.40591012614455       15.31623898845998
C           -3.15775779577012       -5.93763213718109       16.57556084998208
C           -4.21054642536987       -6.81451229170482       16.76562929229865
C           -5.01709386878097       -7.17374911147686       15.69891124018263
C           -4.76855437020076       -6.65296595316748       14.44067549430191
C           -3.71895480762553       -5.77144930198081       14.24926971427723
C           -1.26029377121968       -0.30996355357246       12.69575484217770
C           -1.05451079401332       -1.53824853410979       11.86335427193123
C           -1.75966635181511        0.85696383060361       12.27622112883848
C           -2.22004059328061        1.89893169031485       13.27146436649436
C           -2.63797674262078        3.26703906418061       12.72786888194112
C           -3.47801433465328        1.31466236082731       13.95084703350271
H           -4.91847951646357        2.88658191589774        9.16120977069607
H           -4.83373375217587        1.97460502148371        7.63138210871221
H           -5.43222403011082        1.19916094837298        9.11708988562785
H           -1.41575709106707        0.40916246058344       10.18566703856511
H            2.17866160284757        0.88435924027637       11.01037959161902
H            0.85314052984696        0.40261764746945       12.06487039363825
H            0.71657654776255        0.25962302018976       10.29802665976413
H            0.69160736029381        3.81801229867781        9.48766978610361
H            1.39985848911197        2.42843261496851        7.95405279546364
H            3.30828609197832        2.82405837461017       10.68400610060624
H            3.15966284067495        3.89928597212488        9.28610432825277
H            3.35558440835266        5.21622293633645       11.40805374103294
H           -0.39805792574580        5.14870295567218       11.30597183186121
H            0.44610153822750        6.41028890335302       12.25814375659878
H            3.85403130331434        4.95836831429718       15.36115907516501
H            2.39252355353001        5.72176128956378       15.98085541095235
H            3.76505321577659        6.73609831747763       15.47850789023115
H            1.90854527836046        2.42628126667220       12.65632535704538
H           -0.04192275271747        3.91591334338334       14.03409271128626
H            2.32568789899475        3.93295773664608       18.16389163561522
H            4.26180671129179        3.11478839123465       19.48096219909910
H            5.62705429656826        1.25219102572835       18.61288163810400
H            5.07457741350793        0.21817734113574       16.44773589705709
H            3.15283536223980        1.04312149396180       15.13661691244346
H           -0.96264315365227        3.35949799973478       15.84183989070115
H            0.09769216719491        0.80710129336408       15.60194310889508
H           -1.63979268221045        0.63384946321473       15.70388179226821
H            0.28649912606298       -0.82168212553669       14.02921386695697
H           -2.64213229341667       -3.05211965519750       16.48250796090573
H           -0.13346916229212       -3.43388549869137       17.41400833902091
H           -1.85950377764580       -3.95009479952379       14.14099729677555
H           -0.40269109624358       -5.94012385326866       15.73561074706896
H            0.68808361862582       -7.52512389813442       14.68870047758796
H            2.72287216264499       -8.88961712183896       14.77774970920898
H            4.93524262996717       -7.84325769659443       14.49496570196924
H            5.11013621658827       -5.41106113624876       14.12153244825432
H            3.05138790028194       -4.02913238365236       14.03895991806123
H           -2.53067143599575       -5.64955192384567       17.40507060428968
H           -4.40154128796344       -7.21735611847434       17.74907690194260
H           -5.83908561062301       -7.85787112081943       15.84858795344873
H           -5.39421711025340       -6.93259363908308       13.60617746862368
H           -3.52645946953497       -5.36516509261372       13.26676711430894
H           -1.53631594798920       -2.36923241928470       12.37633736922161
H           -1.48906852594443       -1.45247540296227       10.87377347045955
H           -0.00259228577473       -1.80211876442051       11.77707211486732
H           -3.14921067494053        3.79852966373801       13.52707040490929
H           -3.31590208135816        3.16623316865614       11.88802618840860
H           -1.78577080907742        3.86815892192681       12.43268178898170
H           -4.30039090072981        1.35653933867957       13.24092353810130
H           -3.73316017794281        1.90973178462871       14.82253121982064
H           -3.33760168783088        0.27963573031169       14.24410282379240
B            3.45891121025377       -1.45524121994519        1.62899396430761
N            3.45716705845518        1.13013943241530        0.94256870132535
B            2.53627265121153        2.36205242447468       -1.25738667962230
N            2.29007634767713       -0.64050065209986       -2.72857703611006
B            0.69059130783173       -3.55948400918357        2.70541060915422
N           -2.94019893839705       -2.65595951260817        1.71638651182412
B           -1.03810614209892        4.08894813646419        1.83965663083821
N           -0.62396386961937        0.01932706806697       -3.93779268183236
B           -0.47718867681103        1.44704496168934       -4.08577778353238
N            1.20674656566350       -3.78650869043815       -1.73783200868777
B           -3.84475584329686        2.21156001325508       -0.48515771539289
N           -2.77383454972816        2.76591772315712       -1.20402158806574
B            1.40050051117115        0.82021840948583       -4.88597218808924
N           -0.23545599074317        3.36889516985182        2.84154644281855
B            0.89448982609651       -2.87798352654078       -2.81088751504390
N           -0.49283559392265        3.76832423990144       -1.00409938129079
B           -0.80513537850699        2.18627460512523        3.29159419265984
N            1.66025156045930       -1.27519123356778        3.50876693802671
B           -0.25046731556736        3.47213601767999       -2.37396315897406
N            1.31322542629423        0.06795406416493        3.82239505323144
B           -1.60046982682808       -0.55812846423890       -3.07849903554388
N           -3.83270991358423        1.77911956071432        0.83999943290851
B            0.33756603870848        4.49626413787969        1.18945932444690
N            0.04666091494485       -0.01333223281514        4.46053845887665
B           -2.70854774308170        2.22985024305765        1.61005482632755
N            3.77127935294998       -0.13247980733426       -0.76411378673715
B           -2.25426496442061       -3.63941244313185        1.01388189393622
N            1.05628659291940        3.73345735974487        2.24036990585436
B           -1.82374362724173       -0.77793394948077        3.22804227679886
N           -2.43860604654143       -3.60131507291833       -0.44542870581957
B            3.01631825489635       -1.07307315344740       -1.50131480798766
N           -3.15757197649307       -1.25122177782181       -0.37640761944171
B            2.03391849396052        2.92169804890573        1.56598803385477
N           -0.51092872733793       -2.89917142192361       -2.42910010625943
B           -1.67676326478372       -2.11125203865005       -2.48621503661226
N            0.58971061432348        3.96550513741635       -0.10505686612151
B            1.08727065317238        2.96192579980615       -3.17852071606636
N            0.07698091089319       -4.35872674381109        1.72484159643269
B           -1.78458529892071        3.45466741532858       -0.40014049128344
N           -2.01378951579431        3.42207781559386        1.03928347494215
B            1.46498174336882       -4.21062867288583        1.50120533052749
N           -0.79094590840773        1.06267356449828        4.19049048521918
B           -2.66768772406415       -2.40035155209630       -1.16853193361661
N           -1.07538871074444       -4.48515295329083        0.99521655380105
B           -2.50437499428484        0.49330920229124       -2.10090008606278
N            2.35124540034320       -3.88708217176997        0.45417357186032
B            3.91120182937649       -0.20277368217603        0.72731820051287
N            1.92506691801399        1.95813357863962       -2.46201240162553
B            0.99696848359428        2.25659075407446       -4.61858811993609
N           -4.18549575033973        0.83092837312745       -0.33787014892487
B           -1.34102608814992        2.45560310101058       -3.10788504479401
N           -2.36102290586884        1.93469607888619       -2.29791578542714
B            3.07214114046702       -2.64548069631875        0.60167683947771
N            2.33329503576541       -3.67379158844036       -0.97004642154839
B            2.21960196337034        0.54479075944474        2.81189497550482
N           -2.01813710877965        0.61119723516846        3.60100515208169
B           -1.10338388698820       -4.18263799023953       -0.43652464699959
N           -3.21738149014279        0.04343465939457       -0.94978668806276
B            3.44471711557887        1.25813387192087       -0.51145173302705
N            2.58331344087132        1.63240601417172        1.94019653692039
B            1.46782544867040       -1.55307342440969       -3.51288002624633
N           -2.10194171111502        1.75616286824774        2.76788443958745
B            2.03684099351547        0.71339644164556       -3.20887515689992
N           -2.71965719126450       -1.34340805530720        2.32852973718455
B            0.65377814208346       -0.53682193667112       -4.48372983640125
N           -0.17137585249825       -3.75952280961041       -1.35380110307819
B            0.48745078447482       -2.10501695807407        3.43931614465878
N           -0.58290249895490       -1.20417524000211        3.82997622658739
B           -3.22188701048207       -1.45059011403054        1.00850854230408
N            2.67271485569772       -0.85701589617572        2.62353596746674
B            1.87725097765183        3.33906935888736       -0.10182830390606
N            2.87579119658740       -2.33191651682411       -0.79313748781106
185
 energy: -336.736507053186 gnorm: 0.004390005287 xtb: 6.7.1pre (5071a88)
C           -4.71725797276425        1.91988729952785        8.70294474757988
C           -3.32300720084007        1.47100526837044        9.04667507336729
O           -2.49167292674045        1.09822222510687        8.26673677145526
O           -3.12943823140999        1.50748533763877       10.37795533884435
C           -1.81310755223093        1.20456622590486       10.82415070747540
C           -0.90393533467864        2.41867638920062       10.62637340253665
O           -1.33388561348076        3.40873717664225       10.09482857912927
C            0.57380582727925        2.29988002964743       11.04144435813659
C            1.09939264149107        0.85841918145633       11.10505311746843
C            1.30272263349852        2.97554211165608        9.82754949238692
O            1.39042004875800        2.00462273441647        8.80846887710169
C            2.66776391196622        3.55366977343746       10.19414591750833
C            2.42441281828957        4.73114362094804       11.11557503881677
O            1.50435429014824        5.69195401829352       10.59121749365668
C            0.57557391684350        5.49915116506093       11.65889369690967
C            1.47760064159173        4.42948243629537       12.29258613228236
O            2.04633126650647        4.72677037562707       13.57376456852987
C            2.62746152893729        5.90219176279484       13.87826148146316
C            3.18762013614003        5.83316031401084       15.27534969652942
O            2.69103917521484        6.85669804249318       13.15810022450365
C            0.98522590133456        2.95951038681425       12.40579778239812
C            0.20326711695164        2.87086624956218       13.78512829741646
O            1.27800203407509        2.46642718534590       14.66600806251201
C            1.45607038211878        3.06232442412928       15.83915988902103
O            0.72191430481940        3.91938566068506       16.28826653435186
C            2.63805781272197        2.55029522874917       16.56854908438781
C            2.95450456005732        3.12746116908215       17.79752268751131
C            4.03179696608734        2.66173955268496       18.52508405665717
C            4.79484426476793        1.61359379264392       18.03453280042255
C            4.48189653299221        1.03497586459767       16.81437968033562
C            3.40808029497503        1.49896400682584       16.07819221921124
C           -1.08907985767371        2.10361551216629       14.30755493116856
O           -1.65096921701291        2.95794842084412       15.28976691563553
C           -0.79880030801144        0.75392877064135       14.99694633025353
C           -0.75344084208326       -0.48764633855119       14.10147372624512
O           -1.47275971727401       -1.56494380733755       14.73869608190748
C           -0.83870577991347       -2.21376249601105       15.69261136491072
O            0.24877220071493       -1.94551521864777       16.14325882613704
C           -1.64402398242071       -3.39187209405773       16.22488583197572
O           -1.00654406279219       -3.89630834773344       17.36559655951621
C           -1.75667047558427       -4.46754717522147       15.10084962385498
N           -0.52905708829164       -5.22704654918456       15.02137358957481
C            0.53639971519120       -4.78869575679528       14.30530089955307
O            0.49144827952927       -3.77701053797941       13.62866627079155
C            1.74195175320741       -5.66113696586341       14.38389433398386
C            1.64984494596493       -7.03572214849726       14.58457186222039
C            2.79622227497382       -7.80838710983558       14.62440667001261
C            4.04037961366403       -7.21945713259649       14.46813186881827
C            4.13737729842620       -5.85393168097546       14.25803454491174
C            2.99356435288812       -5.07891358889074       14.20961493483053
C           -2.91338823589652       -5.40767405469564       15.32026092490691
C           -3.15816336842254       -5.94448237909462       16.57798702904522
C           -4.20858053618941       -6.82440200626336       16.76695457739509
C           -5.01713423539575       -7.18158390789078       15.70109950300447
C           -4.77273940652547       -6.65443442626922       14.44469863644338
C           -3.72542311996804       -5.77016715931290       14.25439601066466
C           -1.25832365317410       -0.31598840650870       12.69182794350049
C           -1.05183582354238       -1.54248361551648       11.85747466318439
C           -1.75837939003640        0.85213374937795       12.27659902450456
C           -2.21687400374593        1.89157510977671       13.27423043964877
C           -2.63875036157531        3.25856580055744       12.73212204537525
C           -3.47158700894820        1.30810212187547       13.95986325732955
H           -4.90269485564978        2.89539398938845        9.14503962712721
H           -4.82479768015778        1.96789532761375        7.62397905893359
H           -5.43526367558745        1.21414946479631        9.11583995431976
H           -1.41492853868922        0.40606803741883       10.18811614850376
H            2.18084432096653        0.88485153899911       10.99475613144812
H            0.85865727194974        0.39698735128006       12.05274601739689
H            0.71696742129921        0.26281061218450       10.28533550389465
H            0.69343778267386        3.82089758452536        9.48739143177852
H            1.37990929099233        2.43823167786210        7.94890116353308
H            3.30717293121956        2.81843920516431       10.68208761830662
H            3.16481547040636        3.89618289403173        9.28569710257264
H            3.36343908596470        5.21051255051294       11.41215639673096
H           -0.38957277644293        5.14531828519206       11.29277480524158
H            0.44882655841353        6.40758562134347       12.25036123358706
H            3.83522675135011        4.96551250325761       15.37055340739615
H            2.36685190202587        5.72304735064239       15.98015776621073
H            3.73907516273155        6.74227567404269       15.49041672267269
H            1.91009150402516        2.42368767164011       12.65325296071620
H           -0.04500771789069        3.91319336503579       14.02869710748315
H            2.34057342383314        3.93561521409760       18.16511581068810
H            4.27478544732958        3.11032381213833       19.47636162386160
H            5.63286646349291        1.24383840683476       18.60627952686626
H            5.07565723072984        0.21534624267576       16.43915064613278
H            3.15577937067044        1.04812843359531       15.13180210367818
H           -0.95480196584439        3.35125804625271       15.84162449917720
H            0.11659716257987        0.79727735527418       15.58729960000416
H           -1.62099753199790        0.62627050470219       15.70477263014316
H            0.28728441638723       -0.83841305749907       14.02091924335302
H           -2.65414115098704       -3.04932118791237       16.48393778690610
H           -0.14869642610575       -3.43971149198672       17.42731115153392
H           -1.87429347562797       -3.94333303023500       14.14665322023342
H           -0.40025487447323       -5.92598252679858       15.73614068453853
H            0.68402007458015       -7.51081621348757       14.67913620073164
H            2.71876075834894       -8.87507378454012       14.77456174215938
H            4.93225465974165       -7.82745372177994       14.50204657178596
H            5.10631192636356       -5.39580158577279       14.12687647897111
H            3.04901670083693       -4.01464634088244       14.03868558683440
H           -2.53123428919757       -5.65791230403927       17.40799144544030
H           -4.39650727112337       -7.23087671818823       17.74940351003221
H           -5.83713043479059       -7.86804487393171       15.84983386750893
H           -5.40040936145251       -6.93088841303846       13.61078952633051
H           -3.53774193918902       -5.35918961882466       13.27314342880694
H           -1.53585634731406       -2.37344841381233       12.36854065571132
H           -1.48236084852941       -1.45600730254176       10.86630443932625
H            0.00016884269356       -1.80757575207148       11.77551587575731
H           -3.14313509990492        3.79084197246658       13.53487566414722
H           -3.32388112229691        3.15464181084509       11.89832716772569
H           -1.78995266080351        3.85953057444279       12.42720711755795
H           -4.29785336722821        1.35273477078273       13.25518930609348
H           -3.71959657576936        1.90318019061508       14.83336781393913
H           -3.33155037012736        0.27242900062403       14.25158547826797
B            3.45897680629252       -1.45524359959009        1.62945662717877
N            3.45698838534038        1.13014061479417        0.94310873345974
B            2.53579430282579        2.36224237173353       -1.25658620691768
N            2.28918015118822       -0.64024087800292       -2.72788419821720
B            0.69095990658151       -3.55935209564234        2.70634029103566
N           -2.94011335697465       -2.65558502127187        1.71826504030577
B           -1.03762303408075        4.08919164599238        1.84150276312113
N           -0.62511786353612        0.01983988367607       -3.93636730024087
B           -0.47832658118037        1.44755884772209       -4.08433208159914
N            1.20596186613711       -3.78617245114538       -1.73701475423584
B           -3.84486849945254        2.21200816691431       -0.48273553887278
N           -2.77411420479267        2.76635732943273       -1.20186937423659
B            1.39916762056942        0.82068091210002       -4.88499314238558
N           -0.23482433490549        3.36925654418831        2.84347062897165
B            0.89348829949704       -2.87763084831153       -2.80997285537471
N           -0.49306683177906        3.76875625457545       -1.00255079628746
B           -0.80434099116756        2.18638165193908        3.29320829448899
N            1.66099512289144       -1.27524226365971        3.50986478085180
B           -0.25106783639754        3.47256682224957       -2.37249236000223
N            1.31406973263217        0.06785921221747        3.82374437361994
B           -1.60143611805719       -0.55763824113899       -3.07687834959853
N           -3.83238459167271        1.77941212773365        0.84238051082396
B            0.33785132057802        4.49651376634106        1.19088575651536
N            0.04757129213620       -0.01339840267547        4.46182785501001
B           -2.70798574506958        2.23006051369711        1.61212704890384
N            3.77076389950324       -0.13236070995091       -0.76370395399234
B           -2.25433332357826       -3.63900841741600        1.01555222733901
N            1.05671204221103        3.73357546729315        2.24154783891936
B           -1.82315661370318       -0.77770752933632        3.22975513535913
N           -2.43906410810979       -3.60089184365983       -0.44370592488416
B            3.01566242204076       -1.07292138310577       -1.50078723981079
N           -3.15786201575292       -1.25077154953563       -0.37440059593719
B            2.03409126197945        2.92172902291738        1.56695128900713
N           -0.51184671090650       -2.89877998804987       -2.42785546791462
B           -1.67764882897766       -2.11078521098601       -2.48463519630849
N            0.58969898949093        3.96590989602141       -0.10377303378985
B            1.08643765051545        2.96230483676716       -3.17739638808746
N            0.07705782129184       -4.35850313770345        1.72588034979963
B           -1.78459412929668        3.45500528160427       -0.39826839129228
N           -2.01333103725647        3.42225356732012        1.04126387916950
B            1.46501455082307       -4.21056530509555        1.50194818001072
N           -0.78988712669852        1.06274424820537        4.19205626061422
B           -2.66824540903908       -2.39989587723566       -1.16670806426945
N           -1.07551308133470       -4.48480486781723        0.99655425863083
B           -2.50502396569404        0.49379477058763       -2.09898927053198
N            2.35103884597154       -3.88701295572891        0.45469859982569
B            3.91099582564792       -0.20274507667986        0.72770004343996
N            1.92430949418293        1.95841147693873       -2.46111274807860
B            0.99575791406534        2.25706679579110       -4.61747555750755
N           -4.18563731821372        0.83139140723896       -0.33548666269207
B           -1.34186668700546        2.45611759968192       -3.10618483567134
N           -2.36166516786992        1.93518313900098       -2.29597078655279
B            3.07200018252333       -2.64543730461524        0.60213272121623
N            2.33272304780722       -3.67361689326433       -0.96950298621520
B            2.21996548207952        0.54475377665570        2.81279589835349
N           -2.01736118588715        0.61142463409667        3.60295396420446
B           -1.10386598533478       -4.18229589112809       -0.43517645597144
N           -3.21778955742777        0.04387601843975       -0.94774724447109
B            3.44431407102146        1.25823346454425       -0.51089845820904
N            2.58342544308758        1.63238833231296        1.94099351812206
B            1.46669811786205       -1.55272106413413       -3.51205703196620
N           -2.10132762677260        1.75643716212886        2.76996199853797
B            2.03588007099865        0.71368703741349       -3.20804076705404
N           -2.71941710208792       -1.34309133462939        2.33049768235788
B            0.65249077868390       -0.53633542389055       -4.48262505450295
N           -0.17206376124579       -3.75917587703139       -1.35266109512051
B            0.48806520802099       -2.10492293924574        3.44040623970512
N           -0.58214699518248       -1.20402244849352        3.83117121255202
B           -3.22193199603476       -1.45019198325863        1.01054024245250
N            2.67297803581686       -0.85702055089336        2.62414942657165
B            1.87711812304939        3.33924077066867       -0.10083064043486
N            2.87532792717813       -2.33179130067953       -0.79264245447260
185
 energy: -336.736685588086 gnorm: 0.004735238580 xtb: 6.7.1pre (5071a88)
C           -4.70947802747030        1.92276842411645        8.69625430855572
C           -3.31979533460080        1.46539596119312        9.04605533895773
O           -2.49159139819192        1.07600335252139        8.26984271295368
O           -3.12561064919797        1.51253493051235       10.37658876795643
C           -1.81032747057874        1.20523665472434       10.82399051726714
C           -0.90057962204053        2.41843315790170       10.62507257614319
O           -1.33168685539475        3.40816068720892       10.09408666526636
C            0.57770277629696        2.29969867588911       11.03683177494286
C            1.10180313860628        0.85786914878468       11.09379446525887
C            1.30641246099875        2.97870720655063        9.82467982680299
O            1.39630660451933        2.01041275144776        8.80133286851757
C            2.67268385727597        3.55381340576869       10.19136496636998
C            2.43183690584081        4.72879303047083       11.11563708550894
O            1.51498451904487        5.69198412596316       10.59196860155937
C            0.58115917959516        5.49522290264826       11.65406952687514
C            1.48209248877230        4.42546463901024       12.29047373474486
O            2.04749593980780        4.72610859925441       13.57155953830346
C            2.61529166801265        5.90794463641080       13.87799547741490
C            3.16628294306967        5.84722540316336       15.27853202830422
O            2.67307054521557        6.86216630330097       13.15695334179924
C            0.99135687397484        2.95539083412244       12.40266384472010
C            0.20873391174086        2.86804138197986       13.78152825632387
O            1.28446953940016        2.46928967677211       14.66306550323960
C            1.46166017982965        3.06235101820742       15.83711499638691
O            0.72547118389970        3.91611267587252       16.29010716714011
C            2.64506394194169        2.55082283774064       16.56507419124323
C            2.96479512917267        3.12656825902657       17.79374918378885
C            4.04273487408908        2.65824231517646       18.51880450671110
C            4.80363679989301        1.60905701741553       18.02697937542933
C            4.48767811256720        1.03219475701781       16.80678227617184
C            3.41340633369561        1.49889247222478       16.07314140460116
C           -1.08048765084517        2.09527320741261       14.30638320954775
O           -1.64102016434853        2.94524696643953       15.29100456678515
C           -0.78396313413648        0.74411134629312       14.99101700384576
C           -0.75048833449783       -0.49883602043786       14.09581566564536
O           -1.47560491532787       -1.57050541224307       14.73535579541794
C           -0.84950929048908       -2.21388437565292       15.69940192595430
O            0.23503873186061       -1.94359854699679       16.15679496209805
C           -1.65785851144535       -3.39065616916612       16.23117051491965
O           -1.02518826572297       -3.89518883491927       17.37348433737220
C           -1.76724557084844       -4.46555086246858       15.10634805512557
N           -0.53494863547160       -5.21719203434859       15.02184745190605
C            0.52736832384875       -4.77455591787088       14.30381494472242
O            0.47927353777335       -3.76320503686918       13.62729154520292
C            1.73520859384679       -5.64487010162068       14.38139083174944
C            1.64506095854365       -7.02011015521782       14.57860878082988
C            2.79239790029617       -7.79097278818628       14.62174409279668
C            4.03643862373721       -7.19988591411979       14.47187215993052
C            4.13132215658636       -5.83406233652355       14.26237783565912
C            2.98636130540176       -5.06081868350647       14.21066833988904
C           -2.91864116081983       -5.41197350987047       15.32663863742859
C           -3.15939080083175       -5.95609066851351       16.58204336501298
C           -4.20758368029110       -6.83948669569879       16.76843125216786
C           -5.01859197412649       -7.19272493028847       15.70309264035301
C           -4.77867645385263       -6.65742164580401       14.44909760857989
C           -3.73353149518913       -5.77018973042798       14.26134135845367
C           -1.25574730328918       -0.32280363816843       12.68627457945359
C           -1.04909148501787       -1.54681210119490       11.84893711025124
C           -1.75546590217806        0.84712814530175       12.27545370676774
C           -2.21144045220602        1.88285638910835       13.27639032805124
C           -2.63805515476305        3.24889216792450       12.73623963073547
C           -3.46259024620466        1.29812800236375       13.96756901392709
H           -4.88448042749034        2.90655470926834        9.12421284211353
H           -4.81545936734713        1.95628417164494        7.61641602835534
H           -5.43515608968343        1.23105690096876        9.11894408599077
H           -1.41399731924679        0.40698399900315       10.18680997977462
H            2.18278357012391        0.88336972433011       10.97862554799870
H            0.86363292148888        0.39187508281187       12.04013371064196
H            0.71544879974741        0.26671784892213       10.27251234562554
H            0.69729162103805        3.82448759810658        9.48670815913704
H            1.35682855354189        2.44465973813520        7.94343657625215
H            3.30993590736639        2.81505122285715       10.67608504151517
H            3.16827468903629        3.89741329283652        9.28299881254841
H            3.37127741331693        5.20480793811659       11.41655236352580
H           -0.38205155807835        5.14106700741437       11.28341690400521
H            0.45153181719097        6.40210915810626       12.24749702133362
H            3.81689097433687        4.98292833162642       15.38260063757542
H            2.33997794331680        5.73610443781898       15.97656726425059
H            3.71059880446110        6.75995126636611       15.49384756917353
H            1.91519280063992        2.41758896172140       12.64917666053583
H           -0.04580864024602        3.90952676220547       14.02183263106642
H            2.35435478928942        3.93581483131852       18.16499851743633
H            4.28839449031477        3.10569201516287       19.47000555256386
H            5.64149530843018        1.23729775686738       18.59738144417579
H            5.07886375190474        0.21180952730159       16.42917425259354
H            3.15833277785489        1.05009994354027       15.12653931806257
H           -0.94642770532907        3.34167246162727       15.84229205960166
H            0.13792858161789        0.78540531165214       15.57081494313478
H           -1.59941486850943        0.61766586099641       15.70627859317651
H            0.28752124507903       -0.85769396806130       14.01175953401194
H           -2.66871478301461       -3.04807704335924       16.48689982916491
H           -0.16546859218071       -3.44193838741133       17.43949741633538
H           -1.89217773588254       -3.93954664124081       14.15398347242804
H           -0.39892005859431       -5.91383238100686       15.73760534369991
H            0.67934188037844       -7.49649969357652       14.66819099862823
H            2.71568258885848       -8.85801882351637       14.76955339165917
H            4.92929513286814       -7.80609929957645       14.51006244111669
H            5.09986982655870       -5.37421912703491       14.13441967682576
H            3.04191533805625       -3.99643162150071       14.04036494503203
H           -2.53216511266203       -5.67270662968098       17.41304525366515
H           -4.39233586804963       -7.25153642723809       17.74924986393100
H           -5.83671965153080       -7.88168304449144       15.84998553944005
H           -5.40838466779352       -6.92912081340501       13.61516790161243
H           -3.55003946109872       -5.35279918226289       13.28213535142621
H           -1.53591645586281       -2.37783246562190       12.35712646591918
H           -1.47567870894572       -1.45769420267808       10.85631884420113
H            0.00280422919597       -1.81360617554882       11.77042403582173
H           -3.13297598033851        3.78292511066159       13.54345901068512
H           -3.33259879352770        3.14175317624018       11.91056423685227
H           -1.79307095921308        3.84885814747814       12.41902914292482
H           -4.29230001892984        1.34366499554747       13.26742775726398
H           -3.70541509822609        1.89280427162669       14.84269310210576
H           -3.32135058789468        0.26206903353318       14.25841078814039
B            3.45910258294222       -1.45520991736291        1.63008756687362
N            3.45678716593658        1.13013551059220        0.94378882898964
B            2.53527234713286        2.36254080986718       -1.25551857824280
N            2.28799528370187       -0.63991017089422       -2.72692708337330
B            0.69144271326142       -3.55917596235029        2.70764784607392
N           -2.93992306383366       -2.65498274212722        1.72078806162725
B           -1.03697164245208        4.08941727302713        1.84396842088132
N           -0.62662189346734        0.02051433023860       -3.93441680330000
B           -0.47983893509185        1.44823805326191       -4.08240238129191
N            1.20491645366561       -3.78572914095011       -1.73584977688260
B           -3.84504356802941        2.21262793478962       -0.47951041860902
N           -2.77450010428745        2.76693623986980       -1.19899894102390
B            1.39742115056600        0.82122172717830       -4.88366549215453
N           -0.23394377528293        3.36956728058790        2.84590314547199
B            0.89216780245915       -2.87718551041994       -2.80870663435291
N           -0.49334880914423        3.76926561599747       -1.00045013584225
B           -0.80328124109434        2.18645515285381        3.29536000430988
N            1.66191135689070       -1.27523448272416        3.51124106325634
B           -0.25183396681946        3.47307619200222       -2.37048460544495
N            1.31508214876628        0.06782604644764        3.82532309576467
B           -1.60271257542763       -0.55697499669111       -3.07467928905847
N           -3.83209032787823        1.77983873434358        0.84554082908044
B            0.33822937194781        4.49679421928395        1.19281146401719
N            0.04873342120477       -0.01346509802407        4.46353071036753
B           -2.70737177146126        2.23033136616934        1.61492624397287
N            3.77014439999303       -0.13220131722352       -0.76317501117955
B           -2.25440434478020       -3.63841694651177        1.01785468919538
N            1.05732056768918        3.73371063376374        2.24313093195208
B           -1.82247482451502       -0.77737202762552        3.23214783277169
N           -2.43967169775924       -3.60029076172642       -0.44134052972087
B            3.01481738405719       -1.07271322509162       -1.50005685460810
N           -3.15828260950955       -1.25013861287150       -0.37172387745956
B            2.03442788134675        2.92183901542117        1.56822852822052
N           -0.51305632179781       -2.89825037749676       -2.42614045906261
B           -1.67881286923496       -2.11015358910274       -2.48248484499067
N            0.58972067002639        3.96642144921871       -0.10203624282331
B            1.08535984978555        2.96275303557452       -3.17586680462314
N            0.07716257406993       -4.35822266839353        1.72734230467379
B           -1.78461205237110        3.45541409873703       -0.39573227690492
N           -2.01277043509183        3.42244527482601        1.04390258238541
B            1.46506322894784       -4.21047156707137        1.50301439087904
N           -0.78862382621670        1.06287034462400        4.19430925676215
B           -2.66897862917819       -2.39924944893908       -1.16422492799540
N           -1.07567471643327       -4.48431399266918        0.99840791197887
B           -2.50597309035306        0.49444572725561       -2.09647634905319
N            2.35075487248773       -3.88689252724418        0.45547499031581
B            3.91079574232439       -0.20269180029704        0.72820467106628
N            1.92338397390850        1.95877085215484       -2.45987732872891
B            0.99415205111481        2.25762113597200       -4.61596699677074
N           -4.18591701591957        0.83203283008658       -0.33234616448277
B           -1.34297974778497        2.45676308292413       -3.10388179535692
N           -2.36255088858911        1.93583583345135       -2.29337259689333
B            3.07180482538770       -2.64534992901700        0.60279206963587
N            2.33196270387892       -3.67337427090620       -0.96871081960641
B            2.22047645417928        0.54478129173931        2.81395265963789
N           -2.01646104826841        0.61177120119559        3.60571667694721
B           -1.10450911151109       -4.18179999453103       -0.43330032752183
N           -3.21840530615499        0.04448980099273       -0.94504854077620
B            3.44391656736421        1.25840542421494       -0.51018296725185
N            2.58367387797978        1.63242158943961        1.94200742828227
B            1.46521224584849       -1.55227523648297       -3.51091850068257
N           -2.10048110111477        1.75670560681309        2.77262981590997
B            2.03463535247545        0.71406446383056       -3.20688181575508
N           -2.71911697985608       -1.34252386201810        2.33309916357987
B            0.65077289548155       -0.53574412587218       -4.48112241378232
N           -0.17298122675597       -3.75867854286250       -1.35106421217062
B            0.48882812933045       -2.10479323985012        3.44186210336895
N           -0.58120329659151       -1.20380921077056        3.83272250403550
B           -3.22196930262405       -1.44956462291542        1.01324852794207
N            2.67337818768040       -0.85698248145851        2.62499468692738
B            1.87701458343410        3.33952011341398       -0.09949148774091
N            2.87470195326891       -2.33160791736069       -0.79192000643073
185
 energy: -336.736890260691 gnorm: 0.005020761917 xtb: 6.7.1pre (5071a88)
C           -4.69883912319047        1.92534069403567        8.68899071423723
C           -3.31482306864377        1.45709428286000        9.04534446915697
O           -2.48973953574878        1.05435658240215        8.27345712210486
O           -3.11919470040617        1.51825951604497       10.37440930212199
C           -1.80504052782244        1.20715521890702       10.82245302741119
C           -0.89453099548731        2.41936770694707       10.62376868853556
O           -1.32584655832698        3.40894319137192       10.09057114109928
C            0.58350474786330        2.29931748246383       11.03267310138039
C            1.10431405175582        0.85600119971822       11.08281871060002
C            1.31080225567377        2.98128077108728        9.82123740235675
O            1.40140882044402        2.01602107235569        8.79410510139500
C            2.67798690945457        3.55491078419891       10.18681098480378
C            2.43946031456194        4.72683386796613       11.11529254311069
O            1.52401289481444        5.69194997988188       10.59393703515835
C            0.58621370571475        5.48924863045297       11.65130796551659
C            1.48855293911345        4.42043038643899       12.28870964827311
O            2.05019430256842        4.72591700029534       13.56985406951984
C            2.60290410908333        5.91548640118276       13.87463221821229
C            3.14241760433014        5.87072821502073       15.27994711670902
O            2.65593172511713        6.86675814844589       13.14884014037796
C            0.99888271033633        2.95060601028923       12.39944717295818
C            0.21618243931065        2.86313838670167       13.77744694511214
O            1.29334574075630        2.47090508637741       14.65885753193814
C            1.46817726422229        3.05980161377477       15.83443797611354
O            0.72940961903625        3.90927578523708       16.29253878178993
C            2.65350294532670        2.54904058839647       16.55987038720472
C            2.97624088725725        3.12415681686929       17.78777642704020
C            4.05556993886930        2.65430309726049       18.51008822375408
C            4.81493964263951        1.60475530346695       18.01654335062273
C            4.49569727977993        1.02832100412931       16.79690223771106
C            3.42008315101374        1.49634076640872       16.06620349036889
C           -1.06979345168956        2.08498827195872       14.30463832575783
O           -1.62847204362496        2.93073121209141       15.29148519133436
C           -0.76574699475698        0.73197750628190       14.98390178124496
C           -0.74700942522127       -0.51174835304438       14.08826183419364
O           -1.48130980567326       -1.57689091892141       14.72942340027502
C           -0.86437196903275       -2.21407349974769       15.70373754784571
O            0.21647997381078       -1.94128809700934       16.16942635573495
C           -1.67547640748061       -3.38909626454957       16.23760645690864
O           -1.04616926739247       -3.89076878057297       17.38189596325137
C           -1.78109499171719       -4.46510148090162       15.11352415535738
N           -0.54395512228023       -5.20814067588643       15.02508629711865
C            0.51437367007524       -4.75927441459841       14.30520318264388
O            0.46190146733247       -3.74719133696067       13.63023441451280
C            1.72530906769031       -5.62575618085389       14.38025035206632
C            1.63868898276612       -7.00198766502700       14.57240308703156
C            2.78830637358615       -7.76922566808523       14.61823439563236
C            4.03125415227262       -7.17365676552070       14.47601918539605
C            4.12232123424252       -5.80709771561194       14.26895112743952
C            2.97499201025418       -5.03740681929992       14.21432077552544
C           -2.92649830456825       -5.41829110175001       15.33473431670242
C           -3.16126448619936       -5.97251995926742       16.58698854001540
C           -4.20667974357004       -6.86043450928492       16.76987822328612
C           -5.02100840042635       -7.20784933895903       15.70510745907191
C           -4.78703756500243       -6.66235190916089       14.45412830142280
C           -3.74469887563883       -5.77120290812579       14.26985025740253
C           -1.25168646605280       -0.33049235442184       12.67861004624026
C           -1.04620362616237       -1.55133380664008       11.83689124748327
C           -1.75007480216214        0.84179345384776       12.27238905092219
C           -2.20361188816282        1.87253129571780       13.27810904093209
C           -2.63609599498880        3.23837001234697       12.74237057474165
C           -3.45017174867118        1.28382811471442       13.97459233480481
H           -4.86149045971191        2.91875285531795        9.09969971920061
H           -4.80513043808210        1.94140804017247        7.60879885762080
H           -5.43214743520294        1.24998538366520        9.12435604948908
H           -1.41106062117893        0.41024916509815       10.18230012097444
H            2.18510738991159        0.87900137716770       10.96389674641748
H            0.86767029911198        0.38671092680451       12.02801989346270
H            0.71368581375878        0.26917545703097       10.26037102608160
H            0.70186972456735        3.82784755275030        9.48597922709842
H            1.32766757581395        2.44747278950565        7.93718304718353
H            3.31646203538116        2.81377155426364       10.66610089424056
H            3.16975406650021        3.90206590572484        9.27792416817183
H            3.37934603933668        5.19945112254415       11.41953024886747
H           -0.37515246389625        5.13426023593559       11.27657310978420
H            0.45202922421613        6.39350690121376       12.24801707157186
H            3.79733252542086        5.01123447980072       15.39915093214409
H            2.30999482144891        5.76136863892927       15.97121667055183
H            3.67826247556137        6.78959330922790       15.49068560554106
H            1.92207921507262        2.41065656237057       12.64428250015536
H           -0.04530659210243        3.90358031587075       14.01486980826081
H            2.36787301472660        3.93368132526377       18.16191434084289
H            4.30373390792526        3.10103583624986       19.46105129213455
H            5.65379470549931        1.23252876416289       18.58508657774710
H            5.08490749838529        0.20741474569943       16.41719004134841
H            3.16134758999768        1.04849915155600       15.12005733730999
H           -0.93530299354190        3.32978165898894       15.84325846822163
H            0.16424972945267        0.77079611402136       15.55075409677649
H           -1.57180361394563        0.60696739512985       15.70999357304399
H            0.28706779488564       -0.88136726146517       14.00183779993774
H           -2.68723898211516       -3.04661831590060       16.48963425418435
H           -0.18604803670340       -3.43783533450011       17.44986543819982
H           -1.91296013392301       -3.93888634326654       14.16208454329165
H           -0.40050598129315       -5.90391312607792       15.74023166086919
H            0.67387983519002       -7.48148594146040       14.65610242617309
H            2.71405829817487       -8.83699790252239       14.76240605224149
H            4.92598862298678       -7.77680594825365       14.51821121698804
H            5.08979951275190       -5.34368478906993       14.14540329345538
H            3.02823521690872       -3.97250158746675       14.04602589113065
H           -2.53268003727457       -5.69379515298841       17.41886948240185
H           -4.38714608758701       -7.28055485158347       17.74831677122227
H           -5.83699006933753       -7.89989248552844       15.84968968708341
H           -5.41899498974364       -6.92837513705785       13.61997519831689
H           -3.56532681369164       -5.34560211079362       13.29340193267973
H           -1.53646743185389       -2.38287507976564       12.34069919089608
H           -1.46932961846807       -1.45684337603178       10.84320121310524
H            0.00524041255787       -1.82049740582262       11.76039961035882
H           -3.11928522624912        3.77431642441354       13.55529190733582
H           -3.34169910632379        3.12938396034923       11.92641867825630
H           -1.79520344660246        3.83670397328512       12.41203680267747
H           -4.28325226775227        1.32776646381242       13.27859347839778
H           -3.69011138050092        1.87693312042177       14.85154787293592
H           -3.30481077248528        0.24774411286753       14.26435306270355
B            3.45931446397340       -1.45514342717623        1.63097363511855
N            3.45657352485979        1.13012202955547        0.94470651705578
B            2.53464475310754        2.36296505173633       -1.25405566456959
N            2.28638612748562       -0.63946898986162       -2.72556419995936
B            0.69207398423274       -3.55893782144451        2.70952327800146
N           -2.93958907408105       -2.65410477910018        1.72429032163851
B           -1.03607831988657        4.08970184854875        1.84729091749043
N           -0.62870452802383        0.02138913517502       -3.93172167670437
B           -0.48188342122740        1.44912147805740       -4.07970561306141
N            1.20348056274182       -3.78513987198160       -1.73417749802665
B           -3.84531563860940        2.21350973366016       -0.47513076253648
N           -2.77505450104902        2.76774427335287       -1.19508922123658
B            1.39503581235130        0.82195378905489       -4.88178840390119
N           -0.23272904488189        3.36986854650605        2.84905719839778
B            0.89036000296741       -2.87660245956960       -2.80690675224426
N           -0.49373530463010        3.76993271114531       -0.99754266103681
B           -0.80185103534872        2.18654333520353        3.29826771834606
N            1.66310180156381       -1.27516910614950        3.51308427551114
B           -0.25285527187379        3.47374094528777       -2.36769178472074
N            1.31640711744738        0.06787081088394        3.82733322528509
B           -1.60449824325632       -0.55609229352156       -3.07164896756396
N           -3.83182994883781        1.78050785703789        0.84984485104093
B            0.33877365013595        4.49715543033471        1.19545473048619
N            0.05030790383286       -0.01347863316513        4.46591357991359
B           -2.70667467390637        2.23074156565190        1.61876165278276
N            3.76937205877364       -0.13199029940325       -0.76244555556532
B           -2.25450466234098       -3.63761060811740        1.02108937648457
N            1.05819366856444        3.73388338760763        2.24531943247240
B           -1.82159331421770       -0.77689120370644        3.23551307033732
N           -2.44049999676529       -3.59945129883981       -0.43802792656524
B            3.01370126157109       -1.07242530273346       -1.49902012275625
N           -3.15889360053929       -1.24925525012274       -0.36802654018061
B            2.03497053880327        2.92202137130610        1.56998482054252
N           -0.51470942967232       -2.89753469657936       -2.42371775197656
B           -1.68040057563751       -2.10929862854615       -2.47946819935341
N            0.58976788152927        3.96707957067223       -0.09962848784109
B            1.08392227935443        2.96336093838514       -3.17371517007881
N            0.07728460560684       -4.35785773716739        1.72943592145310
B           -1.78467916320499        3.45599169850056       -0.39224098303064
N           -2.01210551288549        3.42275784453578        1.04750675507620
B            1.46510983114585       -4.21031078123537        1.50455018623632
N           -0.78703972289562        1.06311727560233        4.19752788339822
B           -2.66999230251695       -2.39835240766127       -1.16075989777610
N           -1.07590236029467       -4.48365261737234        1.00102281415383
B           -2.50727965241665        0.49534919723527       -2.09301350688788
N            2.35033349181495       -3.88668885034552        0.45661783563612
B            3.91060965771299       -0.20261489792296        0.72890577830071
N            1.92217677378318        1.95925259484542       -2.45815988286423
B            0.99195258419631        2.25837294209673       -4.61384079894657
N           -4.18637172448053        0.83294686402411       -0.32806868185786
B           -1.34447294267879        2.45761412104259       -3.10069525470020
N           -2.36376944461664        1.93673692262457       -2.28980715729283
B            3.07152507294052       -2.64520378081832        0.60374184687788
N            2.33090680281481       -3.67303284467678       -0.96755063659616
B            2.22125511691046        0.54486243396124        2.81551779388632
N           -2.01533873545049        0.61227952413283        3.60959611805991
B           -1.10539343310081       -4.18110814956399       -0.43064764249303
N           -3.21926437065491        0.04536588001349       -0.94131713364159
B            3.44348437588768        1.25866582724705       -0.50920892917939
N            2.58411748755746        1.63249763570555        1.94337601311305
B            1.46317626708842       -1.55168178845020       -3.50927980163191
N           -2.09933940433629        1.75703739092524        2.77619450264519
B            2.03296723456492        0.71457794447878       -3.20526963310486
N           -2.71867330724343       -1.34167058813986        2.33665852217185
B            0.64841447666876       -0.53495271271602       -4.47900064843446
N           -0.17424221849170       -3.75800148118500       -1.34880291793609
B            0.48982515954111       -2.10460897467424        3.44390531653638
N           -0.57995990911544       -1.20350558440461        3.83494110622719
B           -3.22198263015386       -1.44865900475072        1.01697968846047
N            2.67401149939798       -0.85691184312356        2.62622269337680
B            1.87692485742943        3.33991385079078       -0.09765128356614
N            2.87383334397412       -2.33134244645959       -0.79087076463782
185
 energy: -336.737102642430 gnorm: 0.005380637240 xtb: 6.7.1pre (5071a88)
C           -4.68677322093234        1.92750849187343        8.68123726405718
C           -3.30780809028887        1.45096027742656        9.04404003262455
O           -2.48725329696479        1.02721002218488        8.27651137286543
O           -3.11202428445094        1.52513982797251       10.37167030329016
C           -1.79929160171561        1.20883975715821       10.81999357905666
C           -0.88805006647176        2.42003541209641       10.62256529449511
O           -1.31992328205900        3.40986460729405       10.08943625939427
C            0.58968132900284        2.29864074511911       11.02862787631402
C            1.10796948440291        0.85380068352145       11.07421194987050
C            1.31626226921534        2.98253115047860        9.81728563896483
O            1.40629028725595        2.02038885086304        8.78765857963133
C            2.68362433554584        3.55644152263605       10.18158105418505
C            2.44577186403950        4.72553523852155       11.11452366151152
O            1.52998011576276        5.69171351229097       10.59550186515728
C            0.58919496325885        5.48231842740748       11.64921510924968
C            1.49471355612751        4.41594829386168       12.28698318577413
O            2.05240188962186        4.72708704797217       13.56873777764579
C            2.59142687889878        5.92394647014632       13.86924956707449
C            3.11669765941238        5.89979965293020       15.28076116468349
O            2.64349233401508        6.86985435797500       13.13579068851097
C            1.00731071236346        2.94551561897553       12.39573785333604
C            0.22530918040427        2.85716973512754       13.77306819891926
O            1.30436478119762        2.47083464279044       14.65363268167474
C            1.47650621251536        3.05580017746912       15.83086551881231
O            0.73512720359520        3.90063698550178       16.29400242548227
C            2.66374635455818        2.54531232573158       16.55303838876094
C            2.98911276789042        3.12054200118182       17.77988374686070
C            4.07047869464693        2.65051863893105       18.49937531266049
C            4.82865781308588        1.60116286976725       18.00365202571777
C            4.50604828387203        1.02390205890572       16.78513490274029
C            3.42838416395962        1.49176795742419       16.05745887098772
C           -1.05688952669425        2.07343716250878       14.30205504806732
O           -1.61413630605115        2.91419107739493       15.29269019428883
C           -0.74487715934084        0.71848829545825       14.97535696745069
C           -0.74339667538855       -0.52546230842125       14.07908934393235
O           -1.49014913175212       -1.58280167974762       14.72147572751283
C           -0.88251537911779       -2.21402230009977       15.70454908406787
O            0.19537486078473       -1.94004304716486       16.17752395654746
C           -1.69635160182832       -3.38666837710085       16.24206291641166
O           -1.06926963480539       -3.88317132315641       17.38921895723903
C           -1.79774466901803       -4.46578217767586       15.12051272875696
N           -0.55632179527784       -5.20090193039773       15.03066740241941
C            0.49803949372727       -4.74455846997606       14.30991322766781
O            0.44032655882905       -3.73052743654006       13.63817686660829
C            1.71296771466979       -5.60505849252649       14.38181294055503
C            1.63156444821434       -6.98256472148332       14.56726309312429
C            2.78476992314917       -7.74441402465581       14.61412658235241
C            4.02537297038472       -7.14199270324139       14.47969201131695
C            4.11094472457251       -5.77421401006821       14.27773345440316
C            2.96008687317860       -5.00975180990373       14.22188852743345
C           -2.93730098442332       -5.42539547104195       15.34240094916885
C           -3.16351277087233       -5.99134221347664       16.59114047822129
C           -4.20510561716475       -6.88485249053398       16.77100938569104
C           -5.02367429491817       -7.22581278398098       15.70736657232772
C           -4.79780378973209       -6.66918576389435       14.45960050748444
C           -3.75936951143056       -5.77293018105756       14.27836563617599
C           -1.24699834728604       -0.33884986406452       12.66957359548678
C           -1.04337343481620       -1.55598183369729       11.82223932791501
C           -1.74376321997701        0.83582690641081       12.26790654860659
C           -2.19417174126102        1.86137055452343       13.27970871572785
C           -2.63226561696170        3.22759485463141       12.74920220903285
C           -3.43542249956592        1.26623842817406       13.98058945011559
H           -4.83527806250130        2.93237061892074        9.07012634184102
H           -4.79617760167118        1.92113090423559        7.60097855288384
H           -5.42709831000718        1.27105527215561        9.13440964771431
H           -1.40760895118048        0.41453687358765       10.17491575589796
H            2.18888258678808        0.87415076795242       10.95394818555267
H            0.87143908812957        0.38314344599693       12.01867971066545
H            0.71461577952374        0.26964179807035       10.25131553109820
H            0.70828326144665        3.83038787360702        9.48459935140807
H            1.29588770641895        2.44589657917665        7.93166874521986
H            3.32599084946736        2.81462996547139       10.65513795340699
H            3.17101246797637        3.90847590463842        9.27198694940683
H            3.38602726163198        5.19579302223462       11.42008092965638
H           -0.36983194781898        5.12465905830894       11.27072649680665
H            0.44779556232255        6.38380048250860       12.24852720194094
H            3.77630696287033        5.04614531546786       15.41931369032650
H            2.27784703178640        5.79458911198209       15.96541665004264
H            3.64416104788666        6.82596517465615       15.48375784939797
H            1.93088240708175        2.40448449639544       12.63817525917026
H           -0.04186560460015        3.89660614237718       14.00884297975283
H            2.38132101738229        3.92996936053975       18.15508911928040
H            4.32088500986521        3.09709486400275       19.44984802346591
H            5.66938762011089        1.22953789271338       18.57001004271132
H            5.09402300644725        0.20262794037585       16.40406528726584
H            3.16598951638029        1.04362213568631       15.11232594052154
H           -0.92108246187095        3.31509483887351       15.84448640614186
H            0.19451240760799        0.75481426166877       15.52707685505425
H           -1.53858379941924        0.59474163520576       15.71585875615192
H            0.28548406105344       -0.90857195868277       13.99197516506222
H           -2.70894065391251       -3.04369900864675       16.49004899001067
H           -0.21091880532904       -3.42615457369848       17.45753405207615
H           -1.93425772980817       -3.94118739436404       14.16875938344842
H           -0.40702637644063       -5.89763604331576       15.74354717706161
H            0.66858657544179       -7.46690428426628       14.64491249153491
H            2.71499356044133       -8.81322631857925       14.75346834788273
H            4.92285282074603       -7.74091657416636       14.52417171388810
H            5.07662091654091       -5.30547382344937       14.15954897677639
H            3.00828193185963       -3.94388519472002       14.05746105909247
H           -2.53215954390149       -5.71748563968046       17.42290702055801
H           -4.37949912035249       -7.31472709505600       17.74660047085955
H           -5.83681178278737       -7.92180647480992       15.85008293309524
H           -5.43237811153335       -6.93013811391618       13.62572065252428
H           -3.58476514719312       -5.33829415821435       13.30486977092154
H           -1.53683307894099       -2.38877348874059       12.32065399797774
H           -1.46442839605506       -1.45435785456116       10.82823600149356
H            0.00737740372205       -1.82749696324798       11.74574914190725
H           -3.10326380996096        3.76522313403298       13.56820508027893
H           -3.34911697899926        3.11851530094317       11.94319741991730
H           -1.79511712620727        3.82396584953737       12.40663488229804
H           -4.27189985585519        1.30600360370258       13.28827049225138
H           -3.67476945372518        1.85706126892464       14.85928409853054
H           -3.28331574149070        0.23078644648152       14.26921480104347
B            3.45959647828843       -1.45504961132076        1.63209887422111
N            3.45640193596522        1.13010812771802        0.94586999507404
B            2.53395615725136        2.36349615445559       -1.25221538690325
N            2.28440678148296       -0.63892193149643       -2.72382844432861
B            0.69280605243971       -3.55863556706709        2.71192373806394
N           -2.93912781672110       -2.65301250313220        1.72868898834875
B           -1.03498758376982        4.09009909937817        1.85131937564515
N           -0.63124416945536        0.02245477904105       -3.92829338343463
B           -0.48438077889511        1.45019639248559       -4.07630769778747
N            1.20169438345028       -3.78444086290182       -1.73205053056478
B           -3.84569500524582        2.21462692715328       -0.46973896073442
N           -2.77578068300135        2.76876754181953       -1.19025834080865
B            1.39209925265654        0.82278840097426       -4.87942280628222
N           -0.23123228516703        3.37017347820375        2.85275812316900
B            0.88811678999791       -2.87589343701898       -2.80461530051369
N           -0.49423917258881        3.77073515776949       -0.99391945763160
B           -0.80013365676319        2.18672228415941        3.30184598460623
N            1.66450939069019       -1.27504737454112        3.51535125377333
B           -0.25414106686424        3.47454572307277       -2.36420237261850
N            1.31802813578368        0.06800897999024        3.82975739810173
B           -1.60668682065478       -0.55499151513204       -3.06781361892043
N           -3.83162005926000        1.78143776788952        0.85516966488952
B            0.33948007490128        4.49760145378627        1.19871936306281
N            0.05227129259974       -0.01336902850837        4.46897140470607
B           -2.70593612376375        2.23133013423225        1.62350713568924
N            3.76848625555019       -0.13174129864656       -0.76151257004360
B           -2.25465855432031       -3.63665259553268        1.02515242640881
N            1.05931074761706        3.73409674909559        2.24805262345215
B           -1.82048232778881       -0.77626763206162        3.23970677279880
N           -2.44152182298811       -3.59840204138117       -0.43387338784677
B            3.01234864467751       -1.07205427117304       -1.49770527847528
N           -3.15968535752817       -1.24815419340392       -0.36339801127807
B            2.03568844486938        2.92224439427835        1.57218132607111
N           -0.51676216899626       -2.89665493943308       -2.42065186447729
B           -1.68236234317497       -2.10823639948230       -2.47566514452362
N            0.58981348455835        3.96780860252441       -0.09661786003375
B            1.08213669804654        2.96405768708836       -3.17097467940346
N            0.07738718443709       -4.35741161098078        1.73211457459147
B           -1.78483395619952        3.45676493587151       -0.38790433339311
N           -2.01141492297235        3.42326040326258        1.05196707691631
B            1.46511971574726       -4.21005226930154        1.50650764549613
N           -0.78519584067386        1.06352514947586        4.20161252678581
B           -2.67126380437100       -2.39723914031357       -1.15641627250780
N           -1.07620981063721       -4.48287107125150        1.00432518639130
B           -2.50891729472855        0.49647546396225       -2.08868016085531
N            2.34975793861697       -3.88638813216985        0.45809910525283
B            3.91046433403818       -0.20252646809433        0.72979884001021
N            1.92072771995793        1.95984041148945       -2.45596202533240
B            0.98926897759584        2.25922720718338       -4.61112486246089
N           -4.18698212149028        0.83410923118241       -0.32274928033434
B           -1.34633814115724        2.45865755995245       -3.09672703767989
N           -2.36528311078257        1.93786026482320       -2.28535197876466
B            3.07115685990514       -2.64499022850175        0.60494836858331
N            2.32957024677720       -3.67259910674269       -0.96604636919980
B            2.22233485679584        0.54498454488107        2.81747820258411
N           -2.01401455630831        0.61293092102422        3.61442265127538
B           -1.10649474665980       -4.18025103899937       -0.42729882489449
N           -3.22032990232907        0.04648219793973       -0.93662342729103
B            3.44304142267656        1.25899129776357       -0.50797851995920
N            2.58475879803624        1.63260225981455        1.94508946413998
B            1.46067497070397       -1.55096537629184       -3.50718576053036
N           -2.09797694093940        1.75747882218954        2.78056877948893
B            2.03092758890299        0.71521316508422       -3.20322899656592
N           -2.71804041717137       -1.34060834505852        2.34107455837889
B            0.64548993906815       -0.53403207532765       -4.47632376628775
N           -0.17581246180203       -3.75718188774799       -1.34594686797585
B            0.49102522125268       -2.10435817380130        3.44650489122789
N           -0.57845931987298       -1.20311547339120        3.83791233510308
B           -3.22196510000495       -1.44753926497452        1.02163376588287
N            2.67488800964365       -0.85681607900687        2.62783856006023
B            1.87684384068424        3.34038806042138       -0.09536003048329
N            2.87273705837069       -2.33099539223618       -0.78952825863998
185
 energy: -336.737306701827 gnorm: 0.005132601401 xtb: 6.7.1pre (5071a88)
C           -4.67545368357309        1.92773206256251        8.67407438324158
C           -3.30159286953894        1.44146337206671        9.04178953553959
O           -2.48377075228040        1.01091183614365        8.27808724668861
O           -3.10471839378209        1.52639312438279       10.36781808069372
C           -1.79267228203653        1.20918961434542       10.81644182214565
C           -0.88137553282207        2.42028860700242       10.62131254118721
O           -1.31375982686092        3.41025159702281       10.08827675055072
C            0.59620742005142        2.29788477824739       11.02547634873663
C            1.11298874108236        0.85185728406543       11.06989717458881
C            1.32187140379569        2.98214043517739        9.81275492239393
O            1.41207834697453        2.02233185971786        8.78266523557688
C            2.68836442592261        3.55848520500512       10.17625975712611
C            2.44935977397744        4.72581787798605       11.11240256802753
O            1.53136506182089        5.69141169394384       10.59468356342446
C            0.58954217209556        5.47634375982568       11.64662325372873
C            1.49922293836045        4.41389301246111       12.28464900175879
O            2.05302902191329        4.73084710636003       13.56755844647198
C            2.58230339728762        5.93315461329268       13.86225105738014
C            3.09135654383182        5.93084107742531       15.28062436232464
O            2.63918893281948        6.87171927142042       13.11924103012174
C            1.01571039344802        2.94192737394030       12.39242651683628
C            0.23458399844373        2.85090448126499       13.76932114284040
O            1.31635849050087        2.46888719977695       14.64802613149499
C            1.48662889265877        3.05073260385770       15.82688818066374
O            0.74316326375924        3.89138623966562       16.29409615057191
C            2.67585292099076        2.54018906387771       16.54533832152855
C            3.00367413102231        3.11627530725432       17.77093544082273
C            4.08742896231968        2.64732851106982       18.48777549913123
C            4.84464950598842        1.59845990876860       17.98974869293046
C            4.51872945700045        1.01945224157418       16.77280966811223
C            3.43857384771699        1.48591209632517       16.04793133849671
C           -1.04343177411458        2.06124480907101       14.29874904857930
O           -1.59960954712275        2.89662805626403       15.29498022030119
C           -0.72322136514552        0.70444906169768       14.96529249556676
C           -0.73996768151141       -0.53927142980059       14.06868165536345
O           -1.50111520009051       -1.58779626694115       14.71200743916777
C           -0.90226455150600       -2.21451617239755       15.70156261350891
O            0.17355454293962       -1.94095990002117       16.18039102920212
C           -1.71950177123143       -3.38387913893197       16.24312082191343
O           -1.09445730419306       -3.87390044108371       17.39427944620556
C           -1.81642424919783       -4.46771503246235       15.12571621826723
N           -0.57150424142911       -5.19650816650008       15.03781812740429
C            0.48000499731117       -4.73191573196971       14.31854472076776
O            0.41641113075861       -3.71534952446579       13.65063128168605
C            1.69953459704502       -5.58490642024508       14.38679358028591
C            1.62527482204890       -6.96386053161335       14.56431085185873
C            2.78325456475318       -7.71870176657236       14.61001214772946
C            4.02022937958826       -7.10734561357015       14.48252479861979
C            4.09847160940447       -5.73792951571870       14.28831964036139
C            2.94301705051121       -4.98033801458720       14.23335949521418
C           -2.95094750203450       -5.43267809835685       15.34818637501131
C           -3.16645981446573       -6.01030065798653       16.59353505952819
C           -4.20298569798996       -6.91032174889015       16.77178815134999
C           -5.02640660098695       -7.24566735581383       15.71009970676292
C           -4.81072959071868       -6.67803640908507       14.46542314632949
C           -3.77740338083835       -5.77559856973735       14.28585357915896
C           -1.24157619082096       -0.34718562264926       12.65955041808442
C           -1.04062271910449       -1.56062199171912       11.80621206940157
C           -1.73678977301088        0.82962081540440       12.26215433744683
C           -2.18434355630437        1.85042469674999       13.28043877140557
C           -2.62719371171076        3.21775788543845       12.75636855884409
C           -3.42016676709285        1.24816931266746       13.98492976097328
H           -4.80992874678538        2.94144848628914        9.04382707586682
H           -4.78968585354529        1.90264970801560        7.59511928478264
H           -5.42143644478580        1.28940051268318        9.14257043246827
H           -1.40160096501039        0.41806308088084       10.16655827734882
H            2.19415603467062        0.87070937423618       10.95063211400238
H            0.87530436335019        0.38143933896870       12.01409819635117
H            0.71931651218262        0.26824332421346       10.24693042702296
H            0.71453302386343        3.83078778286584        9.48181231268528
H            1.26698744213968        2.43946518096156        7.92823841529161
H            3.33622086291971        2.81803810934367       10.64532852447574
H            3.17187439478102        3.91534930855391        9.26605023716736
H            3.38972830648707        5.19591944631341       11.41665734483084
H           -0.36681050867921        5.11399422110370       11.26581842680531
H            0.43981049966419        6.37587222941606       12.24646391926782
H            3.75490172465947        5.08340006865682       15.44003671131942
H            2.24608663122941        5.83153204899372       15.95878749112391
H            3.61165895231225        6.86390729717556       15.47437986443670
H            1.94079123228756        2.40172038957957       12.63220961170935
H           -0.03670561614713        3.88919204440929       14.00566322204932
H            2.39502443817836        3.92520790640814       18.14561034770945
H            4.33982717927308        3.09435592968192       19.43747262499155
H            5.68793741229725        1.22828172778746       18.55358682740625
H            5.10628548361745        0.19805187370941       16.39117812589308
H            3.17312492986714        1.03627715312583       15.10425233827762
H           -0.90511026564685        3.29790196970014       15.84584129586689
H            0.22565292131320        0.73832472187072       15.50098074063998
H           -1.50296764846378        0.58169334668852       15.72143280485852
H            0.28277250221961       -0.93770749698858       13.98254330121916
H           -2.73276616518721       -3.03939264069119       16.48654104923791
H           -0.23951722542413       -3.40986583360293       17.46247345120755
H           -1.95453588698357       -3.94630817755516       14.17241947555912
H           -0.41937769938872       -5.89620783482110       15.74696632482205
H            0.66504611923660       -7.45450174505844       14.63659330640408
H            2.71996744756178       -8.78881794033796       14.74312784977262
H            4.92125529225702       -7.70105107162250       14.52617361076648
H            5.06155083628400       -5.26236433540285       14.17573340175167
H            2.98368056579964       -3.91305691536458       14.07532989909146
H           -2.53115517123164       -5.74036508830503       17.42381181518986
H           -4.36959926327518       -7.35025295901368       17.74442881337796
H           -5.83576426278449       -7.94650675230478       15.85193143356530
H           -5.44845627277975       -6.93538702439873       13.63277550122792
H           -3.60885309399383       -5.33211092239945       13.31507963515631
H           -1.53590372989718       -2.39524583085286       12.29971362804721
H           -1.46184903059585       -1.45184423136365       10.81294905193552
H            0.00942291043347       -1.83359085390326       11.72746509655482
H           -3.08783961933213        3.75576681057985       13.58103738278322
H           -3.35346062464493        3.11049146208743       11.95876594067290
H           -1.79319591486747        3.81281347529903       12.40484351456884
H           -4.25911324514186        1.28155360396342       13.29493584236711
H           -3.66155349439166        1.83703877380595       14.86440037354561
H           -3.26016428119915        0.21412302884532       14.27315953069160
B            3.45990808386482       -1.45491433313865        1.63342297654948
N            3.45631019361198        1.13012100605067        0.94723454683393
B            2.53325401738086        2.36409947832364       -1.25010219102072
N            2.28217435288228       -0.63830351154256       -2.72180106633348
B            0.69356305699806       -3.55825526051236        2.71474183984384
N           -2.93858046971727       -2.65178581503782        1.73375397337654
B           -1.03375539331573        4.09059413375630        1.85577780047760
N           -0.63410483477742        0.02361926384607       -3.92434492113003
B           -0.48718988607807        1.45136702829410       -4.07239625480817
N            1.19965884998388       -3.78369329142105       -1.72956876412033
B           -3.84616087439074        2.21590486421613       -0.46367141738753
N           -2.77663535065239        2.76994037604693       -1.18481102810910
B            1.38877498948637        0.82369501079659       -4.87669457494229
N           -0.22952033131109        3.37046202545853        2.85673097942512
B            0.88556235048630       -2.87510403334812       -2.80192939259125
N           -0.49482787731550        3.77161168853159       -0.98979626911931
B           -0.79823142004146        2.18699810621242        3.30587281419566
N            1.66600544693768       -1.27483375765252        3.51788939579989
B           -0.25560277065487        3.47544281162612       -2.36022757029210
N            1.31981305925802        0.06827585715925        3.83244892898066
B           -1.60915290866800       -0.55377157240968       -3.06339021735048
N           -3.83144912307453        1.78258078395457        0.86119071262418
B            0.34033069845991        4.49811917670821        1.20240502631683
N            0.05450088205195       -0.01308698080495        4.47255494449083
B           -2.70517601765697        2.23207307042968        1.62886389537513
N            3.76753671040992       -0.13146992609062       -0.76040144154576
B           -2.25487595869144       -3.63561195156986        1.02981816179413
N            1.06064265276094        3.73437523727363        2.25119029889085
B           -1.81919986152609       -0.77552237731982        3.24450620367626
N           -2.44268303318818       -3.59721837804294       -0.42910627293051
B            3.01082514495942       -1.07161617245041       -1.49615857386902
N           -3.16060101385835       -1.24690806006529       -0.35808581433881
B            2.03655532999886        2.92251178948922        1.57469054211905
N           -0.51910146675777       -2.89568072396330       -2.41709964355184
B           -1.68460165119211       -2.10706240680185       -2.47129269193311
N            0.58984799963770        3.96852638513266       -0.09317172033395
B            1.08013034583245        2.96480949285652       -3.16780476037841
N            0.07743955103512       -4.35689123775587        1.73525660150119
B           -1.78507106018712        3.45768760227659       -0.38300023387797
N           -2.01074865406451        3.42394711088423        1.05700459029767
B            1.46506336990534       -4.20968275778703        1.50880791718393
N           -0.78320324236623        1.06409499887812        4.20632362990789
B           -2.67272862022124       -2.39599697310055       -1.15143692195155
N           -1.07659696169159       -4.48203053559297        1.00814732132403
B           -2.51074697861687        0.49774315738113       -2.08370030620597
N            2.34904270868141       -3.88599477773913        0.45986911706371
B            3.91036331829542       -0.20242004496267        0.73085634666268
N            1.91912630882352        1.96049158618389       -2.45341184258599
B            0.98624029770800        2.26013845604519       -4.60796999773971
N           -4.18769193668676        0.83544364867842       -0.31669827108277
B           -1.34844344185153        2.45982602658524       -3.09220903395880
N           -2.36698708991881        1.93912487846202       -2.28027624450036
B            3.07069578267200       -2.64470324841069        0.60637025736112
N            2.32801771495312       -3.67209791624752       -0.96424975374039
B            2.22365261311257        0.54516568098547        2.81973660113898
N           -2.01255665083455        0.61370808473119        3.61987720769762
B           -1.10775599607042       -4.17929476193726       -0.42342691422457
N           -3.22151638795472        0.04776055554628       -0.93122629492660
B            3.44261796432659        1.25936617033995       -0.50654818950298
N            2.58557480128907        1.63275190243811        1.94707465652600
B            1.45784859723257       -1.55017773392661       -3.50472565204605
N           -2.09645990927957        1.75802182750924        2.78548212920055
B            2.02864345077150        0.71592598220279       -3.20087607842317
N           -2.71723204431400       -1.33942815655056        2.34611718458453
B            0.64218150615472       -0.53303795654213       -4.47322864337156
N           -0.17760424735612       -3.75629029858709       -1.34264224727330
B            0.49234195436694       -2.10401067993274        3.44954514626871
N           -0.57680269213858       -1.20262429028745        3.84156366600670
B           -3.22192291659535       -1.44629116687517        1.02696614318419
N            2.67593901209923       -0.85667170228576        2.62976606162033
B            1.87678672584850        3.34090091507222       -0.09274995211065
N            2.87146183534468       -2.33058219382570       -0.78794641006818
185
 energy: -336.737503841087 gnorm: 0.005874675639 xtb: 6.7.1pre (5071a88)
C           -4.66464081791794        1.92813515535023        8.66661642424865
C           -3.29472768608634        1.43392726830960        9.03819228138398
O           -2.48141202889843        0.98404507374352        8.27753292991027
O           -3.09767289213036        1.52826088451670       10.36367536622814
C           -1.78639133423020        1.20795169990194       10.81276027378181
C           -0.87473051519766        2.41898090049833       10.61928164433257
O           -1.30655061270323        3.40875974817410       10.08457873338949
C            0.60285970951324        2.29616165966773       11.02301539781944
C            1.11998908409351        0.84991844094767       11.06889771017057
C            1.32765879120373        2.98005422585733        9.80823910662618
O            1.42068919990783        2.02178928459904        8.77893204125999
C            2.69234994442874        3.56043650110409       10.17216655444996
C            2.45104009609205        4.72793431282227       11.10879411840523
O            1.53048420814502        5.69172387168906       10.59013676453650
C            0.58764505114722        5.47225367661790       11.64054172104996
C            1.50127272461148        4.41527316678890       12.28056644664460
O            2.05001459144116        4.73798612517882       13.56539157349230
C            2.57338163147723        5.94352135817566       13.85565590515499
C            3.06431697717364        5.95879282519664       15.28096125097880
O            2.63985330151359        6.87484075829736       13.10408763833245
C            1.02242199203710        2.94144165020038       12.38875765491879
C            0.24366124813792        2.84492566689063       13.76613828902318
O            1.32927079550568        2.46630993528267       14.64229566952335
C            1.49952973762430        3.04652797804946       15.82231585710757
O            0.75518035543121        3.88450552368423       16.29190406385881
C            2.69105871218332        2.53589838939648       16.53660448863458
C            3.02185639656305        3.11302997503262       17.76092057270731
C            4.10761502467475        2.64498932290404       18.47537909254088
C            4.86315240281484        1.59598020970978       17.97528753662968
C            4.53382841169964        1.01542979710574       16.75996441548112
C            3.45154200975900        1.48082683844433       16.03747333652927
C           -1.02867176574333        2.04772580109653       14.29491066454985
O           -1.58433202647951        2.87688498705658       15.29891778764058
C           -0.69928078586998        0.68925447077720       14.95334226370886
C           -0.73624525332720       -0.55422627694940       14.05692600566019
O           -1.51302644297020       -1.59220354370665       14.70143054022224
C           -0.92276522378267       -2.21655485609107       15.69591109215255
O            0.15117339429607       -1.94495554467305       16.18025009887095
C           -1.74586846815587       -3.38066820092497       16.24048854511891
O           -1.12534870030666       -3.86463080287256       17.39744278025836
C           -1.83741772534925       -4.46964326617739       15.12787346853509
N           -0.58926731762404       -5.19317007532034       15.04449117610079
C            0.46080031212248       -4.72018746100744       14.32903178450375
O            0.39135968210199       -3.70109199073723       13.66499082005597
C            1.68569405891877       -5.56413794599661       14.39517952330753
C            1.62019767784075       -6.94462384563873       14.56360267779936
C            2.78364164504220       -7.69141916562097       14.60595989216663
C            4.01607621202034       -7.06986153105998       14.48451130845762
C            4.08553514029390       -5.69848098252229       14.30073117590632
C            2.92482998284531       -4.94881405646683       14.24894731810634
C           -2.96738978484281       -5.43939311882102       15.35104009167625
C           -3.16980923210461       -6.02791536173921       16.59347834908476
C           -4.19958609217449       -6.93552460634315       16.77243450499546
C           -5.02866126813958       -7.26713888647601       15.71399666174318
C           -4.82603578449004       -6.68864497112174       14.47214532386282
C           -3.79942569967122       -5.77865271328306       14.29192802912161
C           -1.23592231310920       -0.35612933649966       12.64876059990693
C           -1.03748195807452       -1.56587957265970       11.78939822835890
C           -1.73004193016703        0.82274717334229       12.25623915419930
C           -2.17411688026518        1.83936617623797       13.28109989438259
C           -2.62102115069030        3.20773994125064       12.76323807794063
C           -3.40446826545961        1.23091929517038       13.98951481280360
H           -4.78241578949932        2.95306183770411        9.01268932826643
H           -4.78557946129843        1.87905463257902        7.58864883897706
H           -5.41695483258484        1.31134238239440        9.15576141218519
H           -1.39556693810912        0.41905722618817       10.15929746856477
H            2.20146813489986        0.86951006536686       10.95260321094317
H            0.88022148405531        0.38055265230682       12.01306692957300
H            0.72868426585047        0.26504354250927       10.24575296462729
H            0.71956977407285        3.82818494927738        9.47825357107140
H            1.23602831780677        2.42972483685819        7.92578463741732
H            3.34464622148654        2.82259603708549       10.63983373652102
H            3.17417368785970        3.91981026080914        9.26173085499158
H            3.39112491092037        5.19986662958077       11.41060124049769
H           -0.36522133335603        5.10319370124830       11.25732947445210
H            0.42870035541528        6.37100989423832       12.23867437583393
H            3.73016473691423        5.11693911077078       15.45862391169547
H            2.21199708572873        5.86391890914109       15.95140504365663
H            3.57881517180883        6.89684564845482       15.46897853066952
H            1.95008736087327        2.40452623018052       12.62626690839125
H           -0.03138628111206        3.88162591191737       14.00514820073674
H            2.41229320332700        3.92174927515967       18.13438896474206
H            4.36226389039625        3.09272216989838       19.42407024895611
H            5.70871227119718        1.22662887408511       18.53658744715529
H            5.12090858876142        0.19369957949236       16.37821018279333
H            3.18378827657549        1.02934229835505       15.09530126387245
H           -0.88716859059636        3.27901020162871       15.84646507178082
H            0.26007353265582        0.72077815570678       15.47072537981694
H           -1.46335566331000        0.56733464257626       15.72624320244685
H            0.27935347137018       -0.97001654823556       13.97209319215453
H           -2.75978522933957       -3.03299224678883       16.47736596786674
H           -0.27435338088033       -3.39351437314618       17.46741353625323
H           -1.97496468366548       -3.95206105118153       14.17238313878794
H           -0.43695925474603       -5.89666323991943       15.74971083192256
H            0.66330618136404       -7.44238702003422       14.63097352658182
H            2.72824142051697       -8.76290024028898       14.73188984598182
H            4.92123837233380       -7.65759237282660       14.52492503299443
H            5.04545160859553       -5.21521088110908       14.19386942667467
H            2.95660537510764       -3.87996785512240       14.09904037260197
H           -2.52964815686927       -5.75990125399618       17.42063331664886
H           -4.35621365362186       -7.38489542457527       17.74242090302554
H           -5.83271204223150       -7.97417802870354       15.85640463195469
H           -5.46804188895366       -6.94413744472189       13.64221915155134
H           -3.63961575452657       -5.32678447943123       13.32334816552512
H           -1.53237774340073       -2.40284903631012       12.27936352654563
H           -1.46084825195450       -1.45141123796660       10.79768126140648
H            0.01212779532763       -1.83876292378551       11.70689374099453
H           -3.07415373341621        3.74483313218813       13.59265655896626
H           -3.35430891274127        3.10251941686701       11.97183104937469
H           -1.78969748551763        3.80261600726025       12.40567584299788
H           -4.24580514096187        1.25771340074759       13.30162349906532
H           -3.64778583022296        1.81863782735549       14.86934295103438
H           -3.23678412196020        0.19862620267493       14.27787001271084
B            3.46022083344397       -1.45473972701691        1.63496282972467
N            3.45630048462962        1.13018565061683        0.94884733757110
B            2.53245918061565        2.36475562795707       -1.24769118401734
N            2.27965600634763       -0.63760288832102       -2.71945882996744
B            0.69433648253055       -3.55777091359964        2.71798744525832
N           -2.93801116572956       -2.65047739798071        1.73953847637912
B           -1.03237639461215        4.09124708210398        1.86072318582900
N           -0.63734040706222        0.02488271495586       -3.91987714633751
B           -0.49032879204794        1.45263044688078       -4.06793194479872
N            1.19735056913672       -3.78289901186251       -1.72672518796505
B           -3.84670700082410        2.21733772124726       -0.45686223840757
N           -2.77761536575979        2.77126613318787       -1.17869077557826
B            1.38501876423643        0.82472020414719       -4.87358109295100
N           -0.22758747842827        3.37083224537077        2.86107201423839
B            0.88266046876015       -2.87421481638982       -2.79882005594539
N           -0.49551039784774        3.77257228848013       -0.98513506199914
B           -0.79614872893376        2.18745390482301        3.31044074387539
N            1.66760784399600       -1.27453962400280        3.52073060036989
B           -0.25725801197725        3.47645991504032       -2.35574222530823
N            1.32181436378564        0.06864494244608        3.83552811233537
B           -1.61192508593386       -0.55243860854921       -3.05835547440209
N           -3.83123702524783        1.78391991940130        0.86797446231972
B            0.34133247401534        4.49874196784061        1.20654663431381
N            0.05702889385401       -0.01262127645268        4.47670640000309
B           -2.70432624624280        2.23300644751304        1.63488385655017
N            3.76647280450133       -0.13117091269117       -0.75907382788741
B           -2.25518164553593       -3.63450652850941        1.03509980257329
N            1.06219324397161        3.73475090902947        2.25477307347428
B           -1.81767636595761       -0.77464981347700        3.24988405624377
N           -2.44400774109679       -3.59592135066559       -0.42370260209106
B            3.00909703856170       -1.07111111337570       -1.49435800593387
N           -3.16161353053942       -1.24552810160984       -0.35202931187183
B            2.03754305911434        2.92282247790516        1.57754769185157
N           -0.52175681347929       -2.89461021077487       -2.41302878861204
B           -1.68714803975328       -2.10577414567872       -2.46631295961416
N            0.58985101315611        3.96923267883406       -0.08924939933119
B            1.07788304317421        2.96566560997100       -3.16419830567556
N            0.07742759052672       -4.35627064925275        1.73887806156829
B           -1.78538534396811        3.45877414853837       -0.37749387133507
N           -2.01007457585076        3.42484866845272        1.06267294283443
B            1.46492155936472       -4.20918729751376        1.51146141349397
N           -0.78096145499749        1.06481875614722        4.21158657290369
B           -2.67441226129221       -2.39464674531942       -1.14579231106648
N           -1.07708629151378       -4.48114634285743        1.01251196736569
B           -2.51272649129795        0.49915033939730       -2.07799837293843
N            2.34817467854582       -3.88551550414323        0.46193313480238
B            3.91026487616532       -0.20228818076331        0.73210713525495
N            1.91731818997859        1.96121882640048       -2.45051337178505
B            0.98284066695221        2.26116406711405       -4.60436659386404
N           -4.18844551261834        0.83693842728125       -0.30982680651968
B           -1.35079305933058        2.46113516239587       -3.08710650385948
N           -2.36887193616235        1.94052632724541       -2.27453004592559
B            3.07012359740546       -2.64434607029012        0.60801956904842
N            2.32622816123138       -3.67153198704922       -0.96215204253703
B            2.22519655347334        0.54539777589903        2.82234235818340
N           -2.01085528491427        0.61460081613798        3.62587236723843
B           -1.10919626880215       -4.17825909473806       -0.41901499666750
N           -3.22278300900169        0.04918850744372       -0.92505751682190
B            3.44213201627500        1.25977888555725       -0.50488141995081
N            2.58653485001203        1.63294227120775        1.94938645162931
B            1.45465531342220       -1.54930062343452       -3.50187653597420
N           -2.09479243242062        1.75874507530640        2.79104012425561
B            2.02607259491949        0.71672395994539       -3.19820497466628
N           -2.71623266369329       -1.33820052862730        2.35185325224057
B            0.63846188051642       -0.53193381308417       -4.46969499512006
N           -0.17964037668721       -3.75535025036078       -1.33887606741807
B            0.49380256304393       -2.10355031250055        3.45306493435601
N           -0.57495780712524       -1.20202471773520        3.84598617044667
B           -3.22186791171056       -1.44495545456706        1.03303632498056
N            2.67712706334122       -0.85647723213784        2.63200495216029
B            1.87672445152331        3.34143773119657       -0.08978570765407
N            2.86999185674718       -2.33010832881789       -0.78612129719959
